index,x_mm,y_mm,pad_dia_mm
1,-29.7329,37.7352,0.46
2,-28.7371,37.7352,0.46
3,-27.7412,37.7352,0.46
4,-26.7454,37.7352,0.46
5,-25.7495,37.7352,0.46
6,-24.7181,37.7352,0.46
7,-23.7579,37.7352,0.46
8,-22.7265,37.7352,0.46
9,-21.7306,37.7352,0.46
10,-20.7348,37.7352,0.46
11,-19.7389,37.7352,0.46
12,-18.7431,37.7352,0.46
13,-17.7473,37.7352,0.46
14,-16.7159,37.7352,0.46
15,-15.7200,37.7352,0.46
16,-14.7598,37.7352,0.46
17,-13.7283,37.7352,0.46
18,-12.7325,37.7352,0.46
19,-11.7367,37.7352,0.46
20,-10.7408,37.7352,0.46
21,-9.7450,37.7352,0.46
22,-8.7136,37.7352,0.46
23,-7.7533,37.7352,0.46
24,-6.7219,37.7352,0.46
25,-5.7261,37.7352,0.46
26,-4.7302,37.7352,0.46
27,-3.7344,37.7352,0.46
28,-2.7386,37.7352,0.46
29,-1.7427,37.7352,0.46
30,-0.7469,37.7352,0.46
31,0.2845,37.7352,0.46
32,1.2448,37.7352,0.46
33,2.2762,37.7352,0.46
34,3.2720,37.7352,0.46
35,4.2679,37.7352,0.46
36,5.2637,37.7352,0.46
37,6.2596,37.7352,0.46
38,7.2910,37.7352,0.46
39,8.2512,37.7352,0.46
40,9.2471,37.7352,0.46
41,10.2785,37.7352,0.46
42,11.2743,37.7352,0.46
43,12.2702,37.7352,0.46
44,13.2660,37.7352,0.46
45,14.2618,37.7352,0.46
46,15.2577,37.7352,0.46
47,16.2535,37.7352,0.46
48,17.2494,37.7352,0.46
49,18.2808,37.7352,0.46
50,19.2766,37.7352,0.46
51,20.2369,37.7352,0.46
52,21.2683,37.7352,0.46
53,22.2641,37.7352,0.46
54,23.2599,37.7352,0.46
55,24.2558,37.7352,0.46
56,25.2516,37.7352,0.46
57,26.2830,37.7352,0.46
58,27.2789,37.7352,0.46
59,28.2747,37.7352,0.46
60,29.2705,37.7352,0.46
61,-30.2308,36.8460,0.46
62,-29.2350,36.8460,0.46
63,-28.2391,36.8460,0.46
64,-27.2433,36.8460,0.46
65,-26.2119,36.8460,0.46
66,-25.2516,36.8460,0.46
67,-24.2558,36.8460,0.46
68,-23.2244,36.8460,0.46
69,-22.2285,36.8460,0.46
70,-21.2327,36.8460,0.46
71,-20.2369,36.8460,0.46
72,-19.2410,36.8460,0.46
73,-18.2452,36.8460,0.46
74,-17.2138,36.8460,0.46
75,-16.2535,36.8460,0.46
76,-15.2221,36.8460,0.46
77,-14.2263,36.8460,0.46
78,-13.2304,36.8460,0.46
79,-12.2346,36.8460,0.46
80,-11.2388,36.8460,0.46
81,-10.2073,36.8460,0.46
82,-9.2471,36.8460,0.46
83,-8.2512,36.8460,0.46
84,-7.2198,36.8460,0.46
85,-6.2240,36.8460,0.46
86,-5.2282,36.8460,0.46
87,-4.2323,36.8460,0.46
88,-3.2365,36.8460,0.46
89,-2.2406,36.8460,0.46
90,-1.2448,36.8460,0.46
91,0.7824,36.8460,0.46
92,1.7783,36.8460,0.46
93,2.7386,36.8460,0.46
94,3.7700,36.8460,0.46
95,4.7658,36.8460,0.46
96,5.7616,36.8460,0.46
97,6.7575,36.8460,0.46
98,7.7533,36.8460,0.46
99,8.7847,36.8460,0.46
100,9.7450,36.8460,0.46
101,10.7764,36.8460,0.46
102,11.7722,36.8460,0.46
103,12.7681,36.8460,0.46
104,13.7639,36.8460,0.46
105,14.7598,36.8460,0.46
106,15.7556,36.8460,0.46
107,16.7514,36.8460,0.46
108,17.7828,36.8460,0.46
109,18.7431,36.8460,0.46
110,19.7745,36.8460,0.46
111,20.7704,36.8460,0.46
112,21.7662,36.8460,0.46
113,22.7620,36.8460,0.46
114,23.7579,36.8460,0.46
115,24.7893,36.8460,0.46
116,25.7495,36.8460,0.46
117,26.7810,36.8460,0.46
118,27.7768,36.8460,0.46
119,28.7726,36.8460,0.46
120,29.7685,36.8460,0.46
121,-30.7643,35.9925,0.46
122,-29.7329,35.9925,0.46
123,-28.7371,35.9925,0.46
124,-27.7412,35.9925,0.46
125,-26.7454,35.9925,0.46
126,-25.7495,35.9925,0.46
127,-24.7181,35.9925,0.46
128,-23.7579,35.9925,0.46
129,-22.7265,35.9925,0.46
130,-21.7306,35.9925,0.46
131,-20.7348,35.9925,0.46
132,-19.7389,35.9925,0.46
133,-18.7431,35.9925,0.46
134,-17.7473,35.9925,0.46
135,-16.7159,35.9925,0.46
136,-15.7200,35.9925,0.46
137,-14.7598,35.9925,0.46
138,-13.7283,35.9925,0.46
139,-12.7325,35.9925,0.46
140,-11.7367,35.9925,0.46
141,-10.7408,35.9925,0.46
142,-9.7450,35.9925,0.46
143,-8.7136,35.9925,0.46
144,-7.7533,35.9925,0.46
145,-6.7219,35.9925,0.46
146,-5.7261,35.9925,0.46
147,-4.7302,35.9925,0.46
148,-3.7344,35.9925,0.46
149,-2.7386,35.9925,0.46
150,-1.7427,35.9925,0.46
151,-0.7469,35.9925,0.46
152,0.2845,35.9925,0.46
153,1.2448,35.9925,0.46
154,2.2762,35.9925,0.46
155,3.2720,35.9925,0.46
156,4.2679,35.9925,0.46
157,5.2637,35.9925,0.46
158,6.2596,35.9925,0.46
159,7.2910,35.9925,0.46
160,8.2512,35.9925,0.46
161,9.2471,35.9925,0.46
162,10.2785,35.9925,0.46
163,11.2743,35.9925,0.46
164,12.2702,35.9925,0.46
165,13.2660,35.9925,0.46
166,14.2618,35.9925,0.46
167,15.2577,35.9925,0.46
168,16.2535,35.9925,0.46
169,17.2494,35.9925,0.46
170,18.2808,35.9925,0.46
171,19.2766,35.9925,0.46
172,20.2369,35.9925,0.46
173,21.2683,35.9925,0.46
174,22.2641,35.9925,0.46
175,23.2599,35.9925,0.46
176,24.2558,35.9925,0.46
177,25.2516,35.9925,0.46
178,26.2830,35.9925,0.46
179,27.2789,35.9925,0.46
180,28.2747,35.9925,0.46
181,29.2705,35.9925,0.46
182,30.2664,35.9925,0.46
183,-31.2267,35.1389,0.46
184,-30.2308,35.1389,0.46
185,-29.2350,35.1389,0.46
186,-28.2391,35.1389,0.46
187,-27.2433,35.1389,0.46
188,-26.2119,35.1389,0.46
189,-25.2516,35.1389,0.46
190,-24.2558,35.1389,0.46
191,-23.2244,35.1389,0.46
192,-22.2285,35.1389,0.46
193,-21.2327,35.1389,0.46
194,-20.2369,35.1389,0.46
195,-19.2410,35.1389,0.46
196,-18.2452,35.1389,0.46
197,-17.2138,35.1389,0.46
198,-16.2535,35.1389,0.46
199,-15.2221,35.1389,0.46
200,-14.2263,35.1389,0.46
201,-13.2304,35.1389,0.46
202,-12.2346,35.1389,0.46
203,-11.2388,35.1389,0.46
204,-10.2073,35.1389,0.46
205,-9.2471,35.1389,0.46
206,-8.2512,35.1389,0.46
207,-7.2198,35.1389,0.46
208,-6.2240,35.1389,0.46
209,-5.2282,35.1389,0.46
210,-4.2323,35.1389,0.46
211,-3.2365,35.1389,0.46
212,-2.2406,35.1389,0.46
213,-1.2448,35.1389,0.46
214,0.7824,35.1389,0.46
215,1.7783,35.1389,0.46
216,2.7386,35.1389,0.46
217,3.7700,35.1389,0.46
218,4.7658,35.1389,0.46
219,5.7616,35.1389,0.46
220,6.7575,35.1389,0.46
221,7.7533,35.1389,0.46
222,8.7847,35.1389,0.46
223,9.7450,35.1389,0.46
224,10.7764,35.1389,0.46
225,11.7722,35.1389,0.46
226,12.7681,35.1389,0.46
227,13.7639,35.1389,0.46
228,14.7598,35.1389,0.46
229,15.7556,35.1389,0.46
230,16.7514,35.1389,0.46
231,17.7828,35.1389,0.46
232,18.7431,35.1389,0.46
233,19.7745,35.1389,0.46
234,20.7704,35.1389,0.46
235,21.7662,35.1389,0.46
236,22.7620,35.1389,0.46
237,23.7579,35.1389,0.46
238,24.7893,35.1389,0.46
239,25.7495,35.1389,0.46
240,26.7810,35.1389,0.46
241,27.7768,35.1389,0.46
242,28.7726,35.1389,0.46
243,29.7685,35.1389,0.46
244,30.7643,35.1389,0.46
245,-31.7246,34.2497,0.46
246,-30.7643,34.2497,0.46
247,-29.7329,34.2497,0.46
248,-28.7371,34.2497,0.46
249,-27.7412,34.2497,0.46
250,-26.7454,34.2497,0.46
251,-25.7495,34.2497,0.46
252,-24.7181,34.2497,0.46
253,-23.7579,34.2497,0.46
254,-22.7265,34.2497,0.46
255,-21.7306,34.2497,0.46
256,-20.7348,34.2497,0.46
257,-19.7389,34.2497,0.46
258,-18.7431,34.2497,0.46
259,-17.7473,34.2497,0.46
260,-16.7159,34.2497,0.46
261,-15.7200,34.2497,0.46
262,-14.7598,34.2497,0.46
263,-13.7283,34.2497,0.46
264,-12.7325,34.2497,0.46
265,-11.7367,34.2497,0.46
266,-10.7408,34.2497,0.46
267,-9.7450,34.2497,0.46
268,-8.7136,34.2497,0.46
269,-7.7533,34.2497,0.46
270,-6.7219,34.2497,0.46
271,-5.7261,34.2497,0.46
272,-4.7302,34.2497,0.46
273,-3.7344,34.2497,0.46
274,-2.7386,34.2497,0.46
275,-1.7427,34.2497,0.46
276,-0.7469,34.2497,0.46
277,0.2845,34.2497,0.46
278,1.2448,34.2497,0.46
279,2.2762,34.2497,0.46
280,3.2720,34.2497,0.46
281,4.2679,34.2497,0.46
282,5.2637,34.2497,0.46
283,6.2596,34.2497,0.46
284,7.2910,34.2497,0.46
285,8.2512,34.2497,0.46
286,9.2471,34.2497,0.46
287,10.2785,34.2497,0.46
288,11.2743,34.2497,0.46
289,12.2702,34.2497,0.46
290,13.2660,34.2497,0.46
291,14.2618,34.2497,0.46
292,15.2577,34.2497,0.46
293,16.2535,34.2497,0.46
294,17.2494,34.2497,0.46
295,18.2808,34.2497,0.46
296,19.2766,34.2497,0.46
297,20.2369,34.2497,0.46
298,21.2683,34.2497,0.46
299,22.2641,34.2497,0.46
300,23.2599,34.2497,0.46
301,24.2558,34.2497,0.46
302,25.2516,34.2497,0.46
303,26.2830,34.2497,0.46
304,27.2789,34.2497,0.46
305,28.2747,34.2497,0.46
306,29.2705,34.2497,0.46
307,30.2664,34.2497,0.46
308,31.2622,34.2497,0.46
309,-31.2267,33.3962,0.46
310,-30.2308,33.3962,0.46
311,-29.2350,33.3962,0.46
312,-28.2391,33.3962,0.46
313,-27.2433,33.3962,0.46
314,-26.2119,33.3962,0.46
315,-25.2516,33.3962,0.46
316,-24.2558,33.3962,0.46
317,-23.2244,33.3962,0.46
318,-22.2285,33.3962,0.46
319,-21.2327,33.3962,0.46
320,-20.2369,33.3962,0.46
321,-19.2410,33.3962,0.46
322,-18.2452,33.3962,0.46
323,-17.2138,33.3962,0.46
324,-16.2535,33.3962,0.46
325,-15.2221,33.3962,0.46
326,-14.2263,33.3962,0.46
327,-13.2304,33.3962,0.46
328,-12.2346,33.3962,0.46
329,-11.2388,33.3962,0.46
330,-10.2073,33.3962,0.46
331,-9.2471,33.3962,0.46
332,-8.2512,33.3962,0.46
333,-7.2198,33.3962,0.46
334,-6.2240,33.3962,0.46
335,-5.2282,33.3962,0.46
336,-4.2323,33.3962,0.46
337,-3.2365,33.3962,0.46
338,-2.2406,33.3962,0.46
339,-1.2448,33.3962,0.46
340,0.7824,33.3962,0.46
341,1.7783,33.3962,0.46
342,2.7386,33.3962,0.46
343,3.7700,33.3962,0.46
344,4.7658,33.3962,0.46
345,5.7616,33.3962,0.46
346,6.7575,33.3962,0.46
347,7.7533,33.3962,0.46
348,8.7847,33.3962,0.46
349,9.7450,33.3962,0.46
350,10.7764,33.3962,0.46
351,11.7722,33.3962,0.46
352,12.7681,33.3962,0.46
353,13.7639,33.3962,0.46
354,14.7598,33.3962,0.46
355,15.7556,33.3962,0.46
356,16.7514,33.3962,0.46
357,17.7828,33.3962,0.46
358,18.7431,33.3962,0.46
359,19.7745,33.3962,0.46
360,20.7704,33.3962,0.46
361,21.7662,33.3962,0.46
362,22.7620,33.3962,0.46
363,23.7579,33.3962,0.46
364,24.7893,33.3962,0.46
365,25.7495,33.3962,0.46
366,26.7810,33.3962,0.46
367,27.7768,33.3962,0.46
368,28.7726,33.3962,0.46
369,29.7685,33.3962,0.46
370,30.7643,33.3962,0.46
371,-31.7246,32.5070,0.46
372,-30.7643,32.5070,0.46
373,-29.7329,32.5070,0.46
374,-28.7371,32.5070,0.46
375,-27.7412,32.5070,0.46
376,-26.7454,32.5070,0.46
377,-25.7495,32.5070,0.46
378,-24.7181,32.5070,0.46
379,-23.7579,32.5070,0.46
380,-22.7265,32.5070,0.46
381,-21.7306,32.5070,0.46
382,-20.7348,32.5070,0.46
383,-19.7389,32.5070,0.46
384,-18.7431,32.5070,0.46
385,-17.7473,32.5070,0.46
386,-16.7159,32.5070,0.46
387,-15.7200,32.5070,0.46
388,-14.7598,32.5070,0.46
389,-13.7283,32.5070,0.46
390,-12.7325,32.5070,0.46
391,-11.7367,32.5070,0.46
392,-10.7408,32.5070,0.46
393,-9.7450,32.5070,0.46
394,-8.7136,32.5070,0.46
395,-7.7533,32.5070,0.46
396,-6.7219,32.5070,0.46
397,-5.7261,32.5070,0.46
398,-4.7302,32.5070,0.46
399,-3.7344,32.5070,0.46
400,-2.7386,32.5070,0.46
401,-1.7427,32.5070,0.46
402,-0.7469,32.5070,0.46
403,0.2845,32.5070,0.46
404,1.2448,32.5070,0.46
405,2.2762,32.5070,0.46
406,3.2720,32.5070,0.46
407,4.2679,32.5070,0.46
408,5.2637,32.5070,0.46
409,6.2596,32.5070,0.46
410,7.2910,32.5070,0.46
411,8.2512,32.5070,0.46
412,9.2471,32.5070,0.46
413,10.2785,32.5070,0.46
414,11.2743,32.5070,0.46
415,12.2702,32.5070,0.46
416,13.2660,32.5070,0.46
417,14.2618,32.5070,0.46
418,15.2577,32.5070,0.46
419,16.2535,32.5070,0.46
420,17.2494,32.5070,0.46
421,18.2808,32.5070,0.46
422,19.2766,32.5070,0.46
423,20.2369,32.5070,0.46
424,21.2683,32.5070,0.46
425,22.2641,32.5070,0.46
426,23.2599,32.5070,0.46
427,24.2558,32.5070,0.46
428,25.2516,32.5070,0.46
429,26.2830,32.5070,0.46
430,27.2789,32.5070,0.46
431,28.2747,32.5070,0.46
432,29.2705,32.5070,0.46
433,30.2664,32.5070,0.46
434,31.2622,32.5070,0.46
435,-31.2267,31.6534,0.46
436,-30.2308,31.6534,0.46
437,-29.2350,31.6534,0.46
438,-28.2391,31.6534,0.46
439,-27.2433,31.6534,0.46
440,-26.2119,31.6534,0.46
441,-25.2516,31.6534,0.46
442,-24.2558,31.6534,0.46
443,-23.2244,31.6534,0.46
444,-22.2285,31.6534,0.46
445,-21.2327,31.6534,0.46
446,-20.2369,31.6534,0.46
447,-19.2410,31.6534,0.46
448,-18.2452,31.6534,0.46
449,-17.2138,31.6534,0.46
450,-16.2535,31.6534,0.46
451,-15.2221,31.6534,0.46
452,-14.2263,31.6534,0.46
453,-13.2304,31.6534,0.46
454,-12.2346,31.6534,0.46
455,-11.2388,31.6534,0.46
456,-10.2073,31.6534,0.46
457,-9.2471,31.6534,0.46
458,-8.2512,31.6534,0.46
459,-7.2198,31.6534,0.46
460,-6.2240,31.6534,0.46
461,-5.2282,31.6534,0.46
462,-4.2323,31.6534,0.46
463,-3.2365,31.6534,0.46
464,-2.2406,31.6534,0.46
465,-1.2448,31.6534,0.46
466,0.7824,31.6534,0.46
467,1.7783,31.6534,0.46
468,2.7386,31.6534,0.46
469,3.7700,31.6534,0.46
470,4.7658,31.6534,0.46
471,5.7616,31.6534,0.46
472,6.7575,31.6534,0.46
473,7.7533,31.6534,0.46
474,8.7847,31.6534,0.46
475,9.7450,31.6534,0.46
476,10.7764,31.6534,0.46
477,11.7722,31.6534,0.46
478,12.7681,31.6534,0.46
479,13.7639,31.6534,0.46
480,14.7598,31.6534,0.46
481,15.7556,31.6534,0.46
482,16.7514,31.6534,0.46
483,17.7828,31.6534,0.46
484,18.7431,31.6534,0.46
485,19.7745,31.6534,0.46
486,20.7704,31.6534,0.46
487,21.7662,31.6534,0.46
488,22.7620,31.6534,0.46
489,23.7579,31.6534,0.46
490,24.7893,31.6534,0.46
491,25.7495,31.6534,0.46
492,26.7810,31.6534,0.46
493,27.7768,31.6534,0.46
494,28.7726,31.6534,0.46
495,29.7685,31.6534,0.46
496,30.7643,31.6534,0.46
497,-31.7246,30.7643,0.46
498,-30.7643,30.7643,0.46
499,-29.7329,30.7643,0.46
500,-28.7371,30.7643,0.46
501,-27.7412,30.7643,0.46
502,-26.7454,30.7643,0.46
503,-25.7495,30.7643,0.46
504,-24.7181,30.7643,0.46
505,-23.7579,30.7643,0.46
506,-22.7265,30.7643,0.46
507,-21.7306,30.7643,0.46
508,-20.7348,30.7643,0.46
509,-19.7389,30.7643,0.46
510,-18.7431,30.7643,0.46
511,-17.7473,30.7643,0.46
512,-16.7159,30.7643,0.46
513,-15.7200,30.7643,0.46
514,-14.7598,30.7643,0.46
515,-13.7283,30.7643,0.46
516,-12.7325,30.7643,0.46
517,-11.7367,30.7643,0.46
518,-10.7408,30.7643,0.46
519,-9.7450,30.7643,0.46
520,-8.7136,30.7643,0.46
521,-7.7533,30.7643,0.46
522,-6.7219,30.7643,0.46
523,-5.7261,30.7643,0.46
524,-4.7302,30.7643,0.46
525,-3.7344,30.7643,0.46
526,-2.7386,30.7643,0.46
527,-1.7427,30.7643,0.46
528,-0.7469,30.7643,0.46
529,0.2845,30.7643,0.46
530,1.2448,30.7643,0.46
531,2.2762,30.7643,0.46
532,3.2720,30.7643,0.46
533,4.2679,30.7643,0.46
534,5.2637,30.7643,0.46
535,6.2596,30.7643,0.46
536,7.2910,30.7643,0.46
537,8.2512,30.7643,0.46
538,9.2471,30.7643,0.46
539,10.2785,30.7643,0.46
540,11.2743,30.7643,0.46
541,12.2702,30.7643,0.46
542,13.2660,30.7643,0.46
543,14.2618,30.7643,0.46
544,15.2577,30.7643,0.46
545,16.2535,30.7643,0.46
546,17.2494,30.7643,0.46
547,18.2808,30.7643,0.46
548,19.2766,30.7643,0.46
549,20.2369,30.7643,0.46
550,21.2683,30.7643,0.46
551,22.2641,30.7643,0.46
552,23.2599,30.7643,0.46
553,24.2558,30.7643,0.46
554,25.2516,30.7643,0.46
555,26.2830,30.7643,0.46
556,27.2789,30.7643,0.46
557,28.2747,30.7643,0.46
558,29.2705,30.7643,0.46
559,30.2664,30.7643,0.46
560,31.2622,30.7643,0.46
561,-31.2267,29.9107,0.46
562,-30.2308,29.9107,0.46
563,-29.2350,29.9107,0.46
564,-28.2391,29.9107,0.46
565,-27.2433,29.9107,0.46
566,-26.2119,29.9107,0.46
567,-25.2516,29.9107,0.46
568,-24.2558,29.9107,0.46
569,-23.2244,29.9107,0.46
570,-22.2285,29.9107,0.46
571,-21.2327,29.9107,0.46
572,-20.2369,29.9107,0.46
573,-19.2410,29.9107,0.46
574,-18.2452,29.9107,0.46
575,-17.2138,29.9107,0.46
576,-16.2535,29.9107,0.46
577,-15.2221,29.9107,0.46
578,-14.2263,29.9107,0.46
579,-13.2304,29.9107,0.46
580,-12.2346,29.9107,0.46
581,-11.2388,29.9107,0.46
582,-10.2073,29.9107,0.46
583,-9.2471,29.9107,0.46
584,-8.2512,29.9107,0.46
585,-7.2198,29.9107,0.46
586,-6.2240,29.9107,0.46
587,-5.2282,29.9107,0.46
588,-4.2323,29.9107,0.46
589,-3.2365,29.9107,0.46
590,-2.2406,29.9107,0.46
591,-1.2448,29.9107,0.46
592,0.7824,29.9107,0.46
593,1.7783,29.9107,0.46
594,2.7386,29.9107,0.46
595,3.7700,29.9107,0.46
596,4.7658,29.9107,0.46
597,5.7616,29.9107,0.46
598,6.7575,29.9107,0.46
599,7.7533,29.9107,0.46
600,8.7847,29.9107,0.46
601,9.7450,29.9107,0.46
602,10.7764,29.9107,0.46
603,11.7722,29.9107,0.46
604,12.7681,29.9107,0.46
605,13.7639,29.9107,0.46
606,14.7598,29.9107,0.46
607,15.7556,29.9107,0.46
608,16.7514,29.9107,0.46
609,17.7828,29.9107,0.46
610,18.7431,29.9107,0.46
611,19.7745,29.9107,0.46
612,20.7704,29.9107,0.46
613,21.7662,29.9107,0.46
614,22.7620,29.9107,0.46
615,23.7579,29.9107,0.46
616,24.7893,29.9107,0.46
617,25.7495,29.9107,0.46
618,26.7810,29.9107,0.46
619,27.7768,29.9107,0.46
620,28.7726,29.9107,0.46
621,29.7685,29.9107,0.46
622,30.7643,29.9107,0.46
623,-31.7246,29.0572,0.46
624,-30.7643,29.0572,0.46
625,-29.7329,29.0572,0.46
626,-28.7371,29.0572,0.46
627,-27.7412,29.0572,0.46
628,-26.7454,29.0572,0.46
629,-25.7495,29.0572,0.46
630,-24.7181,29.0572,0.46
631,-23.7579,29.0572,0.46
632,-22.7265,29.0572,0.46
633,-21.7306,29.0572,0.46
634,-20.7348,29.0572,0.46
635,-19.7389,29.0572,0.46
636,-18.7431,29.0572,0.46
637,-17.7473,29.0572,0.46
638,-16.7159,29.0572,0.46
639,-15.7200,29.0572,0.46
640,-14.7598,29.0572,0.46
641,-13.7283,29.0572,0.46
642,-12.7325,29.0572,0.46
643,-11.7367,29.0572,0.46
644,-10.7408,29.0572,0.46
645,-9.7450,29.0572,0.46
646,-8.7136,29.0572,0.46
647,-7.7533,29.0572,0.46
648,-6.7219,29.0572,0.46
649,-5.7261,29.0572,0.46
650,-4.7302,29.0572,0.46
651,-3.7344,29.0572,0.46
652,-2.7386,29.0572,0.46
653,-1.7427,29.0572,0.46
654,-0.7469,29.0572,0.46
655,0.2845,29.0572,0.46
656,1.2448,29.0572,0.46
657,2.2762,29.0572,0.46
658,3.2720,29.0572,0.46
659,4.2679,29.0572,0.46
660,5.2637,29.0572,0.46
661,6.2596,29.0572,0.46
662,7.2910,29.0572,0.46
663,8.2512,29.0572,0.46
664,9.2471,29.0572,0.46
665,10.2785,29.0572,0.46
666,11.2743,29.0572,0.46
667,12.2702,29.0572,0.46
668,13.2660,29.0572,0.46
669,14.2618,29.0572,0.46
670,15.2577,29.0572,0.46
671,16.2535,29.0572,0.46
672,17.2494,29.0572,0.46
673,18.2808,29.0572,0.46
674,19.2766,29.0572,0.46
675,20.2369,29.0572,0.46
676,21.2683,29.0572,0.46
677,22.2641,29.0572,0.46
678,23.2599,29.0572,0.46
679,24.2558,29.0572,0.46
680,25.2516,29.0572,0.46
681,26.2830,29.0572,0.46
682,27.2789,29.0572,0.46
683,28.2747,29.0572,0.46
684,29.2705,29.0572,0.46
685,30.2664,29.0572,0.46
686,31.2622,29.0572,0.46
687,-31.2267,28.1680,0.46
688,-30.2308,28.1680,0.46
689,-29.2350,28.1680,0.46
690,-28.2391,28.1680,0.46
691,-27.2433,28.1680,0.46
692,-26.2119,28.1680,0.46
693,-25.2516,28.1680,0.46
694,-24.2558,28.1680,0.46
695,-23.2244,28.1680,0.46
696,-22.2285,28.1680,0.46
697,-21.2327,28.1680,0.46
698,-20.2369,28.1680,0.46
699,-19.2410,28.1680,0.46
700,-18.2452,28.1680,0.46
701,-17.2138,28.1680,0.46
702,-16.2535,28.1680,0.46
703,-15.2221,28.1680,0.46
704,-14.2263,28.1680,0.46
705,-13.2304,28.1680,0.46
706,-12.2346,28.1680,0.46
707,-11.2388,28.1680,0.46
708,-10.2073,28.1680,0.46
709,-9.2471,28.1680,0.46
710,-8.2512,28.1680,0.46
711,-7.2198,28.1680,0.46
712,-6.2240,28.1680,0.46
713,-5.2282,28.1680,0.46
714,-4.2323,28.1680,0.46
715,-3.2365,28.1680,0.46
716,-2.2406,28.1680,0.46
717,-1.2448,28.1680,0.46
718,0.7824,28.1680,0.46
719,1.7783,28.1680,0.46
720,2.7386,28.1680,0.46
721,3.7700,28.1680,0.46
722,4.7658,28.1680,0.46
723,5.7616,28.1680,0.46
724,6.7575,28.1680,0.46
725,7.7533,28.1680,0.46
726,8.7847,28.1680,0.46
727,9.7450,28.1680,0.46
728,10.7764,28.1680,0.46
729,11.7722,28.1680,0.46
730,12.7681,28.1680,0.46
731,13.7639,28.1680,0.46
732,14.7598,28.1680,0.46
733,15.7556,28.1680,0.46
734,16.7514,28.1680,0.46
735,17.7828,28.1680,0.46
736,18.7431,28.1680,0.46
737,19.7745,28.1680,0.46
738,20.7704,28.1680,0.46
739,21.7662,28.1680,0.46
740,22.7620,28.1680,0.46
741,23.7579,28.1680,0.46
742,24.7893,28.1680,0.46
743,25.7495,28.1680,0.46
744,26.7810,28.1680,0.46
745,27.7768,28.1680,0.46
746,28.7726,28.1680,0.46
747,29.7685,28.1680,0.46
748,30.7643,28.1680,0.46
749,-31.7246,27.3678,0.46
750,-30.7643,27.3678,0.46
751,-29.7329,27.3678,0.46
752,-28.7371,27.3678,0.46
753,-27.7412,27.3678,0.46
754,-26.7454,27.3678,0.46
755,-25.7495,27.3678,0.46
756,-24.7181,27.3678,0.46
757,-23.7579,27.3678,0.46
758,-22.7265,27.3678,0.46
759,-21.7306,27.3678,0.46
760,-20.7348,27.3678,0.46
761,-19.7389,27.3678,0.46
762,-18.7431,27.3678,0.46
763,-17.7473,27.3678,0.46
764,-16.7159,27.3678,0.46
765,-15.7200,27.3678,0.46
766,-14.7598,27.3678,0.46
767,-13.7283,27.3678,0.46
768,-12.7325,27.3678,0.46
769,-11.7367,27.3678,0.46
770,-10.7408,27.3678,0.46
771,-9.7450,27.3678,0.46
772,-8.7136,27.3678,0.46
773,-7.7533,27.3678,0.46
774,-6.7219,27.3678,0.46
775,-5.7261,27.3678,0.46
776,-4.7302,27.3678,0.46
777,-3.7344,27.3678,0.46
778,-2.7386,27.3678,0.46
779,-1.7427,27.3678,0.46
780,-0.7469,27.3678,0.46
781,0.2845,27.3678,0.46
782,1.2448,27.3678,0.46
783,2.2762,27.3678,0.46
784,3.2720,27.3678,0.46
785,4.2679,27.3678,0.46
786,5.2637,27.3678,0.46
787,6.2596,27.3678,0.46
788,7.2910,27.3678,0.46
789,8.2512,27.3678,0.46
790,9.2471,27.3678,0.46
791,10.2785,27.3678,0.46
792,11.2743,27.3678,0.46
793,12.2702,27.3678,0.46
794,13.2660,27.3678,0.46
795,14.2618,27.3678,0.46
796,15.2577,27.3678,0.46
797,16.2535,27.3678,0.46
798,17.2494,27.3678,0.46
799,18.2808,27.3678,0.46
800,19.2766,27.3678,0.46
801,20.2369,27.3678,0.46
802,21.2683,27.3678,0.46
803,22.2641,27.3678,0.46
804,23.2599,27.3678,0.46
805,24.2558,27.3678,0.46
806,25.2516,27.3678,0.46
807,26.2830,27.3678,0.46
808,27.2789,27.3678,0.46
809,28.2747,27.3678,0.46
810,29.2705,27.3678,0.46
811,30.2664,27.3678,0.46
812,31.2622,27.3678,0.46
813,-31.2267,26.4253,0.46
814,-30.2308,26.4253,0.46
815,-29.2350,26.4253,0.46
816,-28.2391,26.4253,0.46
817,-27.2433,26.4253,0.46
818,-26.2119,26.4253,0.46
819,-25.2516,26.4253,0.46
820,-24.2558,26.4253,0.46
821,-23.2244,26.4253,0.46
822,-22.2285,26.4253,0.46
823,-21.2327,26.4253,0.46
824,-20.2369,26.4253,0.46
825,-19.2410,26.4253,0.46
826,-18.2452,26.4253,0.46
827,-17.2138,26.4253,0.46
828,-16.2535,26.4253,0.46
829,-15.2221,26.4253,0.46
830,-14.2263,26.4253,0.46
831,-13.2304,26.4253,0.46
832,-12.2346,26.4253,0.46
833,-11.2388,26.4253,0.46
834,-10.2073,26.4253,0.46
835,-9.2471,26.4253,0.46
836,-8.2512,26.4253,0.46
837,-7.2198,26.4253,0.46
838,-6.2240,26.4253,0.46
839,-5.2282,26.4253,0.46
840,-4.2323,26.4253,0.46
841,-3.2365,26.4253,0.46
842,-2.2406,26.4253,0.46
843,-1.2448,26.4253,0.46
844,0.7824,26.4253,0.46
845,1.7783,26.4253,0.46
846,2.7386,26.4253,0.46
847,3.7700,26.4253,0.46
848,4.7658,26.4253,0.46
849,5.7616,26.4253,0.46
850,6.7575,26.4253,0.46
851,7.7533,26.4253,0.46
852,8.7847,26.4253,0.46
853,9.7450,26.4253,0.46
854,10.7764,26.4253,0.46
855,11.7722,26.4253,0.46
856,12.7681,26.4253,0.46
857,13.7639,26.4253,0.46
858,14.7598,26.4253,0.46
859,15.7556,26.4253,0.46
860,16.7514,26.4253,0.46
861,17.7828,26.4253,0.46
862,18.7431,26.4253,0.46
863,19.7745,26.4253,0.46
864,20.7704,26.4253,0.46
865,21.7662,26.4253,0.46
866,22.7620,26.4253,0.46
867,23.7579,26.4253,0.46
868,24.7893,26.4253,0.46
869,25.7495,26.4253,0.46
870,26.7810,26.4253,0.46
871,27.7768,26.4253,0.46
872,28.7726,26.4253,0.46
873,29.7685,26.4253,0.46
874,30.7643,26.4253,0.46
875,-31.7246,25.5362,0.46
876,-30.7643,25.5362,0.46
877,-29.7329,25.5362,0.46
878,-28.7371,25.5362,0.46
879,-27.7412,25.5362,0.46
880,-26.7454,25.5362,0.46
881,-25.7495,25.5362,0.46
882,-24.7181,25.5362,0.46
883,-23.7579,25.5362,0.46
884,-22.7265,25.5362,0.46
885,-21.7306,25.5362,0.46
886,-20.7348,25.5362,0.46
887,-19.7389,25.5362,0.46
888,-18.7431,25.5362,0.46
889,-17.7473,25.5362,0.46
890,-16.7159,25.5362,0.46
891,-15.7200,25.5362,0.46
892,-14.7598,25.5362,0.46
893,-13.7283,25.5362,0.46
894,-12.7325,25.5362,0.46
895,-11.7367,25.5362,0.46
896,-10.7408,25.5362,0.46
897,-9.7450,25.5362,0.46
898,-8.7136,25.5362,0.46
899,-7.7533,25.5362,0.46
900,-6.7219,25.5362,0.46
901,-5.7261,25.5362,0.46
902,-4.7302,25.5362,0.46
903,-3.7344,25.5362,0.46
904,-2.7386,25.5362,0.46
905,-1.7427,25.5362,0.46
906,-0.7469,25.5362,0.46
907,0.2845,25.5362,0.46
908,1.2448,25.5362,0.46
909,2.2762,25.5362,0.46
910,3.2720,25.5362,0.46
911,4.2679,25.5362,0.46
912,5.2637,25.5362,0.46
913,6.2596,25.5362,0.46
914,7.2910,25.5362,0.46
915,8.2512,25.5362,0.46
916,9.2471,25.5362,0.46
917,10.2785,25.5362,0.46
918,11.2743,25.5362,0.46
919,12.2702,25.5362,0.46
920,13.2660,25.5362,0.46
921,14.2618,25.5362,0.46
922,15.2577,25.5362,0.46
923,16.2535,25.5362,0.46
924,17.2494,25.5362,0.46
925,18.2808,25.5362,0.46
926,19.2766,25.5362,0.46
927,20.2369,25.5362,0.46
928,21.2683,25.5362,0.46
929,22.2641,25.5362,0.46
930,23.2599,25.5362,0.46
931,24.2558,25.5362,0.46
932,25.2516,25.5362,0.46
933,26.2830,25.5362,0.46
934,27.2789,25.5362,0.46
935,28.2747,25.5362,0.46
936,29.2705,25.5362,0.46
937,30.2664,25.5362,0.46
938,31.2622,25.5362,0.46
939,-31.2267,24.6826,0.46
940,-30.2308,24.6826,0.46
941,-29.2350,24.6826,0.46
942,-28.2391,24.6826,0.46
943,-27.2433,24.6826,0.46
944,-26.2119,24.6826,0.46
945,-25.2516,24.6826,0.46
946,-24.2558,24.6826,0.46
947,-23.2244,24.6826,0.46
948,-22.2285,24.6826,0.46
949,-21.2327,24.6826,0.46
950,-20.2369,24.6826,0.46
951,-19.2410,24.6826,0.46
952,-18.2452,24.6826,0.46
953,-17.2138,24.6826,0.46
954,-16.2535,24.6826,0.46
955,-15.2221,24.6826,0.46
956,-14.2263,24.6826,0.46
957,-13.2304,24.6826,0.46
958,-12.2346,24.6826,0.46
959,-11.2388,24.6826,0.46
960,-10.2073,24.6826,0.46
961,-9.2471,24.6826,0.46
962,-8.2512,24.6826,0.46
963,-7.2198,24.6826,0.46
964,-6.2240,24.6826,0.46
965,-5.2282,24.6826,0.46
966,-4.2323,24.6826,0.46
967,-3.2365,24.6826,0.46
968,-2.2406,24.6826,0.46
969,-1.2448,24.6826,0.46
970,0.7824,24.6826,0.46
971,1.7783,24.6826,0.46
972,2.7386,24.6826,0.46
973,3.7700,24.6826,0.46
974,4.7658,24.6826,0.46
975,5.7616,24.6826,0.46
976,6.7575,24.6826,0.46
977,7.7533,24.6826,0.46
978,8.7847,24.6826,0.46
979,9.7450,24.6826,0.46
980,10.7764,24.6826,0.46
981,11.7722,24.6826,0.46
982,12.7681,24.6826,0.46
983,13.7639,24.6826,0.46
984,14.7598,24.6826,0.46
985,15.7556,24.6826,0.46
986,16.7514,24.6826,0.46
987,17.7828,24.6826,0.46
988,18.7431,24.6826,0.46
989,19.7745,24.6826,0.46
990,20.7704,24.6826,0.46
991,21.7662,24.6826,0.46
992,22.7620,24.6826,0.46
993,23.7579,24.6826,0.46
994,24.7893,24.6826,0.46
995,25.7495,24.6826,0.46
996,26.7810,24.6826,0.46
997,27.7768,24.6826,0.46
998,28.7726,24.6826,0.46
999,29.7685,24.6826,0.46
1000,30.7643,24.6826,0.46
1001,-31.7246,23.8290,0.46
1002,-30.7643,23.8290,0.46
1003,-29.7329,23.8290,0.46
1004,-28.7371,23.8290,0.46
1005,-27.7412,23.8290,0.46
1006,-26.7454,23.8290,0.46
1007,-25.7495,23.8290,0.46
1008,-24.7181,23.8290,0.46
1009,-23.7579,23.8290,0.46
1010,-22.7265,23.8290,0.46
1011,-21.7306,23.8290,0.46
1012,-20.7348,23.8290,0.46
1013,-19.7389,23.8290,0.46
1014,-18.7431,23.8290,0.46
1015,-17.7473,23.8290,0.46
1016,-16.7159,23.8290,0.46
1017,-15.7200,23.8290,0.46
1018,-14.7598,23.8290,0.46
1019,-13.7283,23.8290,0.46
1020,-12.7325,23.8290,0.46
1021,-11.7367,23.8290,0.46
1022,-10.7408,23.8290,0.46
1023,-9.7450,23.8290,0.46
1024,-8.7136,23.8290,0.46
1025,-7.7533,23.8290,0.46
1026,-6.7219,23.8290,0.46
1027,-5.7261,23.8290,0.46
1028,-4.7302,23.8290,0.46
1029,-3.7344,23.8290,0.46
1030,-2.7386,23.8290,0.46
1031,-1.7427,23.8290,0.46
1032,-0.7469,23.8290,0.46
1033,0.2845,23.8290,0.46
1034,1.2448,23.8290,0.46
1035,2.2762,23.8290,0.46
1036,3.2720,23.8290,0.46
1037,4.2679,23.8290,0.46
1038,5.2637,23.8290,0.46
1039,6.2596,23.8290,0.46
1040,7.2910,23.8290,0.46
1041,8.2512,23.8290,0.46
1042,9.2471,23.8290,0.46
1043,10.2785,23.8290,0.46
1044,11.2743,23.8290,0.46
1045,12.2702,23.8290,0.46
1046,13.2660,23.8290,0.46
1047,14.2618,23.8290,0.46
1048,15.2577,23.8290,0.46
1049,16.2535,23.8290,0.46
1050,17.2494,23.8290,0.46
1051,18.2808,23.8290,0.46
1052,19.2766,23.8290,0.46
1053,20.2369,23.8290,0.46
1054,21.2683,23.8290,0.46
1055,22.2641,23.8290,0.46
1056,23.2599,23.8290,0.46
1057,24.2558,23.8290,0.46
1058,25.2516,23.8290,0.46
1059,26.2830,23.8290,0.46
1060,27.2789,23.8290,0.46
1061,28.2747,23.8290,0.46
1062,29.2705,23.8290,0.46
1063,30.2664,23.8290,0.46
1064,31.2622,23.8290,0.46
1065,-31.2267,22.7620,0.46
1066,-30.2308,22.7620,0.46
1067,-29.2350,22.7620,0.46
1068,-28.2391,22.7620,0.46
1069,-27.2433,22.7620,0.46
1070,-26.2119,22.7620,0.46
1071,-25.2516,22.7620,0.46
1072,-24.2558,22.7620,0.46
1073,-23.2244,22.7620,0.46
1074,-22.2285,22.7620,0.46
1075,-21.2327,22.7620,0.46
1076,-20.2369,22.7620,0.46
1077,-19.2410,22.7620,0.46
1078,-18.2452,22.7620,0.46
1079,-17.2138,22.7620,0.46
1080,-16.2535,22.7620,0.46
1081,-15.2221,22.7620,0.46
1082,-14.2263,22.7620,0.46
1083,-13.2304,22.7620,0.46
1084,-12.2346,22.7620,0.46
1085,-11.2388,22.7620,0.46
1086,-10.2073,22.7620,0.46
1087,-9.2471,22.7620,0.46
1088,-8.2512,22.7620,0.46
1089,-7.2198,22.7620,0.46
1090,-6.2240,22.7620,0.46
1091,-5.2282,22.7620,0.46
1092,-4.2323,22.7620,0.46
1093,-3.2365,22.7620,0.46
1094,-2.2406,22.7620,0.46
1095,-1.2448,22.7620,0.46
1096,0.7824,22.7620,0.46
1097,1.7783,22.7620,0.46
1098,2.7386,22.7620,0.46
1099,3.7700,22.7620,0.46
1100,4.7658,22.7620,0.46
1101,5.7616,22.7620,0.46
1102,6.7575,22.7620,0.46
1103,7.7533,22.7620,0.46
1104,8.7847,22.7620,0.46
1105,9.7450,22.7620,0.46
1106,10.7764,22.7620,0.46
1107,11.7722,22.7620,0.46
1108,12.7681,22.7620,0.46
1109,13.7639,22.7620,0.46
1110,14.7598,22.7620,0.46
1111,15.7556,22.7620,0.46
1112,16.7514,22.7620,0.46
1113,17.7828,22.7620,0.46
1114,18.7431,22.7620,0.46
1115,19.7745,22.7620,0.46
1116,20.7704,22.7620,0.46
1117,21.7662,22.7620,0.46
1118,22.7620,22.7620,0.46
1119,23.7579,22.7620,0.46
1120,24.7893,22.7620,0.46
1121,25.7495,22.7620,0.46
1122,26.7810,22.7620,0.46
1123,27.7768,22.7620,0.46
1124,28.7726,22.7620,0.46
1125,29.7685,22.7620,0.46
1126,30.7643,22.7620,0.46
1127,-31.7246,22.0863,0.46
1128,-30.7643,22.0863,0.46
1129,-29.7329,22.0863,0.46
1130,-28.7371,22.0863,0.46
1131,-27.7412,22.0863,0.46
1132,-26.7454,22.0863,0.46
1133,-25.7495,22.0863,0.46
1134,-24.7181,22.0863,0.46
1135,-23.7579,22.0863,0.46
1136,-22.7265,22.0863,0.46
1137,-21.7306,22.0863,0.46
1138,-20.7348,22.0863,0.46
1139,-19.7389,22.0863,0.46
1140,-18.7431,22.0863,0.46
1141,-17.7473,22.0863,0.46
1142,-16.7159,22.0863,0.46
1143,-15.7200,22.0863,0.46
1144,-14.7598,22.0863,0.46
1145,-13.7283,22.0863,0.46
1146,-12.7325,22.0863,0.46
1147,-11.7367,22.0863,0.46
1148,-10.7408,22.0863,0.46
1149,-9.7450,22.0863,0.46
1150,-8.7136,22.0863,0.46
1151,-7.7533,22.0863,0.46
1152,-6.7219,22.0863,0.46
1153,-5.7261,22.0863,0.46
1154,-4.7302,22.0863,0.46
1155,-3.7344,22.0863,0.46
1156,-2.7386,22.0863,0.46
1157,-1.7427,22.0863,0.46
1158,-0.7469,22.0863,0.46
1159,0.2845,22.0863,0.46
1160,1.2448,22.0863,0.46
1161,2.2762,22.0863,0.46
1162,3.2720,22.0863,0.46
1163,4.2679,22.0863,0.46
1164,5.2637,22.0863,0.46
1165,6.2596,22.0863,0.46
1166,7.2910,22.0863,0.46
1167,8.2512,22.0863,0.46
1168,9.2471,22.0863,0.46
1169,10.2785,22.0863,0.46
1170,11.2743,22.0863,0.46
1171,12.2702,22.0863,0.46
1172,13.2660,22.0863,0.46
1173,14.2618,22.0863,0.46
1174,15.2577,22.0863,0.46
1175,16.2535,22.0863,0.46
1176,17.2494,22.0863,0.46
1177,18.2808,22.0863,0.46
1178,19.2766,22.0863,0.46
1179,20.2369,22.0863,0.46
1180,21.2683,22.0863,0.46
1181,22.2641,22.0863,0.46
1182,23.2599,22.0863,0.46
1183,24.2558,22.0863,0.46
1184,25.2516,22.0863,0.46
1185,26.2830,22.0863,0.46
1186,27.2789,22.0863,0.46
1187,28.2747,22.0863,0.46
1188,29.2705,22.0863,0.46
1189,30.2664,22.0863,0.46
1190,31.2622,22.0863,0.46
1191,-31.2267,21.1971,0.46
1192,-30.2308,21.1971,0.46
1193,-29.2350,21.1971,0.46
1194,-28.2391,21.1971,0.46
1195,-27.2433,21.1971,0.46
1196,-26.2119,21.1971,0.46
1197,-25.2516,21.1971,0.46
1198,-24.2558,21.1971,0.46
1199,-23.2244,21.1971,0.46
1200,-22.2285,21.1971,0.46
1201,-21.2327,21.1971,0.46
1202,-20.2369,21.1971,0.46
1203,-19.2410,21.1971,0.46
1204,-18.2452,21.1971,0.46
1205,-16.2535,21.1971,0.46
1206,-15.2221,21.1971,0.46
1207,-14.2263,21.1971,0.46
1208,-13.2304,21.1971,0.46
1209,-12.2346,21.1971,0.46
1210,-11.2388,21.1971,0.46
1211,-10.2073,21.1971,0.46
1212,-9.2471,21.1971,0.46
1213,-8.2512,21.1971,0.46
1214,-7.2198,21.1971,0.46
1215,-6.2240,21.1971,0.46
1216,-5.2282,21.1971,0.46
1217,-4.2323,21.1971,0.46
1218,-3.2365,21.1971,0.46
1219,-2.2406,21.1971,0.46
1220,-1.2448,21.1971,0.46
1221,0.7824,21.1971,0.46
1222,1.7783,21.1971,0.46
1223,2.7386,21.1971,0.46
1224,3.7700,21.1971,0.46
1225,4.7658,21.1971,0.46
1226,5.7616,21.1971,0.46
1227,6.7575,21.1971,0.46
1228,7.7533,21.1971,0.46
1229,8.7847,21.1971,0.46
1230,9.7450,21.1971,0.46
1231,10.7764,21.1971,0.46
1232,11.7722,21.1971,0.46
1233,12.7681,21.1971,0.46
1234,13.7639,21.1971,0.46
1235,14.7598,21.1971,0.46
1236,15.7556,21.1971,0.46
1237,17.7828,21.1971,0.46
1238,18.7431,21.1971,0.46
1239,19.7745,21.1971,0.46
1240,20.7704,21.1971,0.46
1241,21.7662,21.1971,0.46
1242,22.7620,21.1971,0.46
1243,23.7579,21.1971,0.46
1244,24.7893,21.1971,0.46
1245,25.7495,21.1971,0.46
1246,26.7810,21.1971,0.46
1247,27.7768,21.1971,0.46
1248,28.7726,21.1971,0.46
1249,29.7685,21.1971,0.46
1250,30.7643,21.1971,0.46
1251,-31.7246,20.3436,0.46
1252,-30.7643,20.3436,0.46
1253,-29.7329,20.3436,0.46
1254,-28.7371,20.3436,0.46
1255,-27.7412,20.3436,0.46
1256,-26.7454,20.3436,0.46
1257,-25.7495,20.3436,0.46
1258,-24.7181,20.3436,0.46
1259,-23.7579,20.3436,0.46
1260,-22.7265,20.3436,0.46
1261,-21.7306,20.3436,0.46
1262,-20.7348,20.3436,0.46
1263,-19.7389,20.3436,0.46
1264,-18.7431,20.3436,0.46
1265,-15.7200,20.3436,0.46
1266,-14.7598,20.3436,0.46
1267,-13.7283,20.3436,0.46
1268,-12.7325,20.3436,0.46
1269,-11.7367,20.3436,0.46
1270,-10.7408,20.3436,0.46
1271,-9.7450,20.3436,0.46
1272,-8.7136,20.3436,0.46
1273,-7.7533,20.3436,0.46
1274,-6.7219,20.3436,0.46
1275,-5.7261,20.3436,0.46
1276,-4.7302,20.3436,0.46
1277,-3.7344,20.3436,0.46
1278,-2.7386,20.3436,0.46
1279,-1.7427,20.3436,0.46
1280,-0.7469,20.3436,0.46
1281,0.2845,20.3436,0.46
1282,1.2448,20.3436,0.46
1283,2.2762,20.3436,0.46
1284,3.2720,20.3436,0.46
1285,4.2679,20.3436,0.46
1286,5.2637,20.3436,0.46
1287,6.2596,20.3436,0.46
1288,7.2910,20.3436,0.46
1289,8.2512,20.3436,0.46
1290,9.2471,20.3436,0.46
1291,10.2785,20.3436,0.46
1292,11.2743,20.3436,0.46
1293,12.2702,20.3436,0.46
1294,13.2660,20.3436,0.46
1295,14.2618,20.3436,0.46
1296,15.2577,20.3436,0.46
1297,18.2808,20.3436,0.46
1298,19.2766,20.3436,0.46
1299,20.2369,20.3436,0.46
1300,21.2683,20.3436,0.46
1301,22.2641,20.3436,0.46
1302,23.2599,20.3436,0.46
1303,24.2558,20.3436,0.46
1304,25.2516,20.3436,0.46
1305,26.2830,20.3436,0.46
1306,27.2789,20.3436,0.46
1307,28.2747,20.3436,0.46
1308,29.2705,20.3436,0.46
1309,30.2664,20.3436,0.46
1310,31.2622,20.3436,0.46
1311,-31.2267,19.4544,0.46
1312,-30.2308,19.4544,0.46
1313,-29.2350,19.4544,0.46
1314,-28.2391,19.4544,0.46
1315,-27.2433,19.4544,0.46
1316,-26.2119,19.4544,0.46
1317,-25.2516,19.4544,0.46
1318,-24.2558,19.4544,0.46
1319,-23.2244,19.4544,0.46
1320,-22.2285,19.4544,0.46
1321,-21.2327,19.4544,0.46
1322,-20.2369,19.4544,0.46
1323,-19.2410,19.4544,0.46
1324,-18.2452,19.4544,0.46
1325,-16.2535,19.4544,0.46
1326,-15.2221,19.4544,0.46
1327,-14.2263,19.4544,0.46
1328,-13.2304,19.4544,0.46
1329,-12.2346,19.4544,0.46
1330,-11.2388,19.4544,0.46
1331,-10.2073,19.4544,0.46
1332,-9.2471,19.4544,0.46
1333,-8.2512,19.4544,0.46
1334,-7.2198,19.4544,0.46
1335,-6.2240,19.4544,0.46
1336,-5.2282,19.4544,0.46
1337,-4.2323,19.4544,0.46
1338,-3.2365,19.4544,0.46
1339,-2.2406,19.4544,0.46
1340,-1.2448,19.4544,0.46
1341,0.7824,19.4544,0.46
1342,1.7783,19.4544,0.46
1343,2.7386,19.4544,0.46
1344,3.7700,19.4544,0.46
1345,4.7658,19.4544,0.46
1346,5.7616,19.4544,0.46
1347,6.7575,19.4544,0.46
1348,7.7533,19.4544,0.46
1349,8.7847,19.4544,0.46
1350,9.7450,19.4544,0.46
1351,10.7764,19.4544,0.46
1352,11.7722,19.4544,0.46
1353,12.7681,19.4544,0.46
1354,13.7639,19.4544,0.46
1355,14.7598,19.4544,0.46
1356,15.7556,19.4544,0.46
1357,17.7828,19.4544,0.46
1358,18.7431,19.4544,0.46
1359,19.7745,19.4544,0.46
1360,20.7704,19.4544,0.46
1361,21.7662,19.4544,0.46
1362,22.7620,19.4544,0.46
1363,23.7579,19.4544,0.46
1364,24.7893,19.4544,0.46
1365,25.7495,19.4544,0.46
1366,26.7810,19.4544,0.46
1367,27.7768,19.4544,0.46
1368,28.7726,19.4544,0.46
1369,29.7685,19.4544,0.46
1370,30.7643,19.4544,0.46
1371,-31.7246,18.6008,0.46
1372,-30.7643,18.6008,0.46
1373,-29.7329,18.6008,0.46
1374,-28.7371,18.6008,0.46
1375,-27.7412,18.6008,0.46
1376,-26.7454,18.6008,0.46
1377,-25.7495,18.6008,0.46
1378,-24.7181,18.6008,0.46
1379,-23.7579,18.6008,0.46
1380,-22.7265,18.6008,0.46
1381,-21.7306,18.6008,0.46
1382,-20.7348,18.6008,0.46
1383,-19.7389,18.6008,0.46
1384,-18.7431,18.6008,0.46
1385,-17.7473,18.6008,0.46
1386,-16.7159,18.6008,0.46
1387,-15.7200,18.6008,0.46
1388,-14.7598,18.6008,0.46
1389,-13.7283,18.6008,0.46
1390,-12.7325,18.6008,0.46
1391,-11.7367,18.6008,0.46
1392,-10.7408,18.6008,0.46
1393,-9.7450,18.6008,0.46
1394,-8.7136,18.6008,0.46
1395,-7.7533,18.6008,0.46
1396,-6.7219,18.6008,0.46
1397,-5.7261,18.6008,0.46
1398,-4.7302,18.6008,0.46
1399,-3.7344,18.6008,0.46
1400,-2.7386,18.6008,0.46
1401,-1.7427,18.6008,0.46
1402,-0.7469,18.6008,0.46
1403,0.2845,18.6008,0.46
1404,1.2448,18.6008,0.46
1405,2.2762,18.6008,0.46
1406,3.2720,18.6008,0.46
1407,4.2679,18.6008,0.46
1408,5.2637,18.6008,0.46
1409,6.2596,18.6008,0.46
1410,7.2910,18.6008,0.46
1411,8.2512,18.6008,0.46
1412,9.2471,18.6008,0.46
1413,10.2785,18.6008,0.46
1414,11.2743,18.6008,0.46
1415,12.2702,18.6008,0.46
1416,13.2660,18.6008,0.46
1417,14.2618,18.6008,0.46
1418,15.2577,18.6008,0.46
1419,16.2535,18.6008,0.46
1420,17.2494,18.6008,0.46
1421,18.2808,18.6008,0.46
1422,19.2766,18.6008,0.46
1423,20.2369,18.6008,0.46
1424,21.2683,18.6008,0.46
1425,22.2641,18.6008,0.46
1426,23.2599,18.6008,0.46
1427,24.2558,18.6008,0.46
1428,25.2516,18.6008,0.46
1429,26.2830,18.6008,0.46
1430,27.2789,18.6008,0.46
1431,28.2747,18.6008,0.46
1432,29.2705,18.6008,0.46
1433,30.2664,18.6008,0.46
1434,31.2622,18.6008,0.46
1435,-31.2267,17.7473,0.46
1436,-30.2308,17.7473,0.46
1437,-29.2350,17.7473,0.46
1438,-28.2391,17.7473,0.46
1439,-27.2433,17.7473,0.46
1440,-26.2119,17.7473,0.46
1441,-25.2516,17.7473,0.46
1442,-24.2558,17.7473,0.46
1443,-23.2244,17.7473,0.46
1444,-22.2285,17.7473,0.46
1445,-21.2327,17.7473,0.46
1446,-20.2369,17.7473,0.46
1447,-19.2410,17.7473,0.46
1448,-18.2452,17.7473,0.46
1449,-17.2138,17.7473,0.46
1450,-16.2535,17.7473,0.46
1451,-15.2221,17.7473,0.46
1452,-14.2263,17.7473,0.46
1453,-13.2304,17.7473,0.46
1454,-12.2346,17.7473,0.46
1455,-11.2388,17.7473,0.46
1456,-10.2073,17.7473,0.46
1457,-9.2471,17.7473,0.46
1458,-8.2512,17.7473,0.46
1459,-7.2198,17.7473,0.46
1460,-6.2240,17.7473,0.46
1461,-5.2282,17.7473,0.46
1462,-4.2323,17.7473,0.46
1463,-3.2365,17.7473,0.46
1464,-2.2406,17.7473,0.46
1465,-1.2448,17.7473,0.46
1466,0.7824,17.7473,0.46
1467,1.7783,17.7473,0.46
1468,2.7386,17.7473,0.46
1469,3.7700,17.7473,0.46
1470,4.7658,17.7473,0.46
1471,5.7616,17.7473,0.46
1472,6.7575,17.7473,0.46
1473,7.7533,17.7473,0.46
1474,8.7847,17.7473,0.46
1475,9.7450,17.7473,0.46
1476,10.7764,17.7473,0.46
1477,11.7722,17.7473,0.46
1478,12.7681,17.7473,0.46
1479,13.7639,17.7473,0.46
1480,14.7598,17.7473,0.46
1481,15.7556,17.7473,0.46
1482,16.7514,17.7473,0.46
1483,17.7828,17.7473,0.46
1484,18.7431,17.7473,0.46
1485,19.7745,17.7473,0.46
1486,20.7704,17.7473,0.46
1487,21.7662,17.7473,0.46
1488,22.7620,17.7473,0.46
1489,23.7579,17.7473,0.46
1490,24.7893,17.7473,0.46
1491,25.7495,17.7473,0.46
1492,26.7810,17.7473,0.46
1493,27.7768,17.7473,0.46
1494,28.7726,17.7473,0.46
1495,29.7685,17.7473,0.46
1496,30.7643,17.7473,0.46
1497,-31.7246,16.8581,0.46
1498,-30.7643,16.8581,0.46
1499,-29.7329,16.8581,0.46
1500,-28.7371,16.8581,0.46
1501,-27.7412,16.8581,0.46
1502,-26.7454,16.8581,0.46
1503,-25.7495,16.8581,0.46
1504,-24.7181,16.8581,0.46
1505,-23.7579,16.8581,0.46
1506,-22.7265,16.8581,0.46
1507,-21.7306,16.8581,0.46
1508,-20.7348,16.8581,0.46
1509,-19.7389,16.8581,0.46
1510,-18.7431,16.8581,0.46
1511,-17.7473,16.8581,0.46
1512,-16.7159,16.8581,0.46
1513,-15.7200,16.8581,0.46
1514,-14.7598,16.8581,0.46
1515,-13.7283,16.8581,0.46
1516,-12.7325,16.8581,0.46
1517,-11.7367,16.8581,0.46
1518,-10.7408,16.8581,0.46
1519,-9.7450,16.8581,0.46
1520,-8.7136,16.8581,0.46
1521,-7.7533,16.8581,0.46
1522,-6.7219,16.8581,0.46
1523,-5.7261,16.8581,0.46
1524,-4.7302,16.8581,0.46
1525,-3.7344,16.8581,0.46
1526,-2.7386,16.8581,0.46
1527,-1.7427,16.8581,0.46
1528,-0.7469,16.8581,0.46
1529,0.2845,16.8581,0.46
1530,1.2448,16.8581,0.46
1531,2.2762,16.8581,0.46
1532,3.2720,16.8581,0.46
1533,4.2679,16.8581,0.46
1534,5.2637,16.8581,0.46
1535,6.2596,16.8581,0.46
1536,7.2910,16.8581,0.46
1537,8.2512,16.8581,0.46
1538,9.2471,16.8581,0.46
1539,10.2785,16.8581,0.46
1540,11.2743,16.8581,0.46
1541,12.2702,16.8581,0.46
1542,13.2660,16.8581,0.46
1543,14.2618,16.8581,0.46
1544,15.2577,16.8581,0.46
1545,16.2535,16.8581,0.46
1546,17.2494,16.8581,0.46
1547,18.2808,16.8581,0.46
1548,19.2766,16.8581,0.46
1549,20.2369,16.8581,0.46
1550,21.2683,16.8581,0.46
1551,22.2641,16.8581,0.46
1552,23.2599,16.8581,0.46
1553,24.2558,16.8581,0.46
1554,25.2516,16.8581,0.46
1555,26.2830,16.8581,0.46
1556,27.2789,16.8581,0.46
1557,28.2747,16.8581,0.46
1558,29.2705,16.8581,0.46
1559,30.2664,16.8581,0.46
1560,31.2622,16.8581,0.46
1561,-31.2267,15.9690,0.46
1562,-30.2308,15.9690,0.46
1563,-29.2350,15.9690,0.46
1564,-28.2391,15.9690,0.46
1565,-27.2433,15.9690,0.46
1566,-26.2119,15.9690,0.46
1567,-25.2516,15.9690,0.46
1568,-24.2558,15.9690,0.46
1569,-23.2244,15.9690,0.46
1570,-22.2285,15.9690,0.46
1571,-21.2327,15.9690,0.46
1572,-20.2369,15.9690,0.46
1573,-19.2410,15.9690,0.46
1574,-18.2452,15.9690,0.46
1575,-17.2138,15.9690,0.46
1576,-16.2535,15.9690,0.46
1577,-15.2221,15.9690,0.46
1578,-14.2263,15.9690,0.46
1579,-13.2304,15.9690,0.46
1580,-12.2346,15.9690,0.46
1581,-11.2388,15.9690,0.46
1582,-10.2073,15.9690,0.46
1583,-9.2471,15.9690,0.46
1584,-8.2512,15.9690,0.46
1585,-7.2198,15.9690,0.46
1586,-6.2240,15.9690,0.46
1587,-5.2282,15.9690,0.46
1588,-4.2323,15.9690,0.46
1589,-3.2365,15.9690,0.46
1590,-2.2406,15.9690,0.46
1591,-1.2448,15.9690,0.46
1592,0.7824,15.9690,0.46
1593,1.7783,15.9690,0.46
1594,2.7386,15.9690,0.46
1595,3.7700,15.9690,0.46
1596,4.7658,15.9690,0.46
1597,5.7616,15.9690,0.46
1598,6.7575,15.9690,0.46
1599,7.7533,15.9690,0.46
1600,8.7847,15.9690,0.46
1601,9.7450,15.9690,0.46
1602,10.7764,15.9690,0.46
1603,11.7722,15.9690,0.46
1604,12.7681,15.9690,0.46
1605,13.7639,15.9690,0.46
1606,14.7598,15.9690,0.46
1607,15.7556,15.9690,0.46
1608,16.7514,15.9690,0.46
1609,17.7828,15.9690,0.46
1610,18.7431,15.9690,0.46
1611,19.7745,15.9690,0.46
1612,20.7704,15.9690,0.46
1613,21.7662,15.9690,0.46
1614,22.7620,15.9690,0.46
1615,23.7579,15.9690,0.46
1616,24.7893,15.9690,0.46
1617,25.7495,15.9690,0.46
1618,26.7810,15.9690,0.46
1619,27.7768,15.9690,0.46
1620,28.7726,15.9690,0.46
1621,29.7685,15.9690,0.46
1622,30.7643,15.9690,0.46
1623,-31.7246,15.1154,0.46
1624,-30.7643,15.1154,0.46
1625,-29.7329,15.1154,0.46
1626,-28.7371,15.1154,0.46
1627,-27.7412,15.1154,0.46
1628,-26.7454,15.1154,0.46
1629,-25.7495,15.1154,0.46
1630,-24.7181,15.1154,0.46
1631,-23.7579,15.1154,0.46
1632,-22.7265,15.1154,0.46
1633,-21.7306,15.1154,0.46
1634,-20.7348,15.1154,0.46
1635,-19.7389,15.1154,0.46
1636,-18.7431,15.1154,0.46
1637,-17.7473,15.1154,0.46
1638,-16.7159,15.1154,0.46
1639,-15.7200,15.1154,0.46
1640,-14.7598,15.1154,0.46
1641,-13.7283,15.1154,0.46
1642,-12.7325,15.1154,0.46
1643,-11.7367,15.1154,0.46
1644,-10.7408,15.1154,0.46
1645,-9.7450,15.1154,0.46
1646,-8.7136,15.1154,0.46
1647,-7.7533,15.1154,0.46
1648,-6.7219,15.1154,0.46
1649,-5.7261,15.1154,0.46
1650,-4.7302,15.1154,0.46
1651,-3.7344,15.1154,0.46
1652,-2.7386,15.1154,0.46
1653,-1.7427,15.1154,0.46
1654,-0.7469,15.1154,0.46
1655,0.2845,15.1154,0.46
1656,1.2448,15.1154,0.46
1657,2.2762,15.1154,0.46
1658,3.2720,15.1154,0.46
1659,4.2679,15.1154,0.46
1660,5.2637,15.1154,0.46
1661,6.2596,15.1154,0.46
1662,7.2910,15.1154,0.46
1663,8.2512,15.1154,0.46
1664,9.2471,15.1154,0.46
1665,10.2785,15.1154,0.46
1666,11.2743,15.1154,0.46
1667,12.2702,15.1154,0.46
1668,13.2660,15.1154,0.46
1669,14.2618,15.1154,0.46
1670,15.2577,15.1154,0.46
1671,16.2535,15.1154,0.46
1672,17.2494,15.1154,0.46
1673,18.2808,15.1154,0.46
1674,19.2766,15.1154,0.46
1675,20.2369,15.1154,0.46
1676,21.2683,15.1154,0.46
1677,22.2641,15.1154,0.46
1678,23.2599,15.1154,0.46
1679,24.2558,15.1154,0.46
1680,25.2516,15.1154,0.46
1681,26.2830,15.1154,0.46
1682,27.2789,15.1154,0.46
1683,28.2747,15.1154,0.46
1684,29.2705,15.1154,0.46
1685,30.2664,15.1154,0.46
1686,31.2622,15.1154,0.46
1687,-31.2267,14.2263,0.46
1688,-30.2308,14.2263,0.46
1689,-29.2350,14.2263,0.46
1690,-28.2391,14.2263,0.46
1691,-27.2433,14.2263,0.46
1692,-26.2119,14.2263,0.46
1693,-25.2516,14.2263,0.46
1694,-24.2558,14.2263,0.46
1695,-23.2244,14.2263,0.46
1696,-22.2285,14.2263,0.46
1697,-21.2327,14.2263,0.46
1698,-20.2369,14.2263,0.46
1699,-19.2410,14.2263,0.46
1700,-18.2452,14.2263,0.46
1701,-17.2138,14.2263,0.46
1702,-16.2535,14.2263,0.46
1703,-15.2221,14.2263,0.46
1704,-14.2263,14.2263,0.46
1705,-13.2304,14.2263,0.46
1706,-12.2346,14.2263,0.46
1707,-11.2388,14.2263,0.46
1708,-10.2073,14.2263,0.46
1709,-9.2471,14.2263,0.46
1710,-8.2512,14.2263,0.46
1711,-7.2198,14.2263,0.46
1712,-6.2240,14.2263,0.46
1713,-5.2282,14.2263,0.46
1714,-4.2323,14.2263,0.46
1715,-3.2365,14.2263,0.46
1716,-2.2406,14.2263,0.46
1717,-1.2448,14.2263,0.46
1718,0.7824,14.2263,0.46
1719,1.7783,14.2263,0.46
1720,2.7386,14.2263,0.46
1721,3.7700,14.2263,0.46
1722,4.7658,14.2263,0.46
1723,5.7616,14.2263,0.46
1724,6.7575,14.2263,0.46
1725,7.7533,14.2263,0.46
1726,8.7847,14.2263,0.46
1727,9.7450,14.2263,0.46
1728,10.7764,14.2263,0.46
1729,11.7722,14.2263,0.46
1730,12.7681,14.2263,0.46
1731,13.7639,14.2263,0.46
1732,14.7598,14.2263,0.46
1733,15.7556,14.2263,0.46
1734,16.7514,14.2263,0.46
1735,17.7828,14.2263,0.46
1736,18.7431,14.2263,0.46
1737,19.7745,14.2263,0.46
1738,20.7704,14.2263,0.46
1739,21.7662,14.2263,0.46
1740,22.7620,14.2263,0.46
1741,23.7579,14.2263,0.46
1742,24.7893,14.2263,0.46
1743,25.7495,14.2263,0.46
1744,26.7810,14.2263,0.46
1745,27.7768,14.2263,0.46
1746,28.7726,14.2263,0.46
1747,29.7685,14.2263,0.46
1748,30.7643,14.2263,0.46
1749,-31.7246,13.3371,0.46
1750,-30.7643,13.3371,0.46
1751,-29.7329,13.3371,0.46
1752,-28.7371,13.3371,0.46
1753,-27.7412,13.3371,0.46
1754,-26.7454,13.3371,0.46
1755,-25.7495,13.3371,0.46
1756,-24.7181,13.3371,0.46
1757,-23.7579,13.3371,0.46
1758,-22.7265,13.3371,0.46
1759,-21.7306,13.3371,0.46
1760,-20.7348,13.3371,0.46
1761,-19.7389,13.3371,0.46
1762,-18.7431,13.3371,0.46
1763,-17.7473,13.3371,0.46
1764,-16.7159,13.3371,0.46
1765,-15.7200,13.3371,0.46
1766,-14.7598,13.3371,0.46
1767,-13.7283,13.3371,0.46
1768,-12.7325,13.3371,0.46
1769,-11.7367,13.3371,0.46
1770,-10.7408,13.3371,0.46
1771,-9.7450,13.3371,0.46
1772,-8.7136,13.3371,0.46
1773,-7.7533,13.3371,0.46
1774,-6.7219,13.3371,0.46
1775,-5.7261,13.3371,0.46
1776,-4.7302,13.3371,0.46
1777,-3.7344,13.3371,0.46
1778,-2.7386,13.3371,0.46
1779,-1.7427,13.3371,0.46
1780,-0.7469,13.3371,0.46
1781,0.2845,13.3371,0.46
1782,1.2448,13.3371,0.46
1783,2.2762,13.3371,0.46
1784,3.2720,13.3371,0.46
1785,4.2679,13.3371,0.46
1786,5.2637,13.3371,0.46
1787,6.2596,13.3371,0.46
1788,7.2910,13.3371,0.46
1789,8.2512,13.3371,0.46
1790,9.2471,13.3371,0.46
1791,10.2785,13.3371,0.46
1792,11.2743,13.3371,0.46
1793,12.2702,13.3371,0.46
1794,13.2660,13.3371,0.46
1795,14.2618,13.3371,0.46
1796,15.2577,13.3371,0.46
1797,16.2535,13.3371,0.46
1798,17.2494,13.3371,0.46
1799,18.2808,13.3371,0.46
1800,19.2766,13.3371,0.46
1801,20.2369,13.3371,0.46
1802,21.2683,13.3371,0.46
1803,22.2641,13.3371,0.46
1804,23.2599,13.3371,0.46
1805,24.2558,13.3371,0.46
1806,25.2516,13.3371,0.46
1807,26.2830,13.3371,0.46
1808,27.2789,13.3371,0.46
1809,28.2747,13.3371,0.46
1810,29.2705,13.3371,0.46
1811,30.2664,13.3371,0.46
1812,31.2622,13.3371,0.46
1813,-31.2267,12.5191,0.46
1814,-30.2308,12.5191,0.46
1815,-29.2350,12.5191,0.46
1816,-28.2391,12.5191,0.46
1817,-27.2433,12.5191,0.46
1818,-26.2119,12.5191,0.46
1819,-25.2516,12.5191,0.46
1820,-24.2558,12.5191,0.46
1821,-23.2244,12.5191,0.46
1822,-22.2285,12.5191,0.46
1823,-21.2327,12.5191,0.46
1824,-20.2369,12.5191,0.46
1825,-19.2410,12.5191,0.46
1826,-18.2452,12.5191,0.46
1827,-17.2138,12.5191,0.46
1828,-16.2535,12.5191,0.46
1829,-15.2221,12.5191,0.46
1830,-14.2263,12.5191,0.46
1831,-13.2304,12.5191,0.46
1832,-12.2346,12.5191,0.46
1833,-11.2388,12.5191,0.46
1834,-10.2073,12.5191,0.46
1835,-9.2471,12.5191,0.46
1836,-8.2512,12.5191,0.46
1837,-7.2198,12.5191,0.46
1838,6.7575,12.5191,0.46
1839,7.7533,12.5191,0.46
1840,8.7847,12.5191,0.46
1841,9.7450,12.5191,0.46
1842,10.7764,12.5191,0.46
1843,11.7722,12.5191,0.46
1844,12.7681,12.5191,0.46
1845,13.7639,12.5191,0.46
1846,14.7598,12.5191,0.46
1847,15.7556,12.5191,0.46
1848,16.7514,12.5191,0.46
1849,17.7828,12.5191,0.46
1850,18.7431,12.5191,0.46
1851,19.7745,12.5191,0.46
1852,20.7704,12.5191,0.46
1853,21.7662,12.5191,0.46
1854,22.7620,12.5191,0.46
1855,23.7579,12.5191,0.46
1856,24.7893,12.5191,0.46
1857,25.7495,12.5191,0.46
1858,26.7810,12.5191,0.46
1859,27.7768,12.5191,0.46
1860,28.7726,12.5191,0.46
1861,29.7685,12.5191,0.46
1862,30.7643,12.5191,0.46
1863,-31.7246,11.6300,0.46
1864,-30.7643,11.6300,0.46
1865,-29.7329,11.6300,0.46
1866,-28.7371,11.6300,0.46
1867,-27.7412,11.6300,0.46
1868,-26.7454,11.6300,0.46
1869,-25.7495,11.6300,0.46
1870,-24.7181,11.6300,0.46
1871,-23.7579,11.6300,0.46
1872,-22.7265,11.6300,0.46
1873,-21.7306,11.6300,0.46
1874,-20.7348,11.6300,0.46
1875,-19.7389,11.6300,0.46
1876,-18.7431,11.6300,0.46
1877,-17.7473,11.6300,0.46
1878,-16.7159,11.6300,0.46
1879,-15.7200,11.6300,0.46
1880,-14.7598,11.6300,0.46
1881,-13.7283,11.6300,0.46
1882,-12.7325,11.6300,0.46
1883,-11.7367,11.6300,0.46
1884,-10.7408,11.6300,0.46
1885,-9.7450,11.6300,0.46
1886,-8.7136,11.6300,0.46
1887,-7.7533,11.6300,0.46
1888,7.2910,11.6300,0.46
1889,8.2512,11.6300,0.46
1890,9.2471,11.6300,0.46
1891,10.2785,11.6300,0.46
1892,11.2743,11.6300,0.46
1893,12.2702,11.6300,0.46
1894,13.2660,11.6300,0.46
1895,14.2618,11.6300,0.46
1896,15.2577,11.6300,0.46
1897,16.2535,11.6300,0.46
1898,17.2494,11.6300,0.46
1899,18.2808,11.6300,0.46
1900,19.2766,11.6300,0.46
1901,20.2369,11.6300,0.46
1902,21.2683,11.6300,0.46
1903,22.2641,11.6300,0.46
1904,23.2599,11.6300,0.46
1905,24.2558,11.6300,0.46
1906,25.2516,11.6300,0.46
1907,26.2830,11.6300,0.46
1908,27.2789,11.6300,0.46
1909,28.2747,11.6300,0.46
1910,29.2705,11.6300,0.46
1911,30.2664,11.6300,0.46
1912,31.2622,11.6300,0.46
1913,-31.2267,10.7764,0.46
1914,-30.2308,10.7764,0.46
1915,-29.2350,10.7764,0.46
1916,-28.2391,10.7764,0.46
1917,-27.2433,10.7764,0.46
1918,-26.2119,10.7764,0.46
1919,-25.2516,10.7764,0.46
1920,-24.2558,10.7764,0.46
1921,-23.2244,10.7764,0.46
1922,-22.2285,10.7764,0.46
1923,-21.2327,10.7764,0.46
1924,-20.2369,10.7764,0.46
1925,-19.2410,10.7764,0.46
1926,-18.2452,10.7764,0.46
1927,-17.2138,10.7764,0.46
1928,-16.2535,10.7764,0.46
1929,-15.2221,10.7764,0.46
1930,-14.2263,10.7764,0.46
1931,-13.2304,10.7764,0.46
1932,-12.2346,10.7764,0.46
1933,-11.2388,10.7764,0.46
1934,-10.2073,10.7764,0.46
1935,-9.2471,10.7764,0.46
1936,-8.2512,10.7764,0.46
1937,-7.2198,10.7764,0.46
1938,6.7575,10.7764,0.46
1939,7.7533,10.7764,0.46
1940,8.7847,10.7764,0.46
1941,9.7450,10.7764,0.46
1942,10.7764,10.7764,0.46
1943,11.7722,10.7764,0.46
1944,12.7681,10.7764,0.46
1945,13.7639,10.7764,0.46
1946,14.7598,10.7764,0.46
1947,15.7556,10.7764,0.46
1948,16.7514,10.7764,0.46
1949,17.7828,10.7764,0.46
1950,18.7431,10.7764,0.46
1951,19.7745,10.7764,0.46
1952,20.7704,10.7764,0.46
1953,21.7662,10.7764,0.46
1954,22.7620,10.7764,0.46
1955,23.7579,10.7764,0.46
1956,24.7893,10.7764,0.46
1957,25.7495,10.7764,0.46
1958,26.7810,10.7764,0.46
1959,27.7768,10.7764,0.46
1960,28.7726,10.7764,0.46
1961,29.7685,10.7764,0.46
1962,30.7643,10.7764,0.46
1963,-31.7246,9.8873,0.46
1964,-30.7643,9.8873,0.46
1965,-29.7329,9.8873,0.46
1966,-28.7371,9.8873,0.46
1967,-27.7412,9.8873,0.46
1968,-26.7454,9.8873,0.46
1969,-25.7495,9.8873,0.46
1970,-24.7181,9.8873,0.46
1971,-23.7579,9.8873,0.46
1972,-22.7265,9.8873,0.46
1973,-21.7306,9.8873,0.46
1974,-20.7348,9.8873,0.46
1975,-19.7389,9.8873,0.46
1976,-18.7431,9.8873,0.46
1977,-17.7473,9.8873,0.46
1978,-16.7159,9.8873,0.46
1979,-15.7200,9.8873,0.46
1980,-14.7598,9.8873,0.46
1981,-13.7283,9.8873,0.46
1982,-12.7325,9.8873,0.46
1983,-11.7367,9.8873,0.46
1984,-10.7408,9.8873,0.46
1985,-9.7450,9.8873,0.46
1986,-8.7136,9.8873,0.46
1987,-7.7533,9.8873,0.46
1988,7.2910,9.8873,0.46
1989,8.2512,9.8873,0.46
1990,9.2471,9.8873,0.46
1991,10.2785,9.8873,0.46
1992,11.2743,9.8873,0.46
1993,12.2702,9.8873,0.46
1994,13.2660,9.8873,0.46
1995,14.2618,9.8873,0.46
1996,15.2577,9.8873,0.46
1997,16.2535,9.8873,0.46
1998,17.2494,9.8873,0.46
1999,18.2808,9.8873,0.46
2000,19.2766,9.8873,0.46
2001,20.2369,9.8873,0.46
2002,21.2683,9.8873,0.46
2003,22.2641,9.8873,0.46
2004,23.2599,9.8873,0.46
2005,24.2558,9.8873,0.46
2006,25.2516,9.8873,0.46
2007,26.2830,9.8873,0.46
2008,27.2789,9.8873,0.46
2009,28.2747,9.8873,0.46
2010,29.2705,9.8873,0.46
2011,30.2664,9.8873,0.46
2012,31.2622,9.8873,0.46
2013,-31.2267,9.0337,0.46
2014,-30.2308,9.0337,0.46
2015,-29.2350,9.0337,0.46
2016,-28.2391,9.0337,0.46
2017,-27.2433,9.0337,0.46
2018,-26.2119,9.0337,0.46
2019,-25.2516,9.0337,0.46
2020,-24.2558,9.0337,0.46
2021,-23.2244,9.0337,0.46
2022,-22.2285,9.0337,0.46
2023,-21.2327,9.0337,0.46
2024,-20.2369,9.0337,0.46
2025,-19.2410,9.0337,0.46
2026,-18.2452,9.0337,0.46
2027,-17.2138,9.0337,0.46
2028,-16.2535,9.0337,0.46
2029,-15.2221,9.0337,0.46
2030,-14.2263,9.0337,0.46
2031,-13.2304,9.0337,0.46
2032,-12.2346,9.0337,0.46
2033,-11.2388,9.0337,0.46
2034,-10.2073,9.0337,0.46
2035,-9.2471,9.0337,0.46
2036,-8.2512,9.0337,0.46
2037,-7.2198,9.0337,0.46
2038,6.7575,9.0337,0.46
2039,7.7533,9.0337,0.46
2040,8.7847,9.0337,0.46
2041,9.7450,9.0337,0.46
2042,10.7764,9.0337,0.46
2043,11.7722,9.0337,0.46
2044,12.7681,9.0337,0.46
2045,13.7639,9.0337,0.46
2046,14.7598,9.0337,0.46
2047,15.7556,9.0337,0.46
2048,16.7514,9.0337,0.46
2049,17.7828,9.0337,0.46
2050,18.7431,9.0337,0.46
2051,19.7745,9.0337,0.46
2052,20.7704,9.0337,0.46
2053,21.7662,9.0337,0.46
2054,22.7620,9.0337,0.46
2055,23.7579,9.0337,0.46
2056,24.7893,9.0337,0.46
2057,25.7495,9.0337,0.46
2058,26.7810,9.0337,0.46
2059,27.7768,9.0337,0.46
2060,28.7726,9.0337,0.46
2061,29.7685,9.0337,0.46
2062,30.7643,9.0337,0.46
2063,-31.7246,8.1445,0.46
2064,-30.7643,8.1445,0.46
2065,-29.7329,8.1445,0.46
2066,-28.7371,8.1445,0.46
2067,-27.7412,8.1445,0.46
2068,-26.7454,8.1445,0.46
2069,-25.7495,8.1445,0.46
2070,-24.7181,8.1445,0.46
2071,-23.7579,8.1445,0.46
2072,-22.7265,8.1445,0.46
2073,-21.7306,8.1445,0.46
2074,-20.7348,8.1445,0.46
2075,-19.7389,8.1445,0.46
2076,-18.7431,8.1445,0.46
2077,-17.7473,8.1445,0.46
2078,-16.7159,8.1445,0.46
2079,-15.7200,8.1445,0.46
2080,-14.7598,8.1445,0.46
2081,-13.7283,8.1445,0.46
2082,-12.7325,8.1445,0.46
2083,-11.7367,8.1445,0.46
2084,-10.7408,8.1445,0.46
2085,-9.7450,8.1445,0.46
2086,-8.7136,8.1445,0.46
2087,-7.7533,8.1445,0.46
2088,7.2910,8.1445,0.46
2089,8.2512,8.1445,0.46
2090,9.2471,8.1445,0.46
2091,10.2785,8.1445,0.46
2092,11.2743,8.1445,0.46
2093,12.2702,8.1445,0.46
2094,13.2660,8.1445,0.46
2095,14.2618,8.1445,0.46
2096,15.2577,8.1445,0.46
2097,16.2535,8.1445,0.46
2098,17.2494,8.1445,0.46
2099,18.2808,8.1445,0.46
2100,19.2766,8.1445,0.46
2101,20.2369,8.1445,0.46
2102,21.2683,8.1445,0.46
2103,22.2641,8.1445,0.46
2104,23.2599,8.1445,0.46
2105,24.2558,8.1445,0.46
2106,25.2516,8.1445,0.46
2107,26.2830,8.1445,0.46
2108,27.2789,8.1445,0.46
2109,28.2747,8.1445,0.46
2110,29.2705,8.1445,0.46
2111,30.2664,8.1445,0.46
2112,31.2622,8.1445,0.46
2113,-31.2267,7.2910,0.46
2114,-30.2308,7.2910,0.46
2115,-29.2350,7.2910,0.46
2116,-28.2391,7.2910,0.46
2117,-27.2433,7.2910,0.46
2118,-26.2119,7.2910,0.46
2119,-25.2516,7.2910,0.46
2120,-24.2558,7.2910,0.46
2121,-23.2244,7.2910,0.46
2122,-22.2285,7.2910,0.46
2123,-21.2327,7.2910,0.46
2124,-20.2369,7.2910,0.46
2125,-19.2410,7.2910,0.46
2126,-18.2452,7.2910,0.46
2127,-17.2138,7.2910,0.46
2128,-16.2535,7.2910,0.46
2129,-15.2221,7.2910,0.46
2130,-14.2263,7.2910,0.46
2131,-13.2304,7.2910,0.46
2132,-12.2346,7.2910,0.46
2133,-11.2388,7.2910,0.46
2134,-10.2073,7.2910,0.46
2135,-9.2471,7.2910,0.46
2136,-8.2512,7.2910,0.46
2137,-7.2198,7.2910,0.46
2138,6.7575,7.2910,0.46
2139,7.7533,7.2910,0.46
2140,8.7847,7.2910,0.46
2141,9.7450,7.2910,0.46
2142,10.7764,7.2910,0.46
2143,11.7722,7.2910,0.46
2144,12.7681,7.2910,0.46
2145,13.7639,7.2910,0.46
2146,14.7598,7.2910,0.46
2147,15.7556,7.2910,0.46
2148,16.7514,7.2910,0.46
2149,17.7828,7.2910,0.46
2150,18.7431,7.2910,0.46
2151,19.7745,7.2910,0.46
2152,20.7704,7.2910,0.46
2153,21.7662,7.2910,0.46
2154,22.7620,7.2910,0.46
2155,23.7579,7.2910,0.46
2156,24.7893,7.2910,0.46
2157,25.7495,7.2910,0.46
2158,26.7810,7.2910,0.46
2159,27.7768,7.2910,0.46
2160,28.7726,7.2910,0.46
2161,29.7685,7.2910,0.46
2162,30.7643,7.2910,0.46
2163,-31.7246,6.4374,0.46
2164,-30.7643,6.4374,0.46
2165,-29.7329,6.4374,0.46
2166,-28.7371,6.4374,0.46
2167,-27.7412,6.4374,0.46
2168,-26.7454,6.4374,0.46
2169,-25.7495,6.4374,0.46
2170,-24.7181,6.4374,0.46
2171,-23.7579,6.4374,0.46
2172,-22.7265,6.4374,0.46
2173,-21.7306,6.4374,0.46
2174,-20.7348,6.4374,0.46
2175,-19.7389,6.4374,0.46
2176,-18.7431,6.4374,0.46
2177,-17.7473,6.4374,0.46
2178,-16.7159,6.4374,0.46
2179,-15.7200,6.4374,0.46
2180,-14.7598,6.4374,0.46
2181,-13.7283,6.4374,0.46
2182,-12.7325,6.4374,0.46
2183,-11.7367,6.4374,0.46
2184,-10.7408,6.4374,0.46
2185,-9.7450,6.4374,0.46
2186,-8.7136,6.4374,0.46
2187,-7.7533,6.4374,0.46
2188,7.2910,6.4374,0.46
2189,8.2512,6.4374,0.46
2190,9.2471,6.4374,0.46
2191,10.2785,6.4374,0.46
2192,11.2743,6.4374,0.46
2193,12.2702,6.4374,0.46
2194,13.2660,6.4374,0.46
2195,14.2618,6.4374,0.46
2196,15.2577,6.4374,0.46
2197,16.2535,6.4374,0.46
2198,17.2494,6.4374,0.46
2199,18.2808,6.4374,0.46
2200,19.2766,6.4374,0.46
2201,20.2369,6.4374,0.46
2202,21.2683,6.4374,0.46
2203,22.2641,6.4374,0.46
2204,23.2599,6.4374,0.46
2205,24.2558,6.4374,0.46
2206,25.2516,6.4374,0.46
2207,26.2830,6.4374,0.46
2208,27.2789,6.4374,0.46
2209,28.2747,6.4374,0.46
2210,29.2705,6.4374,0.46
2211,30.2664,6.4374,0.46
2212,31.2622,6.4374,0.46
2213,-31.2267,5.5482,0.46
2214,-30.2308,5.5482,0.46
2215,-29.2350,5.5482,0.46
2216,-28.2391,5.5482,0.46
2217,-27.2433,5.5482,0.46
2218,-26.2119,5.5482,0.46
2219,-25.2516,5.5482,0.46
2220,-24.2558,5.5482,0.46
2221,-23.2244,5.5482,0.46
2222,-22.2285,5.5482,0.46
2223,-21.2327,5.5482,0.46
2224,-20.2369,5.5482,0.46
2225,-19.2410,5.5482,0.46
2226,-18.2452,5.5482,0.46
2227,-17.2138,5.5482,0.46
2228,-16.2535,5.5482,0.46
2229,-15.2221,5.5482,0.46
2230,-14.2263,5.5482,0.46
2231,-13.2304,5.5482,0.46
2232,-12.2346,5.5482,0.46
2233,-11.2388,5.5482,0.46
2234,-10.2073,5.5482,0.46
2235,-9.2471,5.5482,0.46
2236,-8.2512,5.5482,0.46
2237,-7.2198,5.5482,0.46
2238,6.7575,5.5482,0.46
2239,7.7533,5.5482,0.46
2240,8.7847,5.5482,0.46
2241,9.7450,5.5482,0.46
2242,10.7764,5.5482,0.46
2243,11.7722,5.5482,0.46
2244,12.7681,5.5482,0.46
2245,13.7639,5.5482,0.46
2246,14.7598,5.5482,0.46
2247,15.7556,5.5482,0.46
2248,16.7514,5.5482,0.46
2249,17.7828,5.5482,0.46
2250,18.7431,5.5482,0.46
2251,19.7745,5.5482,0.46
2252,20.7704,5.5482,0.46
2253,21.7662,5.5482,0.46
2254,22.7620,5.5482,0.46
2255,23.7579,5.5482,0.46
2256,24.7893,5.5482,0.46
2257,25.7495,5.5482,0.46
2258,26.7810,5.5482,0.46
2259,27.7768,5.5482,0.46
2260,28.7726,5.5482,0.46
2261,29.7685,5.5482,0.46
2262,30.7643,5.5482,0.46
2263,-31.7246,4.6591,0.46
2264,-30.7643,4.6591,0.46
2265,-29.7329,4.6591,0.46
2266,-28.7371,4.6591,0.46
2267,-27.7412,4.6591,0.46
2268,-26.7454,4.6591,0.46
2269,-25.7495,4.6591,0.46
2270,-24.7181,4.6591,0.46
2271,-23.7579,4.6591,0.46
2272,-22.7265,4.6591,0.46
2273,-21.7306,4.6591,0.46
2274,-20.7348,4.6591,0.46
2275,-19.7389,4.6591,0.46
2276,-18.7431,4.6591,0.46
2277,-17.7473,4.6591,0.46
2278,-16.7159,4.6591,0.46
2279,-15.7200,4.6591,0.46
2280,-14.7598,4.6591,0.46
2281,-13.7283,4.6591,0.46
2282,-12.7325,4.6591,0.46
2283,-11.7367,4.6591,0.46
2284,-10.7408,4.6591,0.46
2285,-9.7450,4.6591,0.46
2286,-8.7136,4.6591,0.46
2287,-7.7533,4.6591,0.46
2288,7.2910,4.6591,0.46
2289,8.2512,4.6591,0.46
2290,9.2471,4.6591,0.46
2291,10.2785,4.6591,0.46
2292,11.2743,4.6591,0.46
2293,12.2702,4.6591,0.46
2294,13.2660,4.6591,0.46
2295,14.2618,4.6591,0.46
2296,15.2577,4.6591,0.46
2297,16.2535,4.6591,0.46
2298,17.2494,4.6591,0.46
2299,18.2808,4.6591,0.46
2300,19.2766,4.6591,0.46
2301,20.2369,4.6591,0.46
2302,21.2683,4.6591,0.46
2303,22.2641,4.6591,0.46
2304,23.2599,4.6591,0.46
2305,24.2558,4.6591,0.46
2306,25.2516,4.6591,0.46
2307,26.2830,4.6591,0.46
2308,27.2789,4.6591,0.46
2309,28.2747,4.6591,0.46
2310,29.2705,4.6591,0.46
2311,30.2664,4.6591,0.46
2312,31.2622,4.6591,0.46
2313,-31.2267,3.8055,0.46
2314,-30.2308,3.8055,0.46
2315,-29.2350,3.8055,0.46
2316,-28.2391,3.8055,0.46
2317,-27.2433,3.8055,0.46
2318,-26.2119,3.8055,0.46
2319,-25.2516,3.8055,0.46
2320,-24.2558,3.8055,0.46
2321,-23.2244,3.8055,0.46
2322,-22.2285,3.8055,0.46
2323,-21.2327,3.8055,0.46
2324,-20.2369,3.8055,0.46
2325,-19.2410,3.8055,0.46
2326,-18.2452,3.8055,0.46
2327,-17.2138,3.8055,0.46
2328,-16.2535,3.8055,0.46
2329,-15.2221,3.8055,0.46
2330,-14.2263,3.8055,0.46
2331,-13.2304,3.8055,0.46
2332,-12.2346,3.8055,0.46
2333,-11.2388,3.8055,0.46
2334,-10.2073,3.8055,0.46
2335,-9.2471,3.8055,0.46
2336,-8.2512,3.8055,0.46
2337,-7.2198,3.8055,0.46
2338,6.7575,3.8055,0.46
2339,7.7533,3.8055,0.46
2340,8.7847,3.8055,0.46
2341,9.7450,3.8055,0.46
2342,10.7764,3.8055,0.46
2343,11.7722,3.8055,0.46
2344,12.7681,3.8055,0.46
2345,13.7639,3.8055,0.46
2346,14.7598,3.8055,0.46
2347,15.7556,3.8055,0.46
2348,16.7514,3.8055,0.46
2349,17.7828,3.8055,0.46
2350,18.7431,3.8055,0.46
2351,19.7745,3.8055,0.46
2352,20.7704,3.8055,0.46
2353,21.7662,3.8055,0.46
2354,22.7620,3.8055,0.46
2355,23.7579,3.8055,0.46
2356,24.7893,3.8055,0.46
2357,25.7495,3.8055,0.46
2358,26.7810,3.8055,0.46
2359,27.7768,3.8055,0.46
2360,28.7726,3.8055,0.46
2361,29.7685,3.8055,0.46
2362,30.7643,3.8055,0.46
2363,-31.7246,2.9164,0.46
2364,-30.7643,2.9164,0.46
2365,-29.7329,2.9164,0.46
2366,-28.7371,2.9164,0.46
2367,-27.7412,2.9164,0.46
2368,-26.7454,2.9164,0.46
2369,-25.7495,2.9164,0.46
2370,-24.7181,2.9164,0.46
2371,-23.7579,2.9164,0.46
2372,-22.7265,2.9164,0.46
2373,-21.7306,2.9164,0.46
2374,-20.7348,2.9164,0.46
2375,-19.7389,2.9164,0.46
2376,-18.7431,2.9164,0.46
2377,-17.7473,2.9164,0.46
2378,-16.7159,2.9164,0.46
2379,-15.7200,2.9164,0.46
2380,-14.7598,2.9164,0.46
2381,-13.7283,2.9164,0.46
2382,-12.7325,2.9164,0.46
2383,-11.7367,2.9164,0.46
2384,-10.7408,2.9164,0.46
2385,-9.7450,2.9164,0.46
2386,-8.7136,2.9164,0.46
2387,-7.7533,2.9164,0.46
2388,7.2910,2.9164,0.46
2389,8.2512,2.9164,0.46
2390,9.2471,2.9164,0.46
2391,10.2785,2.9164,0.46
2392,11.2743,2.9164,0.46
2393,12.2702,2.9164,0.46
2394,13.2660,2.9164,0.46
2395,14.2618,2.9164,0.46
2396,15.2577,2.9164,0.46
2397,16.2535,2.9164,0.46
2398,17.2494,2.9164,0.46
2399,18.2808,2.9164,0.46
2400,19.2766,2.9164,0.46
2401,20.2369,2.9164,0.46
2402,21.2683,2.9164,0.46
2403,22.2641,2.9164,0.46
2404,23.2599,2.9164,0.46
2405,24.2558,2.9164,0.46
2406,25.2516,2.9164,0.46
2407,26.2830,2.9164,0.46
2408,27.2789,2.9164,0.46
2409,28.2747,2.9164,0.46
2410,29.2705,2.9164,0.46
2411,30.2664,2.9164,0.46
2412,31.2622,2.9164,0.46
2413,-31.2267,2.0628,0.46
2414,-30.2308,2.0628,0.46
2415,-29.2350,2.0628,0.46
2416,-28.2391,2.0628,0.46
2417,-27.2433,2.0628,0.46
2418,-26.2119,2.0628,0.46
2419,-25.2516,2.0628,0.46
2420,-24.2558,2.0628,0.46
2421,-23.2244,2.0628,0.46
2422,-22.2285,2.0628,0.46
2423,-21.2327,2.0628,0.46
2424,-20.2369,2.0628,0.46
2425,-19.2410,2.0628,0.46
2426,-18.2452,2.0628,0.46
2427,-17.2138,2.0628,0.46
2428,-16.2535,2.0628,0.46
2429,-15.2221,2.0628,0.46
2430,-14.2263,2.0628,0.46
2431,-13.2304,2.0628,0.46
2432,-12.2346,2.0628,0.46
2433,-11.2388,2.0628,0.46
2434,-10.2073,2.0628,0.46
2435,-9.2471,2.0628,0.46
2436,-8.2512,2.0628,0.46
2437,-7.2198,2.0628,0.46
2438,6.7575,2.0628,0.46
2439,7.7533,2.0628,0.46
2440,8.7847,2.0628,0.46
2441,9.7450,2.0628,0.46
2442,10.7764,2.0628,0.46
2443,11.7722,2.0628,0.46
2444,12.7681,2.0628,0.46
2445,13.7639,2.0628,0.46
2446,14.7598,2.0628,0.46
2447,15.7556,2.0628,0.46
2448,16.7514,2.0628,0.46
2449,17.7828,2.0628,0.46
2450,18.7431,2.0628,0.46
2451,19.7745,2.0628,0.46
2452,20.7704,2.0628,0.46
2453,21.7662,2.0628,0.46
2454,22.7620,2.0628,0.46
2455,23.7579,2.0628,0.46
2456,24.7893,2.0628,0.46
2457,25.7495,2.0628,0.46
2458,26.7810,2.0628,0.46
2459,27.7768,2.0628,0.46
2460,28.7726,2.0628,0.46
2461,29.7685,2.0628,0.46
2462,30.7643,2.0628,0.46
2463,-31.2978,-2.0628,0.46
2464,-30.2664,-2.0628,0.46
2465,-29.3061,-2.0628,0.46
2466,-28.3103,-2.0628,0.46
2467,-27.2789,-2.0628,0.46
2468,-26.2830,-2.0628,0.46
2469,-25.2872,-2.0628,0.46
2470,-24.2914,-2.0628,0.46
2471,-23.2955,-2.0628,0.46
2472,-22.2997,-2.0628,0.46
2473,-21.3038,-2.0628,0.46
2474,-20.3080,-2.0628,0.46
2475,-19.2766,-2.0628,0.46
2476,-18.2808,-2.0628,0.46
2477,-17.3205,-2.0628,0.46
2478,-16.2891,-2.0628,0.46
2479,-15.2932,-2.0628,0.46
2480,-14.2974,-2.0628,0.46
2481,-13.3016,-2.0628,0.46
2482,-12.3057,-2.0628,0.46
2483,-11.2743,-2.0628,0.46
2484,-10.3140,-2.0628,0.46
2485,-9.2826,-2.0628,0.46
2486,-8.2868,-2.0628,0.46
2487,-7.2910,-2.0628,0.46
2488,7.7178,-2.0628,0.46
2489,8.7136,-2.0628,0.46
2490,9.7094,-2.0628,0.46
2491,10.7053,-2.0628,0.46
2492,11.7011,-2.0628,0.46
2493,12.6969,-2.0628,0.46
2494,13.6928,-2.0628,0.46
2495,14.6886,-2.0628,0.46
2496,15.7200,-2.0628,0.46
2497,16.7159,-2.0628,0.46
2498,17.7117,-2.0628,0.46
2499,18.7075,-2.0628,0.46
2500,19.7034,-2.0628,0.46
2501,20.7348,-2.0628,0.46
2502,21.6951,-2.0628,0.46
2503,22.6909,-2.0628,0.46
2504,23.7223,-2.0628,0.46
2505,24.7181,-2.0628,0.46
2506,25.7140,-2.0628,0.46
2507,26.7098,-2.0628,0.46
2508,27.7057,-2.0628,0.46
2509,28.7015,-2.0628,0.46
2510,29.6973,-2.0628,0.46
2511,30.6932,-2.0628,0.46
2512,31.7246,-2.0628,0.46
2513,-30.7999,-2.8808,0.46
2514,-29.8040,-2.8808,0.46
2515,-28.7726,-2.8808,0.46
2516,-27.8124,-2.8808,0.46
2517,-26.7810,-2.8808,0.46
2518,-25.7851,-2.8808,0.46
2519,-24.7893,-2.8808,0.46
2520,-23.7934,-2.8808,0.46
2521,-22.7976,-2.8808,0.46
2522,-21.8018,-2.8808,0.46
2523,-20.8059,-2.8808,0.46
2524,-19.7745,-2.8808,0.46
2525,-18.8142,-2.8808,0.46
2526,-17.7828,-2.8808,0.46
2527,-16.7870,-2.8808,0.46
2528,-15.7912,-2.8808,0.46
2529,-14.7953,-2.8808,0.46
2530,-13.7995,-2.8808,0.46
2531,-12.7681,-2.8808,0.46
2532,-11.8078,-2.8808,0.46
2533,-10.8120,-2.8808,0.46
2534,-9.7806,-2.8808,0.46
2535,-8.7847,-2.8808,0.46
2536,-7.7889,-2.8808,0.46
2537,-6.7930,-2.8808,0.46
2538,7.1843,-2.8808,0.46
2539,8.2157,-2.8808,0.46
2540,9.2115,-2.8808,0.46
2541,10.2073,-2.8808,0.46
2542,11.2032,-2.8808,0.46
2543,12.1990,-2.8808,0.46
2544,13.1949,-2.8808,0.46
2545,14.1907,-2.8808,0.46
2546,15.2221,-2.8808,0.46
2547,16.1824,-2.8808,0.46
2548,17.2138,-2.8808,0.46
2549,18.2096,-2.8808,0.46
2550,19.2055,-2.8808,0.46
2551,20.2013,-2.8808,0.46
2552,21.1971,-2.8808,0.46
2553,22.2285,-2.8808,0.46
2554,23.1888,-2.8808,0.46
2555,24.2202,-2.8808,0.46
2556,25.2161,-2.8808,0.46
2557,26.2119,-2.8808,0.46
2558,27.2077,-2.8808,0.46
2559,28.2036,-2.8808,0.46
2560,29.1994,-2.8808,0.46
2561,30.1953,-2.8808,0.46
2562,31.2267,-2.8808,0.46
2563,-31.2978,-3.8055,0.46
2564,-30.2664,-3.8055,0.46
2565,-29.3061,-3.8055,0.46
2566,-28.3103,-3.8055,0.46
2567,-27.2789,-3.8055,0.46
2568,-26.2830,-3.8055,0.46
2569,-25.2872,-3.8055,0.46
2570,-24.2914,-3.8055,0.46
2571,-23.2955,-3.8055,0.46
2572,-22.2997,-3.8055,0.46
2573,-21.3038,-3.8055,0.46
2574,-20.3080,-3.8055,0.46
2575,-19.2766,-3.8055,0.46
2576,-18.2808,-3.8055,0.46
2577,-17.3205,-3.8055,0.46
2578,-16.2891,-3.8055,0.46
2579,-15.2932,-3.8055,0.46
2580,-14.2974,-3.8055,0.46
2581,-13.3016,-3.8055,0.46
2582,-12.3057,-3.8055,0.46
2583,-11.2743,-3.8055,0.46
2584,-10.3140,-3.8055,0.46
2585,-9.2826,-3.8055,0.46
2586,-8.2868,-3.8055,0.46
2587,-7.2910,-3.8055,0.46
2588,7.7178,-3.8055,0.46
2589,8.7136,-3.8055,0.46
2590,9.7094,-3.8055,0.46
2591,10.7053,-3.8055,0.46
2592,11.7011,-3.8055,0.46
2593,12.6969,-3.8055,0.46
2594,13.6928,-3.8055,0.46
2595,14.6886,-3.8055,0.46
2596,15.7200,-3.8055,0.46
2597,16.7159,-3.8055,0.46
2598,17.7117,-3.8055,0.46
2599,18.7075,-3.8055,0.46
2600,19.7034,-3.8055,0.46
2601,20.7348,-3.8055,0.46
2602,21.6951,-3.8055,0.46
2603,22.6909,-3.8055,0.46
2604,23.7223,-3.8055,0.46
2605,24.7181,-3.8055,0.46
2606,25.7140,-3.8055,0.46
2607,26.7098,-3.8055,0.46
2608,27.7057,-3.8055,0.46
2609,28.7015,-3.8055,0.46
2610,29.6973,-3.8055,0.46
2611,30.6932,-3.8055,0.46
2612,31.7246,-3.8055,0.46
2613,-31.2978,-5.1659,0.46
2614,-30.7999,-5.1659,0.46
2615,-30.2664,-5.1659,0.46
2616,-29.8040,-5.1659,0.46
2617,-29.3061,-5.1659,0.46
2618,-28.7726,-5.1659,0.46
2619,-28.3103,-5.1659,0.46
2620,-27.8124,-5.1659,0.46
2621,-27.2789,-5.1659,0.46
2622,-26.7810,-5.1659,0.46
2623,-26.2830,-5.1659,0.46
2624,-25.7851,-5.1659,0.46
2625,-25.2872,-5.1659,0.46
2626,-24.7893,-5.1659,0.46
2627,-24.2914,-5.1659,0.46
2628,-23.7934,-5.1659,0.46
2629,-23.2955,-5.1659,0.46
2630,-22.7976,-5.1659,0.46
2631,-22.2997,-5.1659,0.46
2632,-21.8018,-5.1659,0.46
2633,-21.3038,-5.1659,0.46
2634,-20.8059,-5.1659,0.46
2635,-20.3080,-5.1659,0.46
2636,-19.7745,-5.1659,0.46
2637,-19.2766,-5.1659,0.46
2638,-18.8142,-5.1659,0.46
2639,-18.2808,-5.1659,0.46
2640,-17.7828,-5.1659,0.46
2641,-17.3205,-5.1659,0.46
2642,-16.7870,-5.1659,0.46
2643,-16.2891,-5.1659,0.46
2644,-15.7912,-5.1659,0.46
2645,-15.2932,-5.1659,0.46
2646,-14.7953,-5.1659,0.46
2647,-14.2974,-5.1659,0.46
2648,-13.7995,-5.1659,0.46
2649,-13.3016,-5.1659,0.46
2650,-12.7681,-5.1659,0.46
2651,-12.3057,-5.1659,0.46
2652,-11.8078,-5.1659,0.46
2653,-11.2743,-5.1659,0.46
2654,-10.8120,-5.1659,0.46
2655,-10.3140,-5.1659,0.46
2656,-9.7806,-5.1659,0.46
2657,-9.2826,-5.1659,0.46
2658,-8.7847,-5.1659,0.46
2659,-8.2868,-5.1659,0.46
2660,-7.7889,-5.1659,0.46
2661,-7.2910,-5.1659,0.46
2662,-6.7930,-5.1659,0.46
2663,7.1843,-5.1659,0.46
2664,7.7178,-5.1659,0.46
2665,8.2157,-5.1659,0.46
2666,8.7136,-5.1659,0.46
2667,9.2115,-5.1659,0.46
2668,9.7094,-5.1659,0.46
2669,10.2073,-5.1659,0.46
2670,10.7053,-5.1659,0.46
2671,11.2032,-5.1659,0.46
2672,11.7011,-5.1659,0.46
2673,12.1990,-5.1659,0.46
2674,12.6969,-5.1659,0.46
2675,13.1949,-5.1659,0.46
2676,13.6928,-5.1659,0.46
2677,14.1907,-5.1659,0.46
2678,14.6886,-5.1659,0.46
2679,15.2221,-5.1659,0.46
2680,15.7200,-5.1659,0.46
2681,16.1824,-5.1659,0.46
2682,16.7159,-5.1659,0.46
2683,17.2138,-5.1659,0.46
2684,17.7117,-5.1659,0.46
2685,18.2096,-5.1659,0.46
2686,18.7075,-5.1659,0.46
2687,19.2055,-5.1659,0.46
2688,19.7034,-5.1659,0.46
2689,20.2013,-5.1659,0.46
2690,20.7348,-5.1659,0.46
2691,21.1971,-5.1659,0.46
2692,21.6951,-5.1659,0.46
2693,22.2285,-5.1659,0.46
2694,22.6909,-5.1659,0.46
2695,23.1888,-5.1659,0.46
2696,23.7223,-5.1659,0.46
2697,24.2202,-5.1659,0.46
2698,24.7181,-5.1659,0.46
2699,25.2161,-5.1659,0.46
2700,25.7140,-5.1659,0.46
2701,26.2119,-5.1659,0.46
2702,26.7098,-5.1659,0.46
2703,27.2077,-5.1659,0.46
2704,27.7057,-5.1659,0.46
2705,28.2036,-5.1659,0.46
2706,28.7015,-5.1659,0.46
2707,29.1994,-5.1659,0.46
2708,29.6973,-5.1659,0.46
2709,30.1953,-5.1659,0.46
2710,30.6932,-5.1659,0.46
2711,31.2267,-5.1659,0.46
2712,31.7246,-5.1659,0.46
2713,-30.7999,-6.5796,0.46
2714,-29.8040,-6.5796,0.46
2715,-28.7726,-6.5796,0.46
2716,-27.8124,-6.5796,0.46
2717,-26.7810,-6.5796,0.46
2718,-25.7851,-6.5796,0.46
2719,-24.7893,-6.5796,0.46
2720,-23.7934,-6.5796,0.46
2721,-22.7976,-6.5796,0.46
2722,-21.8018,-6.5796,0.46
2723,-20.8059,-6.5796,0.46
2724,-19.7745,-6.5796,0.46
2725,-18.8142,-6.5796,0.46
2726,-17.7828,-6.5796,0.46
2727,-16.7870,-6.5796,0.46
2728,-15.7912,-6.5796,0.46
2729,-14.7953,-6.5796,0.46
2730,-13.7995,-6.5796,0.46
2731,-12.7681,-6.5796,0.46
2732,-11.8078,-6.5796,0.46
2733,-10.8120,-6.5796,0.46
2734,-9.7806,-6.5796,0.46
2735,-8.7847,-6.5796,0.46
2736,-7.7889,-6.5796,0.46
2737,-6.7930,-6.5796,0.46
2738,7.1843,-6.5796,0.46
2739,8.2157,-6.5796,0.46
2740,9.2115,-6.5796,0.46
2741,10.2073,-6.5796,0.46
2742,11.2032,-6.5796,0.46
2743,12.1990,-6.5796,0.46
2744,13.1949,-6.5796,0.46
2745,14.1907,-6.5796,0.46
2746,15.2221,-6.5796,0.46
2747,16.1824,-6.5796,0.46
2748,17.2138,-6.5796,0.46
2749,18.2096,-6.5796,0.46
2750,19.2055,-6.5796,0.46
2751,20.2013,-6.5796,0.46
2752,21.1971,-6.5796,0.46
2753,22.2285,-6.5796,0.46
2754,23.1888,-6.5796,0.46
2755,24.2202,-6.5796,0.46
2756,25.2161,-6.5796,0.46
2757,26.2119,-6.5796,0.46
2758,27.2077,-6.5796,0.46
2759,28.2036,-6.5796,0.46
2760,29.1994,-6.5796,0.46
2761,30.1953,-6.5796,0.46
2762,31.2267,-6.5796,0.46
2763,-31.2978,-7.2910,0.46
2764,-30.2664,-7.2910,0.46
2765,-29.3061,-7.2910,0.46
2766,-28.3103,-7.2910,0.46
2767,-27.2789,-7.2910,0.46
2768,-26.2830,-7.2910,0.46
2769,-25.2872,-7.2910,0.46
2770,-24.2914,-7.2910,0.46
2771,-23.2955,-7.2910,0.46
2772,-22.2997,-7.2910,0.46
2773,-21.3038,-7.2910,0.46
2774,-20.3080,-7.2910,0.46
2775,-19.2766,-7.2910,0.46
2776,-18.2808,-7.2910,0.46
2777,-17.3205,-7.2910,0.46
2778,-16.2891,-7.2910,0.46
2779,-15.2932,-7.2910,0.46
2780,-14.2974,-7.2910,0.46
2781,-13.3016,-7.2910,0.46
2782,-12.3057,-7.2910,0.46
2783,-11.2743,-7.2910,0.46
2784,-10.3140,-7.2910,0.46
2785,-9.2826,-7.2910,0.46
2786,-8.2868,-7.2910,0.46
2787,-7.2910,-7.2910,0.46
2788,7.7178,-7.2910,0.46
2789,8.7136,-7.2910,0.46
2790,9.7094,-7.2910,0.46
2791,10.7053,-7.2910,0.46
2792,11.7011,-7.2910,0.46
2793,12.6969,-7.2910,0.46
2794,13.6928,-7.2910,0.46
2795,14.6886,-7.2910,0.46
2796,15.7200,-7.2910,0.46
2797,16.7159,-7.2910,0.46
2798,17.7117,-7.2910,0.46
2799,18.7075,-7.2910,0.46
2800,19.7034,-7.2910,0.46
2801,20.7348,-7.2910,0.46
2802,21.6951,-7.2910,0.46
2803,22.6909,-7.2910,0.46
2804,23.7223,-7.2910,0.46
2805,24.7181,-7.2910,0.46
2806,25.7140,-7.2910,0.46
2807,26.7098,-7.2910,0.46
2808,27.7057,-7.2910,0.46
2809,28.7015,-7.2910,0.46
2810,29.6973,-7.2910,0.46
2811,30.6932,-7.2910,0.46
2812,31.7246,-7.2910,0.46
2813,-30.7999,-8.1801,0.46
2814,-29.8040,-8.1801,0.46
2815,-28.7726,-8.1801,0.46
2816,-27.8124,-8.1801,0.46
2817,-26.7810,-8.1801,0.46
2818,-25.7851,-8.1801,0.46
2819,-24.7893,-8.1801,0.46
2820,-23.7934,-8.1801,0.46
2821,-22.7976,-8.1801,0.46
2822,-21.8018,-8.1801,0.46
2823,-20.8059,-8.1801,0.46
2824,-19.7745,-8.1801,0.46
2825,-18.8142,-8.1801,0.46
2826,-17.7828,-8.1801,0.46
2827,-16.7870,-8.1801,0.46
2828,-15.7912,-8.1801,0.46
2829,-14.7953,-8.1801,0.46
2830,-13.7995,-8.1801,0.46
2831,-12.7681,-8.1801,0.46
2832,-11.8078,-8.1801,0.46
2833,-10.8120,-8.1801,0.46
2834,-9.7806,-8.1801,0.46
2835,-8.7847,-8.1801,0.46
2836,-7.7889,-8.1801,0.46
2837,-6.7930,-8.1801,0.46
2838,7.1843,-8.1801,0.46
2839,8.2157,-8.1801,0.46
2840,9.2115,-8.1801,0.46
2841,10.2073,-8.1801,0.46
2842,11.2032,-8.1801,0.46
2843,12.1990,-8.1801,0.46
2844,13.1949,-8.1801,0.46
2845,14.1907,-8.1801,0.46
2846,15.2221,-8.1801,0.46
2847,16.1824,-8.1801,0.46
2848,17.2138,-8.1801,0.46
2849,18.2096,-8.1801,0.46
2850,19.2055,-8.1801,0.46
2851,20.2013,-8.1801,0.46
2852,21.1971,-8.1801,0.46
2853,22.2285,-8.1801,0.46
2854,23.1888,-8.1801,0.46
2855,24.2202,-8.1801,0.46
2856,25.2161,-8.1801,0.46
2857,26.2119,-8.1801,0.46
2858,27.2077,-8.1801,0.46
2859,28.2036,-8.1801,0.46
2860,29.1994,-8.1801,0.46
2861,30.1953,-8.1801,0.46
2862,31.2267,-8.1801,0.46
2863,-31.2978,-9.0337,0.46
2864,-30.2664,-9.0337,0.46
2865,-29.3061,-9.0337,0.46
2866,-28.3103,-9.0337,0.46
2867,-27.2789,-9.0337,0.46
2868,-26.2830,-9.0337,0.46
2869,-25.2872,-9.0337,0.46
2870,-24.2914,-9.0337,0.46
2871,-23.2955,-9.0337,0.46
2872,-22.2997,-9.0337,0.46
2873,-21.3038,-9.0337,0.46
2874,-20.3080,-9.0337,0.46
2875,-19.2766,-9.0337,0.46
2876,-18.2808,-9.0337,0.46
2877,-17.3205,-9.0337,0.46
2878,-16.2891,-9.0337,0.46
2879,-15.2932,-9.0337,0.46
2880,-14.2974,-9.0337,0.46
2881,-13.3016,-9.0337,0.46
2882,-12.3057,-9.0337,0.46
2883,-11.2743,-9.0337,0.46
2884,-10.3140,-9.0337,0.46
2885,-9.2826,-9.0337,0.46
2886,-8.2868,-9.0337,0.46
2887,-7.2910,-9.0337,0.46
2888,7.7178,-9.0337,0.46
2889,8.7136,-9.0337,0.46
2890,9.7094,-9.0337,0.46
2891,10.7053,-9.0337,0.46
2892,11.7011,-9.0337,0.46
2893,12.6969,-9.0337,0.46
2894,13.6928,-9.0337,0.46
2895,14.6886,-9.0337,0.46
2896,15.7200,-9.0337,0.46
2897,16.7159,-9.0337,0.46
2898,17.7117,-9.0337,0.46
2899,18.7075,-9.0337,0.46
2900,19.7034,-9.0337,0.46
2901,20.7348,-9.0337,0.46
2902,21.6951,-9.0337,0.46
2903,22.6909,-9.0337,0.46
2904,23.7223,-9.0337,0.46
2905,24.7181,-9.0337,0.46
2906,25.7140,-9.0337,0.46
2907,26.7098,-9.0337,0.46
2908,27.7057,-9.0337,0.46
2909,28.7015,-9.0337,0.46
2910,29.6973,-9.0337,0.46
2911,30.6932,-9.0337,0.46
2912,31.7246,-9.0337,0.46
2913,-30.7999,-9.8873,0.46
2914,-29.8040,-9.8873,0.46
2915,-28.7726,-9.8873,0.46
2916,-27.8124,-9.8873,0.46
2917,-26.7810,-9.8873,0.46
2918,-25.7851,-9.8873,0.46
2919,-24.7893,-9.8873,0.46
2920,-23.7934,-9.8873,0.46
2921,-22.7976,-9.8873,0.46
2922,-21.8018,-9.8873,0.46
2923,-20.8059,-9.8873,0.46
2924,-19.7745,-9.8873,0.46
2925,-18.8142,-9.8873,0.46
2926,-17.7828,-9.8873,0.46
2927,-16.7870,-9.8873,0.46
2928,-15.7912,-9.8873,0.46
2929,-14.7953,-9.8873,0.46
2930,-13.7995,-9.8873,0.46
2931,-12.7681,-9.8873,0.46
2932,-11.8078,-9.8873,0.46
2933,-10.8120,-9.8873,0.46
2934,-9.7806,-9.8873,0.46
2935,-8.7847,-9.8873,0.46
2936,-7.7889,-9.8873,0.46
2937,-6.7930,-9.8873,0.46
2938,7.1843,-9.8873,0.46
2939,8.2157,-9.8873,0.46
2940,9.2115,-9.8873,0.46
2941,10.2073,-9.8873,0.46
2942,11.2032,-9.8873,0.46
2943,12.1990,-9.8873,0.46
2944,13.1949,-9.8873,0.46
2945,14.1907,-9.8873,0.46
2946,15.2221,-9.8873,0.46
2947,16.1824,-9.8873,0.46
2948,17.2138,-9.8873,0.46
2949,18.2096,-9.8873,0.46
2950,19.2055,-9.8873,0.46
2951,20.2013,-9.8873,0.46
2952,21.1971,-9.8873,0.46
2953,22.2285,-9.8873,0.46
2954,23.1888,-9.8873,0.46
2955,24.2202,-9.8873,0.46
2956,25.2161,-9.8873,0.46
2957,26.2119,-9.8873,0.46
2958,27.2077,-9.8873,0.46
2959,28.2036,-9.8873,0.46
2960,29.1994,-9.8873,0.46
2961,30.1953,-9.8873,0.46
2962,31.2267,-9.8873,0.46
2963,-31.2978,-10.7764,0.46
2964,-30.2664,-10.7764,0.46
2965,-29.3061,-10.7764,0.46
2966,-28.3103,-10.7764,0.46
2967,-27.2789,-10.7764,0.46
2968,-26.2830,-10.7764,0.46
2969,-25.2872,-10.7764,0.46
2970,-24.2914,-10.7764,0.46
2971,-23.2955,-10.7764,0.46
2972,-22.2997,-10.7764,0.46
2973,-21.3038,-10.7764,0.46
2974,-20.3080,-10.7764,0.46
2975,-19.2766,-10.7764,0.46
2976,-18.2808,-10.7764,0.46
2977,-17.3205,-10.7764,0.46
2978,-16.2891,-10.7764,0.46
2979,-15.2932,-10.7764,0.46
2980,-14.2974,-10.7764,0.46
2981,-13.3016,-10.7764,0.46
2982,-12.3057,-10.7764,0.46
2983,-11.2743,-10.7764,0.46
2984,-10.3140,-10.7764,0.46
2985,-9.2826,-10.7764,0.46
2986,-8.2868,-10.7764,0.46
2987,-7.2910,-10.7764,0.46
2988,7.7178,-10.7764,0.46
2989,8.7136,-10.7764,0.46
2990,9.7094,-10.7764,0.46
2991,10.7053,-10.7764,0.46
2992,11.7011,-10.7764,0.46
2993,12.6969,-10.7764,0.46
2994,13.6928,-10.7764,0.46
2995,14.6886,-10.7764,0.46
2996,15.7200,-10.7764,0.46
2997,16.7159,-10.7764,0.46
2998,17.7117,-10.7764,0.46
2999,18.7075,-10.7764,0.46
3000,19.7034,-10.7764,0.46
3001,20.7348,-10.7764,0.46
3002,21.6951,-10.7764,0.46
3003,22.6909,-10.7764,0.46
3004,23.7223,-10.7764,0.46
3005,24.7181,-10.7764,0.46
3006,25.7140,-10.7764,0.46
3007,26.7098,-10.7764,0.46
3008,27.7057,-10.7764,0.46
3009,28.7015,-10.7764,0.46
3010,29.6973,-10.7764,0.46
3011,30.6932,-10.7764,0.46
3012,31.7246,-10.7764,0.46
3013,-30.7999,-11.6300,0.46
3014,-29.8040,-11.6300,0.46
3015,-28.7726,-11.6300,0.46
3016,-27.8124,-11.6300,0.46
3017,-26.7810,-11.6300,0.46
3018,-25.7851,-11.6300,0.46
3019,-24.7893,-11.6300,0.46
3020,-23.7934,-11.6300,0.46
3021,-22.7976,-11.6300,0.46
3022,-21.8018,-11.6300,0.46
3023,-20.8059,-11.6300,0.46
3024,-19.7745,-11.6300,0.46
3025,-18.8142,-11.6300,0.46
3026,-17.7828,-11.6300,0.46
3027,-16.7870,-11.6300,0.46
3028,-15.7912,-11.6300,0.46
3029,-14.7953,-11.6300,0.46
3030,-13.7995,-11.6300,0.46
3031,-12.7681,-11.6300,0.46
3032,-11.8078,-11.6300,0.46
3033,-10.8120,-11.6300,0.46
3034,-9.7806,-11.6300,0.46
3035,-8.7847,-11.6300,0.46
3036,-7.7889,-11.6300,0.46
3037,-6.7930,-11.6300,0.46
3038,7.1843,-11.6300,0.46
3039,8.2157,-11.6300,0.46
3040,9.2115,-11.6300,0.46
3041,10.2073,-11.6300,0.46
3042,11.2032,-11.6300,0.46
3043,12.1990,-11.6300,0.46
3044,13.1949,-11.6300,0.46
3045,14.1907,-11.6300,0.46
3046,15.2221,-11.6300,0.46
3047,16.1824,-11.6300,0.46
3048,17.2138,-11.6300,0.46
3049,18.2096,-11.6300,0.46
3050,19.2055,-11.6300,0.46
3051,20.2013,-11.6300,0.46
3052,21.1971,-11.6300,0.46
3053,22.2285,-11.6300,0.46
3054,23.1888,-11.6300,0.46
3055,24.2202,-11.6300,0.46
3056,25.2161,-11.6300,0.46
3057,26.2119,-11.6300,0.46
3058,27.2077,-11.6300,0.46
3059,28.2036,-11.6300,0.46
3060,29.1994,-11.6300,0.46
3061,30.1953,-11.6300,0.46
3062,31.2267,-11.6300,0.46
3063,-31.2978,-12.5191,0.46
3064,-30.2664,-12.5191,0.46
3065,-29.3061,-12.5191,0.46
3066,-28.3103,-12.5191,0.46
3067,-27.2789,-12.5191,0.46
3068,-26.2830,-12.5191,0.46
3069,-25.2872,-12.5191,0.46
3070,-24.2914,-12.5191,0.46
3071,-23.2955,-12.5191,0.46
3072,-22.2997,-12.5191,0.46
3073,-21.3038,-12.5191,0.46
3074,-20.3080,-12.5191,0.46
3075,-19.2766,-12.5191,0.46
3076,-18.2808,-12.5191,0.46
3077,-17.3205,-12.5191,0.46
3078,-16.2891,-12.5191,0.46
3079,-15.2932,-12.5191,0.46
3080,-14.2974,-12.5191,0.46
3081,-13.3016,-12.5191,0.46
3082,-12.3057,-12.5191,0.46
3083,-11.2743,-12.5191,0.46
3084,-10.3140,-12.5191,0.46
3085,-9.2826,-12.5191,0.46
3086,-8.2868,-12.5191,0.46
3087,-7.2910,-12.5191,0.46
3088,7.7178,-12.5191,0.46
3089,8.7136,-12.5191,0.46
3090,9.7094,-12.5191,0.46
3091,10.7053,-12.5191,0.46
3092,11.7011,-12.5191,0.46
3093,12.6969,-12.5191,0.46
3094,13.6928,-12.5191,0.46
3095,14.6886,-12.5191,0.46
3096,15.7200,-12.5191,0.46
3097,16.7159,-12.5191,0.46
3098,17.7117,-12.5191,0.46
3099,18.7075,-12.5191,0.46
3100,19.7034,-12.5191,0.46
3101,20.7348,-12.5191,0.46
3102,21.6951,-12.5191,0.46
3103,22.6909,-12.5191,0.46
3104,23.7223,-12.5191,0.46
3105,24.7181,-12.5191,0.46
3106,25.7140,-12.5191,0.46
3107,26.7098,-12.5191,0.46
3108,27.7057,-12.5191,0.46
3109,28.7015,-12.5191,0.46
3110,29.6973,-12.5191,0.46
3111,30.6932,-12.5191,0.46
3112,31.7246,-12.5191,0.46
3113,-30.7999,-13.3727,0.46
3114,-29.8040,-13.3727,0.46
3115,-28.7726,-13.3727,0.46
3116,-27.8124,-13.3727,0.46
3117,-26.7810,-13.3727,0.46
3118,-25.7851,-13.3727,0.46
3119,-24.7893,-13.3727,0.46
3120,-23.7934,-13.3727,0.46
3121,-22.7976,-13.3727,0.46
3122,-21.8018,-13.3727,0.46
3123,-20.8059,-13.3727,0.46
3124,-19.7745,-13.3727,0.46
3125,-18.8142,-13.3727,0.46
3126,-17.7828,-13.3727,0.46
3127,-16.7870,-13.3727,0.46
3128,-15.7912,-13.3727,0.46
3129,-14.7953,-13.3727,0.46
3130,-13.7995,-13.3727,0.46
3131,-12.7681,-13.3727,0.46
3132,-11.8078,-13.3727,0.46
3133,-10.8120,-13.3727,0.46
3134,-9.7806,-13.3727,0.46
3135,-8.7847,-13.3727,0.46
3136,-7.7889,-13.3727,0.46
3137,-6.7930,-13.3727,0.46
3138,-5.7972,-13.3727,0.46
3139,-4.8014,-13.3727,0.46
3140,-3.8055,-13.3727,0.46
3141,-2.8097,-13.3727,0.46
3142,-1.7783,-13.3727,0.46
3143,-0.7824,-13.3727,0.46
3144,1.2092,-13.3727,0.46
3145,2.2051,-13.3727,0.46
3146,3.2009,-13.3727,0.46
3147,4.1967,-13.3727,0.46
3148,5.1926,-13.3727,0.46
3149,6.2240,-13.3727,0.46
3150,7.1843,-13.3727,0.46
3151,8.2157,-13.3727,0.46
3152,9.2115,-13.3727,0.46
3153,10.2073,-13.3727,0.46
3154,11.2032,-13.3727,0.46
3155,12.1990,-13.3727,0.46
3156,13.1949,-13.3727,0.46
3157,14.1907,-13.3727,0.46
3158,15.2221,-13.3727,0.46
3159,16.1824,-13.3727,0.46
3160,17.2138,-13.3727,0.46
3161,18.2096,-13.3727,0.46
3162,19.2055,-13.3727,0.46
3163,20.2013,-13.3727,0.46
3164,21.1971,-13.3727,0.46
3165,22.2285,-13.3727,0.46
3166,23.1888,-13.3727,0.46
3167,24.2202,-13.3727,0.46
3168,25.2161,-13.3727,0.46
3169,26.2119,-13.3727,0.46
3170,27.2077,-13.3727,0.46
3171,28.2036,-13.3727,0.46
3172,29.1994,-13.3727,0.46
3173,30.1953,-13.3727,0.46
3174,31.2267,-13.3727,0.46
3175,-31.2978,-14.2618,0.46
3176,-30.2664,-14.2618,0.46
3177,-29.3061,-14.2618,0.46
3178,-28.3103,-14.2618,0.46
3179,-27.2789,-14.2618,0.46
3180,-26.2830,-14.2618,0.46
3181,-25.2872,-14.2618,0.46
3182,-24.2914,-14.2618,0.46
3183,-23.2955,-14.2618,0.46
3184,-22.2997,-14.2618,0.46
3185,-21.3038,-14.2618,0.46
3186,-20.3080,-14.2618,0.46
3187,-19.2766,-14.2618,0.46
3188,-18.2808,-14.2618,0.46
3189,-17.3205,-14.2618,0.46
3190,-16.2891,-14.2618,0.46
3191,-15.2932,-14.2618,0.46
3192,-14.2974,-14.2618,0.46
3193,-13.3016,-14.2618,0.46
3194,-12.3057,-14.2618,0.46
3195,-11.2743,-14.2618,0.46
3196,-10.3140,-14.2618,0.46
3197,-9.2826,-14.2618,0.46
3198,-8.2868,-14.2618,0.46
3199,-7.2910,-14.2618,0.46
3200,-6.2951,-14.2618,0.46
3201,-5.2993,-14.2618,0.46
3202,-4.3034,-14.2618,0.46
3203,-3.3076,-14.2618,0.46
3204,-2.2762,-14.2618,0.46
3205,-1.3159,-14.2618,0.46
3206,-0.2845,-14.2618,0.46
3207,0.7113,-14.2618,0.46
3208,1.7072,-14.2618,0.46
3209,2.7030,-14.2618,0.46
3210,3.6988,-14.2618,0.46
3211,4.7302,-14.2618,0.46
3212,5.6905,-14.2618,0.46
3213,6.6863,-14.2618,0.46
3214,7.7178,-14.2618,0.46
3215,8.7136,-14.2618,0.46
3216,9.7094,-14.2618,0.46
3217,10.7053,-14.2618,0.46
3218,11.7011,-14.2618,0.46
3219,12.6969,-14.2618,0.46
3220,13.6928,-14.2618,0.46
3221,14.6886,-14.2618,0.46
3222,15.7200,-14.2618,0.46
3223,16.7159,-14.2618,0.46
3224,17.7117,-14.2618,0.46
3225,18.7075,-14.2618,0.46
3226,19.7034,-14.2618,0.46
3227,20.7348,-14.2618,0.46
3228,21.6951,-14.2618,0.46
3229,22.6909,-14.2618,0.46
3230,23.7223,-14.2618,0.46
3231,24.7181,-14.2618,0.46
3232,25.7140,-14.2618,0.46
3233,26.7098,-14.2618,0.46
3234,27.7057,-14.2618,0.46
3235,28.7015,-14.2618,0.46
3236,29.6973,-14.2618,0.46
3237,30.6932,-14.2618,0.46
3238,31.7246,-14.2618,0.46
3239,-30.7999,-15.1154,0.46
3240,-29.8040,-15.1154,0.46
3241,-28.7726,-15.1154,0.46
3242,-27.8124,-15.1154,0.46
3243,-26.7810,-15.1154,0.46
3244,-25.7851,-15.1154,0.46
3245,-24.7893,-15.1154,0.46
3246,-23.7934,-15.1154,0.46
3247,-22.7976,-15.1154,0.46
3248,-21.8018,-15.1154,0.46
3249,-20.8059,-15.1154,0.46
3250,-19.7745,-15.1154,0.46
3251,-18.8142,-15.1154,0.46
3252,-17.7828,-15.1154,0.46
3253,-16.7870,-15.1154,0.46
3254,-15.7912,-15.1154,0.46
3255,-14.7953,-15.1154,0.46
3256,-13.7995,-15.1154,0.46
3257,-12.7681,-15.1154,0.46
3258,-11.8078,-15.1154,0.46
3259,-10.8120,-15.1154,0.46
3260,-9.7806,-15.1154,0.46
3261,-8.7847,-15.1154,0.46
3262,-7.7889,-15.1154,0.46
3263,-6.7930,-15.1154,0.46
3264,-5.7972,-15.1154,0.46
3265,-4.8014,-15.1154,0.46
3266,-3.8055,-15.1154,0.46
3267,-2.8097,-15.1154,0.46
3268,-1.7783,-15.1154,0.46
3269,-0.7824,-15.1154,0.46
3270,1.2092,-15.1154,0.46
3271,2.2051,-15.1154,0.46
3272,3.2009,-15.1154,0.46
3273,4.1967,-15.1154,0.46
3274,5.1926,-15.1154,0.46
3275,6.2240,-15.1154,0.46
3276,7.1843,-15.1154,0.46
3277,8.2157,-15.1154,0.46
3278,9.2115,-15.1154,0.46
3279,10.2073,-15.1154,0.46
3280,11.2032,-15.1154,0.46
3281,12.1990,-15.1154,0.46
3282,13.1949,-15.1154,0.46
3283,14.1907,-15.1154,0.46
3284,15.2221,-15.1154,0.46
3285,16.1824,-15.1154,0.46
3286,17.2138,-15.1154,0.46
3287,18.2096,-15.1154,0.46
3288,19.2055,-15.1154,0.46
3289,20.2013,-15.1154,0.46
3290,21.1971,-15.1154,0.46
3291,22.2285,-15.1154,0.46
3292,23.1888,-15.1154,0.46
3293,24.2202,-15.1154,0.46
3294,25.2161,-15.1154,0.46
3295,26.2119,-15.1154,0.46
3296,27.2077,-15.1154,0.46
3297,28.2036,-15.1154,0.46
3298,29.1994,-15.1154,0.46
3299,30.1953,-15.1154,0.46
3300,31.2267,-15.1154,0.46
3301,-31.2978,-15.9690,0.46
3302,-30.2664,-15.9690,0.46
3303,-29.3061,-15.9690,0.46
3304,-28.3103,-15.9690,0.46
3305,-27.2789,-15.9690,0.46
3306,-26.2830,-15.9690,0.46
3307,-25.2872,-15.9690,0.46
3308,-24.2914,-15.9690,0.46
3309,-23.2955,-15.9690,0.46
3310,-22.2997,-15.9690,0.46
3311,-21.3038,-15.9690,0.46
3312,-20.3080,-15.9690,0.46
3313,-19.2766,-15.9690,0.46
3314,-18.2808,-15.9690,0.46
3315,-17.3205,-15.9690,0.46
3316,-16.2891,-15.9690,0.46
3317,-15.2932,-15.9690,0.46
3318,-14.2974,-15.9690,0.46
3319,-13.3016,-15.9690,0.46
3320,-12.3057,-15.9690,0.46
3321,-11.2743,-15.9690,0.46
3322,-10.3140,-15.9690,0.46
3323,-9.2826,-15.9690,0.46
3324,-8.2868,-15.9690,0.46
3325,-7.2910,-15.9690,0.46
3326,-6.2951,-15.9690,0.46
3327,-5.2993,-15.9690,0.46
3328,-4.3034,-15.9690,0.46
3329,-3.3076,-15.9690,0.46
3330,-2.2762,-15.9690,0.46
3331,-1.3159,-15.9690,0.46
3332,-0.2845,-15.9690,0.46
3333,0.7113,-15.9690,0.46
3334,1.7072,-15.9690,0.46
3335,2.7030,-15.9690,0.46
3336,3.6988,-15.9690,0.46
3337,4.7302,-15.9690,0.46
3338,5.6905,-15.9690,0.46
3339,6.6863,-15.9690,0.46
3340,7.7178,-15.9690,0.46
3341,8.7136,-15.9690,0.46
3342,9.7094,-15.9690,0.46
3343,10.7053,-15.9690,0.46
3344,11.7011,-15.9690,0.46
3345,12.6969,-15.9690,0.46
3346,13.6928,-15.9690,0.46
3347,14.6886,-15.9690,0.46
3348,15.7200,-15.9690,0.46
3349,16.7159,-15.9690,0.46
3350,17.7117,-15.9690,0.46
3351,18.7075,-15.9690,0.46
3352,19.7034,-15.9690,0.46
3353,20.7348,-15.9690,0.46
3354,21.6951,-15.9690,0.46
3355,22.6909,-15.9690,0.46
3356,23.7223,-15.9690,0.46
3357,24.7181,-15.9690,0.46
3358,25.7140,-15.9690,0.46
3359,26.7098,-15.9690,0.46
3360,27.7057,-15.9690,0.46
3361,28.7015,-15.9690,0.46
3362,29.6973,-15.9690,0.46
3363,30.6932,-15.9690,0.46
3364,31.7246,-15.9690,0.46
3365,-30.7999,-16.8937,0.46
3366,-29.8040,-16.8937,0.46
3367,-28.7726,-16.8937,0.46
3368,-27.8124,-16.8937,0.46
3369,-26.7810,-16.8937,0.46
3370,-25.7851,-16.8937,0.46
3371,-24.7893,-16.8937,0.46
3372,-23.7934,-16.8937,0.46
3373,-22.7976,-16.8937,0.46
3374,-21.8018,-16.8937,0.46
3375,-20.8059,-16.8937,0.46
3376,-19.7745,-16.8937,0.46
3377,-18.8142,-16.8937,0.46
3378,-17.7828,-16.8937,0.46
3379,-16.7870,-16.8937,0.46
3380,-15.7912,-16.8937,0.46
3381,-14.7953,-16.8937,0.46
3382,-13.7995,-16.8937,0.46
3383,-12.7681,-16.8937,0.46
3384,-11.8078,-16.8937,0.46
3385,-10.8120,-16.8937,0.46
3386,-9.7806,-16.8937,0.46
3387,-8.7847,-16.8937,0.46
3388,-7.7889,-16.8937,0.46
3389,-6.7930,-16.8937,0.46
3390,-5.7972,-16.8937,0.46
3391,-4.8014,-16.8937,0.46
3392,-3.8055,-16.8937,0.46
3393,-2.8097,-16.8937,0.46
3394,-1.7783,-16.8937,0.46
3395,-0.7824,-16.8937,0.46
3396,1.2092,-16.8937,0.46
3397,2.2051,-16.8937,0.46
3398,3.2009,-16.8937,0.46
3399,4.1967,-16.8937,0.46
3400,5.1926,-16.8937,0.46
3401,6.2240,-16.8937,0.46
3402,7.1843,-16.8937,0.46
3403,8.2157,-16.8937,0.46
3404,9.2115,-16.8937,0.46
3405,10.2073,-16.8937,0.46
3406,11.2032,-16.8937,0.46
3407,12.1990,-16.8937,0.46
3408,13.1949,-16.8937,0.46
3409,14.1907,-16.8937,0.46
3410,15.2221,-16.8937,0.46
3411,16.1824,-16.8937,0.46
3412,17.2138,-16.8937,0.46
3413,18.2096,-16.8937,0.46
3414,19.2055,-16.8937,0.46
3415,20.2013,-16.8937,0.46
3416,21.1971,-16.8937,0.46
3417,22.2285,-16.8937,0.46
3418,23.1888,-16.8937,0.46
3419,24.2202,-16.8937,0.46
3420,25.2161,-16.8937,0.46
3421,26.2119,-16.8937,0.46
3422,27.2077,-16.8937,0.46
3423,28.2036,-16.8937,0.46
3424,29.1994,-16.8937,0.46
3425,30.1953,-16.8937,0.46
3426,31.2267,-16.8937,0.46
3427,-31.2978,-17.7473,0.46
3428,-30.2664,-17.7473,0.46
3429,-29.3061,-17.7473,0.46
3430,-28.3103,-17.7473,0.46
3431,-27.2789,-17.7473,0.46
3432,-26.2830,-17.7473,0.46
3433,-25.2872,-17.7473,0.46
3434,-24.2914,-17.7473,0.46
3435,-23.2955,-17.7473,0.46
3436,-22.2997,-17.7473,0.46
3437,-21.3038,-17.7473,0.46
3438,-20.3080,-17.7473,0.46
3439,-19.2766,-17.7473,0.46
3440,-18.2808,-17.7473,0.46
3441,-17.3205,-17.7473,0.46
3442,-16.2891,-17.7473,0.46
3443,-15.2932,-17.7473,0.46
3444,-14.2974,-17.7473,0.46
3445,-13.3016,-17.7473,0.46
3446,-12.3057,-17.7473,0.46
3447,-11.2743,-17.7473,0.46
3448,-10.3140,-17.7473,0.46
3449,-9.2826,-17.7473,0.46
3450,-8.2868,-17.7473,0.46
3451,-7.2910,-17.7473,0.46
3452,-6.2951,-17.7473,0.46
3453,-5.2993,-17.7473,0.46
3454,-4.3034,-17.7473,0.46
3455,-3.3076,-17.7473,0.46
3456,-2.2762,-17.7473,0.46
3457,-1.3159,-17.7473,0.46
3458,-0.2845,-17.7473,0.46
3459,0.7113,-17.7473,0.46
3460,1.7072,-17.7473,0.46
3461,2.7030,-17.7473,0.46
3462,3.6988,-17.7473,0.46
3463,4.7302,-17.7473,0.46
3464,5.6905,-17.7473,0.46
3465,6.6863,-17.7473,0.46
3466,7.7178,-17.7473,0.46
3467,8.7136,-17.7473,0.46
3468,9.7094,-17.7473,0.46
3469,10.7053,-17.7473,0.46
3470,11.7011,-17.7473,0.46
3471,12.6969,-17.7473,0.46
3472,13.6928,-17.7473,0.46
3473,14.6886,-17.7473,0.46
3474,15.7200,-17.7473,0.46
3475,16.7159,-17.7473,0.46
3476,17.7117,-17.7473,0.46
3477,18.7075,-17.7473,0.46
3478,19.7034,-17.7473,0.46
3479,20.7348,-17.7473,0.46
3480,21.6951,-17.7473,0.46
3481,22.6909,-17.7473,0.46
3482,23.7223,-17.7473,0.46
3483,24.7181,-17.7473,0.46
3484,25.7140,-17.7473,0.46
3485,26.7098,-17.7473,0.46
3486,27.7057,-17.7473,0.46
3487,28.7015,-17.7473,0.46
3488,29.6973,-17.7473,0.46
3489,30.6932,-17.7473,0.46
3490,31.7246,-17.7473,0.46
3491,-30.7999,-18.6008,0.46
3492,-29.8040,-18.6008,0.46
3493,-28.7726,-18.6008,0.46
3494,-27.8124,-18.6008,0.46
3495,-26.7810,-18.6008,0.46
3496,-25.7851,-18.6008,0.46
3497,-24.7893,-18.6008,0.46
3498,-23.7934,-18.6008,0.46
3499,-22.7976,-18.6008,0.46
3500,-21.8018,-18.6008,0.46
3501,-20.8059,-18.6008,0.46
3502,-19.7745,-18.6008,0.46
3503,-18.8142,-18.6008,0.46
3504,-17.7828,-18.6008,0.46
3505,-16.7870,-18.6008,0.46
3506,-15.7912,-18.6008,0.46
3507,-14.7953,-18.6008,0.46
3508,-13.7995,-18.6008,0.46
3509,-12.7681,-18.6008,0.46
3510,-11.8078,-18.6008,0.46
3511,-10.8120,-18.6008,0.46
3512,-9.7806,-18.6008,0.46
3513,-8.7847,-18.6008,0.46
3514,-7.7889,-18.6008,0.46
3515,-6.7930,-18.6008,0.46
3516,-5.7972,-18.6008,0.46
3517,-4.8014,-18.6008,0.46
3518,-3.8055,-18.6008,0.46
3519,-2.8097,-18.6008,0.46
3520,-1.7783,-18.6008,0.46
3521,-0.7824,-18.6008,0.46
3522,1.2092,-18.6008,0.46
3523,2.2051,-18.6008,0.46
3524,3.2009,-18.6008,0.46
3525,4.1967,-18.6008,0.46
3526,5.1926,-18.6008,0.46
3527,6.2240,-18.6008,0.46
3528,7.1843,-18.6008,0.46
3529,8.2157,-18.6008,0.46
3530,9.2115,-18.6008,0.46
3531,10.2073,-18.6008,0.46
3532,11.2032,-18.6008,0.46
3533,12.1990,-18.6008,0.46
3534,13.1949,-18.6008,0.46
3535,14.1907,-18.6008,0.46
3536,15.2221,-18.6008,0.46
3537,16.1824,-18.6008,0.46
3538,17.2138,-18.6008,0.46
3539,18.2096,-18.6008,0.46
3540,19.2055,-18.6008,0.46
3541,20.2013,-18.6008,0.46
3542,21.1971,-18.6008,0.46
3543,22.2285,-18.6008,0.46
3544,23.1888,-18.6008,0.46
3545,24.2202,-18.6008,0.46
3546,25.2161,-18.6008,0.46
3547,26.2119,-18.6008,0.46
3548,27.2077,-18.6008,0.46
3549,28.2036,-18.6008,0.46
3550,29.1994,-18.6008,0.46
3551,30.1953,-18.6008,0.46
3552,31.2267,-18.6008,0.46
3553,-31.2978,-19.4900,0.46
3554,-30.2664,-19.4900,0.46
3555,-29.3061,-19.4900,0.46
3556,-28.3103,-19.4900,0.46
3557,-27.2789,-19.4900,0.46
3558,-26.2830,-19.4900,0.46
3559,-25.2872,-19.4900,0.46
3560,-24.2914,-19.4900,0.46
3561,-23.2955,-19.4900,0.46
3562,-22.2997,-19.4900,0.46
3563,-21.3038,-19.4900,0.46
3564,-20.3080,-19.4900,0.46
3565,-19.2766,-19.4900,0.46
3566,-18.2808,-19.4900,0.46
3567,-17.3205,-19.4900,0.46
3568,-16.2891,-19.4900,0.46
3569,-15.2932,-19.4900,0.46
3570,-14.2974,-19.4900,0.46
3571,-13.3016,-19.4900,0.46
3572,-12.3057,-19.4900,0.46
3573,-11.2743,-19.4900,0.46
3574,-10.3140,-19.4900,0.46
3575,-9.2826,-19.4900,0.46
3576,-8.2868,-19.4900,0.46
3577,-7.2910,-19.4900,0.46
3578,-6.2951,-19.4900,0.46
3579,-5.2993,-19.4900,0.46
3580,-4.3034,-19.4900,0.46
3581,-3.3076,-19.4900,0.46
3582,-2.2762,-19.4900,0.46
3583,-1.3159,-19.4900,0.46
3584,-0.2845,-19.4900,0.46
3585,0.7113,-19.4900,0.46
3586,1.7072,-19.4900,0.46
3587,2.7030,-19.4900,0.46
3588,3.6988,-19.4900,0.46
3589,4.7302,-19.4900,0.46
3590,5.6905,-19.4900,0.46
3591,6.6863,-19.4900,0.46
3592,7.7178,-19.4900,0.46
3593,8.7136,-19.4900,0.46
3594,9.7094,-19.4900,0.46
3595,10.7053,-19.4900,0.46
3596,11.7011,-19.4900,0.46
3597,12.6969,-19.4900,0.46
3598,13.6928,-19.4900,0.46
3599,14.6886,-19.4900,0.46
3600,15.7200,-19.4900,0.46
3601,16.7159,-19.4900,0.46
3602,17.7117,-19.4900,0.46
3603,18.7075,-19.4900,0.46
3604,19.7034,-19.4900,0.46
3605,20.7348,-19.4900,0.46
3606,21.6951,-19.4900,0.46
3607,22.6909,-19.4900,0.46
3608,23.7223,-19.4900,0.46
3609,24.7181,-19.4900,0.46
3610,25.7140,-19.4900,0.46
3611,26.7098,-19.4900,0.46
3612,27.7057,-19.4900,0.46
3613,28.7015,-19.4900,0.46
3614,29.6973,-19.4900,0.46
3615,30.6932,-19.4900,0.46
3616,31.7246,-19.4900,0.46
3617,-30.7999,-20.3436,0.46
3618,-29.8040,-20.3436,0.46
3619,-28.7726,-20.3436,0.46
3620,-27.8124,-20.3436,0.46
3621,-26.7810,-20.3436,0.46
3622,-25.7851,-20.3436,0.46
3623,-24.7893,-20.3436,0.46
3624,-23.7934,-20.3436,0.46
3625,-22.7976,-20.3436,0.46
3626,-21.8018,-20.3436,0.46
3627,-20.8059,-20.3436,0.46
3628,-19.7745,-20.3436,0.46
3629,-18.8142,-20.3436,0.46
3630,-17.7828,-20.3436,0.46
3631,-15.7912,-20.3436,0.46
3632,-14.7953,-20.3436,0.46
3633,-13.7995,-20.3436,0.46
3634,-12.7681,-20.3436,0.46
3635,-11.8078,-20.3436,0.46
3636,-10.8120,-20.3436,0.46
3637,-9.7806,-20.3436,0.46
3638,-8.7847,-20.3436,0.46
3639,-7.7889,-20.3436,0.46
3640,-6.7930,-20.3436,0.46
3641,-5.7972,-20.3436,0.46
3642,-4.8014,-20.3436,0.46
3643,-3.8055,-20.3436,0.46
3644,-2.8097,-20.3436,0.46
3645,-1.7783,-20.3436,0.46
3646,-0.7824,-20.3436,0.46
3647,1.2092,-20.3436,0.46
3648,2.2051,-20.3436,0.46
3649,3.2009,-20.3436,0.46
3650,4.1967,-20.3436,0.46
3651,5.1926,-20.3436,0.46
3652,6.2240,-20.3436,0.46
3653,7.1843,-20.3436,0.46
3654,8.2157,-20.3436,0.46
3655,9.2115,-20.3436,0.46
3656,10.2073,-20.3436,0.46
3657,11.2032,-20.3436,0.46
3658,12.1990,-20.3436,0.46
3659,13.1949,-20.3436,0.46
3660,14.1907,-20.3436,0.46
3661,15.2221,-20.3436,0.46
3662,16.1824,-20.3436,0.46
3663,18.2096,-20.3436,0.46
3664,19.2055,-20.3436,0.46
3665,20.2013,-20.3436,0.46
3666,21.1971,-20.3436,0.46
3667,22.2285,-20.3436,0.46
3668,23.1888,-20.3436,0.46
3669,24.2202,-20.3436,0.46
3670,25.2161,-20.3436,0.46
3671,26.2119,-20.3436,0.46
3672,27.2077,-20.3436,0.46
3673,28.2036,-20.3436,0.46
3674,29.1994,-20.3436,0.46
3675,30.1953,-20.3436,0.46
3676,31.2267,-20.3436,0.46
3677,-31.2978,-21.2327,0.46
3678,-30.2664,-21.2327,0.46
3679,-29.3061,-21.2327,0.46
3680,-28.3103,-21.2327,0.46
3681,-27.2789,-21.2327,0.46
3682,-26.2830,-21.2327,0.46
3683,-25.2872,-21.2327,0.46
3684,-24.2914,-21.2327,0.46
3685,-23.2955,-21.2327,0.46
3686,-22.2997,-21.2327,0.46
3687,-21.3038,-21.2327,0.46
3688,-20.3080,-21.2327,0.46
3689,-19.2766,-21.2327,0.46
3690,-18.2808,-21.2327,0.46
3691,-15.2932,-21.2327,0.46
3692,-14.2974,-21.2327,0.46
3693,-13.3016,-21.2327,0.46
3694,-12.3057,-21.2327,0.46
3695,-11.2743,-21.2327,0.46
3696,-10.3140,-21.2327,0.46
3697,-9.2826,-21.2327,0.46
3698,-8.2868,-21.2327,0.46
3699,-7.2910,-21.2327,0.46
3700,-6.2951,-21.2327,0.46
3701,-5.2993,-21.2327,0.46
3702,-4.3034,-21.2327,0.46
3703,-3.3076,-21.2327,0.46
3704,-2.2762,-21.2327,0.46
3705,-1.3159,-21.2327,0.46
3706,-0.2845,-21.2327,0.46
3707,0.7113,-21.2327,0.46
3708,1.7072,-21.2327,0.46
3709,2.7030,-21.2327,0.46
3710,3.6988,-21.2327,0.46
3711,4.7302,-21.2327,0.46
3712,5.6905,-21.2327,0.46
3713,6.6863,-21.2327,0.46
3714,7.7178,-21.2327,0.46
3715,8.7136,-21.2327,0.46
3716,9.7094,-21.2327,0.46
3717,10.7053,-21.2327,0.46
3718,11.7011,-21.2327,0.46
3719,12.6969,-21.2327,0.46
3720,13.6928,-21.2327,0.46
3721,14.6886,-21.2327,0.46
3722,15.7200,-21.2327,0.46
3723,18.7075,-21.2327,0.46
3724,19.7034,-21.2327,0.46
3725,20.7348,-21.2327,0.46
3726,21.6951,-21.2327,0.46
3727,22.6909,-21.2327,0.46
3728,23.7223,-21.2327,0.46
3729,24.7181,-21.2327,0.46
3730,25.7140,-21.2327,0.46
3731,26.7098,-21.2327,0.46
3732,27.7057,-21.2327,0.46
3733,28.7015,-21.2327,0.46
3734,29.6973,-21.2327,0.46
3735,30.6932,-21.2327,0.46
3736,31.7246,-21.2327,0.46
3737,-30.7999,-22.0863,0.46
3738,-29.8040,-22.0863,0.46
3739,-28.7726,-22.0863,0.46
3740,-27.8124,-22.0863,0.46
3741,-26.7810,-22.0863,0.46
3742,-25.7851,-22.0863,0.46
3743,-24.7893,-22.0863,0.46
3744,-23.7934,-22.0863,0.46
3745,-22.7976,-22.0863,0.46
3746,-21.8018,-22.0863,0.46
3747,-20.8059,-22.0863,0.46
3748,-19.7745,-22.0863,0.46
3749,-18.8142,-22.0863,0.46
3750,-17.7828,-22.0863,0.46
3751,-15.7912,-22.0863,0.46
3752,-14.7953,-22.0863,0.46
3753,-13.7995,-22.0863,0.46
3754,-12.7681,-22.0863,0.46
3755,-11.8078,-22.0863,0.46
3756,-10.8120,-22.0863,0.46
3757,-9.7806,-22.0863,0.46
3758,-8.7847,-22.0863,0.46
3759,-7.7889,-22.0863,0.46
3760,-6.7930,-22.0863,0.46
3761,-5.7972,-22.0863,0.46
3762,-4.8014,-22.0863,0.46
3763,-3.8055,-22.0863,0.46
3764,-2.8097,-22.0863,0.46
3765,-1.7783,-22.0863,0.46
3766,-0.7824,-22.0863,0.46
3767,1.2092,-22.0863,0.46
3768,2.2051,-22.0863,0.46
3769,3.2009,-22.0863,0.46
3770,4.1967,-22.0863,0.46
3771,5.1926,-22.0863,0.46
3772,6.2240,-22.0863,0.46
3773,7.1843,-22.0863,0.46
3774,8.2157,-22.0863,0.46
3775,9.2115,-22.0863,0.46
3776,10.2073,-22.0863,0.46
3777,11.2032,-22.0863,0.46
3778,12.1990,-22.0863,0.46
3779,13.1949,-22.0863,0.46
3780,14.1907,-22.0863,0.46
3781,15.2221,-22.0863,0.46
3782,16.1824,-22.0863,0.46
3783,18.2096,-22.0863,0.46
3784,19.2055,-22.0863,0.46
3785,20.2013,-22.0863,0.46
3786,21.1971,-22.0863,0.46
3787,22.2285,-22.0863,0.46
3788,23.1888,-22.0863,0.46
3789,24.2202,-22.0863,0.46
3790,25.2161,-22.0863,0.46
3791,26.2119,-22.0863,0.46
3792,27.2077,-22.0863,0.46
3793,28.2036,-22.0863,0.46
3794,29.1994,-22.0863,0.46
3795,30.1953,-22.0863,0.46
3796,31.2267,-22.0863,0.46
3797,-31.2978,-22.9754,0.46
3798,-30.2664,-22.9754,0.46
3799,-29.3061,-22.9754,0.46
3800,-28.3103,-22.9754,0.46
3801,-27.2789,-22.9754,0.46
3802,-26.2830,-22.9754,0.46
3803,-25.2872,-22.9754,0.46
3804,-24.2914,-22.9754,0.46
3805,-23.2955,-22.9754,0.46
3806,-22.2997,-22.9754,0.46
3807,-21.3038,-22.9754,0.46
3808,-20.3080,-22.9754,0.46
3809,-19.2766,-22.9754,0.46
3810,-18.2808,-22.9754,0.46
3811,-17.3205,-22.9754,0.46
3812,-16.2891,-22.9754,0.46
3813,-15.2932,-22.9754,0.46
3814,-14.2974,-22.9754,0.46
3815,-13.3016,-22.9754,0.46
3816,-12.3057,-22.9754,0.46
3817,-11.2743,-22.9754,0.46
3818,-10.3140,-22.9754,0.46
3819,-9.2826,-22.9754,0.46
3820,-8.2868,-22.9754,0.46
3821,-7.2910,-22.9754,0.46
3822,-6.2951,-22.9754,0.46
3823,-5.2993,-22.9754,0.46
3824,-4.3034,-22.9754,0.46
3825,-3.3076,-22.9754,0.46
3826,-2.2762,-22.9754,0.46
3827,-1.3159,-22.9754,0.46
3828,-0.2845,-22.9754,0.46
3829,0.7113,-22.9754,0.46
3830,1.7072,-22.9754,0.46
3831,2.7030,-22.9754,0.46
3832,3.6988,-22.9754,0.46
3833,4.7302,-22.9754,0.46
3834,5.6905,-22.9754,0.46
3835,6.6863,-22.9754,0.46
3836,7.7178,-22.9754,0.46
3837,8.7136,-22.9754,0.46
3838,9.7094,-22.9754,0.46
3839,10.7053,-22.9754,0.46
3840,11.7011,-22.9754,0.46
3841,12.6969,-22.9754,0.46
3842,13.6928,-22.9754,0.46
3843,14.6886,-22.9754,0.46
3844,15.7200,-22.9754,0.46
3845,16.7159,-22.9754,0.46
3846,17.7117,-22.9754,0.46
3847,18.7075,-22.9754,0.46
3848,19.7034,-22.9754,0.46
3849,20.7348,-22.9754,0.46
3850,21.6951,-22.9754,0.46
3851,22.6909,-22.9754,0.46
3852,23.7223,-22.9754,0.46
3853,24.7181,-22.9754,0.46
3854,25.7140,-22.9754,0.46
3855,26.7098,-22.9754,0.46
3856,27.7057,-22.9754,0.46
3857,28.7015,-22.9754,0.46
3858,29.6973,-22.9754,0.46
3859,30.6932,-22.9754,0.46
3860,31.7246,-22.9754,0.46
3861,-30.7999,-23.8290,0.46
3862,-29.8040,-23.8290,0.46
3863,-28.7726,-23.8290,0.46
3864,-27.8124,-23.8290,0.46
3865,-26.7810,-23.8290,0.46
3866,-25.7851,-23.8290,0.46
3867,-24.7893,-23.8290,0.46
3868,-23.7934,-23.8290,0.46
3869,-22.7976,-23.8290,0.46
3870,-21.8018,-23.8290,0.46
3871,-20.8059,-23.8290,0.46
3872,-19.7745,-23.8290,0.46
3873,-18.8142,-23.8290,0.46
3874,-17.7828,-23.8290,0.46
3875,-16.7870,-23.8290,0.46
3876,-15.7912,-23.8290,0.46
3877,-14.7953,-23.8290,0.46
3878,-13.7995,-23.8290,0.46
3879,-12.7681,-23.8290,0.46
3880,-11.8078,-23.8290,0.46
3881,-10.8120,-23.8290,0.46
3882,-9.7806,-23.8290,0.46
3883,-8.7847,-23.8290,0.46
3884,-7.7889,-23.8290,0.46
3885,-6.7930,-23.8290,0.46
3886,-5.7972,-23.8290,0.46
3887,-4.8014,-23.8290,0.46
3888,-3.8055,-23.8290,0.46
3889,-2.8097,-23.8290,0.46
3890,-1.7783,-23.8290,0.46
3891,-0.7824,-23.8290,0.46
3892,1.2092,-23.8290,0.46
3893,2.2051,-23.8290,0.46
3894,3.2009,-23.8290,0.46
3895,4.1967,-23.8290,0.46
3896,5.1926,-23.8290,0.46
3897,6.2240,-23.8290,0.46
3898,7.1843,-23.8290,0.46
3899,8.2157,-23.8290,0.46
3900,9.2115,-23.8290,0.46
3901,10.2073,-23.8290,0.46
3902,11.2032,-23.8290,0.46
3903,12.1990,-23.8290,0.46
3904,13.1949,-23.8290,0.46
3905,14.1907,-23.8290,0.46
3906,15.2221,-23.8290,0.46
3907,16.1824,-23.8290,0.46
3908,17.2138,-23.8290,0.46
3909,18.2096,-23.8290,0.46
3910,19.2055,-23.8290,0.46
3911,20.2013,-23.8290,0.46
3912,21.1971,-23.8290,0.46
3913,22.2285,-23.8290,0.46
3914,23.1888,-23.8290,0.46
3915,24.2202,-23.8290,0.46
3916,25.2161,-23.8290,0.46
3917,26.2119,-23.8290,0.46
3918,27.2077,-23.8290,0.46
3919,28.2036,-23.8290,0.46
3920,29.1994,-23.8290,0.46
3921,30.1953,-23.8290,0.46
3922,31.2267,-23.8290,0.46
3923,-31.2978,-24.6826,0.46
3924,-30.2664,-24.6826,0.46
3925,-29.3061,-24.6826,0.46
3926,-28.3103,-24.6826,0.46
3927,-27.2789,-24.6826,0.46
3928,-26.2830,-24.6826,0.46
3929,-25.2872,-24.6826,0.46
3930,-24.2914,-24.6826,0.46
3931,-23.2955,-24.6826,0.46
3932,-22.2997,-24.6826,0.46
3933,-21.3038,-24.6826,0.46
3934,-20.3080,-24.6826,0.46
3935,-19.2766,-24.6826,0.46
3936,-18.2808,-24.6826,0.46
3937,-17.3205,-24.6826,0.46
3938,-16.2891,-24.6826,0.46
3939,-15.2932,-24.6826,0.46
3940,-14.2974,-24.6826,0.46
3941,-13.3016,-24.6826,0.46
3942,-12.3057,-24.6826,0.46
3943,-11.2743,-24.6826,0.46
3944,-10.3140,-24.6826,0.46
3945,-9.2826,-24.6826,0.46
3946,-8.2868,-24.6826,0.46
3947,-7.2910,-24.6826,0.46
3948,-6.2951,-24.6826,0.46
3949,-5.2993,-24.6826,0.46
3950,-4.3034,-24.6826,0.46
3951,-3.3076,-24.6826,0.46
3952,-2.2762,-24.6826,0.46
3953,-1.3159,-24.6826,0.46
3954,-0.2845,-24.6826,0.46
3955,0.7113,-24.6826,0.46
3956,1.7072,-24.6826,0.46
3957,2.7030,-24.6826,0.46
3958,3.6988,-24.6826,0.46
3959,4.7302,-24.6826,0.46
3960,5.6905,-24.6826,0.46
3961,6.6863,-24.6826,0.46
3962,7.7178,-24.6826,0.46
3963,8.7136,-24.6826,0.46
3964,9.7094,-24.6826,0.46
3965,10.7053,-24.6826,0.46
3966,11.7011,-24.6826,0.46
3967,12.6969,-24.6826,0.46
3968,13.6928,-24.6826,0.46
3969,14.6886,-24.6826,0.46
3970,15.7200,-24.6826,0.46
3971,16.7159,-24.6826,0.46
3972,17.7117,-24.6826,0.46
3973,18.7075,-24.6826,0.46
3974,19.7034,-24.6826,0.46
3975,20.7348,-24.6826,0.46
3976,21.6951,-24.6826,0.46
3977,22.6909,-24.6826,0.46
3978,23.7223,-24.6826,0.46
3979,24.7181,-24.6826,0.46
3980,25.7140,-24.6826,0.46
3981,26.7098,-24.6826,0.46
3982,27.7057,-24.6826,0.46
3983,28.7015,-24.6826,0.46
3984,29.6973,-24.6826,0.46
3985,30.6932,-24.6826,0.46
3986,31.7246,-24.6826,0.46
3987,-30.7999,-25.7673,0.46
3988,-29.8040,-25.7673,0.46
3989,-28.7726,-25.7673,0.46
3990,-27.8124,-25.7673,0.46
3991,-26.7810,-25.7673,0.46
3992,-25.7851,-25.7673,0.46
3993,-24.7893,-25.7673,0.46
3994,-23.7934,-25.7673,0.46
3995,-22.7976,-25.7673,0.46
3996,-21.8018,-25.7673,0.46
3997,-20.8059,-25.7673,0.46
3998,-19.7745,-25.7673,0.46
3999,-18.8142,-25.7673,0.46
4000,-17.7828,-25.7673,0.46
4001,-16.7870,-25.7673,0.46
4002,-15.7912,-25.7673,0.46
4003,-14.7953,-25.7673,0.46
4004,-13.7995,-25.7673,0.46
4005,-12.7681,-25.7673,0.46
4006,-11.8078,-25.7673,0.46
4007,-10.8120,-25.7673,0.46
4008,-9.7806,-25.7673,0.46
4009,-8.7847,-25.7673,0.46
4010,-7.7889,-25.7673,0.46
4011,-6.7930,-25.7673,0.46
4012,-5.7972,-25.7673,0.46
4013,-4.8014,-25.7673,0.46
4014,-3.8055,-25.7673,0.46
4015,-2.8097,-25.7673,0.46
4016,-1.7783,-25.7673,0.46
4017,-0.7824,-25.7673,0.46
4018,1.2092,-25.7673,0.46
4019,2.2051,-25.7673,0.46
4020,3.2009,-25.7673,0.46
4021,4.1967,-25.7673,0.46
4022,5.1926,-25.7673,0.46
4023,6.2240,-25.7673,0.46
4024,7.1843,-25.7673,0.46
4025,8.2157,-25.7673,0.46
4026,9.2115,-25.7673,0.46
4027,10.2073,-25.7673,0.46
4028,11.2032,-25.7673,0.46
4029,12.1990,-25.7673,0.46
4030,13.1949,-25.7673,0.46
4031,14.1907,-25.7673,0.46
4032,15.2221,-25.7673,0.46
4033,16.1824,-25.7673,0.46
4034,17.2138,-25.7673,0.46
4035,18.2096,-25.7673,0.46
4036,19.2055,-25.7673,0.46
4037,20.2013,-25.7673,0.46
4038,21.1971,-25.7673,0.46
4039,22.2285,-25.7673,0.46
4040,23.1888,-25.7673,0.46
4041,24.2202,-25.7673,0.46
4042,25.2161,-25.7673,0.46
4043,26.2119,-25.7673,0.46
4044,27.2077,-25.7673,0.46
4045,28.2036,-25.7673,0.46
4046,29.1994,-25.7673,0.46
4047,30.1953,-25.7673,0.46
4048,31.2267,-25.7673,0.46
4049,-31.2978,-26.4253,0.46
4050,-30.2664,-26.4253,0.46
4051,-29.3061,-26.4253,0.46
4052,-28.3103,-26.4253,0.46
4053,-27.2789,-26.4253,0.46
4054,-26.2830,-26.4253,0.46
4055,-25.2872,-26.4253,0.46
4056,-24.2914,-26.4253,0.46
4057,-23.2955,-26.4253,0.46
4058,-22.2997,-26.4253,0.46
4059,-21.3038,-26.4253,0.46
4060,-20.3080,-26.4253,0.46
4061,-19.2766,-26.4253,0.46
4062,-18.2808,-26.4253,0.46
4063,-17.3205,-26.4253,0.46
4064,-16.2891,-26.4253,0.46
4065,-15.2932,-26.4253,0.46
4066,-14.2974,-26.4253,0.46
4067,-13.3016,-26.4253,0.46
4068,-12.3057,-26.4253,0.46
4069,-11.2743,-26.4253,0.46
4070,-10.3140,-26.4253,0.46
4071,-9.2826,-26.4253,0.46
4072,-8.2868,-26.4253,0.46
4073,-7.2910,-26.4253,0.46
4074,-6.2951,-26.4253,0.46
4075,-5.2993,-26.4253,0.46
4076,-4.3034,-26.4253,0.46
4077,-3.3076,-26.4253,0.46
4078,-2.2762,-26.4253,0.46
4079,-1.3159,-26.4253,0.46
4080,-0.2845,-26.4253,0.46
4081,0.7113,-26.4253,0.46
4082,1.7072,-26.4253,0.46
4083,2.7030,-26.4253,0.46
4084,3.6988,-26.4253,0.46
4085,4.7302,-26.4253,0.46
4086,5.6905,-26.4253,0.46
4087,6.6863,-26.4253,0.46
4088,7.7178,-26.4253,0.46
4089,8.7136,-26.4253,0.46
4090,9.7094,-26.4253,0.46
4091,10.7053,-26.4253,0.46
4092,11.7011,-26.4253,0.46
4093,12.6969,-26.4253,0.46
4094,13.6928,-26.4253,0.46
4095,14.6886,-26.4253,0.46
4096,15.7200,-26.4253,0.46
4097,16.7159,-26.4253,0.46
4098,17.7117,-26.4253,0.46
4099,18.7075,-26.4253,0.46
4100,19.7034,-26.4253,0.46
4101,20.7348,-26.4253,0.46
4102,21.6951,-26.4253,0.46
4103,22.6909,-26.4253,0.46
4104,23.7223,-26.4253,0.46
4105,24.7181,-26.4253,0.46
4106,25.7140,-26.4253,0.46
4107,26.7098,-26.4253,0.46
4108,27.7057,-26.4253,0.46
4109,28.7015,-26.4253,0.46
4110,29.6973,-26.4253,0.46
4111,30.6932,-26.4253,0.46
4112,31.7246,-26.4253,0.46
4113,-30.7999,-27.2789,0.46
4114,-29.8040,-27.2789,0.46
4115,-28.7726,-27.2789,0.46
4116,-27.8124,-27.2789,0.46
4117,-26.7810,-27.2789,0.46
4118,-25.7851,-27.2789,0.46
4119,-24.7893,-27.2789,0.46
4120,-23.7934,-27.2789,0.46
4121,-22.7976,-27.2789,0.46
4122,-21.8018,-27.2789,0.46
4123,-20.8059,-27.2789,0.46
4124,-19.7745,-27.2789,0.46
4125,-18.8142,-27.2789,0.46
4126,-17.7828,-27.2789,0.46
4127,-16.7870,-27.2789,0.46
4128,-15.7912,-27.2789,0.46
4129,-14.7953,-27.2789,0.46
4130,-13.7995,-27.2789,0.46
4131,-12.7681,-27.2789,0.46
4132,-11.8078,-27.2789,0.46
4133,-10.8120,-27.2789,0.46
4134,-9.7806,-27.2789,0.46
4135,-8.7847,-27.2789,0.46
4136,-7.7889,-27.2789,0.46
4137,-6.7930,-27.2789,0.46
4138,-5.7972,-27.2789,0.46
4139,-4.8014,-27.2789,0.46
4140,-3.8055,-27.2789,0.46
4141,-2.8097,-27.2789,0.46
4142,-1.7783,-27.2789,0.46
4143,-0.7824,-27.2789,0.46
4144,1.2092,-27.2789,0.46
4145,2.2051,-27.2789,0.46
4146,3.2009,-27.2789,0.46
4147,4.1967,-27.2789,0.46
4148,5.1926,-27.2789,0.46
4149,6.2240,-27.2789,0.46
4150,7.1843,-27.2789,0.46
4151,8.2157,-27.2789,0.46
4152,9.2115,-27.2789,0.46
4153,10.2073,-27.2789,0.46
4154,11.2032,-27.2789,0.46
4155,12.1990,-27.2789,0.46
4156,13.1949,-27.2789,0.46
4157,14.1907,-27.2789,0.46
4158,15.2221,-27.2789,0.46
4159,16.1824,-27.2789,0.46
4160,17.2138,-27.2789,0.46
4161,18.2096,-27.2789,0.46
4162,19.2055,-27.2789,0.46
4163,20.2013,-27.2789,0.46
4164,21.1971,-27.2789,0.46
4165,22.2285,-27.2789,0.46
4166,23.1888,-27.2789,0.46
4167,24.2202,-27.2789,0.46
4168,25.2161,-27.2789,0.46
4169,26.2119,-27.2789,0.46
4170,27.2077,-27.2789,0.46
4171,28.2036,-27.2789,0.46
4172,29.1994,-27.2789,0.46
4173,30.1953,-27.2789,0.46
4174,31.2267,-27.2789,0.46
4175,-31.2978,-28.2036,0.46
4176,-30.2664,-28.2036,0.46
4177,-29.3061,-28.2036,0.46
4178,-28.3103,-28.2036,0.46
4179,-27.2789,-28.2036,0.46
4180,-26.2830,-28.2036,0.46
4181,-25.2872,-28.2036,0.46
4182,-24.2914,-28.2036,0.46
4183,-23.2955,-28.2036,0.46
4184,-22.2997,-28.2036,0.46
4185,-21.3038,-28.2036,0.46
4186,-20.3080,-28.2036,0.46
4187,-19.2766,-28.2036,0.46
4188,-18.2808,-28.2036,0.46
4189,-17.3205,-28.2036,0.46
4190,-16.2891,-28.2036,0.46
4191,-15.2932,-28.2036,0.46
4192,-14.2974,-28.2036,0.46
4193,-13.3016,-28.2036,0.46
4194,-12.3057,-28.2036,0.46
4195,-11.2743,-28.2036,0.46
4196,-10.3140,-28.2036,0.46
4197,-9.2826,-28.2036,0.46
4198,-8.2868,-28.2036,0.46
4199,-7.2910,-28.2036,0.46
4200,-6.2951,-28.2036,0.46
4201,-5.2993,-28.2036,0.46
4202,-4.3034,-28.2036,0.46
4203,-3.3076,-28.2036,0.46
4204,-2.2762,-28.2036,0.46
4205,-1.3159,-28.2036,0.46
4206,-0.2845,-28.2036,0.46
4207,0.7113,-28.2036,0.46
4208,1.7072,-28.2036,0.46
4209,2.7030,-28.2036,0.46
4210,3.6988,-28.2036,0.46
4211,4.7302,-28.2036,0.46
4212,5.6905,-28.2036,0.46
4213,6.6863,-28.2036,0.46
4214,7.7178,-28.2036,0.46
4215,8.7136,-28.2036,0.46
4216,9.7094,-28.2036,0.46
4217,10.7053,-28.2036,0.46
4218,11.7011,-28.2036,0.46
4219,12.6969,-28.2036,0.46
4220,13.6928,-28.2036,0.46
4221,14.6886,-28.2036,0.46
4222,15.7200,-28.2036,0.46
4223,16.7159,-28.2036,0.46
4224,17.7117,-28.2036,0.46
4225,18.7075,-28.2036,0.46
4226,19.7034,-28.2036,0.46
4227,20.7348,-28.2036,0.46
4228,21.6951,-28.2036,0.46
4229,22.6909,-28.2036,0.46
4230,23.7223,-28.2036,0.46
4231,24.7181,-28.2036,0.46
4232,25.7140,-28.2036,0.46
4233,26.7098,-28.2036,0.46
4234,27.7057,-28.2036,0.46
4235,28.7015,-28.2036,0.46
4236,29.6973,-28.2036,0.46
4237,30.6932,-28.2036,0.46
4238,31.7246,-28.2036,0.46
4239,-30.7999,-29.0572,0.46
4240,-29.8040,-29.0572,0.46
4241,-28.7726,-29.0572,0.46
4242,-27.8124,-29.0572,0.46
4243,-26.7810,-29.0572,0.46
4244,-25.7851,-29.0572,0.46
4245,-24.7893,-29.0572,0.46
4246,-23.7934,-29.0572,0.46
4247,-22.7976,-29.0572,0.46
4248,-21.8018,-29.0572,0.46
4249,-20.8059,-29.0572,0.46
4250,-19.7745,-29.0572,0.46
4251,-18.8142,-29.0572,0.46
4252,-17.7828,-29.0572,0.46
4253,-16.7870,-29.0572,0.46
4254,-15.7912,-29.0572,0.46
4255,-14.7953,-29.0572,0.46
4256,-13.7995,-29.0572,0.46
4257,-12.7681,-29.0572,0.46
4258,-11.8078,-29.0572,0.46
4259,-10.8120,-29.0572,0.46
4260,-9.7806,-29.0572,0.46
4261,-8.7847,-29.0572,0.46
4262,-7.7889,-29.0572,0.46
4263,-6.7930,-29.0572,0.46
4264,-5.7972,-29.0572,0.46
4265,-4.8014,-29.0572,0.46
4266,-3.8055,-29.0572,0.46
4267,-2.8097,-29.0572,0.46
4268,-1.7783,-29.0572,0.46
4269,-0.7824,-29.0572,0.46
4270,1.2092,-29.0572,0.46
4271,2.2051,-29.0572,0.46
4272,3.2009,-29.0572,0.46
4273,4.1967,-29.0572,0.46
4274,5.1926,-29.0572,0.46
4275,6.2240,-29.0572,0.46
4276,7.1843,-29.0572,0.46
4277,8.2157,-29.0572,0.46
4278,9.2115,-29.0572,0.46
4279,10.2073,-29.0572,0.46
4280,11.2032,-29.0572,0.46
4281,12.1990,-29.0572,0.46
4282,13.1949,-29.0572,0.46
4283,14.1907,-29.0572,0.46
4284,15.2221,-29.0572,0.46
4285,16.1824,-29.0572,0.46
4286,17.2138,-29.0572,0.46
4287,18.2096,-29.0572,0.46
4288,19.2055,-29.0572,0.46
4289,20.2013,-29.0572,0.46
4290,21.1971,-29.0572,0.46
4291,22.2285,-29.0572,0.46
4292,23.1888,-29.0572,0.46
4293,24.2202,-29.0572,0.46
4294,25.2161,-29.0572,0.46
4295,26.2119,-29.0572,0.46
4296,27.2077,-29.0572,0.46
4297,28.2036,-29.0572,0.46
4298,29.1994,-29.0572,0.46
4299,30.1953,-29.0572,0.46
4300,31.2267,-29.0572,0.46
4301,-31.2978,-29.9107,0.46
4302,-30.2664,-29.9107,0.46
4303,-29.3061,-29.9107,0.46
4304,-28.3103,-29.9107,0.46
4305,-27.2789,-29.9107,0.46
4306,-26.2830,-29.9107,0.46
4307,-25.2872,-29.9107,0.46
4308,-24.2914,-29.9107,0.46
4309,-23.2955,-29.9107,0.46
4310,-22.2997,-29.9107,0.46
4311,-21.3038,-29.9107,0.46
4312,-20.3080,-29.9107,0.46
4313,-19.2766,-29.9107,0.46
4314,-18.2808,-29.9107,0.46
4315,-17.3205,-29.9107,0.46
4316,-16.2891,-29.9107,0.46
4317,-15.2932,-29.9107,0.46
4318,-14.2974,-29.9107,0.46
4319,-13.3016,-29.9107,0.46
4320,-12.3057,-29.9107,0.46
4321,-11.2743,-29.9107,0.46
4322,-10.3140,-29.9107,0.46
4323,-9.2826,-29.9107,0.46
4324,-8.2868,-29.9107,0.46
4325,-7.2910,-29.9107,0.46
4326,-6.2951,-29.9107,0.46
4327,-5.2993,-29.9107,0.46
4328,-4.3034,-29.9107,0.46
4329,-3.3076,-29.9107,0.46
4330,-2.2762,-29.9107,0.46
4331,-1.3159,-29.9107,0.46
4332,-0.2845,-29.9107,0.46
4333,0.7113,-29.9107,0.46
4334,1.7072,-29.9107,0.46
4335,2.7030,-29.9107,0.46
4336,3.6988,-29.9107,0.46
4337,4.7302,-29.9107,0.46
4338,5.6905,-29.9107,0.46
4339,6.6863,-29.9107,0.46
4340,7.7178,-29.9107,0.46
4341,8.7136,-29.9107,0.46
4342,9.7094,-29.9107,0.46
4343,10.7053,-29.9107,0.46
4344,11.7011,-29.9107,0.46
4345,12.6969,-29.9107,0.46
4346,13.6928,-29.9107,0.46
4347,14.6886,-29.9107,0.46
4348,15.7200,-29.9107,0.46
4349,16.7159,-29.9107,0.46
4350,17.7117,-29.9107,0.46
4351,18.7075,-29.9107,0.46
4352,19.7034,-29.9107,0.46
4353,20.7348,-29.9107,0.46
4354,21.6951,-29.9107,0.46
4355,22.6909,-29.9107,0.46
4356,23.7223,-29.9107,0.46
4357,24.7181,-29.9107,0.46
4358,25.7140,-29.9107,0.46
4359,26.7098,-29.9107,0.46
4360,27.7057,-29.9107,0.46
4361,28.7015,-29.9107,0.46
4362,29.6973,-29.9107,0.46
4363,30.6932,-29.9107,0.46
4364,31.7246,-29.9107,0.46
4365,-30.7999,-30.7999,0.46
4366,-29.8040,-30.7999,0.46
4367,-28.7726,-30.7999,0.46
4368,-27.8124,-30.7999,0.46
4369,-26.7810,-30.7999,0.46
4370,-25.7851,-30.7999,0.46
4371,-24.7893,-30.7999,0.46
4372,-23.7934,-30.7999,0.46
4373,-22.7976,-30.7999,0.46
4374,-21.8018,-30.7999,0.46
4375,-20.8059,-30.7999,0.46
4376,-19.7745,-30.7999,0.46
4377,-18.8142,-30.7999,0.46
4378,-17.7828,-30.7999,0.46
4379,-16.7870,-30.7999,0.46
4380,-15.7912,-30.7999,0.46
4381,-14.7953,-30.7999,0.46
4382,-13.7995,-30.7999,0.46
4383,-12.7681,-30.7999,0.46
4384,-11.8078,-30.7999,0.46
4385,-10.8120,-30.7999,0.46
4386,-9.7806,-30.7999,0.46
4387,-8.7847,-30.7999,0.46
4388,-7.7889,-30.7999,0.46
4389,-6.7930,-30.7999,0.46
4390,-5.7972,-30.7999,0.46
4391,-4.8014,-30.7999,0.46
4392,-3.8055,-30.7999,0.46
4393,-2.8097,-30.7999,0.46
4394,-1.7783,-30.7999,0.46
4395,-0.7824,-30.7999,0.46
4396,1.2092,-30.7999,0.46
4397,2.2051,-30.7999,0.46
4398,3.2009,-30.7999,0.46
4399,4.1967,-30.7999,0.46
4400,5.1926,-30.7999,0.46
4401,6.2240,-30.7999,0.46
4402,7.1843,-30.7999,0.46
4403,8.2157,-30.7999,0.46
4404,9.2115,-30.7999,0.46
4405,10.2073,-30.7999,0.46
4406,11.2032,-30.7999,0.46
4407,12.1990,-30.7999,0.46
4408,13.1949,-30.7999,0.46
4409,14.1907,-30.7999,0.46
4410,15.2221,-30.7999,0.46
4411,16.1824,-30.7999,0.46
4412,17.2138,-30.7999,0.46
4413,18.2096,-30.7999,0.46
4414,19.2055,-30.7999,0.46
4415,20.2013,-30.7999,0.46
4416,21.1971,-30.7999,0.46
4417,22.2285,-30.7999,0.46
4418,23.1888,-30.7999,0.46
4419,24.2202,-30.7999,0.46
4420,25.2161,-30.7999,0.46
4421,26.2119,-30.7999,0.46
4422,27.2077,-30.7999,0.46
4423,28.2036,-30.7999,0.46
4424,29.1994,-30.7999,0.46
4425,30.1953,-30.7999,0.46
4426,31.2267,-30.7999,0.46
4427,-31.2978,-31.6534,0.46
4428,-30.2664,-31.6534,0.46
4429,-29.3061,-31.6534,0.46
4430,-28.3103,-31.6534,0.46
4431,-27.2789,-31.6534,0.46
4432,-26.2830,-31.6534,0.46
4433,-25.2872,-31.6534,0.46
4434,-24.2914,-31.6534,0.46
4435,-23.2955,-31.6534,0.46
4436,-22.2997,-31.6534,0.46
4437,-21.3038,-31.6534,0.46
4438,-20.3080,-31.6534,0.46
4439,-19.2766,-31.6534,0.46
4440,-18.2808,-31.6534,0.46
4441,-17.3205,-31.6534,0.46
4442,-16.2891,-31.6534,0.46
4443,-15.2932,-31.6534,0.46
4444,-14.2974,-31.6534,0.46
4445,-13.3016,-31.6534,0.46
4446,-12.3057,-31.6534,0.46
4447,-11.2743,-31.6534,0.46
4448,-10.3140,-31.6534,0.46
4449,-9.2826,-31.6534,0.46
4450,-8.2868,-31.6534,0.46
4451,-7.2910,-31.6534,0.46
4452,-6.2951,-31.6534,0.46
4453,-5.2993,-31.6534,0.46
4454,-4.3034,-31.6534,0.46
4455,-3.3076,-31.6534,0.46
4456,-2.2762,-31.6534,0.46
4457,-1.3159,-31.6534,0.46
4458,-0.2845,-31.6534,0.46
4459,0.7113,-31.6534,0.46
4460,1.7072,-31.6534,0.46
4461,2.7030,-31.6534,0.46
4462,3.6988,-31.6534,0.46
4463,4.7302,-31.6534,0.46
4464,5.6905,-31.6534,0.46
4465,6.6863,-31.6534,0.46
4466,7.7178,-31.6534,0.46
4467,8.7136,-31.6534,0.46
4468,9.7094,-31.6534,0.46
4469,10.7053,-31.6534,0.46
4470,11.7011,-31.6534,0.46
4471,12.6969,-31.6534,0.46
4472,13.6928,-31.6534,0.46
4473,14.6886,-31.6534,0.46
4474,15.7200,-31.6534,0.46
4475,16.7159,-31.6534,0.46
4476,17.7117,-31.6534,0.46
4477,18.7075,-31.6534,0.46
4478,19.7034,-31.6534,0.46
4479,20.7348,-31.6534,0.46
4480,21.6951,-31.6534,0.46
4481,22.6909,-31.6534,0.46
4482,23.7223,-31.6534,0.46
4483,24.7181,-31.6534,0.46
4484,25.7140,-31.6534,0.46
4485,26.7098,-31.6534,0.46
4486,27.7057,-31.6534,0.46
4487,28.7015,-31.6534,0.46
4488,29.6973,-31.6534,0.46
4489,30.6932,-31.6534,0.46
4490,31.7246,-31.6534,0.46
4491,-30.7999,-32.5070,0.46
4492,-29.8040,-32.5070,0.46
4493,-28.7726,-32.5070,0.46
4494,-27.8124,-32.5070,0.46
4495,-26.7810,-32.5070,0.46
4496,-25.7851,-32.5070,0.46
4497,-24.7893,-32.5070,0.46
4498,-23.7934,-32.5070,0.46
4499,-22.7976,-32.5070,0.46
4500,-21.8018,-32.5070,0.46
4501,-20.8059,-32.5070,0.46
4502,-19.7745,-32.5070,0.46
4503,-18.8142,-32.5070,0.46
4504,-17.7828,-32.5070,0.46
4505,-16.7870,-32.5070,0.46
4506,-15.7912,-32.5070,0.46
4507,-14.7953,-32.5070,0.46
4508,-13.7995,-32.5070,0.46
4509,-12.7681,-32.5070,0.46
4510,-11.8078,-32.5070,0.46
4511,-10.8120,-32.5070,0.46
4512,-9.7806,-32.5070,0.46
4513,-8.7847,-32.5070,0.46
4514,-7.7889,-32.5070,0.46
4515,-6.7930,-32.5070,0.46
4516,-5.7972,-32.5070,0.46
4517,-4.8014,-32.5070,0.46
4518,-3.8055,-32.5070,0.46
4519,-2.8097,-32.5070,0.46
4520,-1.7783,-32.5070,0.46
4521,-0.7824,-32.5070,0.46
4522,1.2092,-32.5070,0.46
4523,2.2051,-32.5070,0.46
4524,3.2009,-32.5070,0.46
4525,4.1967,-32.5070,0.46
4526,5.1926,-32.5070,0.46
4527,6.2240,-32.5070,0.46
4528,7.1843,-32.5070,0.46
4529,8.2157,-32.5070,0.46
4530,9.2115,-32.5070,0.46
4531,10.2073,-32.5070,0.46
4532,11.2032,-32.5070,0.46
4533,12.1990,-32.5070,0.46
4534,13.1949,-32.5070,0.46
4535,14.1907,-32.5070,0.46
4536,15.2221,-32.5070,0.46
4537,16.1824,-32.5070,0.46
4538,17.2138,-32.5070,0.46
4539,18.2096,-32.5070,0.46
4540,19.2055,-32.5070,0.46
4541,20.2013,-32.5070,0.46
4542,21.1971,-32.5070,0.46
4543,22.2285,-32.5070,0.46
4544,23.1888,-32.5070,0.46
4545,24.2202,-32.5070,0.46
4546,25.2161,-32.5070,0.46
4547,26.2119,-32.5070,0.46
4548,27.2077,-32.5070,0.46
4549,28.2036,-32.5070,0.46
4550,29.1994,-32.5070,0.46
4551,30.1953,-32.5070,0.46
4552,31.2267,-32.5070,0.46
4553,-31.2978,-33.3962,0.46
4554,-30.2664,-33.3962,0.46
4555,-29.3061,-33.3962,0.46
4556,-28.3103,-33.3962,0.46
4557,-27.2789,-33.3962,0.46
4558,-26.2830,-33.3962,0.46
4559,-25.2872,-33.3962,0.46
4560,-24.2914,-33.3962,0.46
4561,-23.2955,-33.3962,0.46
4562,-22.2997,-33.3962,0.46
4563,-21.3038,-33.3962,0.46
4564,-20.3080,-33.3962,0.46
4565,-19.2766,-33.3962,0.46
4566,-18.2808,-33.3962,0.46
4567,-17.3205,-33.3962,0.46
4568,-16.2891,-33.3962,0.46
4569,-15.2932,-33.3962,0.46
4570,-14.2974,-33.3962,0.46
4571,-13.3016,-33.3962,0.46
4572,-12.3057,-33.3962,0.46
4573,-11.2743,-33.3962,0.46
4574,-10.3140,-33.3962,0.46
4575,-9.2826,-33.3962,0.46
4576,-8.2868,-33.3962,0.46
4577,-7.2910,-33.3962,0.46
4578,-6.2951,-33.3962,0.46
4579,-5.2993,-33.3962,0.46
4580,-4.3034,-33.3962,0.46
4581,-3.3076,-33.3962,0.46
4582,-2.2762,-33.3962,0.46
4583,-1.3159,-33.3962,0.46
4584,-0.2845,-33.3962,0.46
4585,0.7113,-33.3962,0.46
4586,1.7072,-33.3962,0.46
4587,2.7030,-33.3962,0.46
4588,3.6988,-33.3962,0.46
4589,4.7302,-33.3962,0.46
4590,5.6905,-33.3962,0.46
4591,6.6863,-33.3962,0.46
4592,7.7178,-33.3962,0.46
4593,8.7136,-33.3962,0.46
4594,9.7094,-33.3962,0.46
4595,10.7053,-33.3962,0.46
4596,11.7011,-33.3962,0.46
4597,12.6969,-33.3962,0.46
4598,13.6928,-33.3962,0.46
4599,14.6886,-33.3962,0.46
4600,15.7200,-33.3962,0.46
4601,16.7159,-33.3962,0.46
4602,17.7117,-33.3962,0.46
4603,18.7075,-33.3962,0.46
4604,19.7034,-33.3962,0.46
4605,20.7348,-33.3962,0.46
4606,21.6951,-33.3962,0.46
4607,22.6909,-33.3962,0.46
4608,23.7223,-33.3962,0.46
4609,24.7181,-33.3962,0.46
4610,25.7140,-33.3962,0.46
4611,26.7098,-33.3962,0.46
4612,27.7057,-33.3962,0.46
4613,28.7015,-33.3962,0.46
4614,29.6973,-33.3962,0.46
4615,30.6932,-33.3962,0.46
4616,31.7246,-33.3962,0.46
4617,-30.7999,-34.2853,0.46
4618,-29.8040,-34.2853,0.46
4619,-28.7726,-34.2853,0.46
4620,-27.8124,-34.2853,0.46
4621,-26.7810,-34.2853,0.46
4622,-25.7851,-34.2853,0.46
4623,-24.7893,-34.2853,0.46
4624,-23.7934,-34.2853,0.46
4625,-22.7976,-34.2853,0.46
4626,-21.8018,-34.2853,0.46
4627,-20.8059,-34.2853,0.46
4628,-19.7745,-34.2853,0.46
4629,-18.8142,-34.2853,0.46
4630,-17.7828,-34.2853,0.46
4631,-16.7870,-34.2853,0.46
4632,-15.7912,-34.2853,0.46
4633,-14.7953,-34.2853,0.46
4634,-13.7995,-34.2853,0.46
4635,-12.7681,-34.2853,0.46
4636,-11.8078,-34.2853,0.46
4637,-10.8120,-34.2853,0.46
4638,-9.7806,-34.2853,0.46
4639,-8.7847,-34.2853,0.46
4640,-7.7889,-34.2853,0.46
4641,-6.7930,-34.2853,0.46
4642,-5.7972,-34.2853,0.46
4643,-4.8014,-34.2853,0.46
4644,-3.8055,-34.2853,0.46
4645,-2.8097,-34.2853,0.46
4646,-1.7783,-34.2853,0.46
4647,-0.7824,-34.2853,0.46
4648,1.2092,-34.2853,0.46
4649,2.2051,-34.2853,0.46
4650,3.2009,-34.2853,0.46
4651,4.1967,-34.2853,0.46
4652,5.1926,-34.2853,0.46
4653,6.2240,-34.2853,0.46
4654,7.1843,-34.2853,0.46
4655,8.2157,-34.2853,0.46
4656,9.2115,-34.2853,0.46
4657,10.2073,-34.2853,0.46
4658,11.2032,-34.2853,0.46
4659,12.1990,-34.2853,0.46
4660,13.1949,-34.2853,0.46
4661,14.1907,-34.2853,0.46
4662,15.2221,-34.2853,0.46
4663,16.1824,-34.2853,0.46
4664,17.2138,-34.2853,0.46
4665,18.2096,-34.2853,0.46
4666,19.2055,-34.2853,0.46
4667,20.2013,-34.2853,0.46
4668,21.1971,-34.2853,0.46
4669,22.2285,-34.2853,0.46
4670,23.1888,-34.2853,0.46
4671,24.2202,-34.2853,0.46
4672,25.2161,-34.2853,0.46
4673,26.2119,-34.2853,0.46
4674,27.2077,-34.2853,0.46
4675,28.2036,-34.2853,0.46
4676,29.1994,-34.2853,0.46
4677,30.1953,-34.2853,0.46
4678,31.2267,-34.2853,0.46
4679,-31.2978,-35.1389,0.46
4680,-30.2664,-35.1389,0.46
4681,-29.3061,-35.1389,0.46
4682,-28.3103,-35.1389,0.46
4683,-27.2789,-35.1389,0.46
4684,-26.2830,-35.1389,0.46
4685,-25.2872,-35.1389,0.46
4686,-24.2914,-35.1389,0.46
4687,-23.2955,-35.1389,0.46
4688,-22.2997,-35.1389,0.46
4689,-21.3038,-35.1389,0.46
4690,-20.3080,-35.1389,0.46
4691,-19.2766,-35.1389,0.46
4692,-18.2808,-35.1389,0.46
4693,-17.3205,-35.1389,0.46
4694,-16.2891,-35.1389,0.46
4695,-15.2932,-35.1389,0.46
4696,-14.2974,-35.1389,0.46
4697,-13.3016,-35.1389,0.46
4698,-12.3057,-35.1389,0.46
4699,-11.2743,-35.1389,0.46
4700,-10.3140,-35.1389,0.46
4701,-9.2826,-35.1389,0.46
4702,-8.2868,-35.1389,0.46
4703,-7.2910,-35.1389,0.46
4704,-6.2951,-35.1389,0.46
4705,-5.2993,-35.1389,0.46
4706,-4.3034,-35.1389,0.46
4707,-3.3076,-35.1389,0.46
4708,-2.2762,-35.1389,0.46
4709,-1.3159,-35.1389,0.46
4710,-0.2845,-35.1389,0.46
4711,0.7113,-35.1389,0.46
4712,1.7072,-35.1389,0.46
4713,2.7030,-35.1389,0.46
4714,3.6988,-35.1389,0.46
4715,4.7302,-35.1389,0.46
4716,5.6905,-35.1389,0.46
4717,6.6863,-35.1389,0.46
4718,7.7178,-35.1389,0.46
4719,8.7136,-35.1389,0.46
4720,9.7094,-35.1389,0.46
4721,10.7053,-35.1389,0.46
4722,11.7011,-35.1389,0.46
4723,12.6969,-35.1389,0.46
4724,13.6928,-35.1389,0.46
4725,14.6886,-35.1389,0.46
4726,15.7200,-35.1389,0.46
4727,16.7159,-35.1389,0.46
4728,17.7117,-35.1389,0.46
4729,18.7075,-35.1389,0.46
4730,19.7034,-35.1389,0.46
4731,20.7348,-35.1389,0.46
4732,21.6951,-35.1389,0.46
4733,22.6909,-35.1389,0.46
4734,23.7223,-35.1389,0.46
4735,24.7181,-35.1389,0.46
4736,25.7140,-35.1389,0.46
4737,26.7098,-35.1389,0.46
4738,27.7057,-35.1389,0.46
4739,28.7015,-35.1389,0.46
4740,29.6973,-35.1389,0.46
4741,30.6932,-35.1389,0.46
4742,31.7246,-35.1389,0.46
4743,-30.7999,-35.9925,0.46
4744,-29.8040,-35.9925,0.46
4745,-28.7726,-35.9925,0.46
4746,-27.8124,-35.9925,0.46
4747,-26.7810,-35.9925,0.46
4748,-25.7851,-35.9925,0.46
4749,-24.7893,-35.9925,0.46
4750,-23.7934,-35.9925,0.46
4751,-22.7976,-35.9925,0.46
4752,-21.8018,-35.9925,0.46
4753,-20.8059,-35.9925,0.46
4754,-19.7745,-35.9925,0.46
4755,-18.8142,-35.9925,0.46
4756,-17.7828,-35.9925,0.46
4757,-16.7870,-35.9925,0.46
4758,-15.7912,-35.9925,0.46
4759,-14.7953,-35.9925,0.46
4760,-13.7995,-35.9925,0.46
4761,-12.7681,-35.9925,0.46
4762,-11.8078,-35.9925,0.46
4763,-10.8120,-35.9925,0.46
4764,-9.7806,-35.9925,0.46
4765,-8.7847,-35.9925,0.46
4766,-7.7889,-35.9925,0.46
4767,-6.7930,-35.9925,0.46
4768,-5.7972,-35.9925,0.46
4769,-4.8014,-35.9925,0.46
4770,-3.8055,-35.9925,0.46
4771,-2.8097,-35.9925,0.46
4772,-1.7783,-35.9925,0.46
4773,-0.7824,-35.9925,0.46
4774,1.2092,-35.9925,0.46
4775,2.2051,-35.9925,0.46
4776,3.2009,-35.9925,0.46
4777,4.1967,-35.9925,0.46
4778,5.1926,-35.9925,0.46
4779,6.2240,-35.9925,0.46
4780,7.1843,-35.9925,0.46
4781,8.2157,-35.9925,0.46
4782,9.2115,-35.9925,0.46
4783,10.2073,-35.9925,0.46
4784,11.2032,-35.9925,0.46
4785,12.1990,-35.9925,0.46
4786,13.1949,-35.9925,0.46
4787,14.1907,-35.9925,0.46
4788,15.2221,-35.9925,0.46
4789,16.1824,-35.9925,0.46
4790,17.2138,-35.9925,0.46
4791,18.2096,-35.9925,0.46
4792,19.2055,-35.9925,0.46
4793,20.2013,-35.9925,0.46
4794,21.1971,-35.9925,0.46
4795,22.2285,-35.9925,0.46
4796,23.1888,-35.9925,0.46
4797,24.2202,-35.9925,0.46
4798,25.2161,-35.9925,0.46
4799,26.2119,-35.9925,0.46
4800,27.2077,-35.9925,0.46
4801,28.2036,-35.9925,0.46
4802,29.1994,-35.9925,0.46
4803,30.1953,-35.9925,0.46
4804,31.2267,-35.9925,0.46
4805,-30.2664,-36.8816,0.46
4806,-29.3061,-36.8816,0.46
4807,-28.3103,-36.8816,0.46
4808,-27.2789,-36.8816,0.46
4809,-26.2830,-36.8816,0.46
4810,-25.2872,-36.8816,0.46
4811,-24.2914,-36.8816,0.46
4812,-23.2955,-36.8816,0.46
4813,-22.2997,-36.8816,0.46
4814,-21.3038,-36.8816,0.46
4815,-20.3080,-36.8816,0.46
4816,-19.2766,-36.8816,0.46
4817,-18.2808,-36.8816,0.46
4818,-17.3205,-36.8816,0.46
4819,-16.2891,-36.8816,0.46
4820,-15.2932,-36.8816,0.46
4821,-14.2974,-36.8816,0.46
4822,-13.3016,-36.8816,0.46
4823,-12.3057,-36.8816,0.46
4824,-11.2743,-36.8816,0.46
4825,-10.3140,-36.8816,0.46
4826,-9.2826,-36.8816,0.46
4827,-8.2868,-36.8816,0.46
4828,-7.2910,-36.8816,0.46
4829,-6.2951,-36.8816,0.46
4830,-5.2993,-36.8816,0.46
4831,-4.3034,-36.8816,0.46
4832,-3.3076,-36.8816,0.46
4833,-2.2762,-36.8816,0.46
4834,-1.3159,-36.8816,0.46
4835,-0.2845,-36.8816,0.46
4836,0.7113,-36.8816,0.46
4837,1.7072,-36.8816,0.46
4838,2.7030,-36.8816,0.46
4839,3.6988,-36.8816,0.46
4840,4.7302,-36.8816,0.46
4841,5.6905,-36.8816,0.46
4842,6.6863,-36.8816,0.46
4843,7.7178,-36.8816,0.46
4844,8.7136,-36.8816,0.46
4845,9.7094,-36.8816,0.46
4846,10.7053,-36.8816,0.46
4847,11.7011,-36.8816,0.46
4848,12.6969,-36.8816,0.46
4849,13.6928,-36.8816,0.46
4850,14.6886,-36.8816,0.46
4851,15.7200,-36.8816,0.46
4852,16.7159,-36.8816,0.46
4853,17.7117,-36.8816,0.46
4854,18.7075,-36.8816,0.46
4855,19.7034,-36.8816,0.46
4856,20.7348,-36.8816,0.46
4857,21.6951,-36.8816,0.46
4858,22.6909,-36.8816,0.46
4859,23.7223,-36.8816,0.46
4860,24.7181,-36.8816,0.46
4861,25.7140,-36.8816,0.46
4862,26.7098,-36.8816,0.46
4863,27.7057,-36.8816,0.46
4864,28.7015,-36.8816,0.46
4865,29.6973,-36.8816,0.46
4866,30.6932,-36.8816,0.46
4867,-29.8040,-37.7352,0.46
4868,-28.7726,-37.7352,0.46
4869,-27.8124,-37.7352,0.46
4870,-26.7810,-37.7352,0.46
4871,-25.7851,-37.7352,0.46
4872,-24.7893,-37.7352,0.46
4873,-23.7934,-37.7352,0.46
4874,-22.7976,-37.7352,0.46
4875,-21.8018,-37.7352,0.46
4876,-20.8059,-37.7352,0.46
4877,-19.7745,-37.7352,0.46
4878,-18.8142,-37.7352,0.46
4879,-17.7828,-37.7352,0.46
4880,-16.7870,-37.7352,0.46
4881,-15.7912,-37.7352,0.46
4882,-14.7953,-37.7352,0.46
4883,-13.7995,-37.7352,0.46
4884,-12.7681,-37.7352,0.46
4885,-11.8078,-37.7352,0.46
4886,-10.8120,-37.7352,0.46
4887,-9.7806,-37.7352,0.46
4888,-8.7847,-37.7352,0.46
4889,-7.7889,-37.7352,0.46
4890,-6.7930,-37.7352,0.46
4891,-5.7972,-37.7352,0.46
4892,-4.8014,-37.7352,0.46
4893,-3.8055,-37.7352,0.46
4894,-2.8097,-37.7352,0.46
4895,-1.7783,-37.7352,0.46
4896,-0.7824,-37.7352,0.46
4897,1.2092,-37.7352,0.46
4898,2.2051,-37.7352,0.46
4899,3.2009,-37.7352,0.46
4900,4.1967,-37.7352,0.46
4901,5.1926,-37.7352,0.46
4902,6.2240,-37.7352,0.46
4903,7.1843,-37.7352,0.46
4904,8.2157,-37.7352,0.46
4905,9.2115,-37.7352,0.46
4906,10.2073,-37.7352,0.46
4907,11.2032,-37.7352,0.46
4908,12.1990,-37.7352,0.46
4909,13.1949,-37.7352,0.46
4910,14.1907,-37.7352,0.46
4911,15.2221,-37.7352,0.46
4912,16.1824,-37.7352,0.46
4913,17.2138,-37.7352,0.46
4914,18.2096,-37.7352,0.46
4915,19.2055,-37.7352,0.46
4916,20.2013,-37.7352,0.46
4917,21.1971,-37.7352,0.46
4918,22.2285,-37.7352,0.46
4919,23.1888,-37.7352,0.46
4920,24.2202,-37.7352,0.46
4921,25.2161,-37.7352,0.46
4922,26.2119,-37.7352,0.46
4923,27.2077,-37.7352,0.46
4924,28.2036,-37.7352,0.46
4925,29.1994,-37.7352,0.46
4926,30.1953,-37.7352,0.46
