witness_qualified	witness_module	failure_class	error_message	reference_bare_name	selected_decl_module	selected_decl_params	candidate_decl_modules	scope_module_count	scope_ambiguous_bare_names
test.claim.accelerator_demo_execution_witness.accelerator_demo_execution_lane_witnesses	test.claim.accelerator_demo_execution_witness	undefined_variable	undefined variable: LocalAccelerator	LocalAccelerator				916	98
test.claim.accelerator_demo_model_witness.accelerator_demo_modeling_lane_witnesses	test.claim.accelerator_demo_model_witness	undefined_variable	undefined variable: LocalAccelerator	LocalAccelerator				910	97
test.claim.altra_contact_map_witness.w_ingested_contact_map_admits_at_declared_population	test.claim.altra_contact_map_witness	other	eval budget exceeded: 504ms thread-CPU > 500ms fast-lane budget (operator 5s rule 2026-07-12). This budget is enforced on THREAD CPU, not wall. RELOCATING THE FILE DOES NOT DISCHARGE IT: moving a witness under a long/ dir removes it from per-PR discovery without giving it an executing consumer, which deletes the coverage while retaining the source (the gunbc#7762 specimen behind the 2026-08-04 admission ruling). Either reduce the witness's cost, or enroll it in a lane that declares its own dated ceiling AND names the row as an executing consumer.					913	84
test.claim.altra_contact_map_witness.w_classified_population_cross_foots_pin_summary	test.claim.altra_contact_map_witness	other	exceeded Cpu budget (502ms elapsed against 500ms)					913	84
test.claim.altra_contact_map_witness.w_differential_pairs_are_complete_in_the_ingested_map	test.claim.altra_contact_map_witness	other	eval budget exceeded: 502ms thread-CPU > 500ms fast-lane budget (operator 5s rule 2026-07-12). This budget is enforced on THREAD CPU, not wall. RELOCATING THE FILE DOES NOT DISCHARGE IT: moving a witness under a long/ dir removes it from per-PR discovery without giving it an executing consumer, which deletes the coverage while retaining the source (the gunbc#7762 specimen behind the 2026-08-04 admission ruling). Either reduce the witness's cost, or enroll it in a lane that declares its own dated ceiling AND names the row as an executing consumer.					913	84
test.claim.artifact_store_witness.store_hit_and_stale_never_served_holds	test.claim.artifact_store_witness	call_contract_mismatch	call contract mismatch calling 'admitted': too many positional arguments: 2 supplied, 0 positional parameter(s) declared	admitted	test.claim.compute_board_pin_chain_witness		test.claim.compute_board_pin_chain_witness	906	59
test.claim.artifact_store_witness.store_budget_evicts_least_recent_counted_holds	test.claim.artifact_store_witness	call_contract_mismatch	call contract mismatch calling 'admitted': too many positional arguments: 2 supplied, 0 positional parameter(s) declared	admitted	test.claim.compute_board_pin_chain_witness		test.claim.compute_board_pin_chain_witness	906	59
test.claim.artifact_store_witness.store_no_eviction_under_budget_holds	test.claim.artifact_store_witness	call_contract_mismatch	call contract mismatch calling 'admitted': too many positional arguments: 2 supplied, 0 positional parameter(s) declared	admitted	test.claim.compute_board_pin_chain_witness		test.claim.compute_board_pin_chain_witness	906	59
test.claim.artifact_store_witness.store_put_oversized_artifact_preserves_warm_rows_holds	test.claim.artifact_store_witness	call_contract_mismatch	call contract mismatch calling 'admitted': too many positional arguments: 2 supplied, 0 positional parameter(s) declared	admitted	test.claim.compute_board_pin_chain_witness		test.claim.compute_board_pin_chain_witness	906	59
test.claim.artifact_store_witness.store_put_artifact_exactly_at_budget_is_admitted_holds	test.claim.artifact_store_witness	call_contract_mismatch	call contract mismatch calling 'admitted': too many positional arguments: 2 supplied, 0 positional parameter(s) declared	admitted	test.claim.compute_board_pin_chain_witness		test.claim.compute_board_pin_chain_witness	906	59
test.claim.board_part_land_pattern_witness.w_no_candidate_is_admissible_and_indexing_is_the_only_reason	test.claim.board_part_land_pattern_witness	other	non-exhaustive pattern match on: TerminalIndexingUnestablished { what_is_missing: the pin-one location, the numbering direction, the top-versus-bottom view convention the drawing is stated in, the terminal-to-land identity relation and the electrical role of any exposed pad, for package DBV0006A. None of those were transcribed and this repository carries no pin-map model to receive them, so this candidate cannot be admitted for footprint realization and a consumer cannot mistake matching counts and pitch for a known pin map }					928	63
test.claim.budget_tree_witness.witness_tree_conservation_recursive	test.claim.budget_tree_witness	call_contract_mismatch	call contract mismatch calling 'child_node': no parameter named 'cap' (declared: [name, b])	child_node	gunbc.fleet_host_budget	name, b	gunbc.fleet_host_budget|test.claim.budget_tree_witness|test.claim.roadmap_document|test.claim.roadmap_emit	910	83
test.claim.budget_tree_witness.witness_divide_once	test.claim.budget_tree_witness	call_contract_mismatch	call contract mismatch calling 'child_node': no parameter named 'cap' (declared: [name, b])	child_node	gunbc.fleet_host_budget	name, b	gunbc.fleet_host_budget|test.claim.budget_tree_witness|test.claim.roadmap_document|test.claim.roadmap_emit	910	83
test.claim.build_artifact_corruption_probe_witness.build_artifact_corruption_probe_holds	test.claim.build_artifact_corruption_probe_witness	other	type error: hermetic mode: no mock_response for operation IsExecutable — refusing to fabricate Unit					90	1
test.claim.build_artifact_corruption_probe_witness.witness_bin_readiness_arms_are_discriminating	test.claim.build_artifact_corruption_probe_witness	other	type error: hermetic mode: no mock_response for operation Dir — refusing to fabricate Unit					90	1
test.claim.ci_deploy_target_host_witness.witness_deploy_stage_pins_srv1_runner_label	test.claim.ci_deploy_target_host_witness	no_such_function	no such function: gunbc_ci_deploy_srv1_stage	gunbc_ci_deploy_srv1_stage				910	97
test.claim.ci_deploy_target_host_witness.witness_deploy_job_not_on_ubicloud_runner	test.claim.ci_deploy_target_host_witness	no_such_function	no such function: gunbc_ci_deploy_srv1_stage	gunbc_ci_deploy_srv1_stage				910	97
test.claim.ci_exclusion_proof.ci_exclusion_proof_sentinel	test.claim.ci_exclusion_proof	other	returned Bool(false)					910	97
test.claim.citation_cit1_witness.rfc_8118_anchor_cites_current_standard_not_3778	test.claim.citation_cit1_witness	other	returned Bool(false)					912	64
test.claim.citation_cit1_witness.iso_32000_2_is_further_citation	test.claim.citation_cit1_witness	other	returned Bool(false)					912	64
test.claim.citation_cit1_witness.project_navigable_uri_safe_refuses_when_base_carries_fragment	test.claim.citation_cit1_witness	other	returned Bool(false)					912	64
test.claim.commit_writer_heal_admission_real_execution.clean_staged_index_admits_by_real_execution	test.claim.commit_writer_heal_admission_real_execution	other	type error: hermetic mode: no mock_response for operation Dir — refusing to fabricate Unit					871	40
test.claim.commit_writer_heal_admission_real_execution.unmerged_index_with_no_markers_refuses_by_real_execution	test.claim.commit_writer_heal_admission_real_execution	other	type error: hermetic mode: no mock_response for operation Dir — refusing to fabricate Unit					871	40
test.claim.commit_writer_heal_admission_real_execution.unclaimed_text_blob_with_markers_refuses_red_control_by_real_execution	test.claim.commit_writer_heal_admission_real_execution	other	type error: hermetic mode: no mock_response for operation Dir — refusing to fabricate Unit					871	40
test.claim.commit_writer_heal_admission_real_execution.space_and_tab_named_paths_admit_by_real_execution	test.claim.commit_writer_heal_admission_real_execution	other	type error: hermetic mode: no mock_response for operation Dir — refusing to fabricate Unit					871	40
test.claim.compute_board_emission_entry_witness.w_the_production_article_emits_through_every_entry	test.claim.compute_board_emission_entry_witness	call_contract_mismatch	call contract mismatch calling 'emit_verilog': missing required argument 'emitted' (0 of 1 required argument(s) supplied)	emit_verilog	v2.test.claim.verilog_interlock_emission_test		product.compute_board.emission_entry|v2.test.claim.verilog_interlock_emission_test	927	58
test.claim.compute_board_physical_witness.w_a_coherent_placement_is_admitted	test.claim.compute_board_physical_witness	call_contract_mismatch	call contract mismatch calling 'admits': no parameter named 'placements' (declared: [coverage])	admits	test.claim.check_coverage_admission_witness	coverage	test.claim.altra_minimal_design_witness|test.claim.check_coverage_admission_witness|test.claim.compute_board_physical_witness|test.claim.compute_board_power_distribution_witness|test.claim.ice40_supply_witness|test.claim.spatial_knowledge_witness	905	57
test.claim.compute_board_physical_witness.w_a_part_that_does_not_fit_inside_the_outline_refuses	test.claim.compute_board_physical_witness	call_contract_mismatch	call contract mismatch calling 'refuses_naming': no parameter named 'placements' (declared: [assignments, wanted])	refuses_naming	test.claim.compute_board_pin_chain_witness	assignments, wanted	test.claim.altra_minimal_design_witness|test.claim.compute_board_physical_witness|test.claim.compute_board_pin_chain_witness|test.claim.compute_board_power_distribution_witness	905	57
test.claim.compute_board_physical_witness.w_two_parts_sharing_area_refuse	test.claim.compute_board_physical_witness	call_contract_mismatch	call contract mismatch calling 'refuses_naming': no parameter named 'placements' (declared: [assignments, wanted])	refuses_naming	test.claim.compute_board_pin_chain_witness	assignments, wanted	test.claim.altra_minimal_design_witness|test.claim.compute_board_physical_witness|test.claim.compute_board_pin_chain_witness|test.claim.compute_board_power_distribution_witness	905	57
test.claim.compute_board_physical_witness.w_touching_bodies_do_not_register_as_overlapping	test.claim.compute_board_physical_witness	call_contract_mismatch	call contract mismatch calling 'admits': no parameter named 'placements' (declared: [coverage])	admits	test.claim.check_coverage_admission_witness	coverage	test.claim.altra_minimal_design_witness|test.claim.check_coverage_admission_witness|test.claim.compute_board_physical_witness|test.claim.compute_board_power_distribution_witness|test.claim.ice40_supply_witness|test.claim.spatial_knowledge_witness	905	57
test.claim.compute_board_physical_witness.w_a_repeated_placement_identity_refuses	test.claim.compute_board_physical_witness	call_contract_mismatch	call contract mismatch calling 'refuses_naming': no parameter named 'placements' (declared: [assignments, wanted])	refuses_naming	test.claim.compute_board_pin_chain_witness	assignments, wanted	test.claim.altra_minimal_design_witness|test.claim.compute_board_physical_witness|test.claim.compute_board_pin_chain_witness|test.claim.compute_board_power_distribution_witness	905	57
test.claim.compute_board_physical_witness.w_a_placement_in_another_frame_refuses	test.claim.compute_board_physical_witness	call_contract_mismatch	call contract mismatch calling 'refuses_naming': no parameter named 'placements' (declared: [assignments, wanted])	refuses_naming	test.claim.compute_board_pin_chain_witness	assignments, wanted	test.claim.altra_minimal_design_witness|test.claim.compute_board_physical_witness|test.claim.compute_board_pin_chain_witness|test.claim.compute_board_power_distribution_witness	905	57
test.claim.compute_board_physical_witness.w_a_millimetre_board_frame_refuses	test.claim.compute_board_physical_witness	other	non-exhaustive pattern match on: BoardFrameIsNotSubMillimetre { frame: CoordinateFrameIdentity { occurrence: 13 } }					905	57
test.claim.compute_board_physical_witness.w_an_unregistered_board_frame_refuses_distinctly	test.claim.compute_board_physical_witness	other	non-exhaustive pattern match on: BoardFrameUnregistered { frame: CoordinateFrameIdentity { occurrence: 11 } }					905	57
test.claim.compute_board_pin_chain_witness.w_the_production_pin_constraints_emit_exact_bytes	test.claim.compute_board_pin_chain_witness	call_contract_mismatch	call contract mismatch calling 'project': no parameter named 'bindings' (declared: [obs, unit, linger])	project	test.claim.spark_serving_full_plan_witness_test	obs, unit, linger	test.claim.compute_board_pin_chain_witness|test.claim.compute_board_spice_projection_witness|test.claim.compute_board_verilog_projection_witness|test.claim.spark_serving_full_plan_witness_test	899	52
test.claim.compute_board_pin_chain_witness.w_a_respelled_port_moves_the_constraint_file	test.claim.compute_board_pin_chain_witness	call_contract_mismatch	call contract mismatch calling 'project': no parameter named 'bindings' (declared: [obs, unit, linger])	project	test.claim.spark_serving_full_plan_witness_test	obs, unit, linger	test.claim.compute_board_pin_chain_witness|test.claim.compute_board_spice_projection_witness|test.claim.compute_board_verilog_projection_witness|test.claim.spark_serving_full_plan_witness_test	899	52
test.claim.compute_board_readiness_witness.w_altra_contact_map_is_published_and_lands_in_design_family	test.claim.compute_board_readiness_witness	other	witness receipt wall budget exceeded: 501ms wall > 500ms whole-receipt budget (falsifier wet/silent-pick lane; kill-at-deadline)					37	0
test.claim.compute_board_spice_projection_witness.w_modelled_circuit_emits_expected_deck_bytes	test.claim.compute_board_spice_projection_witness	call_contract_mismatch	call contract mismatch calling 'project': no parameter named 'components' (declared: [obs, unit, linger])	project	test.claim.spark_serving_full_plan_witness_test	obs, unit, linger	test.claim.compute_board_pin_chain_witness|test.claim.compute_board_spice_projection_witness|test.claim.compute_board_verilog_projection_witness|test.claim.spark_serving_full_plan_witness_test	903	54
test.claim.compute_board_spice_projection_witness.w_one_perturbed_value_changes_the_deck	test.claim.compute_board_spice_projection_witness	call_contract_mismatch	call contract mismatch calling 'project': no parameter named 'components' (declared: [obs, unit, linger])	project	test.claim.spark_serving_full_plan_witness_test	obs, unit, linger	test.claim.compute_board_pin_chain_witness|test.claim.compute_board_spice_projection_witness|test.claim.compute_board_verilog_projection_witness|test.claim.spark_serving_full_plan_witness_test	903	54
test.claim.compute_board_spice_projection_witness.w_unmodelled_element_refuses_and_emits_nothing	test.claim.compute_board_spice_projection_witness	call_contract_mismatch	call contract mismatch calling 'project': no parameter named 'components' (declared: [obs, unit, linger])	project	test.claim.spark_serving_full_plan_witness_test	obs, unit, linger	test.claim.compute_board_pin_chain_witness|test.claim.compute_board_spice_projection_witness|test.claim.compute_board_verilog_projection_witness|test.claim.spark_serving_full_plan_witness_test	903	54
test.claim.compute_board_spice_projection_witness.w_model_standing_alone_decides_the_arm	test.claim.compute_board_spice_projection_witness	call_contract_mismatch	call contract mismatch calling 'project': no parameter named 'components' (declared: [obs, unit, linger])	project	test.claim.spark_serving_full_plan_witness_test	obs, unit, linger	test.claim.compute_board_pin_chain_witness|test.claim.compute_board_spice_projection_witness|test.claim.compute_board_verilog_projection_witness|test.claim.spark_serving_full_plan_witness_test	903	54
test.claim.compute_board_spice_projection_witness.w_vendor_subcircuit_refuses_rather_than_emitting_an_ideal_part	test.claim.compute_board_spice_projection_witness	call_contract_mismatch	call contract mismatch calling 'project': no parameter named 'components' (declared: [obs, unit, linger])	project	test.claim.spark_serving_full_plan_witness_test	obs, unit, linger	test.claim.compute_board_pin_chain_witness|test.claim.compute_board_spice_projection_witness|test.claim.compute_board_verilog_projection_witness|test.claim.spark_serving_full_plan_witness_test	903	54
test.claim.compute_board_spice_projection_witness.w_missing_binding_is_not_an_absent_model	test.claim.compute_board_spice_projection_witness	call_contract_mismatch	call contract mismatch calling 'project': no parameter named 'components' (declared: [obs, unit, linger])	project	test.claim.spark_serving_full_plan_witness_test	obs, unit, linger	test.claim.compute_board_pin_chain_witness|test.claim.compute_board_spice_projection_witness|test.claim.compute_board_verilog_projection_witness|test.claim.spark_serving_full_plan_witness_test	903	54
test.claim.compute_board_spice_projection_witness.w_duplicate_model_binding_refuses_in_either_order	test.claim.compute_board_spice_projection_witness	call_contract_mismatch	call contract mismatch calling 'project': no parameter named 'components' (declared: [obs, unit, linger])	project	test.claim.spark_serving_full_plan_witness_test	obs, unit, linger	test.claim.compute_board_pin_chain_witness|test.claim.compute_board_spice_projection_witness|test.claim.compute_board_verilog_projection_witness|test.claim.spark_serving_full_plan_witness_test	903	54
test.claim.compute_board_spice_projection_witness.w_same_circuit_without_the_extra_net_emits	test.claim.compute_board_spice_projection_witness	call_contract_mismatch	call contract mismatch calling 'project': no parameter named 'components' (declared: [obs, unit, linger])	project	test.claim.spark_serving_full_plan_witness_test	obs, unit, linger	test.claim.compute_board_pin_chain_witness|test.claim.compute_board_spice_projection_witness|test.claim.compute_board_verilog_projection_witness|test.claim.spark_serving_full_plan_witness_test	903	54
test.claim.compute_board_verilog_projection_witness.w_interlock_emits_exact_verilog_bytes	test.claim.compute_board_verilog_projection_witness	call_contract_mismatch	call contract mismatch calling 'project': no parameter named 'intent' (declared: [obs, unit, linger])	project	test.claim.spark_serving_full_plan_witness_test	obs, unit, linger	test.claim.compute_board_pin_chain_witness|test.claim.compute_board_spice_projection_witness|test.claim.compute_board_verilog_projection_witness|test.claim.spark_serving_full_plan_witness_test	903	55
test.claim.compute_board_verilog_projection_witness.w_fault_polarity_change_changes_emitted_bytes	test.claim.compute_board_verilog_projection_witness	call_contract_mismatch	call contract mismatch calling 'project': no parameter named 'intent' (declared: [obs, unit, linger])	project	test.claim.spark_serving_full_plan_witness_test	obs, unit, linger	test.claim.compute_board_pin_chain_witness|test.claim.compute_board_spice_projection_witness|test.claim.compute_board_verilog_projection_witness|test.claim.spark_serving_full_plan_witness_test	903	55
test.claim.compute_board_verilog_projection_witness.w_digital_change_is_confined_to_the_digital_projection	test.claim.compute_board_verilog_projection_witness	call_contract_mismatch	call contract mismatch calling 'project': no parameter named 'intent' (declared: [obs, unit, linger])	project	test.claim.spark_serving_full_plan_witness_test	obs, unit, linger	test.claim.compute_board_pin_chain_witness|test.claim.compute_board_spice_projection_witness|test.claim.compute_board_verilog_projection_witness|test.claim.spark_serving_full_plan_witness_test	903	55
test.claim.compute_board_verilog_projection_witness.w_reserved_word_spelling_refuses	test.claim.compute_board_verilog_projection_witness	call_contract_mismatch	call contract mismatch calling 'project': no parameter named 'intent' (declared: [obs, unit, linger])	project	test.claim.spark_serving_full_plan_witness_test	obs, unit, linger	test.claim.compute_board_pin_chain_witness|test.claim.compute_board_spice_projection_witness|test.claim.compute_board_verilog_projection_witness|test.claim.spark_serving_full_plan_witness_test	903	55
test.claim.compute_board_verilog_projection_witness.w_spelling_with_a_forbidden_character_refuses	test.claim.compute_board_verilog_projection_witness	call_contract_mismatch	call contract mismatch calling 'project': no parameter named 'intent' (declared: [obs, unit, linger])	project	test.claim.spark_serving_full_plan_witness_test	obs, unit, linger	test.claim.compute_board_pin_chain_witness|test.claim.compute_board_spice_projection_witness|test.claim.compute_board_verilog_projection_witness|test.claim.spark_serving_full_plan_witness_test	903	55
test.claim.compute_board_verilog_projection_witness.w_production_bindings_are_admitted	test.claim.compute_board_verilog_projection_witness	call_contract_mismatch	call contract mismatch calling 'project': no parameter named 'intent' (declared: [obs, unit, linger])	project	test.claim.spark_serving_full_plan_witness_test	obs, unit, linger	test.claim.compute_board_pin_chain_witness|test.claim.compute_board_spice_projection_witness|test.claim.compute_board_verilog_projection_witness|test.claim.spark_serving_full_plan_witness_test	903	55
test.claim.compute_board_verilog_projection_witness.w_duplicate_signal_binding_refuses_in_either_order	test.claim.compute_board_verilog_projection_witness	call_contract_mismatch	call contract mismatch calling 'project': no parameter named 'intent' (declared: [obs, unit, linger])	project	test.claim.spark_serving_full_plan_witness_test	obs, unit, linger	test.claim.compute_board_pin_chain_witness|test.claim.compute_board_spice_projection_witness|test.claim.compute_board_verilog_projection_witness|test.claim.spark_serving_full_plan_witness_test	903	55
test.claim.config_record_emit_witness.witness_manifest_knobs_space_separated	test.claim.config_record_emit_witness	no_such_function	no such function: manifest_record_knobs	manifest_record_knobs				911	97
test.claim.config_record_emit_witness.witness_same_fields_differ_across_knobs	test.claim.config_record_emit_witness	no_such_function	no such function: manifest_record_knobs	manifest_record_knobs				911	97
gunbc.test.claim.dag_arrow_lambda_witness_test.witness_single_param_lambda_parses	gunbc.test.claim.dag_arrow_lambda_witness_test	other	eval budget exceeded: 503ms thread-CPU > 500ms fast-lane budget (operator 5s rule 2026-07-12). This budget is enforced on THREAD CPU, not wall. RELOCATING THE FILE DOES NOT DISCHARGE IT: moving a witness under a long/ dir removes it from per-PR discovery without giving it an executing consumer, which deletes the coverage while retaining the source (the gunbc#7762 specimen behind the 2026-08-04 admission ruling). Either reduce the witness's cost, or enroll it in a lane that declares its own dated ceiling AND names the row as an executing consumer.					100	0
gunbc.test.claim.dag_arrow_lambda_witness_test.witness_multi_param_lambda_parses	gunbc.test.claim.dag_arrow_lambda_witness_test	other	eval budget exceeded: 501ms thread-CPU > 500ms fast-lane budget (operator 5s rule 2026-07-12). This budget is enforced on THREAD CPU, not wall. RELOCATING THE FILE DOES NOT DISCHARGE IT: moving a witness under a long/ dir removes it from per-PR discovery without giving it an executing consumer, which deletes the coverage while retaining the source (the gunbc#7762 specimen behind the 2026-08-04 admission ruling). Either reduce the witness's cost, or enroll it in a lane that declares its own dated ceiling AND names the row as an executing consumer.					100	0
gunbc.test.claim.dag_arrow_lambda_witness_test.witness_lambda_in_pipeline_parses	gunbc.test.claim.dag_arrow_lambda_witness_test	other	eval budget exceeded: 502ms thread-CPU > 500ms fast-lane budget (operator 5s rule 2026-07-12). This budget is enforced on THREAD CPU, not wall. RELOCATING THE FILE DOES NOT DISCHARGE IT: moving a witness under a long/ dir removes it from per-PR discovery without giving it an executing consumer, which deletes the coverage while retaining the source (the gunbc#7762 specimen behind the 2026-08-04 admission ruling). Either reduce the witness's cost, or enroll it in a lane that declares its own dated ceiling AND names the row as an executing consumer.					100	0
gunbc.test.claim.dag_arrow_lambda_witness_test.witness_authored_algebra_shape_parses	gunbc.test.claim.dag_arrow_lambda_witness_test	other	eval budget exceeded: 503ms thread-CPU > 500ms fast-lane budget (operator 5s rule 2026-07-12). This budget is enforced on THREAD CPU, not wall. RELOCATING THE FILE DOES NOT DISCHARGE IT: moving a witness under a long/ dir removes it from per-PR discovery without giving it an executing consumer, which deletes the coverage while retaining the source (the gunbc#7762 specimen behind the 2026-08-04 admission ruling). Either reduce the witness's cost, or enroll it in a lane that declares its own dated ceiling AND names the row as an executing consumer.					100	0
gunbc.test.claim.dag_arrow_lambda_witness_test.witness_lambda_block_body_parses	gunbc.test.claim.dag_arrow_lambda_witness_test	other	eval budget exceeded: 501ms thread-CPU > 500ms fast-lane budget (operator 5s rule 2026-07-12). This budget is enforced on THREAD CPU, not wall. RELOCATING THE FILE DOES NOT DISCHARGE IT: moving a witness under a long/ dir removes it from per-PR discovery without giving it an executing consumer, which deletes the coverage while retaining the source (the gunbc#7762 specimen behind the 2026-08-04 admission ruling). Either reduce the witness's cost, or enroll it in a lane that declares its own dated ceiling AND names the row as an executing consumer.					100	0
gunbc.test.claim.dag_arrow_lambda_witness_test.witness_match_arm_fat_arrow_unchanged	gunbc.test.claim.dag_arrow_lambda_witness_test	other	eval budget exceeded: 504ms thread-CPU > 500ms fast-lane budget (operator 5s rule 2026-07-12). This budget is enforced on THREAD CPU, not wall. RELOCATING THE FILE DOES NOT DISCHARGE IT: moving a witness under a long/ dir removes it from per-PR discovery without giving it an executing consumer, which deletes the coverage while retaining the source (the gunbc#7762 specimen behind the 2026-08-04 admission ruling). Either reduce the witness's cost, or enroll it in a lane that declares its own dated ceiling AND names the row as an executing consumer.					100	0
gunbc.test.claim.dag_arrow_lambda_witness_test.witness_named_arg_unchanged	gunbc.test.claim.dag_arrow_lambda_witness_test	other	eval budget exceeded: 501ms thread-CPU > 500ms fast-lane budget (operator 5s rule 2026-07-12). This budget is enforced on THREAD CPU, not wall. RELOCATING THE FILE DOES NOT DISCHARGE IT: moving a witness under a long/ dir removes it from per-PR discovery without giving it an executing consumer, which deletes the coverage while retaining the source (the gunbc#7762 specimen behind the 2026-08-04 admission ruling). Either reduce the witness's cost, or enroll it in a lane that declares its own dated ceiling AND names the row as an executing consumer.					100	0
gunbc.test.claim.dag_arrow_lambda_witness_test.witness_paren_arithmetic_unchanged	gunbc.test.claim.dag_arrow_lambda_witness_test	other	eval budget exceeded: 503ms thread-CPU > 500ms fast-lane budget (operator 5s rule 2026-07-12). This budget is enforced on THREAD CPU, not wall. RELOCATING THE FILE DOES NOT DISCHARGE IT: moving a witness under a long/ dir removes it from per-PR discovery without giving it an executing consumer, which deletes the coverage while retaining the source (the gunbc#7762 specimen behind the 2026-08-04 admission ruling). Either reduce the witness's cost, or enroll it in a lane that declares its own dated ceiling AND names the row as an executing consumer.					100	0
gunbc.test.claim.dag_arrow_lambda_witness_test.witness_sum_decl_unchanged	gunbc.test.claim.dag_arrow_lambda_witness_test	other	eval budget exceeded: 501ms thread-CPU > 500ms fast-lane budget (operator 5s rule 2026-07-12). This budget is enforced on THREAD CPU, not wall. RELOCATING THE FILE DOES NOT DISCHARGE IT: moving a witness under a long/ dir removes it from per-PR discovery without giving it an executing consumer, which deletes the coverage while retaining the source (the gunbc#7762 specimen behind the 2026-08-04 admission ruling). Either reduce the witness's cost, or enroll it in a lane that declares its own dated ceiling AND names the row as an executing consumer.					100	0
gunbc.test.claim.dag_arrow_lambda_witness_test.witness_missing_body_refuses_RED	gunbc.test.claim.dag_arrow_lambda_witness_test	other	eval budget exceeded: 501ms thread-CPU > 500ms fast-lane budget (operator 5s rule 2026-07-12). This budget is enforced on THREAD CPU, not wall. RELOCATING THE FILE DOES NOT DISCHARGE IT: moving a witness under a long/ dir removes it from per-PR discovery without giving it an executing consumer, which deletes the coverage while retaining the source (the gunbc#7762 specimen behind the 2026-08-04 admission ruling). Either reduce the witness's cost, or enroll it in a lane that declares its own dated ceiling AND names the row as an executing consumer.					100	0
gunbc.test.claim.dag_arrow_lambda_witness_test.witness_missing_param_refuses_RED	gunbc.test.claim.dag_arrow_lambda_witness_test	other	witness receipt wall budget exceeded: 501ms wall > 500ms whole-receipt budget (falsifier wet/silent-pick lane; kill-at-deadline)					100	0
gunbc.test.claim.dag_arrow_lambda_witness_test.witness_single_paren_param_refuses_RED	gunbc.test.claim.dag_arrow_lambda_witness_test	other	eval budget exceeded: 504ms thread-CPU > 500ms fast-lane budget (operator 5s rule 2026-07-12). This budget is enforced on THREAD CPU, not wall. RELOCATING THE FILE DOES NOT DISCHARGE IT: moving a witness under a long/ dir removes it from per-PR discovery without giving it an executing consumer, which deletes the coverage while retaining the source (the gunbc#7762 specimen behind the 2026-08-04 admission ruling). Either reduce the witness's cost, or enroll it in a lane that declares its own dated ceiling AND names the row as an executing consumer.					100	0
gunbc.test.claim.dag_arrow_lambda_witness_test.witness_zero_param_refuses_RED	gunbc.test.claim.dag_arrow_lambda_witness_test	other	eval budget exceeded: 502ms thread-CPU > 500ms fast-lane budget (operator 5s rule 2026-07-12). This budget is enforced on THREAD CPU, not wall. RELOCATING THE FILE DOES NOT DISCHARGE IT: moving a witness under a long/ dir removes it from per-PR discovery without giving it an executing consumer, which deletes the coverage while retaining the source (the gunbc#7762 specimen behind the 2026-08-04 admission ruling). Either reduce the witness's cost, or enroll it in a lane that declares its own dated ceiling AND names the row as an executing consumer.					100	0
gunbc.test.claim.dag_arrow_lambda_witness_test.witness_pre_repair_grammar_restores_the_RED	gunbc.test.claim.dag_arrow_lambda_witness_test	other	eval budget exceeded: 503ms thread-CPU > 500ms fast-lane budget (operator 5s rule 2026-07-12). This budget is enforced on THREAD CPU, not wall. RELOCATING THE FILE DOES NOT DISCHARGE IT: moving a witness under a long/ dir removes it from per-PR discovery without giving it an executing consumer, which deletes the coverage while retaining the source (the gunbc#7762 specimen behind the 2026-08-04 admission ruling). Either reduce the witness's cost, or enroll it in a lane that declares its own dated ceiling AND names the row as an executing consumer.					100	0
test.claim.dag_collect_fingerprint_witness_test.dag_collect_fingerprint_witness_keystone_holds	test.claim.dag_collect_fingerprint_witness_test	other	type error: hermetic mode: no mock_response for operation IsExecutable — refusing to fabricate Unit					915	97
test.claim.dag_compile_clean_perturb_receipts.perturb_optional_skew_fixture_red_holds	test.claim.dag_compile_clean_perturb_receipts	other	type error: hermetic mode: no mock_response for operation IsExecutable — refusing to fabricate Unit					93	1
test.claim.dag_compile_clean_perturb_receipts.perturb_unresolved_import_fixture_red_holds	test.claim.dag_compile_clean_perturb_receipts	other	type error: hermetic mode: no mock_response for operation IsExecutable — refusing to fabricate Unit					93	1
test.claim.dag_compile_clean_perturb_receipts.perturb_fixture_green_holds	test.claim.dag_compile_clean_perturb_receipts	other	type error: hermetic mode: no mock_response for operation IsExecutable — refusing to fabricate Unit					93	1
test.claim.dag_compile_clean_seam_witness.cross_shard_seam_preservation_holds_on_live_tree	test.claim.dag_compile_clean_seam_witness	other	type error: hermetic mode: no mock_response for operation IsExecutable — refusing to fabricate Unit					918	97
test.claim.dag_compile_clean_shard_a_witness.compile_clean_shard_a_exemplar_compile_green	test.claim.dag_compile_clean_shard_a_witness	other	type error: hermetic mode: no mock_response for operation IsExecutable — refusing to fabricate Unit					917	97
test.claim.decl_facts_initializer_projection_witness_test.decl_facts_reflection_data_ref_with_coproduct_type_is_not_variant_value	test.claim.decl_facts_initializer_projection_witness_test	other	eval budget exceeded: 2727ms thread-CPU > 500ms fast-lane budget (operator 5s rule 2026-07-12). This budget is enforced on THREAD CPU, not wall. RELOCATING THE FILE DOES NOT DISCHARGE IT: moving a witness under a long/ dir removes it from per-PR discovery without giving it an executing consumer, which deletes the coverage while retaining the source (the gunbc#7762 specimen behind the 2026-08-04 admission ruling). Either reduce the witness's cost, or enroll it in a lane that declares its own dated ceiling AND names the row as an executing consumer.					915	58
test.claim.decl_facts_initializer_projection_witness_test.decl_facts_reflection_imported_external_authority_positive_control	test.claim.decl_facts_initializer_projection_witness_test	other	eval budget exceeded: 2780ms thread-CPU > 500ms fast-lane budget (operator 5s rule 2026-07-12). This budget is enforced on THREAD CPU, not wall. RELOCATING THE FILE DOES NOT DISCHARGE IT: moving a witness under a long/ dir removes it from per-PR discovery without giving it an executing consumer, which deletes the coverage while retaining the source (the gunbc#7762 specimen behind the 2026-08-04 admission ruling). Either reduce the witness's cost, or enroll it in a lane that declares its own dated ceiling AND names the row as an executing consumer.					915	58
test.claim.decl_facts_initializer_projection_witness_test.decl_facts_reflection_two_unrelated_scaffold_arms_do_not_alias	test.claim.decl_facts_initializer_projection_witness_test	other	eval budget exceeded: 2778ms thread-CPU > 500ms fast-lane budget (operator 5s rule 2026-07-12). This budget is enforced on THREAD CPU, not wall. RELOCATING THE FILE DOES NOT DISCHARGE IT: moving a witness under a long/ dir removes it from per-PR discovery without giving it an executing consumer, which deletes the coverage while retaining the source (the gunbc#7762 specimen behind the 2026-08-04 admission ruling). Either reduce the witness's cost, or enroll it in a lane that declares its own dated ceiling AND names the row as an executing consumer.					915	58
test.claim.decl_facts_initializer_projection_witness_test.decl_facts_reflection_two_unrelated_shared_nullary_arms_do_not_alias	test.claim.decl_facts_initializer_projection_witness_test	other	eval budget exceeded: 2780ms thread-CPU > 500ms fast-lane budget (operator 5s rule 2026-07-12). This budget is enforced on THREAD CPU, not wall. RELOCATING THE FILE DOES NOT DISCHARGE IT: moving a witness under a long/ dir removes it from per-PR discovery without giving it an executing consumer, which deletes the coverage while retaining the source (the gunbc#7762 specimen behind the 2026-08-04 admission ruling). Either reduce the witness's cost, or enroll it in a lane that declares its own dated ceiling AND names the row as an executing consumer.					915	58
test.claim.decl_facts_initializer_projection_witness_test.decl_facts_reflection_disposition_scaffold_constructor_is_std_disposition	test.claim.decl_facts_initializer_projection_witness_test	other	eval budget exceeded: 2784ms thread-CPU > 500ms fast-lane budget (operator 5s rule 2026-07-12). This budget is enforced on THREAD CPU, not wall. RELOCATING THE FILE DOES NOT DISCHARGE IT: moving a witness under a long/ dir removes it from per-PR discovery without giving it an executing consumer, which deletes the coverage while retaining the source (the gunbc#7762 specimen behind the 2026-08-04 admission ruling). Either reduce the witness's cost, or enroll it in a lane that declares its own dated ceiling AND names the row as an executing consumer.					915	58
test.claim.decl_facts_initializer_projection_witness_test.decl_facts_reflection_terminal_vs_scaffold_constructors_distinct	test.claim.decl_facts_initializer_projection_witness_test	other	eval budget exceeded: 2775ms thread-CPU > 500ms fast-lane budget (operator 5s rule 2026-07-12). This budget is enforced on THREAD CPU, not wall. RELOCATING THE FILE DOES NOT DISCHARGE IT: moving a witness under a long/ dir removes it from per-PR discovery without giving it an executing consumer, which deletes the coverage while retaining the source (the gunbc#7762 specimen behind the 2026-08-04 admission ruling). Either reduce the witness's cost, or enroll it in a lane that declares its own dated ceiling AND names the row as an executing consumer.					915	58
test.claim.decl_facts_initializer_projection_witness_test.decl_facts_reflection_single_authority_vs_realization_dispatch_distinct	test.claim.decl_facts_initializer_projection_witness_test	other	eval budget exceeded: 2734ms thread-CPU > 500ms fast-lane budget (operator 5s rule 2026-07-12). This budget is enforced on THREAD CPU, not wall. RELOCATING THE FILE DOES NOT DISCHARGE IT: moving a witness under a long/ dir removes it from per-PR discovery without giving it an executing consumer, which deletes the coverage while retaining the source (the gunbc#7762 specimen behind the 2026-08-04 admission ruling). Either reduce the witness's cost, or enroll it in a lane that declares its own dated ceiling AND names the row as an executing consumer.					915	58
test.claim.decl_facts_initializer_projection_witness_test.decl_facts_reflection_whole_declaration_vs_named_field_field_grain	test.claim.decl_facts_initializer_projection_witness_test	other	eval budget exceeded: 2771ms thread-CPU > 500ms fast-lane budget (operator 5s rule 2026-07-12). This budget is enforced on THREAD CPU, not wall. RELOCATING THE FILE DOES NOT DISCHARGE IT: moving a witness under a long/ dir removes it from per-PR discovery without giving it an executing consumer, which deletes the coverage while retaining the source (the gunbc#7762 specimen behind the 2026-08-04 admission ruling). Either reduce the witness's cost, or enroll it in a lane that declares its own dated ceiling AND names the row as an executing consumer.					915	58
test.claim.decl_facts_initializer_projection_witness_test.decl_facts_reflection_scaffold_dissolves_to_resolves_single_authority	test.claim.decl_facts_initializer_projection_witness_test	other	eval budget exceeded: 2829ms thread-CPU > 500ms fast-lane budget (operator 5s rule 2026-07-12). This budget is enforced on THREAD CPU, not wall. RELOCATING THE FILE DOES NOT DISCHARGE IT: moving a witness under a long/ dir removes it from per-PR discovery without giving it an executing consumer, which deletes the coverage while retaining the source (the gunbc#7762 specimen behind the 2026-08-04 admission ruling). Either reduce the witness's cost, or enroll it in a lane that declares its own dated ceiling AND names the row as an executing consumer.					915	58
test.claim.decl_facts_initializer_projection_witness_test.decl_facts_reflection_closure_b_specimen_resolves_to_b_parent	test.claim.decl_facts_initializer_projection_witness_test	other	eval budget exceeded: 2879ms thread-CPU > 500ms fast-lane budget (operator 5s rule 2026-07-12). This budget is enforced on THREAD CPU, not wall. RELOCATING THE FILE DOES NOT DISCHARGE IT: moving a witness under a long/ dir removes it from per-PR discovery without giving it an executing consumer, which deletes the coverage while retaining the source (the gunbc#7762 specimen behind the 2026-08-04 admission ruling). Either reduce the witness's cost, or enroll it in a lane that declares its own dated ceiling AND names the row as an executing consumer.					915	58
test.claim.decl_facts_initializer_projection_witness_test.decl_facts_reflection_explicit_import_resolves_to_a_when_b_also_loaded	test.claim.decl_facts_initializer_projection_witness_test	other	eval budget exceeded: 2884ms thread-CPU > 500ms fast-lane budget (operator 5s rule 2026-07-12). This budget is enforced on THREAD CPU, not wall. RELOCATING THE FILE DOES NOT DISCHARGE IT: moving a witness under a long/ dir removes it from per-PR discovery without giving it an executing consumer, which deletes the coverage while retaining the source (the gunbc#7762 specimen behind the 2026-08-04 admission ruling). Either reduce the witness's cost, or enroll it in a lane that declares its own dated ceiling AND names the row as an executing consumer.					915	58
test.claim.decl_facts_initializer_projection_witness_test.decl_facts_reflection_explicit_import_does_not_resolve_to_b	test.claim.decl_facts_initializer_projection_witness_test	other	eval budget exceeded: 2881ms thread-CPU > 500ms fast-lane budget (operator 5s rule 2026-07-12). This budget is enforced on THREAD CPU, not wall. RELOCATING THE FILE DOES NOT DISCHARGE IT: moving a witness under a long/ dir removes it from per-PR discovery without giving it an executing consumer, which deletes the coverage while retaining the source (the gunbc#7762 specimen behind the 2026-08-04 admission ruling). Either reduce the witness's cost, or enroll it in a lane that declares its own dated ceiling AND names the row as an executing consumer.					915	58
test.claim.decl_facts_initializer_projection_witness_test.decl_facts_reflection_nullary_mechanism_projection_shape	test.claim.decl_facts_initializer_projection_witness_test	other	eval budget exceeded: 2813ms thread-CPU > 500ms fast-lane budget (operator 5s rule 2026-07-12). This budget is enforced on THREAD CPU, not wall. RELOCATING THE FILE DOES NOT DISCHARGE IT: moving a witness under a long/ dir removes it from per-PR discovery without giving it an executing consumer, which deletes the coverage while retaining the source (the gunbc#7762 specimen behind the 2026-08-04 admission ruling). Either reduce the witness's cost, or enroll it in a lane that declares its own dated ceiling AND names the row as an executing consumer.					915	58
test.claim.decl_facts_initializer_projection_witness_test.decl_fact_lookup_duplicate_qualified_identity_returns_ambiguous_both_candidates	test.claim.decl_facts_initializer_projection_witness_test	other	eval budget exceeded: 2830ms thread-CPU > 500ms fast-lane budget (operator 5s rule 2026-07-12). This budget is enforced on THREAD CPU, not wall. RELOCATING THE FILE DOES NOT DISCHARGE IT: moving a witness under a long/ dir removes it from per-PR discovery without giving it an executing consumer, which deletes the coverage while retaining the source (the gunbc#7762 specimen behind the 2026-08-04 admission ruling). Either reduce the witness's cost, or enroll it in a lane that declares its own dated ceiling AND names the row as an executing consumer.					915	58
test.claim.decl_facts_initializer_projection_witness_test.decl_facts_reflection_unimported_globally_unique_refuses_constructor_resolution	test.claim.decl_facts_initializer_projection_witness_test	other	eval budget exceeded: 2792ms thread-CPU > 500ms fast-lane budget (operator 5s rule 2026-07-12). This budget is enforced on THREAD CPU, not wall. RELOCATING THE FILE DOES NOT DISCHARGE IT: moving a witness under a long/ dir removes it from per-PR discovery without giving it an executing consumer, which deletes the coverage while retaining the source (the gunbc#7762 specimen behind the 2026-08-04 admission ruling). Either reduce the witness's cost, or enroll it in a lane that declares its own dated ceiling AND names the row as an executing consumer.					915	58
test.claim.decl_facts_initializer_projection_witness_test.decl_facts_reflection_lookup_missing_vs_present_fact_distinct	test.claim.decl_facts_initializer_projection_witness_test	other	eval budget exceeded: 2798ms thread-CPU > 500ms fast-lane budget (operator 5s rule 2026-07-12). This budget is enforced on THREAD CPU, not wall. RELOCATING THE FILE DOES NOT DISCHARGE IT: moving a witness under a long/ dir removes it from per-PR discovery without giving it an executing consumer, which deletes the coverage while retaining the source (the gunbc#7762 specimen behind the 2026-08-04 admission ruling). Either reduce the witness's cost, or enroll it in a lane that declares its own dated ceiling AND names the row as an executing consumer.					915	58
test.claim.decl_facts_initializer_projection_witness_test.decl_facts_reflection_refused_vs_not_variant_value_projections_distinct	test.claim.decl_facts_initializer_projection_witness_test	other	eval budget exceeded: 2813ms thread-CPU > 500ms fast-lane budget (operator 5s rule 2026-07-12). This budget is enforced on THREAD CPU, not wall. RELOCATING THE FILE DOES NOT DISCHARGE IT: moving a witness under a long/ dir removes it from per-PR discovery without giving it an executing consumer, which deletes the coverage while retaining the source (the gunbc#7762 specimen behind the 2026-08-04 admission ruling). Either reduce the witness's cost, or enroll it in a lane that declares its own dated ceiling AND names the row as an executing consumer.					915	58
test.claim.decl_facts_initializer_projection_witness_test.decl_facts_duplicate_qn_pool_declaration_lookup_per_candidate_is_unique	test.claim.decl_facts_initializer_projection_witness_test	other	eval budget exceeded: 2790ms thread-CPU > 500ms fast-lane budget (operator 5s rule 2026-07-12). This budget is enforced on THREAD CPU, not wall. RELOCATING THE FILE DOES NOT DISCHARGE IT: moving a witness under a long/ dir removes it from per-PR discovery without giving it an executing consumer, which deletes the coverage while retaining the source (the gunbc#7762 specimen behind the 2026-08-04 admission ruling). Either reduce the witness's cost, or enroll it in a lane that declares its own dated ceiling AND names the row as an executing consumer.					915	58
test.claim.decl_facts_reflection_witness_test.w_fixture_pool_decl_facts_nonempty	test.claim.decl_facts_reflection_witness_test	other	exceeded Cpu budget (2559ms elapsed against 500ms)					913	58
test.claim.decl_facts_reflection_witness_test.w_outer_record_constructor_scaffold_lexeme_surfaces	test.claim.decl_facts_reflection_witness_test	other	eval budget exceeded: 2886ms thread-CPU > 500ms fast-lane budget (operator 5s rule 2026-07-12). This budget is enforced on THREAD CPU, not wall. RELOCATING THE FILE DOES NOT DISCHARGE IT: moving a witness under a long/ dir removes it from per-PR discovery without giving it an executing consumer, which deletes the coverage while retaining the source (the gunbc#7762 specimen behind the 2026-08-04 admission ruling). Either reduce the witness's cost, or enroll it in a lane that declares its own dated ceiling AND names the row as an executing consumer.					913	58
test.claim.decl_facts_reflection_witness_test.w_outer_record_constructor_terminal_lexeme_surfaces	test.claim.decl_facts_reflection_witness_test	other	eval budget exceeded: 2814ms thread-CPU > 500ms fast-lane budget (operator 5s rule 2026-07-12). This budget is enforced on THREAD CPU, not wall. RELOCATING THE FILE DOES NOT DISCHARGE IT: moving a witness under a long/ dir removes it from per-PR discovery without giving it an executing consumer, which deletes the coverage while retaining the source (the gunbc#7762 specimen behind the 2026-08-04 admission ruling). Either reduce the witness's cost, or enroll it in a lane that declares its own dated ceiling AND names the row as an executing consumer.					913	58
test.claim.decl_facts_reflection_witness_test.w_declaration_ref_bind_fields_surface_in_scaffold_specimen	test.claim.decl_facts_reflection_witness_test	other	eval budget exceeded: 2807ms thread-CPU > 500ms fast-lane budget (operator 5s rule 2026-07-12). This budget is enforced on THREAD CPU, not wall. RELOCATING THE FILE DOES NOT DISCHARGE IT: moving a witness under a long/ dir removes it from per-PR discovery without giving it an executing consumer, which deletes the coverage while retaining the source (the gunbc#7762 specimen behind the 2026-08-04 admission ruling). Either reduce the witness's cost, or enroll it in a lane that declares its own dated ceiling AND names the row as an executing consumer.					913	58
test.claim.decl_facts_reflection_witness_test.w_named_field_declaration_ref_surfaces	test.claim.decl_facts_reflection_witness_test	other	eval budget exceeded: 2795ms thread-CPU > 500ms fast-lane budget (operator 5s rule 2026-07-12). This budget is enforced on THREAD CPU, not wall. RELOCATING THE FILE DOES NOT DISCHARGE IT: moving a witness under a long/ dir removes it from per-PR discovery without giving it an executing consumer, which deletes the coverage while retaining the source (the gunbc#7762 specimen behind the 2026-08-04 admission ruling). Either reduce the witness's cost, or enroll it in a lane that declares its own dated ceiling AND names the row as an executing consumer.					913	58
test.claim.decl_facts_reflection_witness_test.w_plain_int_specimen_has_no_coproduct_constructor_lexemes	test.claim.decl_facts_reflection_witness_test	other	eval budget exceeded: 2813ms thread-CPU > 500ms fast-lane budget (operator 5s rule 2026-07-12). This budget is enforced on THREAD CPU, not wall. RELOCATING THE FILE DOES NOT DISCHARGE IT: moving a witness under a long/ dir removes it from per-PR discovery without giving it an executing consumer, which deletes the coverage while retaining the source (the gunbc#7762 specimen behind the 2026-08-04 admission ruling). Either reduce the witness's cost, or enroll it in a lane that declares its own dated ceiling AND names the row as an executing consumer.					913	58
test.claim.decl_facts_reflection_witness_test.w_nullary_variant_value_absent_without_infer_stamping_top_level	test.claim.decl_facts_reflection_witness_test	other	eval budget exceeded: 2799ms thread-CPU > 500ms fast-lane budget (operator 5s rule 2026-07-12). This budget is enforced on THREAD CPU, not wall. RELOCATING THE FILE DOES NOT DISCHARGE IT: moving a witness under a long/ dir removes it from per-PR discovery without giving it an executing consumer, which deletes the coverage while retaining the source (the gunbc#7762 specimen behind the 2026-08-04 admission ruling). Either reduce the witness's cost, or enroll it in a lane that declares its own dated ceiling AND names the row as an executing consumer.					913	58
test.claim.decl_facts_reflection_witness_test.w_nullary_variant_value_absent_without_infer_stamping_nested	test.claim.decl_facts_reflection_witness_test	other	eval budget exceeded: 2751ms thread-CPU > 500ms fast-lane budget (operator 5s rule 2026-07-12). This budget is enforced on THREAD CPU, not wall. RELOCATING THE FILE DOES NOT DISCHARGE IT: moving a witness under a long/ dir removes it from per-PR discovery without giving it an executing consumer, which deletes the coverage while retaining the source (the gunbc#7762 specimen behind the 2026-08-04 admission ruling). Either reduce the witness's cost, or enroll it in a lane that declares its own dated ceiling AND names the row as an executing consumer.					913	58
test.claim.decl_facts_reflection_witness_test.w_fn_body_param_reference_does_not_gain_constructor_lexemes	test.claim.decl_facts_reflection_witness_test	other	eval budget exceeded: 2785ms thread-CPU > 500ms fast-lane budget (operator 5s rule 2026-07-12). This budget is enforced on THREAD CPU, not wall. RELOCATING THE FILE DOES NOT DISCHARGE IT: moving a witness under a long/ dir removes it from per-PR discovery without giving it an executing consumer, which deletes the coverage while retaining the source (the gunbc#7762 specimen behind the 2026-08-04 admission ruling). Either reduce the witness's cost, or enroll it in a lane that declares its own dated ceiling AND names the row as an executing consumer.					913	58
test.claim.decl_facts_reflection_witness_test.w_fn_body_local_bindings_do_not_gain_constructor_lexemes	test.claim.decl_facts_reflection_witness_test	other	eval budget exceeded: 2811ms thread-CPU > 500ms fast-lane budget (operator 5s rule 2026-07-12). This budget is enforced on THREAD CPU, not wall. RELOCATING THE FILE DOES NOT DISCHARGE IT: moving a witness under a long/ dir removes it from per-PR discovery without giving it an executing consumer, which deletes the coverage while retaining the source (the gunbc#7762 specimen behind the 2026-08-04 admission ruling). Either reduce the witness's cost, or enroll it in a lane that declares its own dated ceiling AND names the row as an executing consumer.					913	58
test.claim.deploy_access_privilege_witness.witness_privileged_fixture_surfaces_stdout	test.claim.deploy_access_privilege_witness	other	returned Bool(false)					910	97
test.claim.design_argument_witness.design_s1_argument_form_is_valid	test.claim.design_argument_witness	no_such_function	no such function: design_section_1_argument	design_section_1_argument				911	97
test.claim.design_argument_witness.design_s1_argument_is_non_vacuous	test.claim.design_argument_witness	no_such_function	no such function: design_section_1_argument	design_section_1_argument				911	97
test.claim.design_argument_witness.design_full_argument_form_is_valid	test.claim.design_argument_witness	no_such_function	no such function: design_argument	design_argument				911	97
test.claim.design_argument_witness.design_full_argument_has_no_orphan	test.claim.design_argument_witness	no_such_function	no such function: design_argument	design_argument				911	97
test.claim.design_argument_witness.design_full_argument_is_acyclic	test.claim.design_argument_witness	no_such_function	no such function: design_argument	design_argument				911	97
test.claim.design_argument_witness.design_full_argument_axiom_set_is_closed	test.claim.design_argument_witness	no_such_function	no such function: design_argument	design_argument				911	97
test.claim.design_argument_witness.orphan_is_detected	test.claim.design_argument_witness	no_such_function	no such function: design_axioms	design_axioms				911	97
test.claim.design_argument_witness.cycle_is_detected	test.claim.design_argument_witness	no_such_function	no such function: design_axioms	design_axioms				911	97
test.claim.design_argument_witness.smuggled_axiom_is_detected	test.claim.design_argument_witness	no_such_function	no such function: design_axioms	design_axioms				911	97
test.claim.devboot_reuse_seams_witness.a_record_holding_exactly_this_subject_matches	test.claim.devboot_reuse_seams_witness	call_contract_mismatch	call contract mismatch calling 'first_refusal': no parameter named 'left' (declared: [intent, bindings])	first_refusal	product.compute_board.spice_projection	intent, bindings	gunbc.devboot.subject|product.compute_board.spice_projection	909	60
test.claim.devboot_reuse_seams_witness.a_record_whose_subject_extends_this_one_refuses	test.claim.devboot_reuse_seams_witness	call_contract_mismatch	call contract mismatch calling 'first_refusal': no parameter named 'left' (declared: [intent, bindings])	first_refusal	product.compute_board.spice_projection	intent, bindings	gunbc.devboot.subject|product.compute_board.spice_projection	909	60
test.claim.devboot_reuse_seams_witness.a_record_for_a_different_profile_refuses	test.claim.devboot_reuse_seams_witness	call_contract_mismatch	call contract mismatch calling 'first_refusal': no parameter named 'left' (declared: [intent, bindings])	first_refusal	product.compute_board.spice_projection	intent, bindings	gunbc.devboot.subject|product.compute_board.spice_projection	909	60
test.claim.devboot_reuse_seams_witness.an_empty_record_refuses	test.claim.devboot_reuse_seams_witness	call_contract_mismatch	call contract mismatch calling 'first_refusal': no parameter named 'left' (declared: [intent, bindings])	first_refusal	product.compute_board.spice_projection	intent, bindings	gunbc.devboot.subject|product.compute_board.spice_projection	909	60
test.claim.devboot_subject_identity_witness.an_unconstructable_digest_satisfies_neither_polarity	test.claim.devboot_subject_identity_witness	call_contract_mismatch	call contract mismatch calling 'first_refusal': no parameter named 'left' (declared: [intent, bindings])	first_refusal	product.compute_board.spice_projection	intent, bindings	gunbc.devboot.subject|product.compute_board.spice_projection	891	46
test.claim.devboot_subject_identity_witness.identical_subjects_share_one_digest	test.claim.devboot_subject_identity_witness	call_contract_mismatch	call contract mismatch calling 'first_refusal': no parameter named 'left' (declared: [intent, bindings])	first_refusal	product.compute_board.spice_projection	intent, bindings	gunbc.devboot.subject|product.compute_board.spice_projection	891	46
test.claim.devboot_subject_identity_witness.different_trees_never_collide	test.claim.devboot_subject_identity_witness	call_contract_mismatch	call contract mismatch calling 'first_refusal': no parameter named 'left' (declared: [intent, bindings])	first_refusal	product.compute_board.spice_projection	intent, bindings	gunbc.devboot.subject|product.compute_board.spice_projection	891	46
test.claim.devboot_subject_identity_witness.gnu_and_musl_are_different_subjects	test.claim.devboot_subject_identity_witness	call_contract_mismatch	call contract mismatch calling 'first_refusal': no parameter named 'left' (declared: [intent, bindings])	first_refusal	product.compute_board.spice_projection	intent, bindings	gunbc.devboot.subject|product.compute_board.spice_projection	891	46
test.claim.devboot_subject_identity_witness.features_participate_in_identity	test.claim.devboot_subject_identity_witness	call_contract_mismatch	call contract mismatch calling 'first_refusal': no parameter named 'left' (declared: [intent, bindings])	first_refusal	product.compute_board.spice_projection	intent, bindings	gunbc.devboot.subject|product.compute_board.spice_projection	891	46
test.claim.devboot_subject_identity_witness.the_product_being_built_participates_in_identity	test.claim.devboot_subject_identity_witness	call_contract_mismatch	call contract mismatch calling 'first_refusal': no parameter named 'left' (declared: [intent, bindings])	first_refusal	product.compute_board.spice_projection	intent, bindings	gunbc.devboot.subject|product.compute_board.spice_projection	891	46
test.claim.devboot_subject_identity_witness.build_environment_participates_in_identity	test.claim.devboot_subject_identity_witness	call_contract_mismatch	call contract mismatch calling 'first_refusal': no parameter named 'left' (declared: [intent, bindings])	first_refusal	product.compute_board.spice_projection	intent, bindings	gunbc.devboot.subject|product.compute_board.spice_projection	891	46
test.claim.devboot_subject_identity_witness.duplicate_feature_refuses	test.claim.devboot_subject_identity_witness	call_contract_mismatch	call contract mismatch calling 'first_refusal': no parameter named 'left' (declared: [intent, bindings])	first_refusal	product.compute_board.spice_projection	intent, bindings	gunbc.devboot.subject|product.compute_board.spice_projection	891	46
test.claim.devboot_subject_identity_witness.empty_feature_name_refuses	test.claim.devboot_subject_identity_witness	call_contract_mismatch	call contract mismatch calling 'first_refusal': no parameter named 'left' (declared: [intent, bindings])	first_refusal	product.compute_board.spice_projection	intent, bindings	gunbc.devboot.subject|product.compute_board.spice_projection	891	46
test.claim.devboot_subject_identity_witness.every_required_string_is_refused_when_empty	test.claim.devboot_subject_identity_witness	call_contract_mismatch	call contract mismatch calling 'first_refusal': no parameter named 'left' (declared: [intent, bindings])	first_refusal	product.compute_board.spice_projection	intent, bindings	gunbc.devboot.subject|product.compute_board.spice_projection	891	46
test.claim.devboot_subject_identity_witness.a_record_built_for_another_subject_is_refused_even_when_bytes_are_available	test.claim.devboot_subject_identity_witness	call_contract_mismatch	call contract mismatch calling 'first_refusal': no parameter named 'left' (declared: [intent, bindings])	first_refusal	product.compute_board.spice_projection	intent, bindings	gunbc.devboot.subject|product.compute_board.spice_projection	891	46
test.claim.devboot_subject_identity_witness.a_record_built_for_the_request_reuses_when_bytes_are_available	test.claim.devboot_subject_identity_witness	call_contract_mismatch	call contract mismatch calling 'first_refusal': no parameter named 'left' (declared: [intent, bindings])	first_refusal	product.compute_board.spice_projection	intent, bindings	gunbc.devboot.subject|product.compute_board.spice_projection	891	46
test.claim.devboot_subject_identity_witness.a_matching_record_without_bytes_does_not_reuse	test.claim.devboot_subject_identity_witness	call_contract_mismatch	call contract mismatch calling 'first_refusal': no parameter named 'left' (declared: [intent, bindings])	first_refusal	product.compute_board.spice_projection	intent, bindings	gunbc.devboot.subject|product.compute_board.spice_projection	891	46
test.claim.devboot_subject_identity_witness.produced_yesterday_with_missing_bytes_today_is_representable	test.claim.devboot_subject_identity_witness	call_contract_mismatch	call contract mismatch calling 'first_refusal': no parameter named 'left' (declared: [intent, bindings])	first_refusal	product.compute_board.spice_projection	intent, bindings	gunbc.devboot.subject|product.compute_board.spice_projection	891	46
test.claim.devboot_subject_identity_witness.only_observed_available_bytes_permit_retrieval	test.claim.devboot_subject_identity_witness	call_contract_mismatch	call contract mismatch calling 'first_refusal': no parameter named 'left' (declared: [intent, bindings])	first_refusal	product.compute_board.spice_projection	intent, bindings	gunbc.devboot.subject|product.compute_board.spice_projection	891	46
test.claim.devboot_subject_identity_witness.a_failed_build_never_reports_retrievable	test.claim.devboot_subject_identity_witness	call_contract_mismatch	call contract mismatch calling 'first_refusal': no parameter named 'left' (declared: [intent, bindings])	first_refusal	product.compute_board.spice_projection	intent, bindings	gunbc.devboot.subject|product.compute_board.spice_projection	891	46
test.claim.diagnostics_test.diagnostics_import_resolution_holds	test.claim.diagnostics_test	other	type error: hermetic mode: no mock_response for operation IsExecutable — refusing to fabricate Unit					87	0
test.claim.diagnostics_test.diagnostics_reexport_surface_holds	test.claim.diagnostics_test	other	type error: hermetic mode: no mock_response for operation IsExecutable — refusing to fabricate Unit					87	0
test.claim.diagnostics_test.diagnostics_type_and_arity_holds	test.claim.diagnostics_test	other	type error: hermetic mode: no mock_response for operation IsExecutable — refusing to fabricate Unit					87	0
test.claim.diagnostics_test.diagnostics_empty_list_context_holds	test.claim.diagnostics_test	other	type error: hermetic mode: no mock_response for operation IsExecutable — refusing to fabricate Unit					87	0
test.claim.diagnostics_test.diagnostics_constructor_owner_walls_hold	test.claim.diagnostics_test	other	type error: hermetic mode: no mock_response for operation IsExecutable — refusing to fabricate Unit					87	0
test.claim.diagnostics_test.diagnostics_record_field_walls_hold	test.claim.diagnostics_test	other	type error: hermetic mode: no mock_response for operation IsExecutable — refusing to fabricate Unit					87	0
test.claim.dissolution_census_witness_test.unbound_dissolution_nonempty_literal_accepts	test.claim.dissolution_census_witness_test	other	exceeded Cpu budget (955ms elapsed against 500ms)					917	55
test.claim.e0308_mechanical_trio_test.string_length_call_borrows_string_arg	test.claim.e0308_mechanical_trio_test	other	exceeded Cpu budget (795ms elapsed against 500ms)					1	0
test.claim.e0308_mechanical_trio_test.list_slice_emits_usize_range_bounds	test.claim.e0308_mechanical_trio_test	other	exceeded Cpu budget (794ms elapsed against 500ms)					1	0
test.claim.e0308_mechanical_trio_test.skip_first_emits_iter_skip_next	test.claim.e0308_mechanical_trio_test	other	exceeded Cpu budget (777ms elapsed against 500ms)					1	0
test.claim.e0308_mechanical_trio_test.unit_return_discards_optional_tail	test.claim.e0308_mechanical_trio_test	other	exceeded Cpu budget (774ms elapsed against 500ms)					1	0
test.claim.e0308_mechanical_trio_test.red_string_length_unborrowed_arg_is_absent	test.claim.e0308_mechanical_trio_test	other	exceeded Cpu budget (782ms elapsed against 500ms)					1	0
test.claim.e0308_mechanical_trio_test.red_list_slice_bare_integer_range_is_absent	test.claim.e0308_mechanical_trio_test	other	exceeded Cpu budget (764ms elapsed against 500ms)					1	0
test.claim.e0308_mechanical_trio_test.red_skip_first_direct_index_is_absent	test.claim.e0308_mechanical_trio_test	other	exceeded Cpu budget (790ms elapsed against 500ms)					1	0
test.claim.e0308_mechanical_trio_test.red_skip_first_option_cloned_tail_is_absent	test.claim.e0308_mechanical_trio_test	other	exceeded Cpu budget (777ms elapsed against 500ms)					1	0
test.claim.e0308_mechanical_trio_test.red_planted_optional_return_refuses_unit_witness	test.claim.e0308_mechanical_trio_test	other	exceeded Cpu budget (772ms elapsed against 500ms)					1	0
test.claim.ebay_listing_witness.witness_default_listing_policy_targets_us_marketplace	test.claim.ebay_listing_witness	no_such_function	no such function: default_marketplace	default_marketplace				915	97
test.claim.effects_rest_transport_parse_witness_test.effects_rest_transport_parse_keystone_holds	test.claim.effects_rest_transport_parse_witness_test	other	type error: hermetic mode: no mock_response for operation IsExecutable — refusing to fabricate Unit					915	97
test.claim.emit_host_gate_witness.w_rust_fixture_nonempty	test.claim.emit_host_gate_witness	no_such_function	no such function: rust_stdout_fixture_source	rust_stdout_fixture_source				910	97
test.claim.emit_host_gate_witness.w_python_fixture_nonempty	test.claim.emit_host_gate_witness	no_such_function	no such function: python_stdout_fixture_source	python_stdout_fixture_source				910	97
test.claim.emit_host_gate_witness.w_go_fixture_nonempty	test.claim.emit_host_gate_witness	no_such_function	no such function: go_stdout_fixture_source	go_stdout_fixture_source				910	97
test.claim.emit_host_gate_witness.w_ts_fixture_nonempty	test.claim.emit_host_gate_witness	no_such_function	no such function: ts_host_fixture_source	ts_host_fixture_source				910	97
test.claim.emit_host_gate_witness.w_byte_count_is_five	test.claim.emit_host_gate_witness	no_such_function	no such function: stdout_byte_count	stdout_byte_count				910	97
test.claim.emit_host_gate_witness.w_ts_byte_count_is_four	test.claim.emit_host_gate_witness	no_such_function	no such function: ts_signed_i32_le_byte_count	ts_signed_i32_le_byte_count				910	97
test.claim.emit_host_typed_smoke_test.emit_host_content_equality_discriminates_count_identical_bytes_holds	test.claim.emit_host_typed_smoke_test	other	type error: hermetic mode: no mock_response for operation Dir — refusing to fabricate Unit					934	98
test.claim.emitted_lib_rs_module_declaration_witness_test.small_crate_lib_rs_omits_unemitted_dispatch_module	test.claim.emitted_lib_rs_module_declaration_witness_test	other	exceeded Cpu budget (830ms elapsed against 500ms)					910	98
test.claim.emitted_lib_rs_module_declaration_witness_test.small_crate_lib_rs_declares_its_own_emitted_module	test.claim.emitted_lib_rs_module_declaration_witness_test	other	exceeded Cpu budget (829ms elapsed against 500ms)					910	98
test.claim.emitted_lib_rs_module_declaration_witness_test.partial_crate_declares_macro_provider_before_ordinary_modules	test.claim.emitted_lib_rs_module_declaration_witness_test	other	exceeded Cpu budget (818ms elapsed against 500ms)					910	98
test.claim.emitter_nested_refinement_cast_witness_test.single_refinement_carrier_emits_no_unsupported_cast	test.claim.emitter_nested_refinement_cast_witness_test	other	exceeded Cpu budget (832ms elapsed against 500ms)					910	98
test.claim.emitter_nested_refinement_cast_witness_test.nested_refinement_carrier_deficit_remains_observable	test.claim.emitter_nested_refinement_cast_witness_test	other	exceeded Cpu budget (835ms elapsed against 500ms)					910	98
test.claim.emitter_optional_payload_cast_witness_test.user_defined_present_inside_optional_returning_fn_is_unaffected	test.claim.emitter_optional_payload_cast_witness_test	other	exceeded Cpu budget (841ms elapsed against 500ms)					910	98
test.claim.emitter_optional_payload_cast_witness_test.optional_payload_cast_lowers_to_some	test.claim.emitter_optional_payload_cast_witness_test	other	exceeded Cpu budget (825ms elapsed against 500ms)					910	98
test.claim.emitter_optional_payload_cast_witness_test.plain_return_with_cast_lowers_to_some	test.claim.emitter_optional_payload_cast_witness_test	other	exceeded Cpu budget (833ms elapsed against 500ms)					910	98
test.claim.emitter_optional_payload_cast_witness_test.hoisted_cast_lowers_to_some	test.claim.emitter_optional_payload_cast_witness_test	other	exceeded Cpu budget (826ms elapsed against 500ms)					910	98
test.claim.emitter_optional_payload_cast_witness_test.refined_return_without_cast_lowers_to_some	test.claim.emitter_optional_payload_cast_witness_test	other	exceeded Cpu budget (838ms elapsed against 500ms)					910	98
test.claim.emitter_optional_payload_cast_witness_test.user_enum_cast_payload_keeps_variant_name	test.claim.emitter_optional_payload_cast_witness_test	other	exceeded Cpu budget (843ms elapsed against 500ms)					910	98
test.claim.emitter_optional_payload_cast_witness_test.user_defined_present_variant_is_unaffected	test.claim.emitter_optional_payload_cast_witness_test	other	exceeded Cpu budget (830ms elapsed against 500ms)					910	98
test.claim.emitter_optional_present_branded_scalar_witness_test.present_branded_scalar_cast_emits_some_not_optional_string	test.claim.emitter_optional_present_branded_scalar_witness_test	other	exceeded Cpu budget (828ms elapsed against 500ms)					910	98
test.claim.exact_witness_admission_witness.no_batch_mixes_a_pre_verdict_row_with_an_assertion_false_row	test.claim.exact_witness_admission_witness	other	returned Bool(false)					284	0
test.claim.exact_witness_admission_witness.both_red_expectations_are_known_red_but_only_one_expects_a_pre_verdict_refusal	test.claim.exact_witness_admission_witness	other	returned Bool(false)					284	0
test.claim.extdeps_scope_placement_gate_loudness_witness.red_seed_runner_failure_detail_projects_located_receipt	test.claim.extdeps_scope_placement_gate_loudness_witness	other	exceeded Cpu budget (80356ms elapsed against 500ms)					927	14
test.claim.fleet_convergence_verdict_witness.live_fleet_is_not_converged_and_unobserved_cells_are_counted	test.claim.fleet_convergence_verdict_witness	other	non-exhaustive pattern match on: null					767	10
test.claim.fleet_convergence_verdict_witness.knob_receipts_alone_cannot_converge_the_fleet	test.claim.fleet_convergence_verdict_witness	other	non-exhaustive pattern match on: null					767	10
test.claim.fleet_receipt_collector_witness.witness_partial_collection_never_yields_fleet_converged	test.claim.fleet_receipt_collector_witness	other	non-exhaustive pattern match on: null					925	98
test.claim.fleet_runner_connectivity_witness.detached_count_matches_offline_registrations_on_active_slots	test.claim.fleet_runner_connectivity_witness	other	non-exhaustive pattern match on: SlotConnectivityHealthy { slot: RunnerSlotIdentity { host: srv1, slot_index: 1 }, registration_id: 1 }					367	0
test.claim.fleet_runner_connectivity_witness.healthy_count_is_one_and_orphaned_count_is_four	test.claim.fleet_runner_connectivity_witness	other	non-exhaustive pattern match on: SlotConnectivityHealthy { slot: RunnerSlotIdentity { host: srv1, slot_index: 1 }, registration_id: 1 }					367	0
test.claim.g2_data_reference_under_selection_witness_test.specimen_classifies_as_runtime_read	test.claim.g2_data_reference_under_selection_witness_test	no_such_function	no such function: fn_arrow_decl_facts_live	fn_arrow_decl_facts_live				89	0
test.claim.g2_data_reference_under_selection_witness_test.specimen_does_not_classify_as_local_read	test.claim.g2_data_reference_under_selection_witness_test	no_such_function	no such function: fn_arrow_decl_facts_live	fn_arrow_decl_facts_live				89	0
test.claim.generated_artifact_merge_driver_real_execution.divergent_generated_artifact_merge_refuses_by_real_execution	test.claim.generated_artifact_merge_driver_real_execution	other	type error: hermetic mode: no mock_response for operation Dir — refusing to fabricate Unit					838	16
test.claim.generated_artifact_merge_driver_real_execution.divergent_generated_artifact_merge_under_true_driver_silently_drops_theirs_red_control_by_real_execution	test.claim.generated_artifact_merge_driver_real_execution	other	type error: hermetic mode: no mock_response for operation Dir — refusing to fabricate Unit					838	16
test.claim.generated_artifact_merge_driver_real_execution.one_sided_generated_artifact_change_merges_clean_by_real_execution	test.claim.generated_artifact_merge_driver_real_execution	other	type error: hermetic mode: no mock_response for operation Dir — refusing to fabricate Unit					838	16
test.claim.go_module_versioning_witness.w_go_manifest_file	test.claim.go_module_versioning_witness	no_such_function	no such function: go_manifest_file	go_manifest_file				911	97
test.claim.hand_lens_host_bridge_scaffold_watchdog.hand_lens_host_bridge_scaffold_roster_tracks_5364_dissolution	test.claim.hand_lens_host_bridge_scaffold_watchdog	no_such_function	no such function: transport_script_position_host_bridge_dissolution_trigger	transport_script_position_host_bridge_dissolution_trigger				911	97
test.claim.hetzner_cost_quote_witness.hetzner_cax41_cost_class_is_per_second_billed	test.claim.hetzner_cost_quote_witness	no_such_function	no such function: cax41_catalog	cax41_catalog				910	97
test.claim.hetzner_cost_quote_witness.hetzner_cax41_currency_is_eur	test.claim.hetzner_cost_quote_witness	no_such_function	no such function: cax41_catalog	cax41_catalog				910	97
test.claim.hetzner_cost_quote_witness.hetzner_cax41_unit_price_matches_catalog	test.claim.hetzner_cost_quote_witness	no_such_function	no such function: cax41_catalog	cax41_catalog				910	97
test.claim.host_build_cache_provision_real_execution.provision_read_back_failure_not_converged_by_real_execution	test.claim.host_build_cache_provision_real_execution	other	type error: hermetic mode: no mock_response for operation Dir — refusing to fabricate Unit					753	10
test.claim.host_effect_apply_witness.witness_shell_on_host_failure_fails_closed	test.claim.host_effect_apply_witness	other	returned Bool(false)					910	97
test.claim.host_effect_apply_witness.witness_converge_policy_redrives_not_converged	test.claim.host_effect_apply_witness	other	returned Bool(false)					910	97
test.claim.host_effect_apply_witness.witness_ssh_shell_unreachable_fails_closed	test.claim.host_effect_apply_witness	other	returned Bool(false)					910	97
test.claim.host_effect_apply_witness.witness_shell_failure_surfaces_captured_stdout	test.claim.host_effect_apply_witness	other	returned Bool(false)					910	97
test.claim.host_effect_plan_real_execution.host_effect_plan_shell_failure_reason_carries_exit_code_by_real_execution	test.claim.host_effect_plan_real_execution	other	returned Bool(false)					754	10
test.claim.host_effect_plan_real_execution.host_effect_plan_shell_witness_holds_by_real_execution	test.claim.host_effect_plan_real_execution	other	returned Bool(false)					754	10
test.claim.host_phase_status.witness_reconcile_covers_upsert_teardown_and_noop	test.claim.host_phase_status	other	type error: atom_identity_hash requires exactly one string argument					910	97
test.claim.host_phase_status.witness_matrix_is_exact_join_over_participation_programs	test.claim.host_phase_status	no_such_function	no such function: srv3_install_hang_no_router_lease_ms	srv3_install_hang_no_router_lease_ms				910	97
test.claim.host_phase_status.witness_live_observation_frontier_is_one_cell	test.claim.host_phase_status	no_such_function	no such function: srv3_install_hang_no_router_lease_ms	srv3_install_hang_no_router_lease_ms				910	97
test.claim.host_phase_status.witness_unmodeled_cells_track_spine_gaps	test.claim.host_phase_status	no_such_function	no such function: srv3_install_hang_no_router_lease_ms	srv3_install_hang_no_router_lease_ms				910	97
test.claim.host_phase_status.witness_remaining_work_counts_every_unfinished_cell	test.claim.host_phase_status	no_such_function	no such function: srv3_install_hang_no_router_lease_ms	srv3_install_hang_no_router_lease_ms				910	97
test.claim.host_phase_status.witness_program_scoping_preserves_the_runner_fleet_matrix	test.claim.host_phase_status	no_such_function	no such function: srv3_install_hang_no_router_lease_ms	srv3_install_hang_no_router_lease_ms				910	97
test.claim.host_phase_status.witness_fleet_matrix_has_no_duplicated_cells	test.claim.host_phase_status	no_such_function	no such function: srv3_install_hang_no_router_lease_ms	srv3_install_hang_no_router_lease_ms				910	97
test.claim.host_phase_status.witness_matrix_hosts_are_exactly_the_enrolled_roster	test.claim.host_phase_status	no_such_function	no such function: srv3_install_hang_no_router_lease_ms	srv3_install_hang_no_router_lease_ms				910	97
test.claim.host_phase_status.witness_enrolled_sparks_carry_exactly_the_shared_obligations	test.claim.host_phase_status	no_such_function	no such function: srv3_install_hang_no_router_lease_ms	srv3_install_hang_no_router_lease_ms				910	97
test.claim.host_phase_status.witness_enrolled_spark_cells_are_all_unobserved	test.claim.host_phase_status	no_such_function	no such function: srv3_install_hang_no_router_lease_ms	srv3_install_hang_no_router_lease_ms				910	97
test.claim.host_phase_status.witness_runner_only_obligations_exist_on_runner_hosts	test.claim.host_phase_status	no_such_function	no such function: srv3_install_hang_no_router_lease_ms	srv3_install_hang_no_router_lease_ms				910	97
test.claim.host_phase_status.witness_every_covered_cell_today_is_the_authored_one	test.claim.host_phase_status	no_such_function	no such function: srv3_install_hang_no_router_lease_ms	srv3_install_hang_no_router_lease_ms				910	97
test.claim.host_reach_identity_probe_witness.committed_probe_receipts_feed_producers_and_grow_coverage	test.claim.host_reach_identity_probe_witness	no_such_function	no such function: srv3_post_install_lease_table_fixture	srv3_post_install_lease_table_fixture				886	48
test.claim.host_reach_identity_probe_witness.observe_host_phase_routes_by_label_and_stays_fail_closed	test.claim.host_reach_identity_probe_witness	no_such_function	no such function: srv3_post_install_lease_table_fixture	srv3_post_install_lease_table_fixture				886	48
test.claim.host_standup_assimilation_deduction.pre_install_within_budget_is_absent_not_converged	test.claim.host_standup_assimilation_deduction	no_such_function	no such function: srv3_install_hang_no_router_lease_ms	srv3_install_hang_no_router_lease_ms				910	97
test.claim.host_standup_assimilation_deduction.post_install_lease_row_deduces_converged_noop	test.claim.host_standup_assimilation_deduction	no_such_function	no such function: srv3_install_hang_no_router_lease_ms	srv3_install_hang_no_router_lease_ms				910	97
test.claim.host_standup_assimilation_deduction.unreadable_lease_is_unknown_refused_not_pending	test.claim.host_standup_assimilation_deduction	no_such_function	no such function: srv3_install_hang_no_router_lease_ms	srv3_install_hang_no_router_lease_ms				910	97
test.claim.host_standup_assimilation_deduction.no_lease_past_budget_is_drifted_not_fabricated_success	test.claim.host_standup_assimilation_deduction	no_such_function	no such function: srv3_install_hang_no_router_lease_ms	srv3_install_hang_no_router_lease_ms				910	97
test.claim.host_standup_assimilation_deduction.upsert_pending_applies_assert_pending_plan	test.claim.host_standup_assimilation_deduction	no_such_function	no such function: srv3_install_hang_no_router_lease_ms	srv3_install_hang_no_router_lease_ms				910	97
test.claim.host_standup_spine.post_install_dhcp_subsumption_reduces_gap_count_by_one	test.claim.host_standup_spine	no_such_function	no such function: srv3_install_hang_no_router_lease_ms	srv3_install_hang_no_router_lease_ms				911	97
test.claim.http_client_get_real_execution.http_client_get_roundtrip_by_real_execution	test.claim.http_client_get_real_execution	other	type error: hermetic mode: no mock_response for operation Dir — refusing to fabricate Unit					910	82
test.claim.http_client_get_real_execution.http_client_get_missing_target_red_control_by_real_execution	test.claim.http_client_get_real_execution	other	type error: hermetic mode: no mock_response for operation Dir — refusing to fabricate Unit					910	82
test.claim.ice40_supply_witness.w_the_core_window_discriminates_below_volt_grain	test.claim.ice40_supply_witness	call_contract_mismatch	call contract mismatch calling 'admits': no parameter named 'r' (declared: [coverage])	admits	test.claim.check_coverage_admission_witness	coverage	test.claim.altra_minimal_design_witness|test.claim.check_coverage_admission_witness|test.claim.compute_board_physical_witness|test.claim.compute_board_power_distribution_witness|test.claim.ice40_supply_witness|test.claim.spatial_knowledge_witness	909	62
test.claim.ice40_supply_witness.w_the_configuration_mode_changes_the_admitted_window	test.claim.ice40_supply_witness	call_contract_mismatch	call contract mismatch calling 'admits': no parameter named 'r' (declared: [coverage])	admits	test.claim.check_coverage_admission_witness	coverage	test.claim.altra_minimal_design_witness|test.claim.check_coverage_admission_witness|test.claim.compute_board_physical_witness|test.claim.compute_board_power_distribution_witness|test.claim.ice40_supply_witness|test.claim.spatial_knowledge_witness	909	62
test.claim.ice40_supply_witness.w_the_unconnected_pin_admits_no_voltage	test.claim.ice40_supply_witness	call_contract_mismatch	call contract mismatch calling 'admits': no parameter named 'r' (declared: [coverage])	admits	test.claim.check_coverage_admission_witness	coverage	test.claim.altra_minimal_design_witness|test.claim.check_coverage_admission_witness|test.claim.compute_board_physical_witness|test.claim.compute_board_power_distribution_witness|test.claim.ice40_supply_witness|test.claim.spatial_knowledge_witness	909	62
test.claim.ice40_supply_witness.w_the_io_standard_is_tighter_than_the_bank_rail	test.claim.ice40_supply_witness	call_contract_mismatch	call contract mismatch calling 'admits': no parameter named 'r' (declared: [coverage])	admits	test.claim.check_coverage_admission_witness	coverage	test.claim.altra_minimal_design_witness|test.claim.check_coverage_admission_witness|test.claim.compute_board_physical_witness|test.claim.compute_board_power_distribution_witness|test.claim.ice40_supply_witness|test.claim.spatial_knowledge_witness	909	62
test.claim.ice40_supply_witness.w_the_pll_rail_follows_the_core_not_the_banks	test.claim.ice40_supply_witness	call_contract_mismatch	call contract mismatch calling 'admits': no parameter named 'r' (declared: [coverage])	admits	test.claim.check_coverage_admission_witness	coverage	test.claim.altra_minimal_design_witness|test.claim.check_coverage_admission_witness|test.claim.compute_board_physical_witness|test.claim.compute_board_power_distribution_witness|test.claim.ice40_supply_witness|test.claim.spatial_knowledge_witness	909	62
test.claim.instrument_camera_witness.instrument_camera_keystone_holds	test.claim.instrument_camera_witness	other	non-exhaustive pattern match on: SalienceSupporting					929	56
test.claim.interp_recorded_fixture_witness_test.interp_recorded_fixture_keystone_holds	test.claim.interp_recorded_fixture_witness_test	other	type error: hermetic mode: no mock_response for operation IsExecutable — refusing to fabricate Unit					915	97
test.claim.interpreter_replacement_cut_witness_test.interpreter_cut_plan_refuses_with_open_decisions	test.claim.interpreter_replacement_cut_witness_test	call_contract_mismatch	call contract mismatch calling 'count_matching': no parameter named 'causes' (declared: [names, name])	count_matching	product.compute_board.admission	names, name	product.compute_board.admission|test.claim.interpreter_replacement_cut_witness_test	910	92
test.claim.interpreter_replacement_cut_witness_test.retiring_with_x_needs_no_coverage_authority	test.claim.interpreter_replacement_cut_witness_test	other	returned Bool(false)					910	92
test.claim.live_deploy.apply.witness_digest_readback_script_is_bounded_and_post_mutation	test.claim.live_deploy.apply	other	witness receipt wall budget exceeded: 501ms wall > 500ms whole-receipt budget (falsifier wet/silent-pick lane; kill-at-deadline)					758	10
test.claim.live_deploy.emit.witness_blue_and_green_retirement_both_preserve_reusable_dispatch_state	test.claim.live_deploy.emit	other	eval budget exceeded: 501ms thread-CPU > 500ms fast-lane budget (operator 5s rule 2026-07-12). This budget is enforced on THREAD CPU, not wall. RELOCATING THE FILE DOES NOT DISCHARGE IT: moving a witness under a long/ dir removes it from per-PR discovery without giving it an executing consumer, which deletes the coverage while retaining the source (the gunbc#7762 specimen behind the 2026-08-04 admission ruling). Either reduce the witness's cost, or enroll it in a lane that declares its own dated ceiling AND names the row as an executing consumer.					815	17
test.claim.live_deploy.emit.witness_retract_attempt_state_root_refuses_when_nonempty	test.claim.live_deploy.emit	other	witness receipt wall budget exceeded: 502ms wall > 500ms whole-receipt budget (falsifier wet/silent-pick lane; kill-at-deadline)					815	17
test.claim.live_deploy.emit.witness_retract_preamble_acknowledges_shared_sudoers_install	test.claim.live_deploy.emit	other	eval budget exceeded: 503ms thread-CPU > 500ms fast-lane budget (operator 5s rule 2026-07-12). This budget is enforced on THREAD CPU, not wall. RELOCATING THE FILE DOES NOT DISCHARGE IT: moving a witness under a long/ dir removes it from per-PR discovery without giving it an executing consumer, which deletes the coverage while retaining the source (the gunbc#7762 specimen behind the 2026-08-04 admission ruling). Either reduce the witness's cost, or enroll it in a lane that declares its own dated ceiling AND names the row as an executing consumer.					815	17
test.claim.live_deploy.emit.witness_scripts_stay_within_ci_runner_grants	test.claim.live_deploy.emit	other	eval budget exceeded: 501ms thread-CPU > 500ms fast-lane budget (operator 5s rule 2026-07-12). This budget is enforced on THREAD CPU, not wall. RELOCATING THE FILE DOES NOT DISCHARGE IT: moving a witness under a long/ dir removes it from per-PR discovery without giving it an executing consumer, which deletes the coverage while retaining the source (the gunbc#7762 specimen behind the 2026-08-04 admission ruling). Either reduce the witness's cost, or enroll it in a lane that declares its own dated ceiling AND names the row as an executing consumer.					815	17
test.claim.live_deploy.emit.witness_retract_script_owned_only	test.claim.live_deploy.emit	other	eval budget exceeded: 501ms thread-CPU > 500ms fast-lane budget (operator 5s rule 2026-07-12). This budget is enforced on THREAD CPU, not wall. RELOCATING THE FILE DOES NOT DISCHARGE IT: moving a witness under a long/ dir removes it from per-PR discovery without giving it an executing consumer, which deletes the coverage while retaining the source (the gunbc#7762 specimen behind the 2026-08-04 admission ruling). Either reduce the witness's cost, or enroll it in a lane that declares its own dated ceiling AND names the row as an executing consumer.					815	17
test.claim.live_deploy.emit.witness_retract_owned_process_removes_serve_service	test.claim.live_deploy.emit	other	eval budget exceeded: 507ms thread-CPU > 500ms fast-lane budget (operator 5s rule 2026-07-12). This budget is enforced on THREAD CPU, not wall. RELOCATING THE FILE DOES NOT DISCHARGE IT: moving a witness under a long/ dir removes it from per-PR discovery without giving it an executing consumer, which deletes the coverage while retaining the source (the gunbc#7762 specimen behind the 2026-08-04 admission ruling). Either reduce the witness's cost, or enroll it in a lane that declares its own dated ceiling AND names the row as an executing consumer.					815	17
test.claim.live_deploy.emit.emitted_twin_retract_removes_nothing_of_productions	test.claim.live_deploy.emit	other	eval budget exceeded: 503ms thread-CPU > 500ms fast-lane budget (operator 5s rule 2026-07-12). This budget is enforced on THREAD CPU, not wall. RELOCATING THE FILE DOES NOT DISCHARGE IT: moving a witness under a long/ dir removes it from per-PR discovery without giving it an executing consumer, which deletes the coverage while retaining the source (the gunbc#7762 specimen behind the 2026-08-04 admission ruling). Either reduce the witness's cost, or enroll it in a lane that declares its own dated ceiling AND names the row as an executing consumer.					815	17
test.claim.live_deploy.emit.twin_and_production_configure_disjoint_tailscale_endpoints	test.claim.live_deploy.emit	other	witness receipt wall budget exceeded: 501ms wall > 500ms whole-receipt budget (falsifier wet/silent-pick lane; kill-at-deadline)					815	17
test.claim.live_deploy.emit.retract_is_not_emitted_without_an_observed_scoped_removal	test.claim.live_deploy.emit	other	eval budget exceeded: 504ms thread-CPU > 500ms fast-lane budget (operator 5s rule 2026-07-12). This budget is enforced on THREAD CPU, not wall. RELOCATING THE FILE DOES NOT DISCHARGE IT: moving a witness under a long/ dir removes it from per-PR discovery without giving it an executing consumer, which deletes the coverage while retaining the source (the gunbc#7762 specimen behind the 2026-08-04 admission ruling). Either reduce the witness's cost, or enroll it in a lane that declares its own dated ceiling AND names the row as an executing consumer.					815	17
test.claim.live_deploy.readiness.witness_ssh_mock_stdout_is_discriminating_red	test.claim.live_deploy.readiness	other	witness receipt wall budget exceeded: 501ms wall > 500ms whole-receipt budget (falsifier wet/silent-pick lane; kill-at-deadline)					758	10
test.claim.live_deploy.readiness.witness_accept_no_response_probe_fails_fast_not_hangs	test.claim.live_deploy.readiness	other	eval budget exceeded: 504ms thread-CPU > 500ms fast-lane budget (operator 5s rule 2026-07-12). This budget is enforced on THREAD CPU, not wall. RELOCATING THE FILE DOES NOT DISCHARGE IT: moving a witness under a long/ dir removes it from per-PR discovery without giving it an executing consumer, which deletes the coverage while retaining the source (the gunbc#7762 specimen behind the 2026-08-04 admission ruling). Either reduce the witness's cost, or enroll it in a lane that declares its own dated ceiling AND names the row as an executing consumer.					758	10
test.claim.live_deploy.readiness.witness_transport_get_probe_over_ssh_does_not_ground_mock_stdout	test.claim.live_deploy.readiness	other	eval budget exceeded: 501ms thread-CPU > 500ms fast-lane budget (operator 5s rule 2026-07-12). This budget is enforced on THREAD CPU, not wall. RELOCATING THE FILE DOES NOT DISCHARGE IT: moving a witness under a long/ dir removes it from per-PR discovery without giving it an executing consumer, which deletes the coverage while retaining the source (the gunbc#7762 specimen behind the 2026-08-04 admission ruling). Either reduce the witness's cost, or enroll it in a lane that declares its own dated ceiling AND names the row as an executing consumer.					758	10
test.claim.live_deploy.readiness.witness_bounded_poll_one_iteration_composes_probe_and_modeled_sleep	test.claim.live_deploy.readiness	other	witness receipt wall budget exceeded: 501ms wall > 500ms whole-receipt budget (falsifier wet/silent-pick lane; kill-at-deadline)					758	10
test.claim.live_deploy.readiness.witness_bounded_poll_early_exit_on_grounded_read	test.claim.live_deploy.readiness	other	eval budget exceeded: 501ms thread-CPU > 500ms fast-lane budget (operator 5s rule 2026-07-12). This budget is enforced on THREAD CPU, not wall. RELOCATING THE FILE DOES NOT DISCHARGE IT: moving a witness under a long/ dir removes it from per-PR discovery without giving it an executing consumer, which deletes the coverage while retaining the source (the gunbc#7762 specimen behind the 2026-08-04 admission ruling). Either reduce the witness's cost, or enroll it in a lane that declares its own dated ceiling AND names the row as an executing consumer.					758	10
test.claim.live_deploy.running_release_identity_witness_test.witness_matching_release_and_surface_grounds	test.claim.live_deploy.running_release_identity_witness_test	other	eval budget exceeded: 503ms thread-CPU > 500ms fast-lane budget (operator 5s rule 2026-07-12). This budget is enforced on THREAD CPU, not wall. RELOCATING THE FILE DOES NOT DISCHARGE IT: moving a witness under a long/ dir removes it from per-PR discovery without giving it an executing consumer, which deletes the coverage while retaining the source (the gunbc#7762 specimen behind the 2026-08-04 admission ruling). Either reduce the witness's cost, or enroll it in a lane that declares its own dated ceiling AND names the row as an executing consumer.					757	11
test.claim.live_deploy.running_release_identity_witness_test.witness_readiness_refuses_when_reported_revision_is_not_the_admitted_one	test.claim.live_deploy.running_release_identity_witness_test	other	witness receipt wall budget exceeded: 502ms wall > 500ms whole-receipt budget (falsifier wet/silent-pick lane; kill-at-deadline)					757	11
test.claim.live_deploy.running_release_identity_witness_test.witness_third_candidate_still_sees_launched_revision	test.claim.live_deploy.running_release_identity_witness_test	other	witness receipt wall budget exceeded: 501ms wall > 500ms whole-receipt budget (falsifier wet/silent-pick lane; kill-at-deadline)					757	11
test.claim.live_deploy.running_release_identity_witness_test.witness_body_without_release_identity_refuses	test.claim.live_deploy.running_release_identity_witness_test	other	eval budget exceeded: 502ms thread-CPU > 500ms fast-lane budget (operator 5s rule 2026-07-12). This budget is enforced on THREAD CPU, not wall. RELOCATING THE FILE DOES NOT DISCHARGE IT: moving a witness under a long/ dir removes it from per-PR discovery without giving it an executing consumer, which deletes the coverage while retaining the source (the gunbc#7762 specimen behind the 2026-08-04 admission ruling). Either reduce the witness's cost, or enroll it in a lane that declares its own dated ceiling AND names the row as an executing consumer.					757	11
test.claim.live_deploy.running_release_identity_witness_test.witness_correct_artifacts_with_wrong_bundle_identity_refuses	test.claim.live_deploy.running_release_identity_witness_test	other	eval budget exceeded: 501ms thread-CPU > 500ms fast-lane budget (operator 5s rule 2026-07-12). This budget is enforced on THREAD CPU, not wall. RELOCATING THE FILE DOES NOT DISCHARGE IT: moving a witness under a long/ dir removes it from per-PR discovery without giving it an executing consumer, which deletes the coverage while retaining the source (the gunbc#7762 specimen behind the 2026-08-04 admission ruling). Either reduce the witness's cost, or enroll it in a lane that declares its own dated ceiling AND names the row as an executing consumer.					757	11
test.claim.live_deploy.running_release_identity_witness_test.witness_correct_identity_with_one_stale_artifact_refuses	test.claim.live_deploy.running_release_identity_witness_test	other	eval budget exceeded: 502ms thread-CPU > 500ms fast-lane budget (operator 5s rule 2026-07-12). This budget is enforced on THREAD CPU, not wall. RELOCATING THE FILE DOES NOT DISCHARGE IT: moving a witness under a long/ dir removes it from per-PR discovery without giving it an executing consumer, which deletes the coverage while retaining the source (the gunbc#7762 specimen behind the 2026-08-04 admission ruling). Either reduce the witness's cost, or enroll it in a lane that declares its own dated ceiling AND names the row as an executing consumer.					757	11
test.claim.live_deploy.running_release_identity_witness_test.witness_surface_projection_ignores_identity_members	test.claim.live_deploy.running_release_identity_witness_test	other	eval budget exceeded: 501ms thread-CPU > 500ms fast-lane budget (operator 5s rule 2026-07-12). This budget is enforced on THREAD CPU, not wall. RELOCATING THE FILE DOES NOT DISCHARGE IT: moving a witness under a long/ dir removes it from per-PR discovery without giving it an executing consumer, which deletes the coverage while retaining the source (the gunbc#7762 specimen behind the 2026-08-04 admission ruling). Either reduce the witness's cost, or enroll it in a lane that declares its own dated ceiling AND names the row as an executing consumer.					757	11
test.claim.live_deploy.running_release_identity_witness_test.witness_identity_round_trips_from_served_body	test.claim.live_deploy.running_release_identity_witness_test	other	witness receipt wall budget exceeded: 501ms wall > 500ms whole-receipt budget (falsifier wet/silent-pick lane; kill-at-deadline)					757	11
test.claim.live_deploy.running_release_identity_witness_test.witness_absent_identity_is_typed_absent_not_unparseable	test.claim.live_deploy.running_release_identity_witness_test	other	eval budget exceeded: 503ms thread-CPU > 500ms fast-lane budget (operator 5s rule 2026-07-12). This budget is enforced on THREAD CPU, not wall. RELOCATING THE FILE DOES NOT DISCHARGE IT: moving a witness under a long/ dir removes it from per-PR discovery without giving it an executing consumer, which deletes the coverage while retaining the source (the gunbc#7762 specimen behind the 2026-08-04 admission ruling). Either reduce the witness's cost, or enroll it in a lane that declares its own dated ceiling AND names the row as an executing consumer.					757	11
test.claim.qualified_declaration_reference_emit_cross_module_witness.cross_module_qualified_reference_emits_call_from_correct_module	test.claim.qualified_declaration_reference_emit_cross_module_witness	other	exceeded Cpu budget (695ms elapsed against 500ms)					910	97
test.claim.materialization_ladder_witness.authored_duplication_in_shared_frame_is_error	test.claim.materialization_ladder_witness	call_contract_mismatch	call contract mismatch calling 'count_matching': no parameter named 'vs' (declared: [names, name])	count_matching	product.compute_board.admission	names, name	product.compute_board.admission|test.claim.materialization_ladder_witness	911	97
test.claim.materialization_ladder_witness.cross_frame_duplicate_discharged_by_covering_provider	test.claim.materialization_ladder_witness	other	non-exhaustive pattern match on: RoleAdmitted					911	97
test.claim.materialization_ladder_witness.obligation_without_provider_is_typed_refusal	test.claim.materialization_ladder_witness	call_contract_mismatch	call contract mismatch calling 'count_matching': no parameter named 'vs' (declared: [names, name])	count_matching	product.compute_board.admission	names, name	product.compute_board.admission|test.claim.materialization_ladder_witness	911	97
test.claim.materialization_ladder_witness.provider_scope_too_narrow_is_refused	test.claim.materialization_ladder_witness	call_contract_mismatch	call contract mismatch calling 'count_matching': no parameter named 'vs' (declared: [names, name])	count_matching	product.compute_board.admission	names, name	product.compute_board.admission|test.claim.materialization_ladder_witness	911	97
test.claim.materialization_ladder_witness.existence_keyed_provider_is_refused	test.claim.materialization_ladder_witness	call_contract_mismatch	call contract mismatch calling 'count_matching': no parameter named 'vs' (declared: [names, name])	count_matching	product.compute_board.admission	names, name	product.compute_board.admission|test.claim.materialization_ladder_witness	911	97
test.claim.materialization_ladder_witness.declared_replay_frame_obligates_up_front	test.claim.materialization_ladder_witness	call_contract_mismatch	call contract mismatch calling 'count_matching': no parameter named 'vs' (declared: [names, name])	count_matching	product.compute_board.admission	names, name	product.compute_board.admission|test.claim.materialization_ladder_witness	911	97
test.claim.materialization_ladder_witness.unbounded_siblings_frame_obligates_up_front	test.claim.materialization_ladder_witness	call_contract_mismatch	call contract mismatch calling 'count_matching': no parameter named 'vs' (declared: [names, name])	count_matching	product.compute_board.admission	names, name	product.compute_board.admission|test.claim.materialization_ladder_witness	911	97
test.claim.materialization_ladder_witness.fresh_effect_duplication_is_exempt_not_cached	test.claim.materialization_ladder_witness	call_contract_mismatch	call contract mismatch calling 'count_matching': no parameter named 'vs' (declared: [names, name])	count_matching	product.compute_board.admission	names, name	product.compute_board.admission|test.claim.materialization_ladder_witness	911	97
test.claim.materialization_ladder_witness.world_read_without_envelope_is_refused	test.claim.materialization_ladder_witness	call_contract_mismatch	call contract mismatch calling 'count_matching': no parameter named 'vs' (declared: [names, name])	count_matching	product.compute_board.admission	names, name	product.compute_board.admission|test.claim.materialization_ladder_witness	911	97
test.claim.materialization_ladder_witness.world_read_with_declared_envelope_is_discharged	test.claim.materialization_ladder_witness	other	non-exhaustive pattern match on: RoleAdmitted					911	97
test.claim.materialization_ladder_witness.single_pure_demand_is_accepted_recompute	test.claim.materialization_ladder_witness	call_contract_mismatch	call contract mismatch calling 'count_matching': no parameter named 'vs' (declared: [names, name])	count_matching	product.compute_board.admission	names, name	product.compute_board.admission|test.claim.materialization_ladder_witness	911	97
test.claim.materialization_ladder_witness.zero_demand_pure_declaration_is_dead_computation	test.claim.materialization_ladder_witness	call_contract_mismatch	call contract mismatch calling 'count_matching': no parameter named 'vs' (declared: [names, name])	count_matching	product.compute_board.admission	names, name	product.compute_board.admission|test.claim.materialization_ladder_witness	911	97
test.claim.materialization_ladder_witness.zero_demand_effect_is_the_use_not_dead	test.claim.materialization_ladder_witness	call_contract_mismatch	call contract mismatch calling 'count_matching': no parameter named 'vs' (declared: [names, name])	count_matching	product.compute_board.admission	names, name	product.compute_board.admission|test.claim.materialization_ladder_witness	911	97
test.claim.materialization_ladder_witness.value_single_take_no_borrows_is_moved	test.claim.materialization_ladder_witness	call_contract_mismatch	call contract mismatch calling 'edge': no parameter named 'access' (declared: [child, parent])	edge	gunbc.roadmap_authority	child, parent	gunbc.roadmap_authority|test.claim.materialization_ladder_witness	911	97
test.claim.materialization_ladder_witness.value_plural_readonly_is_shared_by_reference	test.claim.materialization_ladder_witness	call_contract_mismatch	call contract mismatch calling 'edge': no parameter named 'access' (declared: [child, parent])	edge	gunbc.roadmap_authority	child, parent	gunbc.roadmap_authority|test.claim.materialization_ladder_witness	911	97
test.claim.materialization_ladder_witness.value_take_with_borrows_is_priced_demotion_to_copy	test.claim.materialization_ladder_witness	call_contract_mismatch	call contract mismatch calling 'edge': no parameter named 'access' (declared: [child, parent])	edge	gunbc.roadmap_authority	child, parent	gunbc.roadmap_authority|test.claim.materialization_ladder_witness	911	97
test.claim.materialization_ladder_witness.value_fold_carry_excluded_from_plurality_but_blocks_move	test.claim.materialization_ladder_witness	call_contract_mismatch	call contract mismatch calling 'edge': no parameter named 'access' (declared: [child, parent])	edge	gunbc.roadmap_authority	child, parent	gunbc.roadmap_authority|test.claim.materialization_ladder_witness	911	97
test.claim.materialization_ladder_witness.value_double_take_is_affine_refusal_not_a_caching_opportunity	test.claim.materialization_ladder_witness	call_contract_mismatch	call contract mismatch calling 'edge': no parameter named 'access' (declared: [child, parent])	edge	gunbc.roadmap_authority	child, parent	gunbc.roadmap_authority|test.claim.materialization_ladder_witness	911	97
test.claim.materialization_ladder_witness.value_reference_share_requires_the_carrier_capability	test.claim.materialization_ladder_witness	call_contract_mismatch	call contract mismatch calling 'edge': no parameter named 'access' (declared: [child, parent])	edge	gunbc.roadmap_authority	child, parent	gunbc.roadmap_authority|test.claim.materialization_ladder_witness	911	97
test.claim.materialization_ladder_witness.value_demotion_requires_declared_copy_provider	test.claim.materialization_ladder_witness	call_contract_mismatch	call contract mismatch calling 'edge': no parameter named 'access' (declared: [child, parent])	edge	gunbc.roadmap_authority	child, parent	gunbc.roadmap_authority|test.claim.materialization_ladder_witness	911	97
test.claim.materialization_ladder_witness.reference_provider_cannot_discharge_isolation_obligation	test.claim.materialization_ladder_witness	call_contract_mismatch	call contract mismatch calling 'count_matching': no parameter named 'vs' (declared: [names, name])	count_matching	product.compute_board.admission	names, name	product.compute_board.admission|test.claim.materialization_ladder_witness	911	97
test.claim.materialization_ladder_witness.below_cost_floor_duplication_is_typed_acceptance	test.claim.materialization_ladder_witness	call_contract_mismatch	call contract mismatch calling 'count_matching': no parameter named 'vs' (declared: [names, name])	count_matching	product.compute_board.admission	names, name	product.compute_board.admission|test.claim.materialization_ladder_witness	911	97
test.claim.materialization_ladder_witness.conflicting_natures_on_one_identity_are_refused	test.claim.materialization_ladder_witness	call_contract_mismatch	call contract mismatch calling 'count_matching': no parameter named 'vs' (declared: [names, name])	count_matching	product.compute_board.admission	names, name	product.compute_board.admission|test.claim.materialization_ladder_witness	911	97
test.claim.materialization_ladder_witness.ineligible_provider_first_does_not_mask_eligible_one	test.claim.materialization_ladder_witness	other	non-exhaustive pattern match on: RoleRefused { reason: CapacityUnobservedForRole }					911	97
test.claim.materialization_ladder_witness.eligible_provider_first_gives_the_same_verdict	test.claim.materialization_ladder_witness	other	non-exhaustive pattern match on: RoleAdmitted					911	97
test.claim.materialization_ladder_witness.persistent_unbounded_only_refuses_with_the_unbounded_cause	test.claim.materialization_ladder_witness	other	non-exhaustive pattern match on: RoleRefused { reason: CapacityUnboundedForRole }					911	97
test.claim.materialization_ladder_witness.persistent_unobserved_only_refuses_with_the_unobserved_cause	test.claim.materialization_ladder_witness	other	non-exhaustive pattern match on: RoleRefused { reason: CapacityUnobservedForRole }					911	97
test.claim.materialization_provider_witness.request_kinds_ground_on_cache_identity_rows	test.claim.materialization_provider_witness	other	non-exhaustive pattern match on: DeclaredInput { digest: Fnv1a64Structural { digest: 62667a6cb1d4d2bb }, ref: compiler_binary_identity }					913	80
test.claim.materialization_provider_witness.request_kind_is_in_the_key	test.claim.materialization_provider_witness	other	non-exhaustive pattern match on: DeclaredInput { digest: Fnv1a64Structural { digest: 62667a6cb1d4d2bb }, ref: compiler_binary_identity }					913	80
test.claim.materialization_provider_witness.admission_within_budget_is_admitted_without_eviction	test.claim.materialization_provider_witness	call_contract_mismatch	call contract mismatch calling 'admitted': too many positional arguments: 2 supplied, 0 positional parameter(s) declared	admitted	test.claim.compute_board_pin_chain_witness		test.claim.compute_board_pin_chain_witness	913	80
test.claim.materialization_provider_witness.admission_over_budget_evicts_least_recent_and_counts_it	test.claim.materialization_provider_witness	call_contract_mismatch	call contract mismatch calling 'admitted': too many positional arguments: 2 supplied, 0 positional parameter(s) declared	admitted	test.claim.compute_board_pin_chain_witness		test.claim.compute_board_pin_chain_witness	913	80
test.claim.materialization_provider_witness.red_understated_bytes_alone_are_refused_wrong_content_not_admitted	test.claim.materialization_provider_witness	call_contract_mismatch	call contract mismatch calling 'admitted': too many positional arguments: 2 supplied, 0 positional parameter(s) declared	admitted	test.claim.compute_board_pin_chain_witness		test.claim.compute_board_pin_chain_witness	913	80
test.claim.materialized_secret.witness_enabled_but_unprobed_refuses	test.claim.materialized_secret	no_such_function	no such function: gunbc_ci_github_app	gunbc_ci_github_app				910	97
test.claim.materialized_secret.witness_enabled_but_revoked_refuses	test.claim.materialized_secret	no_such_function	no such function: gunbc_ci_github_app	gunbc_ci_github_app				910	97
test.claim.materialized_secret.witness_live_secret_materializes_and_runs_the_use	test.claim.materialized_secret	no_such_function	no such function: gunbc_ci_github_app	gunbc_ci_github_app				910	97
test.claim.materialized_secret.witness_destroyed_version_refuses_even_when_probe_says_live	test.claim.materialized_secret	no_such_function	no such function: gunbc_ci_github_app	gunbc_ci_github_app				910	97
test.claim.materialized_secret.witness_self_repairing_probe_is_refused_by_classification	test.claim.materialized_secret	no_such_function	no such function: gunbc_ci_github_app	gunbc_ci_github_app				910	97
test.claim.materialized_secret.witness_red_control_existence_only_rejected_by_gate	test.claim.materialized_secret	no_such_function	no such function: gunbc_ci_github_app	gunbc_ci_github_app				910	97
test.claim.materialized_ssh_key_file_real_execution_witness.witness_ssh_key_bracket_write_owner_only_shreds_and_not_under_target	test.claim.materialized_ssh_key_file_real_execution_witness	other	type error: hermetic mode: no mock_response for operation Get — refusing to fabricate Unit					886	48
test.claim.materialized_ssh_key_file_real_execution_witness.witness_write_owner_only_refuses_when_path_already_exists	test.claim.materialized_ssh_key_file_real_execution_witness	other	type error: hermetic mode: no mock_response for operation Dir — refusing to fabricate Unit					886	48
gunbc.test.claim.namespace_graft_body_dissolution_witness_test.witness_type_fn_module_dissolution_refuses_RED	gunbc.test.claim.namespace_graft_body_dissolution_witness_test	other	eval budget exceeded: 503ms thread-CPU > 500ms fast-lane budget (operator 5s rule 2026-07-12). This budget is enforced on THREAD CPU, not wall. RELOCATING THE FILE DOES NOT DISCHARGE IT: moving a witness under a long/ dir removes it from per-PR discovery without giving it an executing consumer, which deletes the coverage while retaining the source (the gunbc#7762 specimen behind the 2026-08-04 admission ruling). Either reduce the witness's cost, or enroll it in a lane that declares its own dated ceiling AND names the row as an executing consumer.					882	47
gunbc.test.claim.namespace_graft_body_dissolution_witness_test.witness_type_only_module_dissolution_refuses_RED	gunbc.test.claim.namespace_graft_body_dissolution_witness_test	other	witness receipt wall budget exceeded: 501ms wall > 500ms whole-receipt budget (falsifier wet/silent-pick lane; kill-at-deadline)					882	47
gunbc.test.claim.namespace_graft_body_dissolution_witness_test.witness_lowered_body_module_still_grafts	gunbc.test.claim.namespace_graft_body_dissolution_witness_test	other	eval budget exceeded: 503ms thread-CPU > 500ms fast-lane budget (operator 5s rule 2026-07-12). This budget is enforced on THREAD CPU, not wall. RELOCATING THE FILE DOES NOT DISCHARGE IT: moving a witness under a long/ dir removes it from per-PR discovery without giving it an executing consumer, which deletes the coverage while retaining the source (the gunbc#7762 specimen behind the 2026-08-04 admission ruling). Either reduce the witness's cost, or enroll it in a lane that declares its own dated ceiling AND names the row as an executing consumer.					882	47
gunbc.test.claim.namespace_graft_body_dissolution_witness_test.witness_header_only_module_still_accepts	gunbc.test.claim.namespace_graft_body_dissolution_witness_test	other	eval budget exceeded: 501ms thread-CPU > 500ms fast-lane budget (operator 5s rule 2026-07-12). This budget is enforced on THREAD CPU, not wall. RELOCATING THE FILE DOES NOT DISCHARGE IT: moving a witness under a long/ dir removes it from per-PR discovery without giving it an executing consumer, which deletes the coverage while retaining the source (the gunbc#7762 specimen behind the 2026-08-04 admission ruling). Either reduce the witness's cost, or enroll it in a lane that declares its own dated ceiling AND names the row as an executing consumer.					882	47
test.claim.namespace_import_closure_witness.namespace_import_closure_receipt_holds	test.claim.namespace_import_closure_witness	other	type error: hermetic mode: no mock_response for operation IsExecutable — refusing to fabricate Unit					90	1
test.claim.namespace_reference_derived_closure_acceptance.witness_namespace_reference_derived_closure_closing_contract_holds	test.claim.namespace_reference_derived_closure_acceptance	other	returned Bool(false)					916	90
test.claim.non_fold_residue_witness.non_fold_residue_clean_holds	test.claim.non_fold_residue_witness	other	returned Bool(false)					910	97
test.claim.observation_raw_print_retirement_acceptance_test.observation_emit_frontier_is_zero	test.claim.observation_raw_print_retirement_acceptance_test	other	returned Bool(false)					911	88
test.claim.occurrence_identity_witness_test.occurrence_identity_typed_ordinal_boundary_refuses_raw_scalar_holds	test.claim.occurrence_identity_witness_test	other	exceeded Cpu budget (1363ms elapsed against 500ms)					9	0
test.claim.optional_carrier_signature_test.optional_string_return_renders_option_signature	test.claim.optional_carrier_signature_test	other	exceeded Cpu budget (662ms elapsed against 500ms)					910	97
test.claim.optional_carrier_signature_test.non_optional_string_return_stays_bare	test.claim.optional_carrier_signature_test	other	exceeded Cpu budget (681ms elapsed against 500ms)					910	97
test.claim.optional_carrier_signature_test.optional_shared_type_return_renders_option_rc_signature	test.claim.optional_carrier_signature_test	other	exceeded Cpu budget (672ms elapsed against 500ms)					910	97
test.claim.optional_carrier_signature_test.non_optional_shared_type_return_stays_bare_rc	test.claim.optional_carrier_signature_test	other	exceeded Cpu budget (657ms elapsed against 500ms)					910	97
test.claim.optional_consumer_fail_closed_test.required_param_optional_arg_emits_located_fail_closed_unwrap	test.claim.optional_consumer_fail_closed_test	other	exceeded Cpu budget (642ms elapsed against 500ms)					910	97
test.claim.optional_consumer_fail_closed_test.required_param_nonoptional_arg_stays_bare	test.claim.optional_consumer_fail_closed_test	other	exceeded Cpu budget (676ms elapsed against 500ms)					910	97
test.claim.parse_test.parse_witness_floor_holds	test.claim.parse_test	other	type error: hermetic mode: no mock_response for operation IsExecutable — refusing to fabricate Unit					915	97
test.claim.parse_test.parse_witness_perf_holds	test.claim.parse_test	other	type error: hermetic mode: no mock_response for operation IsExecutable — refusing to fabricate Unit					915	97
test.claim.pijul_upstream_model_witness.witness_pijul_fixture_uniqueness_frontier_is_clear	test.claim.pijul_upstream_model_witness	call_contract_mismatch	call contract mismatch calling 'fixture_identity': no parameter named 'hash' (declared: [])	fixture_identity	test.claim.compute_board_spice_projection_witness		test.claim.compute_board_spice_projection_witness|test.claim.pijul_upstream_model_witness	911	64
test.claim.pijul_upstream_model_witness.witness_pijul_fixture_has_no_duplicate_change_identity	test.claim.pijul_upstream_model_witness	call_contract_mismatch	call contract mismatch calling 'fixture_identity': no parameter named 'hash' (declared: [])	fixture_identity	test.claim.compute_board_spice_projection_witness		test.claim.compute_board_spice_projection_witness|test.claim.pijul_upstream_model_witness	911	64
test.claim.pijul_upstream_model_witness.witness_pijul_fixture_reference_frontier_is_clear	test.claim.pijul_upstream_model_witness	call_contract_mismatch	call contract mismatch calling 'fixture_identity': no parameter named 'hash' (declared: [])	fixture_identity	test.claim.compute_board_spice_projection_witness		test.claim.compute_board_spice_projection_witness|test.claim.pijul_upstream_model_witness	911	64
test.claim.pijul_upstream_model_witness.witness_pijul_fixture_has_no_self_dependency	test.claim.pijul_upstream_model_witness	call_contract_mismatch	call contract mismatch calling 'fixture_identity': no parameter named 'hash' (declared: [])	fixture_identity	test.claim.compute_board_spice_projection_witness		test.claim.compute_board_spice_projection_witness|test.claim.pijul_upstream_model_witness	911	64
test.claim.pijul_upstream_model_witness.witness_pijul_fixture_state_identity_frontier_is_clear	test.claim.pijul_upstream_model_witness	call_contract_mismatch	call contract mismatch calling 'fixture_identity': no parameter named 'hash' (declared: [])	fixture_identity	test.claim.compute_board_spice_projection_witness		test.claim.compute_board_spice_projection_witness|test.claim.pijul_upstream_model_witness	911	64
test.claim.pijul_upstream_model_witness.witness_pijul_bounded_projection_decodes_with_conflict_and_partial_facts	test.claim.pijul_upstream_model_witness	call_contract_mismatch	call contract mismatch calling 'fixture_identity': no parameter named 'hash' (declared: [])	fixture_identity	test.claim.compute_board_spice_projection_witness		test.claim.compute_board_spice_projection_witness|test.claim.pijul_upstream_model_witness	911	64
test.claim.pijul_upstream_model_witness.witness_pijul_projects_and_assesses_caller_supplied_readback	test.claim.pijul_upstream_model_witness	call_contract_mismatch	call contract mismatch calling 'fixture_identity': no parameter named 'hash' (declared: [])	fixture_identity	test.claim.compute_board_spice_projection_witness		test.claim.compute_board_spice_projection_witness|test.claim.pijul_upstream_model_witness	911	64
test.claim.pijul_upstream_model_witness.witness_pijul_readback_rejects_perturbed_working_copy	test.claim.pijul_upstream_model_witness	call_contract_mismatch	call contract mismatch calling 'fixture_identity': no parameter named 'hash' (declared: [])	fixture_identity	test.claim.compute_board_spice_projection_witness		test.claim.compute_board_spice_projection_witness|test.claim.pijul_upstream_model_witness	911	64
test.claim.pijul_upstream_model_witness.witness_pijul_independent_delivery_permutations_have_one_change_set	test.claim.pijul_upstream_model_witness	call_contract_mismatch	call contract mismatch calling 'fixture_identity': no parameter named 'hash' (declared: [])	fixture_identity	test.claim.compute_board_spice_projection_witness		test.claim.compute_board_spice_projection_witness|test.claim.pijul_upstream_model_witness	911	64
test.claim.pijul_upstream_model_witness.witness_pijul_duplicate_delivery_contributes_once	test.claim.pijul_upstream_model_witness	call_contract_mismatch	call contract mismatch calling 'fixture_identity': no parameter named 'hash' (declared: [])	fixture_identity	test.claim.compute_board_spice_projection_witness		test.claim.compute_board_spice_projection_witness|test.claim.pijul_upstream_model_witness	911	64
test.claim.pijul_upstream_model_witness.witness_pijul_missing_dependency_refuses_delivery	test.claim.pijul_upstream_model_witness	call_contract_mismatch	call contract mismatch calling 'fixture_identity': no parameter named 'hash' (declared: [])	fixture_identity	test.claim.compute_board_spice_projection_witness		test.claim.compute_board_spice_projection_witness|test.claim.pijul_upstream_model_witness	911	64
test.claim.pijul_upstream_model_witness.witness_pijul_unknown_change_never_applies_as_empty	test.claim.pijul_upstream_model_witness	call_contract_mismatch	call contract mismatch calling 'fixture_identity': no parameter named 'hash' (declared: [])	fixture_identity	test.claim.compute_board_spice_projection_witness		test.claim.compute_board_spice_projection_witness|test.claim.pijul_upstream_model_witness	911	64
test.claim.pijul_upstream_model_witness.witness_pijul_present_change_cannot_also_be_declared_missing	test.claim.pijul_upstream_model_witness	call_contract_mismatch	call contract mismatch calling 'fixture_identity': no parameter named 'hash' (declared: [])	fixture_identity	test.claim.compute_board_spice_projection_witness		test.claim.compute_board_spice_projection_witness|test.claim.pijul_upstream_model_witness	911	64
test.claim.pijul_upstream_model_witness.witness_pijul_delivery_revalidates_raw_projection	test.claim.pijul_upstream_model_witness	call_contract_mismatch	call contract mismatch calling 'fixture_identity': no parameter named 'hash' (declared: [])	fixture_identity	test.claim.compute_board_spice_projection_witness		test.claim.compute_board_spice_projection_witness|test.claim.pijul_upstream_model_witness	911	64
test.claim.pijul_upstream_model_witness.witness_pijul_missing_dependency_in_channel_still_refuses_delivery	test.claim.pijul_upstream_model_witness	call_contract_mismatch	call contract mismatch calling 'fixture_identity': no parameter named 'hash' (declared: [])	fixture_identity	test.claim.compute_board_spice_projection_witness		test.claim.compute_board_spice_projection_witness|test.claim.pijul_upstream_model_witness	911	64
test.claim.pijul_upstream_model_witness.witness_pijul_existing_channel_member_dependency_gap_refuses_delivery	test.claim.pijul_upstream_model_witness	call_contract_mismatch	call contract mismatch calling 'fixture_identity': no parameter named 'hash' (declared: [])	fixture_identity	test.claim.compute_board_spice_projection_witness		test.claim.compute_board_spice_projection_witness|test.claim.pijul_upstream_model_witness	911	64
test.claim.pijul_upstream_model_witness.witness_pijul_duplicate_channel_member_refuses_capture	test.claim.pijul_upstream_model_witness	call_contract_mismatch	call contract mismatch calling 'fixture_identity': no parameter named 'hash' (declared: [])	fixture_identity	test.claim.compute_board_spice_projection_witness		test.claim.compute_board_spice_projection_witness|test.claim.pijul_upstream_model_witness	911	64
test.claim.pijul_upstream_model_witness.witness_pijul_one_state_hash_cannot_name_different_change_sets	test.claim.pijul_upstream_model_witness	call_contract_mismatch	call contract mismatch calling 'fixture_identity': no parameter named 'hash' (declared: [])	fixture_identity	test.claim.compute_board_spice_projection_witness		test.claim.compute_board_spice_projection_witness|test.claim.pijul_upstream_model_witness	911	64
test.claim.pijul_upstream_model_witness.witness_pijul_equal_change_sets_require_one_state_identity	test.claim.pijul_upstream_model_witness	call_contract_mismatch	call contract mismatch calling 'fixture_identity': no parameter named 'hash' (declared: [])	fixture_identity	test.claim.compute_board_spice_projection_witness		test.claim.compute_board_spice_projection_witness|test.claim.pijul_upstream_model_witness	911	64
test.claim.pijul_upstream_model_witness.witness_pijul_undeclared_context_refuses_capture	test.claim.pijul_upstream_model_witness	call_contract_mismatch	call contract mismatch calling 'fixture_identity': no parameter named 'hash' (declared: [])	fixture_identity	test.claim.compute_board_spice_projection_witness		test.claim.compute_board_spice_projection_witness|test.claim.pijul_upstream_model_witness	911	64
test.claim.pijul_upstream_model_witness.witness_pijul_declared_partial_change_is_not_fabricated	test.claim.pijul_upstream_model_witness	call_contract_mismatch	call contract mismatch calling 'fixture_identity': no parameter named 'hash' (declared: [])	fixture_identity	test.claim.compute_board_spice_projection_witness		test.claim.compute_board_spice_projection_witness|test.claim.pijul_upstream_model_witness	911	64
test.claim.pijul_upstream_model_witness.witness_pijul_graph_conflict_is_retained_without_capture_refusal	test.claim.pijul_upstream_model_witness	call_contract_mismatch	call contract mismatch calling 'fixture_identity': no parameter named 'hash' (declared: [])	fixture_identity	test.claim.compute_board_spice_projection_witness		test.claim.compute_board_spice_projection_witness|test.claim.pijul_upstream_model_witness	911	64
test.claim.pijul_upstream_model_witness.witness_pijul_tree_pristine_and_working_copy_remain_distinct	test.claim.pijul_upstream_model_witness	call_contract_mismatch	call contract mismatch calling 'fixture_identity': no parameter named 'hash' (declared: [])	fixture_identity	test.claim.compute_board_spice_projection_witness		test.claim.compute_board_spice_projection_witness|test.claim.pijul_upstream_model_witness	911	64
test.claim.pipeline_transport_emit_rest_shell_witness.rest_emit_uses_bearer_auth	test.claim.pipeline_transport_emit_rest_shell_witness	other	exceeded Cpu budget (707ms elapsed against 500ms)					2	0
test.claim.pipeline_transport_emit_rest_shell_witness.rest_emit_uses_header_auth	test.claim.pipeline_transport_emit_rest_shell_witness	other	exceeded Cpu budget (702ms elapsed against 500ms)					2	0
test.claim.pipeline_transport_emit_rest_shell_witness.rest_emit_post_with_auth_source	test.claim.pipeline_transport_emit_rest_shell_witness	other	exceeded Cpu budget (715ms elapsed against 500ms)					2	0
test.claim.proc_self_cgroup_real_execution_witness.bash_assign_from_source_refuses_missing_shell_holds	test.claim.proc_self_cgroup_real_execution_witness	other	type error: hermetic mode: no mock_response for operation Dir — refusing to fabricate Unit					906	55
test.claim.proc_self_cgroup_real_execution_witness.bash_assign_from_source_refuses_ambiguous_shell_holds	test.claim.proc_self_cgroup_real_execution_witness	other	type error: hermetic mode: no mock_response for operation Dir — refusing to fabricate Unit					906	55
test.claim.proc_self_cgroup_real_execution_witness.bash_assign_from_source_refuses_malformed_shell_holds	test.claim.proc_self_cgroup_real_execution_witness	other	type error: hermetic mode: no mock_response for operation Dir — refusing to fabricate Unit					906	55
test.claim.proc_self_cgroup_real_execution_witness.bash_assign_from_source_observed_shell_holds	test.claim.proc_self_cgroup_real_execution_witness	other	type error: hermetic mode: no mock_response for operation Dir — refusing to fabricate Unit					906	55
test.claim.qualified_declaration_reference_emit_witness_test.same_module_qualified_reference_emits_call_not_fn_item	test.claim.qualified_declaration_reference_emit_witness_test	other	exceeded Cpu budget (638ms elapsed against 500ms)					910	98
test.claim.qualified_leaf_registry_collision_emit_witness_test.cross_module_same_leaf_emits_qualifier_module_not_registry_winner	test.claim.qualified_leaf_registry_collision_emit_witness_test	other	exceeded Cpu budget (635ms elapsed against 500ms)					910	98
test.claim.qualified_leaf_registry_collision_emit_witness_test.cross_kind_data_fn_emits_data_call_suffix_a_first	test.claim.qualified_leaf_registry_collision_emit_witness_test	other	exceeded Cpu budget (644ms elapsed against 500ms)					910	98
test.claim.qualified_leaf_registry_collision_emit_witness_test.cross_kind_data_fn_emits_data_call_suffix_b_first	test.claim.qualified_leaf_registry_collision_emit_witness_test	other	exceeded Cpu budget (634ms elapsed against 500ms)					910	98
test.claim.qualified_leaf_registry_collision_emit_witness_test.cross_kind_fn_data_emits_fn_item_a_first	test.claim.qualified_leaf_registry_collision_emit_witness_test	other	exceeded Cpu budget (654ms elapsed against 500ms)					910	98
test.claim.qualified_leaf_registry_collision_emit_witness_test.cross_kind_fn_data_emits_fn_item_b_first	test.claim.qualified_leaf_registry_collision_emit_witness_test	other	exceeded Cpu budget (646ms elapsed against 500ms)					910	98
test.claim.random_bytes_csprng_witness.random_bytes_count_holds	test.claim.random_bytes_csprng_witness	other	type error: hermetic mode: no mock_response for operation ReadBytes — refusing to fabricate Unit					910	97
test.claim.random_bytes_csprng_witness.random_bytes_zero_holds	test.claim.random_bytes_csprng_witness	other	type error: hermetic mode: no mock_response for operation ReadBytes — refusing to fabricate Unit					910	97
test.claim.random_bytes_csprng_witness.random_bytes_base64url_mint_16_length_holds	test.claim.random_bytes_csprng_witness	other	type error: hermetic mode: no mock_response for operation ReadBytes — refusing to fabricate Unit					910	97
test.claim.random_bytes_csprng_witness.random_bytes_base64url_mint_20_length_holds	test.claim.random_bytes_csprng_witness	other	type error: hermetic mode: no mock_response for operation ReadBytes — refusing to fabricate Unit					910	97
test.claim.realization_reconcile_witness.witness_same_keysource_collapses_to_share	test.claim.realization_reconcile_witness	undefined_variable	undefined variable: LocalInProcess	LocalInProcess				910	97
test.claim.realization_reconcile_witness.witness_different_keysource_does_not_collapse	test.claim.realization_reconcile_witness	undefined_variable	undefined variable: LocalInProcess	LocalInProcess				910	97
test.claim.realization_reconcile_witness.witness_post_always_never_collapses	test.claim.realization_reconcile_witness	undefined_variable	undefined variable: LocalInProcess	LocalInProcess				910	97
gunbc.test.claim.realization_sweep_test.witness_sweep_rows_join_planted_roster_exactly_once	gunbc.test.claim.realization_sweep_test	other	eval budget exceeded: 502ms thread-CPU > 500ms fast-lane budget (operator 5s rule 2026-07-12). This budget is enforced on THREAD CPU, not wall. RELOCATING THE FILE DOES NOT DISCHARGE IT: moving a witness under a long/ dir removes it from per-PR discovery without giving it an executing consumer, which deletes the coverage while retaining the source (the gunbc#7762 specimen behind the 2026-08-04 admission ruling). Either reduce the witness's cost, or enroll it in a lane that declares its own dated ceiling AND names the row as an executing consumer.					902	36
gunbc.test.claim.realization_sweep_test.witness_sweep_receipt_and_histogram_render_every_row	gunbc.test.claim.realization_sweep_test	other	eval budget exceeded: 501ms thread-CPU > 500ms fast-lane budget (operator 5s rule 2026-07-12). This budget is enforced on THREAD CPU, not wall. RELOCATING THE FILE DOES NOT DISCHARGE IT: moving a witness under a long/ dir removes it from per-PR discovery without giving it an executing consumer, which deletes the coverage while retaining the source (the gunbc#7762 specimen behind the 2026-08-04 admission ruling). Either reduce the witness's cost, or enroll it in a lane that declares its own dated ceiling AND names the row as an executing consumer.					902	36
gunbc.test.claim.realization_sweep_test.witness_canonical_identities_join_own_enrolled_roster	gunbc.test.claim.realization_sweep_test	other	type error: hermetic mode: operation Filesystem.List is not a published mock case for corpus-governed service Filesystem — refusing to realize (published cases: ["Filesystem.Read", "Filesystem.Write"])					902	36
test.claim.record_literal_call_arg_handoff_witness.record_literal_container_element_mismatch_at_call_arg_still_refuses	test.claim.record_literal_call_arg_handoff_witness	other	exceeded Cpu budget (575ms elapsed against 500ms)					910	97
test.claim.replacement_cut_witness.fully_dispositioned_cut_admits_with_exact_counts	test.claim.replacement_cut_witness	call_contract_mismatch	call contract mismatch calling 'evidence_consumer': missing required argument 'evidence' (0 of 1 required argument(s) supplied)	evidence_consumer	gunbc.auth.secret_rotation		gunbc.auth.secret_rotation|test.claim.replacement_cut_witness	911	92
test.claim.repo_local_git_config_real_execution.repo_local_git_config_actuator_sets_local_bindings_by_real_execution	test.claim.repo_local_git_config_real_execution	other	type error: hermetic mode: no mock_response for operation Dir — refusing to fabricate Unit					46	1
test.claim.resolution_divergence_silent_pick_gate_witness_test.resolution_divergence_silent_pick_gate_keystone_holds	test.claim.resolution_divergence_silent_pick_gate_witness_test	other	returned Bool(false)					911	91
test.claim.roadmap_authority.witness_projection_is_active_only	test.claim.roadmap_authority	other	witness receipt wall budget exceeded: 501ms wall > 500ms whole-receipt budget (falsifier wet/silent-pick lane; kill-at-deadline)					904	69
test.claim.roadmap_authority.witness_rendered_nodes_are_declared_or_derived	test.claim.roadmap_authority	other	eval budget exceeded: 501ms thread-CPU > 500ms fast-lane budget (operator 5s rule 2026-07-12). This budget is enforced on THREAD CPU, not wall. RELOCATING THE FILE DOES NOT DISCHARGE IT: moving a witness under a long/ dir removes it from per-PR discovery without giving it an executing consumer, which deletes the coverage while retaining the source (the gunbc#7762 specimen behind the 2026-08-04 admission ruling). Either reduce the witness's cost, or enroll it in a lane that declares its own dated ceiling AND names the row as an executing consumer.					904	69
test.claim.roadmap_authority.witness_ghost_node_outside_authority_is_counted	test.claim.roadmap_authority	other	witness receipt wall budget exceeded: 501ms wall > 500ms whole-receipt budget (falsifier wet/silent-pick lane; kill-at-deadline)					904	69
test.claim.roadmap_authority.witness_altered_copy_of_declared_node_is_counted	test.claim.roadmap_authority	other	witness receipt wall budget exceeded: 501ms wall > 500ms whole-receipt budget (falsifier wet/silent-pick lane; kill-at-deadline)					904	69
test.claim.roadmap_belt_actuate_witness.witness_exec_ok_runs_echo	test.claim.roadmap_belt_actuate_witness	other	type error: hermetic mode: no mock_response for operation Check — refusing to fabricate Unit					877	41
test.claim.roadmap_belt_actuate_witness.witness_exec_refuses_missing_program	test.claim.roadmap_belt_actuate_witness	other	type error: hermetic mode: no mock_response for operation Check — refusing to fabricate Unit					877	41
test.claim.roadmap_belt_actuate_witness.witness_exec_fails_on_nonzero_exit	test.claim.roadmap_belt_actuate_witness	other	type error: hermetic mode: no mock_response for operation Check — refusing to fabricate Unit					877	41
test.claim.roadmap_belt_actuate_witness.witness_exec_all_runs_every_step_when_ok	test.claim.roadmap_belt_actuate_witness	other	type error: hermetic mode: no mock_response for operation Check — refusing to fabricate Unit					877	41
test.claim.roadmap_belt_actuate_witness.witness_exec_all_short_circuits_after_failure	test.claim.roadmap_belt_actuate_witness	other	type error: hermetic mode: no mock_response for operation Check — refusing to fabricate Unit					877	41
test.claim.roadmap_belt_actuate_witness.witness_exec_all_fails_on_later_step	test.claim.roadmap_belt_actuate_witness	other	type error: hermetic mode: no mock_response for operation Check — refusing to fabricate Unit					877	41
test.claim.roadmap_belt_actuate_witness.witness_named_exec_steps_locate_the_first_failure	test.claim.roadmap_belt_actuate_witness	other	type error: hermetic mode: no mock_response for operation Check — refusing to fabricate Unit					877	41
test.claim.roadmap_dashboard_instance_apply_witness.dashboard_health_requires_intended_instance_identity	test.claim.roadmap_dashboard_instance_apply_witness	other	witness receipt wall budget exceeded: 508ms wall > 500ms whole-receipt budget (falsifier wet/silent-pick lane; kill-at-deadline)					893	31
test.claim.roadmap_dashboard_instance_apply_witness.dashboard_instance_apply_model_keystone_holds	test.claim.roadmap_dashboard_instance_apply_witness	other	witness receipt wall budget exceeded: 502ms wall > 500ms whole-receipt budget (falsifier wet/silent-pick lane; kill-at-deadline)					893	31
test.claim.roadmap_document.witness_preamble_first	test.claim.roadmap_document	call_contract_mismatch	call contract mismatch calling 'child_node': missing required argument 'name' (0 of 2 required argument(s) supplied)	child_node	gunbc.fleet_host_budget		gunbc.fleet_host_budget|test.claim.roadmap_document|test.claim.roadmap_emit	904	72
test.claim.roadmap_document.witness_both_sections	test.claim.roadmap_document	call_contract_mismatch	call contract mismatch calling 'child_node': missing required argument 'name' (0 of 2 required argument(s) supplied)	child_node	gunbc.fleet_host_budget		gunbc.fleet_host_budget|test.claim.roadmap_document|test.claim.roadmap_emit	904	72
test.claim.roadmap_document.witness_authored_evidence_awaiting_signoff	test.claim.roadmap_document	call_contract_mismatch	call contract mismatch calling 'child_node': missing required argument 'name' (0 of 2 required argument(s) supplied)	child_node	gunbc.fleet_host_budget		gunbc.fleet_host_budget|test.claim.roadmap_document|test.claim.roadmap_emit	904	72
test.claim.roadmap_document.witness_derived_merged_awaiting_signoff	test.claim.roadmap_document	call_contract_mismatch	call contract mismatch calling 'child_node': missing required argument 'name' (0 of 2 required argument(s) supplied)	child_node	gunbc.fleet_host_budget		gunbc.fleet_host_budget|test.claim.roadmap_document|test.claim.roadmap_emit	904	72
test.claim.roadmap_document.witness_derived_unchecked_when_unmerged	test.claim.roadmap_document	call_contract_mismatch	call contract mismatch calling 'child_node': missing required argument 'name' (0 of 2 required argument(s) supplied)	child_node	gunbc.fleet_host_budget		gunbc.fleet_host_budget|test.claim.roadmap_document|test.claim.roadmap_emit	904	72
test.claim.roadmap_document.witness_exact_bytes	test.claim.roadmap_document	call_contract_mismatch	call contract mismatch calling 'child_node': missing required argument 'name' (0 of 2 required argument(s) supplied)	child_node	gunbc.fleet_host_budget		gunbc.fleet_host_budget|test.claim.roadmap_document|test.claim.roadmap_emit	904	72
test.claim.roadmap_document.witness_drift_receipt	test.claim.roadmap_document	call_contract_mismatch	call contract mismatch calling 'child_node': missing required argument 'name' (0 of 2 required argument(s) supplied)	child_node	gunbc.fleet_host_budget		gunbc.fleet_host_budget|test.claim.roadmap_document|test.claim.roadmap_emit	904	72
test.claim.roadmap_emit.witness_heading	test.claim.roadmap_emit	call_contract_mismatch	call contract mismatch calling 'child_node': missing required argument 'name' (0 of 2 required argument(s) supplied)	child_node	gunbc.fleet_host_budget		gunbc.fleet_host_budget|test.claim.roadmap_document|test.claim.roadmap_emit	904	71
test.claim.roadmap_emit.witness_parent_authored_box_and_link	test.claim.roadmap_emit	call_contract_mismatch	call contract mismatch calling 'child_node': missing required argument 'name' (0 of 2 required argument(s) supplied)	child_node	gunbc.fleet_host_budget		gunbc.fleet_host_budget|test.claim.roadmap_document|test.claim.roadmap_emit	904	71
test.claim.roadmap_emit.witness_child_merged_unsigned_awaiting_signoff	test.claim.roadmap_emit	call_contract_mismatch	call contract mismatch calling 'child_node': missing required argument 'name' (0 of 2 required argument(s) supplied)	child_node	gunbc.fleet_host_budget		gunbc.fleet_host_budget|test.claim.roadmap_document|test.claim.roadmap_emit	904	71
test.claim.roadmap_emit.witness_child_derived_unchecked_when_unmerged	test.claim.roadmap_emit	call_contract_mismatch	call contract mismatch calling 'child_node': missing required argument 'name' (0 of 2 required argument(s) supplied)	child_node	gunbc.fleet_host_budget		gunbc.fleet_host_budget|test.claim.roadmap_document|test.claim.roadmap_emit	904	71
test.claim.roadmap_emit.witness_multi_parent_dependencies_render_complete_set	test.claim.roadmap_emit	other	returned Bool(false)					904	71
test.claim.roadmap_forecast_witness.witness_live_graph_refuses_with_located_counted_calibration_gaps	test.claim.roadmap_forecast_witness	other	witness receipt wall budget exceeded: 501ms wall > 500ms whole-receipt budget (falsifier wet/silent-pick lane; kill-at-deadline)					882	41
test.claim.roadmap_forecast_witness.witness_live_graph_gap_count_matches_refusal_rows	test.claim.roadmap_forecast_witness	other	witness receipt wall budget exceeded: 501ms wall > 500ms whole-receipt budget (falsifier wet/silent-pick lane; kill-at-deadline)					882	41
test.claim.roadmap_frontier_witness.witness_authority_daily_workspace_serializes	test.claim.roadmap_frontier_witness	other	witness receipt wall budget exceeded: 513ms wall > 500ms whole-receipt budget (falsifier wet/silent-pick lane; kill-at-deadline)					872	34
test.claim.roadmap_model.witness_child_has_parent	test.claim.roadmap_model	undefined_variable	undefined variable: name	name				907	76
test.claim.roadmap_model.witness_multi_parent_dependencies_are_not_flattened	test.claim.roadmap_model	undefined_variable	undefined variable: name	name				907	76
test.claim.roadmap_model.witness_resolving_carrier_clean	test.claim.roadmap_model	undefined_variable	undefined variable: name	name				907	76
test.claim.roadmap_model.witness_dangling_carrier_caught	test.claim.roadmap_model	undefined_variable	undefined variable: name	name				907	76
test.claim.roadmap_model.witness_no_carrier_clean	test.claim.roadmap_model	undefined_variable	undefined variable: name	name				907	76
test.claim.roadmap_model.witness_node_status_drifts	test.claim.roadmap_model	undefined_variable	undefined variable: name	name				907	76
test.claim.roadmap_model.witness_node_unsigned_box_clean	test.claim.roadmap_model	undefined_variable	undefined variable: name	name				907	76
test.claim.roadmap_page_witness.witness_authority_serializes_with_structure	test.claim.roadmap_page_witness	other	witness receipt wall budget exceeded: 503ms wall > 500ms whole-receipt budget (falsifier wet/silent-pick lane; kill-at-deadline)					874	34
test.claim.roadmap_page_witness.witness_authority_page_preserves_multi_parent_dependencies	test.claim.roadmap_page_witness	other	witness receipt wall budget exceeded: 501ms wall > 500ms whole-receipt budget (falsifier wet/silent-pick lane; kill-at-deadline)					874	34
test.claim.roadmap_page_witness.witness_authority_differs_from_empty	test.claim.roadmap_page_witness	other	eval budget exceeded: 503ms thread-CPU > 500ms fast-lane budget (operator 5s rule 2026-07-12). This budget is enforced on THREAD CPU, not wall. RELOCATING THE FILE DOES NOT DISCHARGE IT: moving a witness under a long/ dir removes it from per-PR discovery without giving it an executing consumer, which deletes the coverage while retaining the source (the gunbc#7762 specimen behind the 2026-08-04 admission ruling). Either reduce the witness's cost, or enroll it in a lane that declares its own dated ceiling AND names the row as an executing consumer.					874	34
test.claim.roadmap_page_witness.witness_authority_shows_finish_line_progress	test.claim.roadmap_page_witness	other	witness receipt wall budget exceeded: 501ms wall > 500ms whole-receipt budget (falsifier wet/silent-pick lane; kill-at-deadline)					874	34
test.claim.roadmap_page_witness.witness_daily_leads_operational_not_narrative	test.claim.roadmap_page_witness	other	witness receipt wall budget exceeded: 504ms wall > 500ms whole-receipt budget (falsifier wet/silent-pick lane; kill-at-deadline)					874	34
test.claim.roadmap_page_witness.witness_ticket_rows_render_structured	test.claim.roadmap_page_witness	other	eval budget exceeded: 501ms thread-CPU > 500ms fast-lane budget (operator 5s rule 2026-07-12). This budget is enforced on THREAD CPU, not wall. RELOCATING THE FILE DOES NOT DISCHARGE IT: moving a witness under a long/ dir removes it from per-PR discovery without giving it an executing consumer, which deletes the coverage while retaining the source (the gunbc#7762 specimen behind the 2026-08-04 admission ruling). Either reduce the witness's cost, or enroll it in a lane that declares its own dated ceiling AND names the row as an executing consumer.					874	34
test.claim.roadmap_page_witness.witness_style_child_combinator_unescaped	test.claim.roadmap_page_witness	other	witness receipt wall budget exceeded: 501ms wall > 500ms whole-receipt budget (falsifier wet/silent-pick lane; kill-at-deadline)					874	34
test.claim.roadmap_page_witness.witness_item_detail_disclosure_present	test.claim.roadmap_page_witness	other	eval budget exceeded: 501ms thread-CPU > 500ms fast-lane budget (operator 5s rule 2026-07-12). This budget is enforced on THREAD CPU, not wall. RELOCATING THE FILE DOES NOT DISCHARGE IT: moving a witness under a long/ dir removes it from per-PR discovery without giving it an executing consumer, which deletes the coverage while retaining the source (the gunbc#7762 specimen behind the 2026-08-04 admission ruling). Either reduce the witness's cost, or enroll it in a lane that declares its own dated ceiling AND names the row as an executing consumer.					874	34
test.claim.roadmap_page_witness.witness_status_chip_min_width	test.claim.roadmap_page_witness	other	witness receipt wall budget exceeded: 501ms wall > 500ms whole-receipt budget (falsifier wet/silent-pick lane; kill-at-deadline)					874	34
test.claim.roadmap_page_witness.witness_dispatch_button_carries_accent	test.claim.roadmap_page_witness	other	witness receipt wall budget exceeded: 501ms wall > 500ms whole-receipt budget (falsifier wet/silent-pick lane; kill-at-deadline)					874	34
test.claim.roadmap_page_witness.witness_page_containers_centered	test.claim.roadmap_page_witness	other	eval budget exceeded: 506ms thread-CPU > 500ms fast-lane budget (operator 5s rule 2026-07-12). This budget is enforced on THREAD CPU, not wall. RELOCATING THE FILE DOES NOT DISCHARGE IT: moving a witness under a long/ dir removes it from per-PR discovery without giving it an executing consumer, which deletes the coverage while retaining the source (the gunbc#7762 specimen behind the 2026-08-04 admission ruling). Either reduce the witness's cost, or enroll it in a lane that declares its own dated ceiling AND names the row as an executing consumer.					874	34
test.claim.roadmap_row_witness.roadmap_row_page_carries_the_cells	test.claim.roadmap_row_witness	other	witness receipt wall budget exceeded: 506ms wall > 500ms whole-receipt budget (falsifier wet/silent-pick lane; kill-at-deadline)					872	34
test.claim.roadmap_sandbox_witness.witness_family_fixture_frame_occurrences_exact	test.claim.roadmap_sandbox_witness	other	witness receipt wall budget exceeded: 510ms wall > 500ms whole-receipt budget (falsifier wet/silent-pick lane; kill-at-deadline)					894	30
test.claim.roadmap_site_surface_readiness.witness_roadmap_site_surface_readiness_materialized_batch_holds	test.claim.roadmap_site_surface_readiness	other	witness receipt wall budget exceeded: 502ms wall > 500ms whole-receipt budget (falsifier wet/silent-pick lane; kill-at-deadline)					622	0
test.claim.roadmap_static_site_witness.witness_healthz_route_json_ok	test.claim.roadmap_static_site_witness	other	eval budget exceeded: 502ms thread-CPU > 500ms fast-lane budget (operator 5s rule 2026-07-12). This budget is enforced on THREAD CPU, not wall. RELOCATING THE FILE DOES NOT DISCHARGE IT: moving a witness under a long/ dir removes it from per-PR discovery without giving it an executing consumer, which deletes the coverage while retaining the source (the gunbc#7762 specimen behind the 2026-08-04 admission ruling). Either reduce the witness's cost, or enroll it in a lane that declares its own dated ceiling AND names the row as an executing consumer.					758	10
test.claim.roadmap_static_site_witness.witness_text_routes_include_health_and_artifacts	test.claim.roadmap_static_site_witness	other	witness receipt wall budget exceeded: 501ms wall > 500ms whole-receipt budget (falsifier wet/silent-pick lane; kill-at-deadline)					758	10
test.claim.roadmap_static_site_witness.witness_roadmap_route_is_plain_text	test.claim.roadmap_static_site_witness	other	eval budget exceeded: 501ms thread-CPU > 500ms fast-lane budget (operator 5s rule 2026-07-12). This budget is enforced on THREAD CPU, not wall. RELOCATING THE FILE DOES NOT DISCHARGE IT: moving a witness under a long/ dir removes it from per-PR discovery without giving it an executing consumer, which deletes the coverage while retaining the source (the gunbc#7762 specimen behind the 2026-08-04 admission ruling). Either reduce the witness's cost, or enroll it in a lane that declares its own dated ceiling AND names the row as an executing consumer.					758	10
test.claim.roadmap_tactile_witness.witness_sound_toggle_label_is_painted_by_the_program_not_the_markup	test.claim.roadmap_tactile_witness	other	eval budget exceeded: 504ms thread-CPU > 500ms fast-lane budget (operator 5s rule 2026-07-12). This budget is enforced on THREAD CPU, not wall. RELOCATING THE FILE DOES NOT DISCHARGE IT: moving a witness under a long/ dir removes it from per-PR discovery without giving it an executing consumer, which deletes the coverage while retaining the source (the gunbc#7762 specimen behind the 2026-08-04 admission ruling). Either reduce the witness's cost, or enroll it in a lane that declares its own dated ceiling AND names the row as an executing consumer.					874	34
test.claim.root4_measure_missing_generics_witness.root4_measure_missing_generics_witness_holds	test.claim.root4_measure_missing_generics_witness	other	exceeded Cpu budget (1076ms elapsed against 500ms)					911	97
test.claim.root_d_checkpoint_scalar_declared_arity_witness.root_d_checkpoint_scalar_declared_arity_witness_holds	test.claim.root_d_checkpoint_scalar_declared_arity_witness	other	exceeded Cpu budget (3018ms elapsed against 500ms)					910	91
test.claim.run_verdict_exit_status_witness_test.run_failure_verdict_reaches_nonzero_exit	test.claim.run_verdict_exit_status_witness_test	other	type error: hermetic mode: no mock_response for operation Run — refusing to fabricate Unit					29	1
test.claim.run_verdict_exit_status_witness_test.run_success_verdict_reaches_zero_exit	test.claim.run_verdict_exit_status_witness_test	other	type error: hermetic mode: no mock_response for operation Run — refusing to fabricate Unit					29	1
test.claim.run_verdict_exit_status_witness_test.run_non_process_exit_return_refuses	test.claim.run_verdict_exit_status_witness_test	other	type error: hermetic mode: no mock_response for operation Run — refusing to fabricate Unit					29	1
test.claim.rust_test_fixtures_import_closure_witness.declared_import_closure_lists_rust_import	test.claim.rust_test_fixtures_import_closure_witness	other	exceeded Cpu budget (29509ms elapsed against 500ms)					81	1
test.claim.rust_test_fixtures_import_closure_witness.ambient_pool_provider_preserves_listed_import	test.claim.rust_test_fixtures_import_closure_witness	other	exceeded Cpu budget (40114ms elapsed against 500ms)					81	1
test.claim.salience_witness.witness_red_two_focal_subjects_in_one_region_refuse	test.claim.salience_witness	other	non-exhaustive pattern match on: SalienceFocal					911	61
test.claim.salience_witness.witness_critical_interrupts_without_dethroning_the_focal_subject	test.claim.salience_witness	other	non-exhaustive pattern match on: SalienceFocal					911	61
test.claim.salience_witness.salience_keystone_holds	test.claim.salience_witness	other	non-exhaustive pattern match on: SalienceFocal					911	61
test.claim.samsung_dram_module.row_axes_match_the_labelled_module_organization	test.claim.samsung_dram_module	no_such_function	no such function: m386a4g40dm0_cpb_catalog	m386a4g40dm0_cpb_catalog				910	97
test.claim.samsung_dram_module.capacity_is_thirty_two_gibibytes	test.claim.samsung_dram_module	no_such_function	no such function: m386a4g40dm0_cpb_catalog	m386a4g40dm0_cpb_catalog				910	97
test.claim.samsung_dram_module.generation_is_ddr4	test.claim.samsung_dram_module	no_such_function	no such function: m386a4g40dm0_cpb_catalog	m386a4g40dm0_cpb_catalog				910	97
test.claim.samsung_dram_module.manufacturer_grounds_on_the_single_vendor_authority	test.claim.samsung_dram_module	no_such_function	no such function: m386a4g40dm0_cpb_catalog	m386a4g40dm0_cpb_catalog				910	97
test.claim.samsung_dram_module.organization_derives_eighteen_dies_per_rank	test.claim.samsung_dram_module	no_such_function	no such function: m386a4g40dm0_cpb_catalog	m386a4g40dm0_cpb_catalog				910	97
test.claim.samsung_dram_module.required_die_density_derives_four_gigabit	test.claim.samsung_dram_module	no_such_function	no such function: m386a4g40dm0_cpb_catalog	m386a4g40dm0_cpb_catalog				910	97
test.claim.samsung_dram_module.four_rank_by_four_is_realizable_on_ddr4	test.claim.samsung_dram_module	no_such_function	no such function: m386a4g40dm0_cpb_catalog	m386a4g40dm0_cpb_catalog				910	97
test.claim.samsung_dram_module.same_capacity_at_one_rank_by_eight_is_not_realizable	test.claim.samsung_dram_module	no_such_function	no such function: ddr4_generation_catalog	ddr4_generation_catalog				910	97
test.claim.samsung_dram_module.generation_mismatch_fails_closed	test.claim.samsung_dram_module	no_such_function	no such function: m386a4g40dm0_cpb_catalog	m386a4g40dm0_cpb_catalog				910	97
test.claim.secret_rotation_witness.duplicate_evidence_does_not_cover_a_silent_consumer	test.claim.secret_rotation_witness	call_contract_mismatch	call contract mismatch calling 'census_is_complete': no parameter named 'requirement' (declared: [obs])	census_is_complete	gunbc.tools.frontier_ingestion_probe	obs	gunbc.auth.secret_rotation|gunbc.tools.frontier_ingestion_probe	910	60
test.claim.self_host_00_compile_behavioral_witness.self_host_00_compile_behavioral_receipt_holds	test.claim.self_host_00_compile_behavioral_witness	other	type error: hermetic mode: no mock_response for operation Dir — refusing to fabricate Unit					96	0
test.claim.self_host_01_tokenize_behavioral_witness.self_host_01_tokenize_behavioral_receipt_holds	test.claim.self_host_01_tokenize_behavioral_witness	other	type error: hermetic mode: no mock_response for operation Dir — refusing to fabricate Unit					96	0
test.claim.self_host_02_parse_behavioral_witness.self_host_02_parse_behavioral_receipt_holds	test.claim.self_host_02_parse_behavioral_witness	other	type error: hermetic mode: no mock_response for operation Dir — refusing to fabricate Unit					96	0
test.claim.self_host_03_ingest_behavioral_witness.self_host_03_ingest_behavioral_receipt_holds	test.claim.self_host_03_ingest_behavioral_witness	other	type error: hermetic mode: no mock_response for operation Dir — refusing to fabricate Unit					96	0
test.claim.self_host_03_normalize_behavioral_witness.self_host_03_normalize_behavioral_receipt_holds	test.claim.self_host_03_normalize_behavioral_witness	other	type error: hermetic mode: no mock_response for operation Dir — refusing to fabricate Unit					168	0
test.claim.self_host_03_resolve_behavioral_witness.self_host_03_resolve_behavioral_receipt_holds	test.claim.self_host_03_resolve_behavioral_witness	other	type error: hermetic mode: no mock_response for operation Dir — refusing to fabricate Unit					96	0
test.claim.self_host_04_infer_behavioral_witness.self_host_04_infer_behavioral_receipt_holds	test.claim.self_host_04_infer_behavioral_witness	other	type error: hermetic mode: no mock_response for operation Dir — refusing to fabricate Unit					96	0
test.claim.self_host_body_producer_behavioral_witness.self_host_body_producer_behavioral_receipt_holds	test.claim.self_host_body_producer_behavioral_witness	other	type error: hermetic mode: no mock_response for operation Dir — refusing to fabricate Unit					96	0
test.claim.self_host_discovery_enumeration_behavioral_witness.self_host_discovery_enumeration_behavioral_receipt_holds	test.claim.self_host_discovery_enumeration_behavioral_witness	other	type error: hermetic mode: no mock_response for operation Dir — refusing to fabricate Unit					96	0
test.claim.self_host_logic_behavioral_witness.self_host_logic_behavioral_receipt_holds	test.claim.self_host_logic_behavioral_witness	other	type error: hermetic mode: no mock_response for operation Dir — refusing to fabricate Unit					102	0
test.claim.self_host_materialization_carriers_behavioral_witness.self_host_materialization_carriers_behavioral_receipt_holds	test.claim.self_host_materialization_carriers_behavioral_witness	other	type error: hermetic mode: no mock_response for operation Dir — refusing to fabricate Unit					96	0
test.claim.self_host_parse_engine_hooks_behavioral_witness.self_host_parse_engine_hooks_behavioral_receipt_holds	test.claim.self_host_parse_engine_hooks_behavioral_witness	other	type error: hermetic mode: no mock_response for operation Dir — refusing to fabricate Unit					96	0
test.claim.self_host_program_assembly_behavioral_witness.self_host_program_assembly_behavioral_receipt_holds	test.claim.self_host_program_assembly_behavioral_witness	other	type error: hermetic mode: no mock_response for operation Dir — refusing to fabricate Unit					96	0
test.claim.self_host_program_partition_behavioral_witness.self_host_program_partition_behavioral_receipt_holds	test.claim.self_host_program_partition_behavioral_witness	other	type error: hermetic mode: no mock_response for operation Dir — refusing to fabricate Unit					96	0
test.claim.self_host_source_authority_behavioral_witness.self_host_source_authority_behavioral_receipt_holds	test.claim.self_host_source_authority_behavioral_witness	other	type error: hermetic mode: no mock_response for operation Dir — refusing to fabricate Unit					96	0
test.claim.self_host_target_carriers_behavioral_witness.self_host_target_carriers_behavioral_receipt_holds	test.claim.self_host_target_carriers_behavioral_witness	other	type error: hermetic mode: no mock_response for operation Dir — refusing to fabricate Unit					96	0
test.claim.self_host_use_site_verdict_behavioral_witness.self_host_use_site_verdict_behavioral_receipt_holds	test.claim.self_host_use_site_verdict_behavioral_witness	other	type error: hermetic mode: no mock_response for operation Dir — refusing to fabricate Unit					96	0
test.claim.source_admission_selection_witness.source_admission_partial_walk_refuses_not_observed_with_fewer_rows	test.claim.source_admission_selection_witness	call_contract_mismatch	call contract mismatch calling 'refusal_is': no parameter named 'sel' (declared: [r, wanted])	refusal_is	test.claim.compute_board_pin_chain_witness	r, wanted	test.claim.altra_minimal_design_witness|test.claim.compute_board_physical_witness|test.claim.compute_board_pin_chain_witness|test.claim.source_admission_selection_witness	915	60
test.claim.source_admission_selection_witness.source_admission_not_merge_tree_refuses	test.claim.source_admission_selection_witness	call_contract_mismatch	call contract mismatch calling 'refusal_is': no parameter named 'sel' (declared: [r, wanted])	refusal_is	test.claim.compute_board_pin_chain_witness	r, wanted	test.claim.altra_minimal_design_witness|test.claim.compute_board_physical_witness|test.claim.compute_board_pin_chain_witness|test.claim.source_admission_selection_witness	915	60
test.claim.source_admission_selection_witness.source_admission_missing_base_receipt_refuses_not_incremental_empty	test.claim.source_admission_selection_witness	call_contract_mismatch	call contract mismatch calling 'refusal_is': no parameter named 'sel' (declared: [r, wanted])	refusal_is	test.claim.compute_board_pin_chain_witness	r, wanted	test.claim.altra_minimal_design_witness|test.claim.compute_board_physical_witness|test.claim.compute_board_pin_chain_witness|test.claim.source_admission_selection_witness	915	60
test.claim.source_admission_selection_witness.source_admission_production_unobservable_refuses_even_with_fixture_receipt	test.claim.source_admission_selection_witness	call_contract_mismatch	call contract mismatch calling 'refusal_is': no parameter named 'sel' (declared: [r, wanted])	refusal_is	test.claim.compute_board_pin_chain_witness	r, wanted	test.claim.altra_minimal_design_witness|test.claim.compute_board_physical_witness|test.claim.compute_board_pin_chain_witness|test.claim.source_admission_selection_witness	915	60
test.claim.source_admission_selection_witness.source_admission_receipt_tree_mismatch_refuses	test.claim.source_admission_selection_witness	call_contract_mismatch	call contract mismatch calling 'refusal_is': no parameter named 'sel' (declared: [r, wanted])	refusal_is	test.claim.compute_board_pin_chain_witness	r, wanted	test.claim.altra_minimal_design_witness|test.claim.compute_board_physical_witness|test.claim.compute_board_pin_chain_witness|test.claim.source_admission_selection_witness	915	60
test.claim.source_integration_proof_kernel_acceptance.witness_p1_proof_kernel_acceptance_contract_holds	test.claim.source_integration_proof_kernel_acceptance	other	returned Bool(false)					68	1
test.claim.spark_capability_observation_witness_test.w_evidence_from_one_principal_does_not_answer_for_another	test.claim.spark_capability_observation_witness_test	call_contract_mismatch	call contract mismatch calling 'observation': no parameter named 'host' (declared: [id, cell, duration_ms])	observation	test.claim.roadmap_forecast_witness	id, cell, duration_ms	test.claim.roadmap_forecast_witness|test.claim.spark_capability_observation_witness_test	909	82
test.claim.spark_capability_observation_witness_test.w_the_exact_principal_gets_its_own_answer	test.claim.spark_capability_observation_witness_test	call_contract_mismatch	call contract mismatch calling 'observation': no parameter named 'host' (declared: [id, cell, duration_ms])	observation	test.claim.roadmap_forecast_witness	id, cell, duration_ms	test.claim.roadmap_forecast_witness|test.claim.spark_capability_observation_witness_test	909	82
test.claim.spark_capability_observation_witness_test.w_a_probe_that_may_have_established_the_subject_is_not_evidence	test.claim.spark_capability_observation_witness_test	call_contract_mismatch	call contract mismatch calling 'observation': no parameter named 'host' (declared: [id, cell, duration_ms])	observation	test.claim.roadmap_forecast_witness	id, cell, duration_ms	test.claim.roadmap_forecast_witness|test.claim.spark_capability_observation_witness_test	909	82
test.claim.spark_capability_observation_witness_test.w_an_inert_probe_of_durable_state_is_evidence	test.claim.spark_capability_observation_witness_test	call_contract_mismatch	call contract mismatch calling 'observation': no parameter named 'host' (declared: [id, cell, duration_ms])	observation	test.claim.roadmap_forecast_witness	id, cell, duration_ms	test.claim.roadmap_forecast_witness|test.claim.spark_capability_observation_witness_test	909	82
test.claim.spark_capability_observation_witness_test.w_an_absence_survives_a_self_establishing_probe	test.claim.spark_capability_observation_witness_test	call_contract_mismatch	call contract mismatch calling 'observation': no parameter named 'host' (declared: [id, cell, duration_ms])	observation	test.claim.roadmap_forecast_witness	id, cell, duration_ms	test.claim.roadmap_forecast_witness|test.claim.spark_capability_observation_witness_test	909	82
test.claim.spark_capability_observation_witness_test.red_control_unclassified_probe_effect_refuses	test.claim.spark_capability_observation_witness_test	call_contract_mismatch	call contract mismatch calling 'observation': no parameter named 'host' (declared: [id, cell, duration_ms])	observation	test.claim.roadmap_forecast_witness	id, cell, duration_ms	test.claim.roadmap_forecast_witness|test.claim.spark_capability_observation_witness_test	909	82
test.claim.spark_serving_realization_witness_test.w_granting_sudo_does_not_upgrade_an_already_satisfied_intent	test.claim.spark_serving_realization_witness_test	call_contract_mismatch	call contract mismatch calling 'process_identity_eq': no parameter named 'left' (declared: [a, b])	process_identity_eq	gunbc.runner_connectivity_recovery	a, b	gunbc.runner_connectivity_recovery|gunbc.spark_serving_realization	909	81
test.claim.spark_serving_realization_witness_test.w_the_already_satisfied_host_selects_the_less_privileged_mechanism	test.claim.spark_serving_realization_witness_test	call_contract_mismatch	call contract mismatch calling 'process_identity_eq': no parameter named 'left' (declared: [a, b])	process_identity_eq	gunbc.runner_connectivity_recovery	a, b	gunbc.runner_connectivity_recovery|gunbc.spark_serving_realization	909	81
test.claim.spark_serving_realization_witness_test.w_privilege_enables_when_nothing_else_can_satisfy_the_intent	test.claim.spark_serving_realization_witness_test	call_contract_mismatch	call contract mismatch calling 'process_identity_eq': no parameter named 'left' (declared: [a, b])	process_identity_eq	gunbc.runner_connectivity_recovery	a, b	gunbc.runner_connectivity_recovery|gunbc.spark_serving_realization	909	81
test.claim.spark_serving_realization_witness_test.w_selection_is_not_constant_across_genuinely_different_hosts	test.claim.spark_serving_realization_witness_test	call_contract_mismatch	call contract mismatch calling 'process_identity_eq': no parameter named 'left' (declared: [a, b])	process_identity_eq	gunbc.runner_connectivity_recovery	a, b	gunbc.runner_connectivity_recovery|gunbc.spark_serving_realization	909	81
test.claim.spark_serving_realization_witness_test.w_user_unit_refused_when_it_cannot_satisfy_the_lifecycle	test.claim.spark_serving_realization_witness_test	call_contract_mismatch	call contract mismatch calling 'process_identity_eq': no parameter named 'left' (declared: [a, b])	process_identity_eq	gunbc.runner_connectivity_recovery	a, b	gunbc.runner_connectivity_recovery|gunbc.spark_serving_realization	909	81
test.claim.spark_serving_realization_witness_test.w_unobserved_capability_refuses_rather_than_admitting	test.claim.spark_serving_realization_witness_test	call_contract_mismatch	call contract mismatch calling 'process_identity_eq': no parameter named 'left' (declared: [a, b])	process_identity_eq	gunbc.runner_connectivity_recovery	a, b	gunbc.runner_connectivity_recovery|gunbc.spark_serving_realization	909	81
test.claim.spark_serving_realization_witness_test.w_system_unit_selected_when_it_is_the_only_admitted_mechanism	test.claim.spark_serving_realization_witness_test	call_contract_mismatch	call contract mismatch calling 'process_identity_eq': no parameter named 'left' (declared: [a, b])	process_identity_eq	gunbc.runner_connectivity_recovery	a, b	gunbc.runner_connectivity_recovery|gunbc.spark_serving_realization	909	81
test.claim.spark_serving_realization_witness_test.w_no_managed_executor_refuses_under_managed_authority	test.claim.spark_serving_realization_witness_test	call_contract_mismatch	call contract mismatch calling 'process_identity_eq': no parameter named 'left' (declared: [a, b])	process_identity_eq	gunbc.runner_connectivity_recovery	a, b	gunbc.runner_connectivity_recovery|gunbc.spark_serving_realization	909	81
test.claim.spark_serving_realization_witness_test.red_control_privilege_does_not_select_the_architecture	test.claim.spark_serving_realization_witness_test	call_contract_mismatch	call contract mismatch calling 'process_identity_eq': no parameter named 'left' (declared: [a, b])	process_identity_eq	gunbc.runner_connectivity_recovery	a, b	gunbc.runner_connectivity_recovery|gunbc.spark_serving_realization	909	81
test.claim.spark_serving_realization_witness_test.w_user_unit_is_structurally_inadmissible_under_a_separated_service_identity	test.claim.spark_serving_realization_witness_test	call_contract_mismatch	call contract mismatch calling 'process_identity_eq': no parameter named 'left' (declared: [a, b])	process_identity_eq	gunbc.runner_connectivity_recovery	a, b	gunbc.runner_connectivity_recovery|gunbc.spark_serving_realization	909	81
test.claim.spark_serving_realization_witness_test.w_user_unit_is_admissible_when_the_intent_does_not_require_separation	test.claim.spark_serving_realization_witness_test	call_contract_mismatch	call contract mismatch calling 'process_identity_eq': no parameter named 'left' (declared: [a, b])	process_identity_eq	gunbc.runner_connectivity_recovery	a, b	gunbc.runner_connectivity_recovery|gunbc.spark_serving_realization	909	81
test.claim.spark_serving_realization_witness_test.w_the_identity_refusal_needs_no_host_observation	test.claim.spark_serving_realization_witness_test	call_contract_mismatch	call contract mismatch calling 'process_identity_eq': no parameter named 'left' (declared: [a, b])	process_identity_eq	gunbc.runner_connectivity_recovery	a, b	gunbc.runner_connectivity_recovery|gunbc.spark_serving_realization	909	81
test.claim.spark_serving_realization_witness_test.red_control_system_unit_satisfies_the_identity_contract	test.claim.spark_serving_realization_witness_test	call_contract_mismatch	call contract mismatch calling 'process_identity_eq': no parameter named 'left' (declared: [a, b])	process_identity_eq	gunbc.runner_connectivity_recovery	a, b	gunbc.runner_connectivity_recovery|gunbc.spark_serving_realization	909	81
test.claim.spark_serving_release_witness_test.w_an_absent_spark_with_the_existing_grant_is_ready_to_apply	test.claim.spark_serving_release_witness_test	call_contract_mismatch	call contract mismatch calling 'process_identity_eq': no parameter named 'left' (declared: [a, b])	process_identity_eq	gunbc.runner_connectivity_recovery	a, b	gunbc.runner_connectivity_recovery|gunbc.spark_serving_realization	909	81
test.claim.spark_serving_release_witness_test.w_the_same_absent_host_is_blocked_when_the_grant_is_missing	test.claim.spark_serving_release_witness_test	call_contract_mismatch	call contract mismatch calling 'process_identity_eq': no parameter named 'left' (declared: [a, b])	process_identity_eq	gunbc.runner_connectivity_recovery	a, b	gunbc.runner_connectivity_recovery|gunbc.spark_serving_realization	909	81
test.claim.spark_serving_release_witness_test.w_a_converged_host_is_no_change_even_with_no_grants	test.claim.spark_serving_release_witness_test	call_contract_mismatch	call contract mismatch calling 'process_identity_eq': no parameter named 'left' (declared: [a, b])	process_identity_eq	gunbc.runner_connectivity_recovery	a, b	gunbc.runner_connectivity_recovery|gunbc.spark_serving_realization	909	81
test.claim.spark_serving_release_witness_test.w_an_unobservable_host_blocks_on_observation_not_privilege	test.claim.spark_serving_release_witness_test	call_contract_mismatch	call contract mismatch calling 'process_identity_eq': no parameter named 'left' (declared: [a, b])	process_identity_eq	gunbc.runner_connectivity_recovery	a, b	gunbc.runner_connectivity_recovery|gunbc.spark_serving_realization	909	81
test.claim.spark_serving_release_witness_test.w_plan_row_applicable_requires_change_and_privilege	test.claim.spark_serving_release_witness_test	call_contract_mismatch	call contract mismatch calling 'process_identity_eq': no parameter named 'left' (declared: [a, b])	process_identity_eq	gunbc.runner_connectivity_recovery	a, b	gunbc.runner_connectivity_recovery|gunbc.spark_serving_realization	909	81
test.claim.spark_serving_release_witness_test.w_a_user_unit_is_inadmissible_under_a_no_login_identity_intent	test.claim.spark_serving_release_witness_test	call_contract_mismatch	call contract mismatch calling 'process_identity_eq': no parameter named 'left' (declared: [a, b])	process_identity_eq	gunbc.runner_connectivity_recovery	a, b	gunbc.runner_connectivity_recovery|gunbc.spark_serving_realization	909	81
test.claim.spark_serving_release_witness_test.w_the_intent_decides_admissibility_of_the_same_realization	test.claim.spark_serving_release_witness_test	call_contract_mismatch	call contract mismatch calling 'process_identity_eq': no parameter named 'left' (declared: [a, b])	process_identity_eq	gunbc.runner_connectivity_recovery	a, b	gunbc.runner_connectivity_recovery|gunbc.spark_serving_realization	909	81
test.claim.spark_serving_release_witness_test.w_an_inadmissible_realization_is_not_applicable	test.claim.spark_serving_release_witness_test	call_contract_mismatch	call contract mismatch calling 'process_identity_eq': no parameter named 'left' (declared: [a, b])	process_identity_eq	gunbc.runner_connectivity_recovery	a, b	gunbc.runner_connectivity_recovery|gunbc.spark_serving_realization	909	81
test.claim.spark_serving_release_witness_test.w_a_system_unit_under_the_no_login_intent_blocks_on_privilege	test.claim.spark_serving_release_witness_test	call_contract_mismatch	call contract mismatch calling 'process_identity_eq': no parameter named 'left' (declared: [a, b])	process_identity_eq	gunbc.runner_connectivity_recovery	a, b	gunbc.runner_connectivity_recovery|gunbc.spark_serving_realization	909	81
test.claim.spark_serving_release_witness_test.w_a_grant_observed_on_another_host_does_not_authorize_this_one	test.claim.spark_serving_release_witness_test	call_contract_mismatch	call contract mismatch calling 'process_identity_eq': no parameter named 'left' (declared: [a, b])	process_identity_eq	gunbc.runner_connectivity_recovery	a, b	gunbc.runner_connectivity_recovery|gunbc.spark_serving_realization	909	81
test.claim.spark_serving_release_witness_test.w_a_grant_observed_for_another_principal_does_not_authorize_this_one	test.claim.spark_serving_release_witness_test	call_contract_mismatch	call contract mismatch calling 'process_identity_eq': no parameter named 'left' (declared: [a, b])	process_identity_eq	gunbc.runner_connectivity_recovery	a, b	gunbc.runner_connectivity_recovery|gunbc.spark_serving_realization	909	81
test.claim.spark_serving_release_witness_test.w_evidence_mismatch_and_unobservability_are_different_answers	test.claim.spark_serving_release_witness_test	call_contract_mismatch	call contract mismatch calling 'process_identity_eq': no parameter named 'left' (declared: [a, b])	process_identity_eq	gunbc.runner_connectivity_recovery	a, b	gunbc.runner_connectivity_recovery|gunbc.spark_serving_realization	909	81
test.claim.spark_serving_release_witness_test.w_a_grant_observed_under_another_credential_does_not_authorize_the_plan	test.claim.spark_serving_release_witness_test	call_contract_mismatch	call contract mismatch calling 'process_identity_eq': no parameter named 'left' (declared: [a, b])	process_identity_eq	gunbc.runner_connectivity_recovery	a, b	gunbc.runner_connectivity_recovery|gunbc.spark_serving_realization	909	81
test.claim.spark_serving_release_witness_test.w_the_same_grant_under_the_expected_credential_is_ready_to_apply	test.claim.spark_serving_release_witness_test	call_contract_mismatch	call contract mismatch calling 'process_identity_eq': no parameter named 'left' (declared: [a, b])	process_identity_eq	gunbc.runner_connectivity_recovery	a, b	gunbc.runner_connectivity_recovery|gunbc.spark_serving_realization	909	81
test.claim.spark_serving_release_witness_test.w_an_unobserved_record_for_another_host_is_a_mismatch_not_an_observation_block	test.claim.spark_serving_release_witness_test	call_contract_mismatch	call contract mismatch calling 'process_identity_eq': no parameter named 'left' (declared: [a, b])	process_identity_eq	gunbc.runner_connectivity_recovery	a, b	gunbc.runner_connectivity_recovery|gunbc.spark_serving_realization	909	81
test.claim.spark_serving_release_witness_test.w_an_unobserved_record_for_this_host_blocks_on_observation	test.claim.spark_serving_release_witness_test	call_contract_mismatch	call contract mismatch calling 'process_identity_eq': no parameter named 'left' (declared: [a, b])	process_identity_eq	gunbc.runner_connectivity_recovery	a, b	gunbc.runner_connectivity_recovery|gunbc.spark_serving_realization	909	81
test.claim.spatial_knowledge_witness.spatial_knowledge_witnesses	test.claim.spatial_knowledge_witness	call_contract_mismatch	call contract mismatch calling 'admits': no parameter named 'dimension' (declared: [coverage])	admits	test.claim.check_coverage_admission_witness	coverage	test.claim.altra_minimal_design_witness|test.claim.check_coverage_admission_witness|test.claim.compute_board_physical_witness|test.claim.compute_board_power_distribution_witness|test.claim.ice40_supply_witness|test.claim.spatial_knowledge_witness	909	84
test.claim.srv3_host_effect_apply_witness.witness_srv3_apply_shell_failure_refuses_typed	test.claim.srv3_host_effect_apply_witness	other	returned Bool(false)					910	91
test.claim.srv3_host_effect_apply_witness.witness_srv3_apply_failure_surfaces_captured_stdout_not_fabricated	test.claim.srv3_host_effect_apply_witness	other	returned Bool(false)					910	91
test.claim.srv3_host_effect_apply_witness.witness_srv3_apply_failure_no_fabricated_stdout	test.claim.srv3_host_effect_apply_witness	other	returned Bool(false)					910	91
test.claim.srv3_install_media_fetch_real_execution.install_media_hash_matches_true_by_real_execution	test.claim.srv3_install_media_fetch_real_execution	other	type error: hermetic mode: no mock_response for operation Dir — refusing to fabricate Unit					908	76
test.claim.srv3_install_media_fetch_real_execution.install_media_hash_matches_false_on_wrong_hash_by_real_execution	test.claim.srv3_install_media_fetch_real_execution	other	type error: hermetic mode: no mock_response for operation Dir — refusing to fabricate Unit					908	76
test.claim.srv3_install_media_fetch_real_execution.observe_install_media_fetch_covers_absent_verified_and_mismatch_by_real_execution	test.claim.srv3_install_media_fetch_real_execution	other	type error: hermetic mode: no mock_response for operation Dir — refusing to fabricate Unit					908	76
test.claim.srv3_seeded_install_media_real_execution.install_media_remaster_ensure_grub_cmdline_inserts_by_real_execution	test.claim.srv3_seeded_install_media_real_execution	other	type error: hermetic mode: no mock_response for operation Dir — refusing to fabricate Unit					903	51
test.claim.srv3_subsumption.srv3_reconcile_adds_exactly_the_missing_fleet_key	test.claim.srv3_subsumption	other	type error: atom_identity_hash requires exactly one string argument					911	97
test.claim.srv3_subsumption.srv3_reconcile_refuses_both_unowned_keys_never_teardown	test.claim.srv3_subsumption	other	type error: atom_identity_hash requires exactly one string argument					911	97
test.claim.srv3_subsumption.srv4_reconcile_is_converged_empty_plan	test.claim.srv3_subsumption	other	type error: atom_identity_hash requires exactly one string argument					911	97
test.claim.srv3_subsumption.srv3_and_srv4_disagree_on_convergence	test.claim.srv3_subsumption	other	type error: atom_identity_hash requires exactly one string argument					911	97
test.claim.srv3_subsumption.reconcile_would_teardown_only_if_ownership_claimed_it	test.claim.srv3_subsumption	other	type error: atom_identity_hash requires exactly one string argument					911	97
test.claim.srv3_subsumption.comment_only_drift_is_one_change_not_remove_add	test.claim.srv3_subsumption	other	type error: atom_identity_hash requires exactly one string argument					911	97
test.claim.stage0_rust_honest_frontier_integration_witness.honest_frontier_integration_joins_c1_and_c2	test.claim.stage0_rust_honest_frontier_integration_witness	other	witness receipt wall budget exceeded: 501ms wall > 500ms whole-receipt budget (falsifier wet/silent-pick lane; kill-at-deadline)					915	50
test.claim.structured_application_mismatch_wall_witness.structured_single_authority_at_mechanism_field_accepts	test.claim.structured_application_mismatch_wall_witness	other	exceeded Cpu budget (877ms elapsed against 500ms)					910	97
test.claim.transport_script_wall_compile_red.wall_red_string_join_into_retained_record_refuses	test.claim.transport_script_wall_compile_red	other	exceeded Cpu budget (1848ms elapsed against 500ms)					910	97
test.claim.transport_script_wall_compile_red.wall_red_deleted_free_minter_refuses	test.claim.transport_script_wall_compile_red	other	exceeded Cpu budget (1828ms elapsed against 500ms)					910	97
test.claim.typed_witness_invocation.typed_is_executable_positive_holds	test.claim.typed_witness_invocation	other	type error: hermetic mode: no mock_response for operation IsExecutable — refusing to fabricate Unit					89	1
test.claim.typed_witness_invocation.typed_is_executable_negative_red_control_holds	test.claim.typed_witness_invocation	other	type error: hermetic mode: no mock_response for operation IsExecutable — refusing to fabricate Unit					89	1
test.claim.typed_witness_invocation.typed_witness_bin_run_argv_holds	test.claim.typed_witness_invocation	other	type error: hermetic mode: no mock_response for operation Run — refusing to fabricate Unit					89	1
test.claim.typed_witness_invocation.typed_witness_bin_run_nonzero_red_control_holds	test.claim.typed_witness_invocation	other	type error: hermetic mode: no mock_response for operation Run — refusing to fabricate Unit					89	1
test.claim.typed_witness_invocation.typed_witness_bin_run_args_splice_holds	test.claim.typed_witness_invocation	other	type error: hermetic mode: no mock_response for operation Run — refusing to fabricate Unit					89	1
test.claim.typed_witness_invocation.typed_witness_bin_run_workdir_anchors_holds	test.claim.typed_witness_invocation	other	type error: hermetic mode: no mock_response for operation Run — refusing to fabricate Unit					89	1
test.claim.typed_witness_invocation.typed_witness_bin_run_workdir_anchors_root_control_holds	test.claim.typed_witness_invocation	other	type error: hermetic mode: no mock_response for operation Run — refusing to fabricate Unit					89	1
test.claim.typed_witness_invocation.typed_witness_bin_run_loud_failure_red_control_holds	test.claim.typed_witness_invocation	other	type error: hermetic mode: no mock_response for operation Run — refusing to fabricate Unit					89	1
test.claim.typed_witness_invocation.typed_is_nonempty_positive_holds	test.claim.typed_witness_invocation	other	type error: hermetic mode: no mock_response for operation IsNonEmpty — refusing to fabricate Unit					89	1
test.claim.typed_witness_invocation.typed_is_nonempty_zero_byte_red_control_holds	test.claim.typed_witness_invocation	other	type error: hermetic mode: no mock_response for operation IsNonEmpty — refusing to fabricate Unit					89	1
test.claim.typed_witness_invocation.typed_gunbc_cli_run_claim_holds	test.claim.typed_witness_invocation	other	type error: hermetic mode: no mock_response for operation Run — refusing to fabricate Unit					89	1
test.claim.typed_witness_invocation.typed_claim_batch_pooled_run_red_control_holds	test.claim.typed_witness_invocation	other	type error: hermetic mode: no mock_response for operation Run — refusing to fabricate Unit					89	1
test.claim.typed_witness_invocation.typed_claim_executor_verify_build_artifacts_red_control_holds	test.claim.typed_witness_invocation	other	type error: hermetic mode: no mock_response for operation VerifyBuildArtifacts — refusing to fabricate Unit					89	1
test.claim.v1_dag_parse_witness.v1_dag_parse_witnesses	test.claim.v1_dag_parse_witness	other	type error: hermetic mode: no mock_response for operation IsExecutable — refusing to fabricate Unit					915	97
test.claim.where_refinement_enforcement_witness.where_refinement_non_empty_string_literal_accepts	test.claim.where_refinement_enforcement_witness	other	exceeded Cpu budget (760ms elapsed against 500ms)					910	97
test.claim.where_refinement_enforcement_witness.where_refinement_non_literal_int_var_compile_clean	test.claim.where_refinement_enforcement_witness	other	exceeded Cpu budget (545ms elapsed against 500ms)					910	97
test.claim.where_refinement_enforcement_witness.where_refinement_direct_return_var_compile_clean	test.claim.where_refinement_enforcement_witness	other	exceeded Cpu budget (535ms elapsed against 500ms)					910	97
test.claim.where_refinement_enforcement_witness.where_refinement_data_init_non_literal_compile_clean	test.claim.where_refinement_enforcement_witness	other	exceeded Cpu budget (537ms elapsed against 500ms)					910	97
test.claim.where_refinement_enforcement_witness.where_refinement_range_non_literal_compile_clean	test.claim.where_refinement_enforcement_witness	other	exceeded Cpu budget (752ms elapsed against 500ms)					910	97
test.claim.where_refinement_enforcement_witness.where_refinement_cast_literal_lower_hex_64_accepts	test.claim.where_refinement_enforcement_witness	other	exceeded Cpu budget (923ms elapsed against 500ms)					910	97
test.claim.where_refinement_enforcement_witness.where_refinement_cast_literal_lower_hex_40_accepts	test.claim.where_refinement_enforcement_witness	other	exceeded Cpu budget (923ms elapsed against 500ms)					910	97
test.claim.where_refinement_enforcement_witness.where_refinement_cast_literal_lower_hex_16_accepts	test.claim.where_refinement_enforcement_witness	other	exceeded Cpu budget (906ms elapsed against 500ms)					910	97
test.claim.where_refinement_enforcement_witness.where_refinement_cast_literal_oci_other_digest_algorithm_refuses	test.claim.where_refinement_enforcement_witness	other	exceeded Cpu budget (682ms elapsed against 500ms)					910	97
test.claim.where_refinement_enforcement_witness.where_refinement_cast_literal_oci_other_digest_algorithm_accepts	test.claim.where_refinement_enforcement_witness	other	exceeded Cpu budget (2061ms elapsed against 500ms)					910	97
v2.test.lens_inert_carrier.inert_carrier_test.inert_carrier_no_unrostered_or_stale	v2.test.lens_inert_carrier.inert_carrier_test	other	returned Bool(false)					23	0
v2.test.lens_mutation_adequacy.mutation_adequacy_test.adequate_when_every_mutation_has_a_discriminating_witness	v2.test.lens_mutation_adequacy.mutation_adequacy_test	no_such_function	no such function: unit_is_discriminating	unit_is_discriminating				66	0
v2.test.lens_mutation_adequacy.mutation_adequacy_test.surviving_mutation_is_inadequate	v2.test.lens_mutation_adequacy.mutation_adequacy_test	no_such_function	no such function: unit_is_discriminating	unit_is_discriminating				66	0
v2.test.lens_testgen.generator_provenance.lens_testgen_scheduled_generators_carry_provenance_holds	v2.test.lens_testgen.generator_provenance	other	witness receipt wall budget exceeded: 503ms wall > 500ms whole-receipt budget (falsifier wet/silent-pick lane; kill-at-deadline)					108	0
v2.test.lens_testgen.shadow_ci_receipt.lens_testgen_shadow_ci_run_receipt_holds	v2.test.lens_testgen.shadow_ci_receipt	other	eval budget exceeded: 502ms thread-CPU > 500ms fast-lane budget (operator 5s rule 2026-07-12). This budget is enforced on THREAD CPU, not wall. RELOCATING THE FILE DOES NOT DISCHARGE IT: moving a witness under a long/ dir removes it from per-PR discovery without giving it an executing consumer, which deletes the coverage while retaining the source (the gunbc#7762 specimen behind the 2026-08-04 admission ruling). Either reduce the witness's cost, or enroll it in a lane that declares its own dated ceiling AND names the row as an executing consumer.					108	0
v2.test.lens_vacuity.vacuity_test.vacuity_rung5_emit_vs_eval_classifies_proven_independent	v2.test.lens_vacuity.vacuity_test	no_such_function	no such function: nat_add_left_identity_input	nat_add_left_identity_input				884	44
v2.test.lens_vacuity.vacuity_test.vacuity_unified_node_corpus_matches_transport_classifier	v2.test.lens_vacuity.vacuity_test	no_such_function	no such function: nat_add_left_identity_input	nat_add_left_identity_input				884	44
v2.test.lens_vacuity.vacuity_test.vacuity_falsification_cases_each_match_expected_evidence	v2.test.lens_vacuity.vacuity_test	no_such_function	no such function: nat_add_left_identity_input	nat_add_left_identity_input				884	44
v2.test.lens_vacuity.vacuity_test.vacuity_advisory_census_partitions_falsification_suite	v2.test.lens_vacuity.vacuity_test	no_such_function	no such function: nat_add_left_identity_input	nat_add_left_identity_input				884	44
v2.test.lens_vacuity.vacuity_test.vacuity_falsification_suite_nonempty	v2.test.lens_vacuity.vacuity_test	no_such_function	no such function: nat_add_left_identity_input	nat_add_left_identity_input				884	44
v2.test.claim.auth_declared_but_unwired_witness.auth_declared_but_unwired_witness_keystone_holds	v2.test.claim.auth_declared_but_unwired_witness	other	type error: hermetic mode: no mock_response for operation IsExecutable — refusing to fabricate Unit					915	97
v2.test.claim.body_lowering.atom_body_discriminator_witness.atom_body_discriminator_single_pass_receipt_holds	v2.test.claim.body_lowering.atom_body_discriminator_witness	other	witness receipt wall budget exceeded: 511ms wall > 500ms whole-receipt budget (falsifier wet/silent-pick lane; kill-at-deadline)					125	0
v2.test.claim.bootstrap.bootstrap_witness_keystone_holds	v2.test.claim.bootstrap	other	type error: hermetic mode: no mock_response for operation IsExecutable — refusing to fabricate Unit					915	97
v2.test.claim.byte_cardinality_grounding.byte_grounding_accepts_8_bits	v2.test.claim.byte_cardinality_grounding	other	non-exhaustive pattern match on: [1, 0, 1, 0, 1, 0, 1, 0]					909	96
v2.test.claim.byte_cardinality_grounding.byte_grounding_rejects_7_bits	v2.test.claim.byte_cardinality_grounding	other	non-exhaustive pattern match on: [1, 0, 1, 0, 1, 0, 1]					909	96
v2.test.claim.cardinality_fold_propagation.fold_within_bound_accepts	v2.test.claim.cardinality_fold_propagation	other	non-exhaustive pattern match on: 200					910	97
v2.test.claim.cardinality_fold_propagation.fold_overflow_rejects	v2.test.claim.cardinality_fold_propagation	other	non-exhaustive pattern match on: 300					910	97
v2.test.claim.compilation_unit_witness.declared_fields_only_is_the_accepted_control	v2.test.claim.compilation_unit_witness	other	exceeded Cpu budget (786ms elapsed against 500ms)					910	88
v2.test.claim.compiler_materialization_witness.parse_table_carrier_inhabits_realization	v2.test.claim.compiler_materialization_witness	undefined_variable	undefined variable: LocalInProcess	LocalInProcess				910	97
v2.test.claim.compiler_materialization_witness.compile_stage_carrier_inhabits_realization	v2.test.claim.compiler_materialization_witness	undefined_variable	undefined variable: LocalInProcess	LocalInProcess				910	97
v2.test.claim.effect_reach_test.effect_reach_path_data_init_derived_host_reading_holds	v2.test.claim.effect_reach_test	other	eval budget exceeded: 3891ms thread-CPU > 500ms fast-lane budget (operator 5s rule 2026-07-12). This budget is enforced on THREAD CPU, not wall. RELOCATING THE FILE DOES NOT DISCHARGE IT: moving a witness under a long/ dir removes it from per-PR discovery without giving it an executing consumer, which deletes the coverage while retaining the source (the gunbc#7762 specimen behind the 2026-08-04 admission ruling). Either reduce the witness's cost, or enroll it in a lane that declares its own dated ceiling AND names the row as an executing consumer.					910	55
v2.test.claim.effect_reach_test.effect_reach_path_data_init_red_when_import_severed_holds	v2.test.claim.effect_reach_test	other	eval budget exceeded: 2040ms thread-CPU > 500ms fast-lane budget (operator 5s rule 2026-07-12). This budget is enforced on THREAD CPU, not wall. RELOCATING THE FILE DOES NOT DISCHARGE IT: moving a witness under a long/ dir removes it from per-PR discovery without giving it an executing consumer, which deletes the coverage while retaining the source (the gunbc#7762 specimen behind the 2026-08-04 admission ruling). Either reduce the witness's cost, or enroll it in a lane that declares its own dated ceiling AND names the row as an executing consumer.					910	55
v2.test.claim.effect_reach_test.effect_reach_path_touch_selects_on_normalize_path_holds	v2.test.claim.effect_reach_test	other	eval budget exceeded: 1975ms thread-CPU > 500ms fast-lane budget (operator 5s rule 2026-07-12). This budget is enforced on THREAD CPU, not wall. RELOCATING THE FILE DOES NOT DISCHARGE IT: moving a witness under a long/ dir removes it from per-PR discovery without giving it an executing consumer, which deletes the coverage while retaining the source (the gunbc#7762 specimen behind the 2026-08-04 admission ruling). Either reduce the witness's cost, or enroll it in a lane that declares its own dated ceiling AND names the row as an executing consumer.					910	55
v2.test.claim.effect_reach_test.effect_reach_unrelated_path_does_not_select_holds	v2.test.claim.effect_reach_test	other	eval budget exceeded: 1902ms thread-CPU > 500ms fast-lane budget (operator 5s rule 2026-07-12). This budget is enforced on THREAD CPU, not wall. RELOCATING THE FILE DOES NOT DISCHARGE IT: moving a witness under a long/ dir removes it from per-PR discovery without giving it an executing consumer, which deletes the coverage while retaining the source (the gunbc#7762 specimen behind the 2026-08-04 admission ruling). Either reduce the witness's cost, or enroll it in a lane that declares its own dated ceiling AND names the row as an executing consumer.					910	55
v2.test.claim.effect_reach_test.effect_reach_hermetic_fixture_stays_local_holds	v2.test.claim.effect_reach_test	other	eval budget exceeded: 1898ms thread-CPU > 500ms fast-lane budget (operator 5s rule 2026-07-12). This budget is enforced on THREAD CPU, not wall. RELOCATING THE FILE DOES NOT DISCHARGE IT: moving a witness under a long/ dir removes it from per-PR discovery without giving it an executing consumer, which deletes the coverage while retaining the source (the gunbc#7762 specimen behind the 2026-08-04 admission ruling). Either reduce the witness's cost, or enroll it in a lane that declares its own dated ceiling AND names the row as an executing consumer.					910	55
v2.test.claim.effect_reach_test.effect_reach_prose_string_path_does_not_classify_holds	v2.test.claim.effect_reach_test	other	eval budget exceeded: 1880ms thread-CPU > 500ms fast-lane budget (operator 5s rule 2026-07-12). This budget is enforced on THREAD CPU, not wall. RELOCATING THE FILE DOES NOT DISCHARGE IT: moving a witness under a long/ dir removes it from per-PR discovery without giving it an executing consumer, which deletes the coverage while retaining the source (the gunbc#7762 specimen behind the 2026-08-04 admission ruling). Either reduce the witness's cost, or enroll it in a lane that declares its own dated ceiling AND names the row as an executing consumer.					910	55
v2.test.claim.effect_reach_test.effect_reach_concat_built_path_frontier_not_classified_holds	v2.test.claim.effect_reach_test	other	eval budget exceeded: 2039ms thread-CPU > 500ms fast-lane budget (operator 5s rule 2026-07-12). This budget is enforced on THREAD CPU, not wall. RELOCATING THE FILE DOES NOT DISCHARGE IT: moving a witness under a long/ dir removes it from per-PR discovery without giving it an executing consumer, which deletes the coverage while retaining the source (the gunbc#7762 specimen behind the 2026-08-04 admission ruling). Either reduce the witness's cost, or enroll it in a lane that declares its own dated ceiling AND names the row as an executing consumer.					910	55
v2.test.claim.effect_reach_test.effect_reach_live_03_normalize_witness_derived_host_reading_holds	v2.test.claim.effect_reach_test	other	eval budget exceeded: 2005ms thread-CPU > 500ms fast-lane budget (operator 5s rule 2026-07-12). This budget is enforced on THREAD CPU, not wall. RELOCATING THE FILE DOES NOT DISCHARGE IT: moving a witness under a long/ dir removes it from per-PR discovery without giving it an executing consumer, which deletes the coverage while retaining the source (the gunbc#7762 specimen behind the 2026-08-04 admission ruling). Either reduce the witness's cost, or enroll it in a lane that declares its own dated ceiling AND names the row as an executing consumer.					910	55
v2.test.emit.produced_decl_support_preserved.produced_decl_support_survives_augmentation	v2.test.emit.produced_decl_support_preserved	call_contract_mismatch	call contract mismatch calling 'render': missing required argument 'proto' (1 of 2 required argument(s) supplied)	render	std.layout		std.layout	77	0
v2.test.claim.emit.trait_derive_supplemental_generic_bound_contract.nested_generic_contract_round_trip_preserves_keyed_authority	v2.test.claim.emit.trait_derive_supplemental_generic_bound_contract	other	witness receipt wall budget exceeded: 772ms wall > 500ms whole-receipt budget (falsifier wet/silent-pick lane; kill-at-deadline)					904	57
v2.test.claim.emit.trait_derive_supplemental_generic_bound_contract.rust_vec_target_bundle_round_trip_preserves_im_vector_policy	v2.test.claim.emit.trait_derive_supplemental_generic_bound_contract	other	eval budget exceeded: 808ms thread-CPU > 500ms fast-lane budget (operator 5s rule 2026-07-12). This budget is enforced on THREAD CPU, not wall. RELOCATING THE FILE DOES NOT DISCHARGE IT: moving a witness under a long/ dir removes it from per-PR discovery without giving it an executing consumer, which deletes the coverage while retaining the source (the gunbc#7762 specimen behind the 2026-08-04 admission ruling). Either reduce the witness's cost, or enroll it in a lane that declares its own dated ceiling AND names the row as an executing consumer.					904	57
v2.test.claim.emit.trait_derive_supplemental_generic_bound_contract.rust_vec_debug_contract_requires_clone_from_im_vector_authority	v2.test.claim.emit.trait_derive_supplemental_generic_bound_contract	other	eval budget exceeded: 803ms thread-CPU > 500ms fast-lane budget (operator 5s rule 2026-07-12). This budget is enforced on THREAD CPU, not wall. RELOCATING THE FILE DOES NOT DISCHARGE IT: moving a witness under a long/ dir removes it from per-PR discovery without giving it an executing consumer, which deletes the coverage while retaining the source (the gunbc#7762 specimen behind the 2026-08-04 admission ruling). Either reduce the witness's cost, or enroll it in a lane that declares its own dated ceiling AND names the row as an executing consumer.					904	57
v2.test.claim.emit.trait_derive_supplemental_generic_bound_contract.rust_vec_partial_eq_contract_requires_clone_from_im_vector_authority	v2.test.claim.emit.trait_derive_supplemental_generic_bound_contract	other	eval budget exceeded: 919ms thread-CPU > 500ms fast-lane budget (operator 5s rule 2026-07-12). This budget is enforced on THREAD CPU, not wall. RELOCATING THE FILE DOES NOT DISCHARGE IT: moving a witness under a long/ dir removes it from per-PR discovery without giving it an executing consumer, which deletes the coverage while retaining the source (the gunbc#7762 specimen behind the 2026-08-04 admission ruling). Either reduce the witness's cost, or enroll it in a lane that declares its own dated ceiling AND names the row as an executing consumer.					904	57
v2.test.claim.emit.trait_derive_supplemental_generic_bound_contract.rust_vec_serialize_contract_requires_clone_from_im_vector_authority	v2.test.claim.emit.trait_derive_supplemental_generic_bound_contract	other	eval budget exceeded: 881ms thread-CPU > 500ms fast-lane budget (operator 5s rule 2026-07-12). This budget is enforced on THREAD CPU, not wall. RELOCATING THE FILE DOES NOT DISCHARGE IT: moving a witness under a long/ dir removes it from per-PR discovery without giving it an executing consumer, which deletes the coverage while retaining the source (the gunbc#7762 specimen behind the 2026-08-04 admission ruling). Either reduce the witness's cost, or enroll it in a lane that declares its own dated ceiling AND names the row as an executing consumer.					904	57
v2.test.claim.emit.trait_derive_supplemental_generic_bound_contract.rust_vec_deserialize_contract_requires_clone_from_im_vector_authority	v2.test.claim.emit.trait_derive_supplemental_generic_bound_contract	other	eval budget exceeded: 732ms thread-CPU > 500ms fast-lane budget (operator 5s rule 2026-07-12). This budget is enforced on THREAD CPU, not wall. RELOCATING THE FILE DOES NOT DISCHARGE IT: moving a witness under a long/ dir removes it from per-PR discovery without giving it an executing consumer, which deletes the coverage while retaining the source (the gunbc#7762 specimen behind the 2026-08-04 admission ruling). Either reduce the witness's cost, or enroll it in a lane that declares its own dated ceiling AND names the row as an executing consumer.					904	57
v2.test.claim.emit.trait_derive_supplemental_generic_bound_contract.rust_vec_clone_contract_remains_explicit_empty_from_im_vector_authority	v2.test.claim.emit.trait_derive_supplemental_generic_bound_contract	other	eval budget exceeded: 882ms thread-CPU > 500ms fast-lane budget (operator 5s rule 2026-07-12). This budget is enforced on THREAD CPU, not wall. RELOCATING THE FILE DOES NOT DISCHARGE IT: moving a witness under a long/ dir removes it from per-PR discovery without giving it an executing consumer, which deletes the coverage while retaining the source (the gunbc#7762 specimen behind the 2026-08-04 admission ruling). Either reduce the witness's cost, or enroll it in a lane that declares its own dated ceiling AND names the row as an executing consumer.					904	57
v2.test.claim.emit.trait_derive_supplemental_generic_bound_contract.rust_vec_unmodeled_ord_contract_refuses_as_missing	v2.test.claim.emit.trait_derive_supplemental_generic_bound_contract	other	eval budget exceeded: 889ms thread-CPU > 500ms fast-lane budget (operator 5s rule 2026-07-12). This budget is enforced on THREAD CPU, not wall. RELOCATING THE FILE DOES NOT DISCHARGE IT: moving a witness under a long/ dir removes it from per-PR discovery without giving it an executing consumer, which deletes the coverage while retaining the source (the gunbc#7762 specimen behind the 2026-08-04 admission ruling). Either reduce the witness's cost, or enroll it in a lane that declares its own dated ceiling AND names the row as an executing consumer.					904	57
v2.test.claim.emit.trait_derive_supplemental_generic_bound_contract.rust_set_target_bundle_round_trip_preserves_both_production_policies	v2.test.claim.emit.trait_derive_supplemental_generic_bound_contract	other	eval budget exceeded: 889ms thread-CPU > 500ms fast-lane budget (operator 5s rule 2026-07-12). This budget is enforced on THREAD CPU, not wall. RELOCATING THE FILE DOES NOT DISCHARGE IT: moving a witness under a long/ dir removes it from per-PR discovery without giving it an executing consumer, which deletes the coverage while retaining the source (the gunbc#7762 specimen behind the 2026-08-04 admission ruling). Either reduce the witness's cost, or enroll it in a lane that declares its own dated ceiling AND names the row as an executing consumer.					904	57
v2.test.claim.emit.trait_derive_supplemental_generic_bound_contract.rust_btree_set_debug_contract_is_explicit_known_zero_from_std_authority	v2.test.claim.emit.trait_derive_supplemental_generic_bound_contract	other	eval budget exceeded: 877ms thread-CPU > 500ms fast-lane budget (operator 5s rule 2026-07-12). This budget is enforced on THREAD CPU, not wall. RELOCATING THE FILE DOES NOT DISCHARGE IT: moving a witness under a long/ dir removes it from per-PR discovery without giving it an executing consumer, which deletes the coverage while retaining the source (the gunbc#7762 specimen behind the 2026-08-04 admission ruling). Either reduce the witness's cost, or enroll it in a lane that declares its own dated ceiling AND names the row as an executing consumer.					904	57
v2.test.claim.emit.trait_derive_supplemental_generic_bound_contract.rust_btree_set_serialize_contract_is_explicit_known_zero_from_serde_authority	v2.test.claim.emit.trait_derive_supplemental_generic_bound_contract	other	eval budget exceeded: 867ms thread-CPU > 500ms fast-lane budget (operator 5s rule 2026-07-12). This budget is enforced on THREAD CPU, not wall. RELOCATING THE FILE DOES NOT DISCHARGE IT: moving a witness under a long/ dir removes it from per-PR discovery without giving it an executing consumer, which deletes the coverage while retaining the source (the gunbc#7762 specimen behind the 2026-08-04 admission ruling). Either reduce the witness's cost, or enroll it in a lane that declares its own dated ceiling AND names the row as an executing consumer.					904	57
v2.test.claim.emit.trait_derive_supplemental_generic_bound_contract.rust_btree_set_deserialize_contract_requires_ord_from_serde_authority	v2.test.claim.emit.trait_derive_supplemental_generic_bound_contract	other	eval budget exceeded: 720ms thread-CPU > 500ms fast-lane budget (operator 5s rule 2026-07-12). This budget is enforced on THREAD CPU, not wall. RELOCATING THE FILE DOES NOT DISCHARGE IT: moving a witness under a long/ dir removes it from per-PR discovery without giving it an executing consumer, which deletes the coverage while retaining the source (the gunbc#7762 specimen behind the 2026-08-04 admission ruling). Either reduce the witness's cost, or enroll it in a lane that declares its own dated ceiling AND names the row as an executing consumer.					904	57
v2.test.claim.emit.trait_derive_supplemental_generic_bound_contract.rust_hash_set_serialize_contract_is_known_zero_after_bundle_decode	v2.test.claim.emit.trait_derive_supplemental_generic_bound_contract	other	eval budget exceeded: 876ms thread-CPU > 500ms fast-lane budget (operator 5s rule 2026-07-12). This budget is enforced on THREAD CPU, not wall. RELOCATING THE FILE DOES NOT DISCHARGE IT: moving a witness under a long/ dir removes it from per-PR discovery without giving it an executing consumer, which deletes the coverage while retaining the source (the gunbc#7762 specimen behind the 2026-08-04 admission ruling). Either reduce the witness's cost, or enroll it in a lane that declares its own dated ceiling AND names the row as an executing consumer.					904	57
v2.test.claim.emit.trait_derive_supplemental_generic_bound_contract.rust_hash_set_unrepresentable_hash_contracts_refuse_with_typed_blockers	v2.test.claim.emit.trait_derive_supplemental_generic_bound_contract	other	eval budget exceeded: 861ms thread-CPU > 500ms fast-lane budget (operator 5s rule 2026-07-12). This budget is enforced on THREAD CPU, not wall. RELOCATING THE FILE DOES NOT DISCHARGE IT: moving a witness under a long/ dir removes it from per-PR discovery without giving it an executing consumer, which deletes the coverage while retaining the source (the gunbc#7762 specimen behind the 2026-08-04 admission ruling). Either reduce the witness's cost, or enroll it in a lane that declares its own dated ceiling AND names the row as an executing consumer.					904	57
v2.test.claim.emit.trait_derive_supplemental_generic_bound_contract.malformed_unrelated_row_poison_refuses_valid_debug_decode	v2.test.claim.emit.trait_derive_supplemental_generic_bound_contract	other	exceeded Cpu budget (574ms elapsed against 500ms)					904	57
v2.test.execution.add_arrow_eval_by_execution.add_arrow_eval_parse_holds	v2.test.execution.add_arrow_eval_by_execution	other	witness receipt wall budget exceeded: 504ms wall > 500ms whole-receipt budget (falsifier wet/silent-pick lane; kill-at-deadline)					138	0
v2.test.execution.add_arrow_eval_by_execution.add_arrow_eval_normalize_holds	v2.test.execution.add_arrow_eval_by_execution	other	eval budget exceeded: 501ms thread-CPU > 500ms fast-lane budget (operator 5s rule 2026-07-12). This budget is enforced on THREAD CPU, not wall. RELOCATING THE FILE DOES NOT DISCHARGE IT: moving a witness under a long/ dir removes it from per-PR discovery without giving it an executing consumer, which deletes the coverage while retaining the source (the gunbc#7762 specimen behind the 2026-08-04 admission ruling). Either reduce the witness's cost, or enroll it in a lane that declares its own dated ceiling AND names the row as an executing consumer.					138	0
v2.test.execution.add_arrow_eval_by_execution.add_arrow_eval_resolve_holds	v2.test.execution.add_arrow_eval_by_execution	other	eval budget exceeded: 503ms thread-CPU > 500ms fast-lane budget (operator 5s rule 2026-07-12). This budget is enforced on THREAD CPU, not wall. RELOCATING THE FILE DOES NOT DISCHARGE IT: moving a witness under a long/ dir removes it from per-PR discovery without giving it an executing consumer, which deletes the coverage while retaining the source (the gunbc#7762 specimen behind the 2026-08-04 admission ruling). Either reduce the witness's cost, or enroll it in a lane that declares its own dated ceiling AND names the row as an executing consumer.					138	0
v2.test.execution.add_arrow_eval_by_execution.add_arrow_eval_source_pipeline_admits_add_holds	v2.test.execution.add_arrow_eval_by_execution	other	eval budget exceeded: 501ms thread-CPU > 500ms fast-lane budget (operator 5s rule 2026-07-12). This budget is enforced on THREAD CPU, not wall. RELOCATING THE FILE DOES NOT DISCHARGE IT: moving a witness under a long/ dir removes it from per-PR discovery without giving it an executing consumer, which deletes the coverage while retaining the source (the gunbc#7762 specimen behind the 2026-08-04 admission ruling). Either reduce the witness's cost, or enroll it in a lane that declares its own dated ceiling AND names the row as an executing consumer.					138	0
v2.test.execution.add_arrow_eval_by_execution.add_arrow_eval_direct_runtime_holds	v2.test.execution.add_arrow_eval_by_execution	other	returned Bool(false)					138	0
v2.test.execution.add_arrow_eval_by_execution.add_arrow_eval_source_driven_add_executes_holds	v2.test.execution.add_arrow_eval_by_execution	other	returned Bool(false)					138	0
v2.test.execution.add_arrow_eval_by_execution.add_arrow_eval_produced_add_body_executes_holds	v2.test.execution.add_arrow_eval_by_execution	other	returned Bool(false)					138	0
v2.test.execution.add_arrow_eval_by_execution.add_arrow_eval_generality_executes_holds	v2.test.execution.add_arrow_eval_by_execution	other	returned Bool(false)					138	0
v2.test.execution.add_arrow_eval_by_execution.add_arrow_eval_lazy_arm_branch_suppression_holds	v2.test.execution.add_arrow_eval_by_execution	other	returned Bool(false)					138	0
v2.test.execution.bind_eval_by_execution.bind_census_ingested_executes_holds	v2.test.execution.bind_eval_by_execution	other	eval budget exceeded: 501ms thread-CPU > 500ms fast-lane budget (operator 5s rule 2026-07-12). This budget is enforced on THREAD CPU, not wall. RELOCATING THE FILE DOES NOT DISCHARGE IT: moving a witness under a long/ dir removes it from per-PR discovery without giving it an executing consumer, which deletes the coverage while retaining the source (the gunbc#7762 specimen behind the 2026-08-04 admission ruling). Either reduce the witness's cost, or enroll it in a lane that declares its own dated ceiling AND names the row as an executing consumer.					911	48
v2.test.execution.bind_eval_by_execution.bind_census_ingested_wrong_value_red_holds	v2.test.execution.bind_eval_by_execution	other	witness receipt wall budget exceeded: 501ms wall > 500ms whole-receipt budget (falsifier wet/silent-pick lane; kill-at-deadline)					911	48
v2.test.execution.dag_add_emit_round_trip.dag_add_domain_coerce_accepts_holds	v2.test.execution.dag_add_emit_round_trip	other	returned Bool(false)					906	56
v2.test.execution.dag_add_emit_round_trip.dag_add_domain_translate_accepts_holds	v2.test.execution.dag_add_emit_round_trip	other	returned Bool(false)					906	56
v2.test.execution.emit_host_add_equals_eval.emit_host_add_equals_eval_holds	v2.test.execution.emit_host_add_equals_eval	other	host tool unresolved: "cargo" (probed: /home/ghrunner/.cargo/bin/cargo, /usr/local/sbin/cargo, /usr/local/bin/cargo, /usr/sbin/cargo, /usr/bin/cargo, /snap/bin/cargo, /home/ghrunner/.cargo/bin/cargo)					181	0
v2.test.execution.emit_host_add_equals_eval.emit_host_add_wrong_oracle_refuses_holds	v2.test.execution.emit_host_add_equals_eval	other	host tool unresolved: "cargo" (probed: /home/ghrunner/.cargo/bin/cargo, /usr/local/sbin/cargo, /usr/local/bin/cargo, /usr/sbin/cargo, /usr/bin/cargo, /snap/bin/cargo, /home/ghrunner/.cargo/bin/cargo)					181	0
v2.test.execution.emit_host_classical_not_ingested_equals_eval.ingested_classical_not_eval_subgraph_canonical_octet_zero_holds	v2.test.execution.emit_host_classical_not_ingested_equals_eval	other	eval budget exceeded: 501ms thread-CPU > 500ms fast-lane budget (operator 5s rule 2026-07-12). This budget is enforced on THREAD CPU, not wall. RELOCATING THE FILE DOES NOT DISCHARGE IT: moving a witness under a long/ dir removes it from per-PR discovery without giving it an executing consumer, which deletes the coverage while retaining the source (the gunbc#7762 specimen behind the 2026-08-04 admission ruling). Either reduce the witness's cost, or enroll it in a lane that declares its own dated ceiling AND names the row as an executing consumer.					894	44
v2.test.execution.emit_host_classical_not_ingested_equals_eval.ingested_classical_not_emit_octet_bridge_shape_holds	v2.test.execution.emit_host_classical_not_ingested_equals_eval	other	eval budget exceeded: 501ms thread-CPU > 500ms fast-lane budget (operator 5s rule 2026-07-12). This budget is enforced on THREAD CPU, not wall. RELOCATING THE FILE DOES NOT DISCHARGE IT: moving a witness under a long/ dir removes it from per-PR discovery without giving it an executing consumer, which deletes the coverage while retaining the source (the gunbc#7762 specimen behind the 2026-08-04 admission ruling). Either reduce the witness's cost, or enroll it in a lane that declares its own dated ceiling AND names the row as an executing consumer.					894	44
v2.test.execution.emit_host_classical_not_ingested_equals_eval.ingested_classical_not_emit_source_arm_shape_holds	v2.test.execution.emit_host_classical_not_ingested_equals_eval	other	witness receipt wall budget exceeded: 501ms wall > 500ms whole-receipt budget (falsifier wet/silent-pick lane; kill-at-deadline)					894	44
v2.test.execution.emit_host_classical_not_ingested_equals_eval.ingested_classical_not_canonical_emit_refuses_underived_holds	v2.test.execution.emit_host_classical_not_ingested_equals_eval	other	witness receipt wall budget exceeded: 501ms wall > 500ms whole-receipt budget (falsifier wet/silent-pick lane; kill-at-deadline)					894	44
v2.test.execution.emit_host_classical_not_ingested_equals_eval.ingested_classical_not_resolves_holds	v2.test.execution.emit_host_classical_not_ingested_equals_eval	other	eval budget exceeded: 504ms thread-CPU > 500ms fast-lane budget (operator 5s rule 2026-07-12). This budget is enforced on THREAD CPU, not wall. RELOCATING THE FILE DOES NOT DISCHARGE IT: moving a witness under a long/ dir removes it from per-PR discovery without giving it an executing consumer, which deletes the coverage while retaining the source (the gunbc#7762 specimen behind the 2026-08-04 admission ruling). Either reduce the witness's cost, or enroll it in a lane that declares its own dated ceiling AND names the row as an executing consumer.					894	44
v2.test.execution.emit_host_classical_not_ingested_equals_eval.ingested_classical_not_arrow_has_match_holds	v2.test.execution.emit_host_classical_not_ingested_equals_eval	other	witness receipt wall budget exceeded: 502ms wall > 500ms whole-receipt budget (falsifier wet/silent-pick lane; kill-at-deadline)					894	44
v2.test.execution.emit_host_classical_not_ingested_equals_eval.ingested_classical_not_staging_emit_refuses_underived_holds	v2.test.execution.emit_host_classical_not_ingested_equals_eval	other	eval budget exceeded: 502ms thread-CPU > 500ms fast-lane budget (operator 5s rule 2026-07-12). This budget is enforced on THREAD CPU, not wall. RELOCATING THE FILE DOES NOT DISCHARGE IT: moving a witness under a long/ dir removes it from per-PR discovery without giving it an executing consumer, which deletes the coverage while retaining the source (the gunbc#7762 specimen behind the 2026-08-04 admission ruling). Either reduce the witness's cost, or enroll it in a lane that declares its own dated ceiling AND names the row as an executing consumer.					894	44
v2.test.execution.emit_host_classical_not_ingested_equals_eval.ingested_classical_not_staging_swapped_emit_refuses_underived_holds	v2.test.execution.emit_host_classical_not_ingested_equals_eval	other	eval budget exceeded: 502ms thread-CPU > 500ms fast-lane budget (operator 5s rule 2026-07-12). This budget is enforced on THREAD CPU, not wall. RELOCATING THE FILE DOES NOT DISCHARGE IT: moving a witness under a long/ dir removes it from per-PR discovery without giving it an executing consumer, which deletes the coverage while retaining the source (the gunbc#7762 specimen behind the 2026-08-04 admission ruling). Either reduce the witness's cost, or enroll it in a lane that declares its own dated ceiling AND names the row as an executing consumer.					894	44
v2.test.execution.emit_host_classical_not_ingested_equals_eval.emit_host_classical_not_ingested_equals_eval_holds	v2.test.execution.emit_host_classical_not_ingested_equals_eval	other	eval budget exceeded: 502ms thread-CPU > 500ms fast-lane budget (operator 5s rule 2026-07-12). This budget is enforced on THREAD CPU, not wall. RELOCATING THE FILE DOES NOT DISCHARGE IT: moving a witness under a long/ dir removes it from per-PR discovery without giving it an executing consumer, which deletes the coverage while retaining the source (the gunbc#7762 specimen behind the 2026-08-04 admission ruling). Either reduce the witness's cost, or enroll it in a lane that declares its own dated ceiling AND names the row as an executing consumer.					894	44
v2.test.execution.emit_host_classical_not_ingested_equals_eval.emit_host_classical_not_ingested_swapped_refuses_holds	v2.test.execution.emit_host_classical_not_ingested_equals_eval	other	eval budget exceeded: 501ms thread-CPU > 500ms fast-lane budget (operator 5s rule 2026-07-12). This budget is enforced on THREAD CPU, not wall. RELOCATING THE FILE DOES NOT DISCHARGE IT: moving a witness under a long/ dir removes it from per-PR discovery without giving it an executing consumer, which deletes the coverage while retaining the source (the gunbc#7762 specimen behind the 2026-08-04 admission ruling). Either reduce the witness's cost, or enroll it in a lane that declares its own dated ceiling AND names the row as an executing consumer.					894	44
v2.test.execution.emit_host_classical_not_ingested_equals_eval.ingested_classical_not_emit_accepts_holds	v2.test.execution.emit_host_classical_not_ingested_equals_eval	other	eval budget exceeded: 504ms thread-CPU > 500ms fast-lane budget (operator 5s rule 2026-07-12). This budget is enforced on THREAD CPU, not wall. RELOCATING THE FILE DOES NOT DISCHARGE IT: moving a witness under a long/ dir removes it from per-PR discovery without giving it an executing consumer, which deletes the coverage while retaining the source (the gunbc#7762 specimen behind the 2026-08-04 admission ruling). Either reduce the witness's cost, or enroll it in a lane that declares its own dated ceiling AND names the row as an executing consumer.					894	44
v2.test.execution.emit_host_classical_not_ingested_equals_eval.ingested_classical_not_real_infer_holds	v2.test.execution.emit_host_classical_not_ingested_equals_eval	other	eval budget exceeded: 503ms thread-CPU > 500ms fast-lane budget (operator 5s rule 2026-07-12). This budget is enforced on THREAD CPU, not wall. RELOCATING THE FILE DOES NOT DISCHARGE IT: moving a witness under a long/ dir removes it from per-PR discovery without giving it an executing consumer, which deletes the coverage while retaining the source (the gunbc#7762 specimen behind the 2026-08-04 admission ruling). Either reduce the witness's cost, or enroll it in a lane that declares its own dated ceiling AND names the row as an executing consumer.					894	44
v2.test.execution.emit_host_complement_equals_eval.emit_host_complement_equals_eval_holds	v2.test.execution.emit_host_complement_equals_eval	other	host tool unresolved: "cargo" (probed: /home/ghrunner/.cargo/bin/cargo, /usr/local/sbin/cargo, /usr/local/bin/cargo, /usr/sbin/cargo, /usr/bin/cargo, /snap/bin/cargo, /home/ghrunner/.cargo/bin/cargo)					136	0
v2.test.execution.emit_host_complement_equals_eval.emit_host_complement_wrong_fixture_refuses_holds	v2.test.execution.emit_host_complement_equals_eval	other	host tool unresolved: "cargo" (probed: /home/ghrunner/.cargo/bin/cargo, /usr/local/sbin/cargo, /usr/local/bin/cargo, /usr/sbin/cargo, /usr/bin/cargo, /snap/bin/cargo, /home/ghrunner/.cargo/bin/cargo)					136	0
v2.test.execution.emit_host_field_access_equals_eval.emit_host_field_access_equals_eval_holds	v2.test.execution.emit_host_field_access_equals_eval	other	host tool unresolved: "cargo" (probed: /home/ghrunner/.cargo/bin/cargo, /usr/local/sbin/cargo, /usr/local/bin/cargo, /usr/sbin/cargo, /usr/bin/cargo, /snap/bin/cargo, /home/ghrunner/.cargo/bin/cargo)					136	0
v2.test.execution.emit_host_field_access_equals_eval.emit_host_field_access_wrong_fixture_refuses_holds	v2.test.execution.emit_host_field_access_equals_eval	other	host tool unresolved: "cargo" (probed: /home/ghrunner/.cargo/bin/cargo, /usr/local/sbin/cargo, /usr/local/bin/cargo, /usr/sbin/cargo, /usr/bin/cargo, /snap/bin/cargo, /home/ghrunner/.cargo/bin/cargo)					136	0
v2.test.execution.emit_host_fold_closure_equals_eval.emit_host_fold_closure_equals_eval_holds	v2.test.execution.emit_host_fold_closure_equals_eval	other	host tool unresolved: "cargo" (probed: /home/ghrunner/.cargo/bin/cargo, /usr/local/sbin/cargo, /usr/local/bin/cargo, /usr/sbin/cargo, /usr/bin/cargo, /snap/bin/cargo, /home/ghrunner/.cargo/bin/cargo)					137	0
v2.test.execution.emit_host_fold_closure_equals_eval.emit_host_fold_closure_wrong_fixture_refuses_holds	v2.test.execution.emit_host_fold_closure_equals_eval	other	host tool unresolved: "cargo" (probed: /home/ghrunner/.cargo/bin/cargo, /usr/local/sbin/cargo, /usr/local/bin/cargo, /usr/sbin/cargo, /usr/bin/cargo, /snap/bin/cargo, /home/ghrunner/.cargo/bin/cargo)					137	0
v2.test.execution.emit_host_meet_join_equals_eval.emit_host_meet_equals_eval_holds	v2.test.execution.emit_host_meet_join_equals_eval	other	host tool unresolved: "cargo" (probed: /home/ghrunner/.cargo/bin/cargo, /usr/local/sbin/cargo, /usr/local/bin/cargo, /usr/sbin/cargo, /usr/bin/cargo, /snap/bin/cargo, /home/ghrunner/.cargo/bin/cargo)					136	0
v2.test.execution.emit_host_meet_join_equals_eval.emit_host_meet_wrong_fixture_refuses_holds	v2.test.execution.emit_host_meet_join_equals_eval	other	host tool unresolved: "cargo" (probed: /home/ghrunner/.cargo/bin/cargo, /usr/local/sbin/cargo, /usr/local/bin/cargo, /usr/sbin/cargo, /usr/bin/cargo, /snap/bin/cargo, /home/ghrunner/.cargo/bin/cargo)					136	0
v2.test.execution.emit_host_meet_join_equals_eval.emit_host_join_equals_eval_holds	v2.test.execution.emit_host_meet_join_equals_eval	other	host tool unresolved: "cargo" (probed: /home/ghrunner/.cargo/bin/cargo, /usr/local/sbin/cargo, /usr/local/bin/cargo, /usr/sbin/cargo, /usr/bin/cargo, /snap/bin/cargo, /home/ghrunner/.cargo/bin/cargo)					136	0
v2.test.execution.emit_host_meet_join_equals_eval.emit_host_join_wrong_fixture_refuses_holds	v2.test.execution.emit_host_meet_join_equals_eval	other	host tool unresolved: "cargo" (probed: /home/ghrunner/.cargo/bin/cargo, /usr/local/sbin/cargo, /usr/local/bin/cargo, /usr/sbin/cargo, /usr/bin/cargo, /snap/bin/cargo, /home/ghrunner/.cargo/bin/cargo)					136	0
v2.test.execution.emit_host_module_equals_eval.emit_host_module_add_equals_eval_holds	v2.test.execution.emit_host_module_equals_eval	other	host tool unresolved: "cargo" (probed: /home/ghrunner/.cargo/bin/cargo, /usr/local/sbin/cargo, /usr/local/bin/cargo, /usr/sbin/cargo, /usr/bin/cargo, /snap/bin/cargo, /home/ghrunner/.cargo/bin/cargo)					177	0
v2.test.execution.emit_host_module_equals_eval.emit_host_module_wrong_oracle_refuses_holds	v2.test.execution.emit_host_module_equals_eval	other	host tool unresolved: "cargo" (probed: /home/ghrunner/.cargo/bin/cargo, /usr/local/sbin/cargo, /usr/local/bin/cargo, /usr/sbin/cargo, /usr/bin/cargo, /snap/bin/cargo, /home/ghrunner/.cargo/bin/cargo)					177	0
v2.test.execution.emit_host_native_only_verdict.emit_host_native_only_classical_not_holds	v2.test.execution.emit_host_native_only_verdict	other	eval budget exceeded: 503ms thread-CPU > 500ms fast-lane budget (operator 5s rule 2026-07-12). This budget is enforced on THREAD CPU, not wall. RELOCATING THE FILE DOES NOT DISCHARGE IT: moving a witness under a long/ dir removes it from per-PR discovery without giving it an executing consumer, which deletes the coverage while retaining the source (the gunbc#7762 specimen behind the 2026-08-04 admission ruling). Either reduce the witness's cost, or enroll it in a lane that declares its own dated ceiling AND names the row as an executing consumer.					157	0
v2.test.execution.emit_host_native_only_verdict.emit_host_native_only_classical_not_swapped_mismatch_detected_holds	v2.test.execution.emit_host_native_only_verdict	other	eval budget exceeded: 503ms thread-CPU > 500ms fast-lane budget (operator 5s rule 2026-07-12). This budget is enforced on THREAD CPU, not wall. RELOCATING THE FILE DOES NOT DISCHARGE IT: moving a witness under a long/ dir removes it from per-PR discovery without giving it an executing consumer, which deletes the coverage while retaining the source (the gunbc#7762 specimen behind the 2026-08-04 admission ruling). Either reduce the witness's cost, or enroll it in a lane that declares its own dated ceiling AND names the row as an executing consumer.					157	0
v2.test.execution.emit_host_produced_module_equals_eval.produced_module_two_distinct_fns_assemble	v2.test.execution.emit_host_produced_module_equals_eval	other	witness receipt wall budget exceeded: 502ms wall > 500ms whole-receipt budget (falsifier wet/silent-pick lane; kill-at-deadline)					179	0
v2.test.execution.emit_host_produced_module_equals_eval.emit_host_produced_module_add_equals_eval_holds	v2.test.execution.emit_host_produced_module_equals_eval	other	witness receipt wall budget exceeded: 501ms wall > 500ms whole-receipt budget (falsifier wet/silent-pick lane; kill-at-deadline)					179	0
v2.test.execution.emit_host_produced_module_equals_eval.emit_host_produced_module_wrong_oracle_refuses_holds	v2.test.execution.emit_host_produced_module_equals_eval	other	eval budget exceeded: 504ms thread-CPU > 500ms fast-lane budget (operator 5s rule 2026-07-12). This budget is enforced on THREAD CPU, not wall. RELOCATING THE FILE DOES NOT DISCHARGE IT: moving a witness under a long/ dir removes it from per-PR discovery without giving it an executing consumer, which deletes the coverage while retaining the source (the gunbc#7762 specimen behind the 2026-08-04 admission ruling). Either reduce the witness's cost, or enroll it in a lane that declares its own dated ceiling AND names the row as an executing consumer.					179	0
v2.test.execution.emit_host_variant_construct_equals_eval.emit_host_variant_construct_equals_eval_holds	v2.test.execution.emit_host_variant_construct_equals_eval	other	host tool unresolved: "cargo" (probed: /home/ghrunner/.cargo/bin/cargo, /usr/local/sbin/cargo, /usr/local/bin/cargo, /usr/sbin/cargo, /usr/bin/cargo, /snap/bin/cargo, /home/ghrunner/.cargo/bin/cargo)					916	52
v2.test.execution.emit_host_variant_construct_equals_eval.emit_host_variant_construct_wrong_fixture_refuses_holds	v2.test.execution.emit_host_variant_construct_equals_eval	other	host tool unresolved: "cargo" (probed: /home/ghrunner/.cargo/bin/cargo, /usr/local/sbin/cargo, /usr/local/bin/cargo, /usr/sbin/cargo, /usr/bin/cargo, /snap/bin/cargo, /home/ghrunner/.cargo/bin/cargo)					916	52
v2.test.execution.emit_ingest_python_same_language_round_trip.python_same_language_parse_bridge_holds	v2.test.execution.emit_ingest_python_same_language_round_trip	other	witness receipt wall budget exceeded: 502ms wall > 500ms whole-receipt budget (falsifier wet/silent-pick lane; kill-at-deadline)					936	100
v2.test.execution.emit_ingest_python_same_language_round_trip.python_same_language_source_emit_round_trip_holds	v2.test.execution.emit_ingest_python_same_language_round_trip	other	returned Bool(false)					936	100
v2.test.execution.emit_ingest_python_same_language_round_trip.emit_ingest_python_same_language_round_trip_holds	v2.test.execution.emit_ingest_python_same_language_round_trip	other	witness receipt wall budget exceeded: 501ms wall > 500ms whole-receipt budget (falsifier wet/silent-pick lane; kill-at-deadline)					936	100
v2.test.execution.emit_ingest_type_decl_round_trip.type_decl_real_source_round_trip_holds	v2.test.execution.emit_ingest_type_decl_round_trip	other	returned Bool(false)					159	0
v2.test.execution.emit_ingest_typescript_same_language_round_trip.typescript_same_language_source_emit_round_trip_holds	v2.test.execution.emit_ingest_typescript_same_language_round_trip	other	returned Bool(false)					937	100
v2.test.execution.emit_ingest_typescript_same_language_round_trip.emit_ingest_typescript_same_language_round_trip_holds	v2.test.execution.emit_ingest_typescript_same_language_round_trip	other	returned Bool(false)					937	100
v2.test.execution.floor_diff_observe_witness.witness_ci_policy_observation_succeeds	v2.test.execution.floor_diff_observe_witness	other	type error: hermetic mode: no mock_response for operation Get — refusing to fabricate Unit					575	0
v2.test.execution.floor_diff_observe_witness.witness_invalid_base_fails_closed	v2.test.execution.floor_diff_observe_witness	other	type error: hermetic mode: no mock_response for operation DiffUnified0 — refusing to fabricate Unit					575	0
v2.test.execution.floor_diff_observe_witness.witness_ci_policy_name_status_observation_succeeds	v2.test.execution.floor_diff_observe_witness	other	type error: hermetic mode: no mock_response for operation Get — refusing to fabricate Unit					575	0
v2.test.execution.floor_diff_observe_witness.witness_invalid_base_name_status_fails_closed	v2.test.execution.floor_diff_observe_witness	other	type error: hermetic mode: no mock_response for operation DiffNameStatus — refusing to fabricate Unit					575	0
v2.test.execution.fold_assembly_round_trip.corrupted_content_expands_but_differs	v2.test.execution.fold_assembly_round_trip	other	returned Bool(false)					910	97
v2.test.execution.fold_assembly_round_trip.structural_fill_arity_mismatch_is_rejected	v2.test.execution.fold_assembly_round_trip	other	returned Bool(false)					910	97
v2.test.execution.loop_eval_by_execution.loop_census_ingested_executes_holds	v2.test.execution.loop_eval_by_execution	other	witness receipt wall budget exceeded: 501ms wall > 500ms whole-receipt budget (falsifier wet/silent-pick lane; kill-at-deadline)					911	48
v2.test.execution.loop_eval_by_execution.loop_census_ingested_wrong_value_red_holds	v2.test.execution.loop_eval_by_execution	other	eval budget exceeded: 503ms thread-CPU > 500ms fast-lane budget (operator 5s rule 2026-07-12). This budget is enforced on THREAD CPU, not wall. RELOCATING THE FILE DOES NOT DISCHARGE IT: moving a witness under a long/ dir removes it from per-PR discovery without giving it an executing consumer, which deletes the coverage while retaining the source (the gunbc#7762 specimen behind the 2026-08-04 admission ruling). Either reduce the witness's cost, or enroll it in a lane that declares its own dated ceiling AND names the row as an executing consumer.					911	48
v2.test.execution.pick_ingested_probe.pick_probe_pipeline_resolves_holds	v2.test.execution.pick_ingested_probe	other	eval budget exceeded: 502ms thread-CPU > 500ms fast-lane budget (operator 5s rule 2026-07-12). This budget is enforced on THREAD CPU, not wall. RELOCATING THE FILE DOES NOT DISCHARGE IT: moving a witness under a long/ dir removes it from per-PR discovery without giving it an executing consumer, which deletes the coverage while retaining the source (the gunbc#7762 specimen behind the 2026-08-04 admission ruling). Either reduce the witness's cost, or enroll it in a lane that declares its own dated ceiling AND names the row as an executing consumer.					918	98
v2.test.execution.pick_ingested_probe.pick_probe_normalized_branch_holds	v2.test.execution.pick_ingested_probe	other	witness receipt wall budget exceeded: 504ms wall > 500ms whole-receipt budget (falsifier wet/silent-pick lane; kill-at-deadline)					918	98
v2.test.execution.pick_ingested_probe.pick_probe_normalized_arrow_branch_holds	v2.test.execution.pick_ingested_probe	other	eval budget exceeded: 502ms thread-CPU > 500ms fast-lane budget (operator 5s rule 2026-07-12). This budget is enforced on THREAD CPU, not wall. RELOCATING THE FILE DOES NOT DISCHARGE IT: moving a witness under a long/ dir removes it from per-PR discovery without giving it an executing consumer, which deletes the coverage while retaining the source (the gunbc#7762 specimen behind the 2026-08-04 admission ruling). Either reduce the witness's cost, or enroll it in a lane that declares its own dated ceiling AND names the row as an executing consumer.					918	98
v2.test.execution.pick_ingested_probe.pick_probe_swapped_arms_structural_red_holds	v2.test.execution.pick_ingested_probe	other	eval budget exceeded: 501ms thread-CPU > 500ms fast-lane budget (operator 5s rule 2026-07-12). This budget is enforced on THREAD CPU, not wall. RELOCATING THE FILE DOES NOT DISCHARGE IT: moving a witness under a long/ dir removes it from per-PR discovery without giving it an executing consumer, which deletes the coverage while retaining the source (the gunbc#7762 specimen behind the 2026-08-04 admission ruling). Either reduce the witness's cost, or enroll it in a lane that declares its own dated ceiling AND names the row as an executing consumer.					918	98
v2.test.execution.pick_ingested_probe.pick_probe_eval_equals_holds	v2.test.execution.pick_ingested_probe	other	eval budget exceeded: 502ms thread-CPU > 500ms fast-lane budget (operator 5s rule 2026-07-12). This budget is enforced on THREAD CPU, not wall. RELOCATING THE FILE DOES NOT DISCHARGE IT: moving a witness under a long/ dir removes it from per-PR discovery without giving it an executing consumer, which deletes the coverage while retaining the source (the gunbc#7762 specimen behind the 2026-08-04 admission ruling). Either reduce the witness's cost, or enroll it in a lane that declares its own dated ceiling AND names the row as an executing consumer.					918	98
v2.test.execution.pick_ingested_probe.pick_probe_resolved_then_arm_has_magnitude_child_holds	v2.test.execution.pick_ingested_probe	other	eval budget exceeded: 501ms thread-CPU > 500ms fast-lane budget (operator 5s rule 2026-07-12). This budget is enforced on THREAD CPU, not wall. RELOCATING THE FILE DOES NOT DISCHARGE IT: moving a witness under a long/ dir removes it from per-PR discovery without giving it an executing consumer, which deletes the coverage while retaining the source (the gunbc#7762 specimen behind the 2026-08-04 admission ruling). Either reduce the witness's cost, or enroll it in a lane that declares its own dated ceiling AND names the row as an executing consumer.					918	98
v2.test.execution.pick_ingested_probe.pick_probe_resolved_else_arm_has_magnitude_child_holds	v2.test.execution.pick_ingested_probe	other	eval budget exceeded: 501ms thread-CPU > 500ms fast-lane budget (operator 5s rule 2026-07-12). This budget is enforced on THREAD CPU, not wall. RELOCATING THE FILE DOES NOT DISCHARGE IT: moving a witness under a long/ dir removes it from per-PR discovery without giving it an executing consumer, which deletes the coverage while retaining the source (the gunbc#7762 specimen behind the 2026-08-04 admission ruling). Either reduce the witness's cost, or enroll it in a lane that declares its own dated ceiling AND names the row as an executing consumer.					918	98
v2.test.execution.pick_ingested_probe.pick_probe_normalized_then_arm_has_magnitude_child_holds	v2.test.execution.pick_ingested_probe	other	witness receipt wall budget exceeded: 502ms wall > 500ms whole-receipt budget (falsifier wet/silent-pick lane; kill-at-deadline)					918	98
v2.test.execution.pick_ingested_probe.pick_probe_parsed_then_arm_has_magnitude_child_holds	v2.test.execution.pick_ingested_probe	other	eval budget exceeded: 502ms thread-CPU > 500ms fast-lane budget (operator 5s rule 2026-07-12). This budget is enforced on THREAD CPU, not wall. RELOCATING THE FILE DOES NOT DISCHARGE IT: moving a witness under a long/ dir removes it from per-PR discovery without giving it an executing consumer, which deletes the coverage while retaining the source (the gunbc#7762 specimen behind the 2026-08-04 admission ruling). Either reduce the witness's cost, or enroll it in a lane that declares its own dated ceiling AND names the row as an executing consumer.					918	98
v2.test.execution.pick_ingested_structural_lowering.pick_ingested_normalized_swapped_arms_structural_red_holds	v2.test.execution.pick_ingested_structural_lowering	other	witness receipt wall budget exceeded: 502ms wall > 500ms whole-receipt budget (falsifier wet/silent-pick lane; kill-at-deadline)					135	0
v2.test.execution.pick_ingested_structural_lowering.pick_ingested_pick_true_executes_holds	v2.test.execution.pick_ingested_structural_lowering	other	eval budget exceeded: 501ms thread-CPU > 500ms fast-lane budget (operator 5s rule 2026-07-12). This budget is enforced on THREAD CPU, not wall. RELOCATING THE FILE DOES NOT DISCHARGE IT: moving a witness under a long/ dir removes it from per-PR discovery without giving it an executing consumer, which deletes the coverage while retaining the source (the gunbc#7762 specimen behind the 2026-08-04 admission ruling). Either reduce the witness's cost, or enroll it in a lane that declares its own dated ceiling AND names the row as an executing consumer.					135	0
v2.test.execution.pick_ingested_structural_lowering.pick_ingested_pick_false_executes_holds	v2.test.execution.pick_ingested_structural_lowering	other	eval budget exceeded: 502ms thread-CPU > 500ms fast-lane budget (operator 5s rule 2026-07-12). This budget is enforced on THREAD CPU, not wall. RELOCATING THE FILE DOES NOT DISCHARGE IT: moving a witness under a long/ dir removes it from per-PR discovery without giving it an executing consumer, which deletes the coverage while retaining the source (the gunbc#7762 specimen behind the 2026-08-04 admission ruling). Either reduce the witness's cost, or enroll it in a lane that declares its own dated ceiling AND names the row as an executing consumer.					135	0
v2.test.execution.pick_ingested_structural_lowering.pick_ingested_swapped_arms_red_holds	v2.test.execution.pick_ingested_structural_lowering	other	eval budget exceeded: 502ms thread-CPU > 500ms fast-lane budget (operator 5s rule 2026-07-12). This budget is enforced on THREAD CPU, not wall. RELOCATING THE FILE DOES NOT DISCHARGE IT: moving a witness under a long/ dir removes it from per-PR discovery without giving it an executing consumer, which deletes the coverage while retaining the source (the gunbc#7762 specimen behind the 2026-08-04 admission ruling). Either reduce the witness's cost, or enroll it in a lane that declares its own dated ceiling AND names the row as an executing consumer.					135	0
v2.test.execution.pick_ingested_structural_lowering.pick_ingested_pipeline_resolves_holds	v2.test.execution.pick_ingested_structural_lowering	other	eval budget exceeded: 502ms thread-CPU > 500ms fast-lane budget (operator 5s rule 2026-07-12). This budget is enforced on THREAD CPU, not wall. RELOCATING THE FILE DOES NOT DISCHARGE IT: moving a witness under a long/ dir removes it from per-PR discovery without giving it an executing consumer, which deletes the coverage while retaining the source (the gunbc#7762 specimen behind the 2026-08-04 admission ruling). Either reduce the witness's cost, or enroll it in a lane that declares its own dated ceiling AND names the row as an executing consumer.					135	0
v2.test.execution.pick_ingested_structural_lowering.pick_ingested_normalized_arrow_has_branch_body_holds	v2.test.execution.pick_ingested_structural_lowering	other	eval budget exceeded: 503ms thread-CPU > 500ms fast-lane budget (operator 5s rule 2026-07-12). This budget is enforced on THREAD CPU, not wall. RELOCATING THE FILE DOES NOT DISCHARGE IT: moving a witness under a long/ dir removes it from per-PR discovery without giving it an executing consumer, which deletes the coverage while retaining the source (the gunbc#7762 specimen behind the 2026-08-04 admission ruling). Either reduce the witness's cost, or enroll it in a lane that declares its own dated ceiling AND names the row as an executing consumer.					135	0
v2.test.execution.pick_ingested_structural_lowering.pick_ingested_parsed_module_from_source_holds	v2.test.execution.pick_ingested_structural_lowering	other	eval budget exceeded: 501ms thread-CPU > 500ms fast-lane budget (operator 5s rule 2026-07-12). This budget is enforced on THREAD CPU, not wall. RELOCATING THE FILE DOES NOT DISCHARGE IT: moving a witness under a long/ dir removes it from per-PR discovery without giving it an executing consumer, which deletes the coverage while retaining the source (the gunbc#7762 specimen behind the 2026-08-04 admission ruling). Either reduce the witness's cost, or enroll it in a lane that declares its own dated ceiling AND names the row as an executing consumer.					135	0
v2.test.execution.pick_ingested_structural_lowering.pick2_ingested_pick_true_executes_holds	v2.test.execution.pick_ingested_structural_lowering	other	eval budget exceeded: 501ms thread-CPU > 500ms fast-lane budget (operator 5s rule 2026-07-12). This budget is enforced on THREAD CPU, not wall. RELOCATING THE FILE DOES NOT DISCHARGE IT: moving a witness under a long/ dir removes it from per-PR discovery without giving it an executing consumer, which deletes the coverage while retaining the source (the gunbc#7762 specimen behind the 2026-08-04 admission ruling). Either reduce the witness's cost, or enroll it in a lane that declares its own dated ceiling AND names the row as an executing consumer.					135	0
v2.test.execution.pick_ingested_structural_lowering.pick2_ingested_pick_false_executes_holds	v2.test.execution.pick_ingested_structural_lowering	other	eval budget exceeded: 501ms thread-CPU > 500ms fast-lane budget (operator 5s rule 2026-07-12). This budget is enforced on THREAD CPU, not wall. RELOCATING THE FILE DOES NOT DISCHARGE IT: moving a witness under a long/ dir removes it from per-PR discovery without giving it an executing consumer, which deletes the coverage while retaining the source (the gunbc#7762 specimen behind the 2026-08-04 admission ruling). Either reduce the witness's cost, or enroll it in a lane that declares its own dated ceiling AND names the row as an executing consumer.					135	0
v2.test.execution.pick_ingested_structural_lowering.pick2_ingested_swapped_arms_red_holds	v2.test.execution.pick_ingested_structural_lowering	other	eval budget exceeded: 501ms thread-CPU > 500ms fast-lane budget (operator 5s rule 2026-07-12). This budget is enforced on THREAD CPU, not wall. RELOCATING THE FILE DOES NOT DISCHARGE IT: moving a witness under a long/ dir removes it from per-PR discovery without giving it an executing consumer, which deletes the coverage while retaining the source (the gunbc#7762 specimen behind the 2026-08-04 admission ruling). Either reduce the witness's cost, or enroll it in a lane that declares its own dated ceiling AND names the row as an executing consumer.					135	0
v2.test.execution.proactive_verification_ledger_overlap_execution.proactive_verification_ledger_overlap_execution_holds	v2.test.execution.proactive_verification_ledger_overlap_execution	other	type error: hermetic mode: no mock_response for operation IsExecutable — refusing to fabricate Unit					91	0
v2.test.execution.rust_emit_host_call_equals_eval.rust_emit_host_call_equals_eval_holds	v2.test.execution.rust_emit_host_call_equals_eval	other	host tool unresolved: "cargo" (probed: /home/ghrunner/.cargo/bin/cargo, /usr/local/sbin/cargo, /usr/local/bin/cargo, /usr/sbin/cargo, /usr/bin/cargo, /snap/bin/cargo, /home/ghrunner/.cargo/bin/cargo)					137	0
v2.test.execution.rust_emit_host_call_equals_eval.rust_emit_host_call_wrong_oracle_refuses_holds	v2.test.execution.rust_emit_host_call_equals_eval	other	host tool unresolved: "cargo" (probed: /home/ghrunner/.cargo/bin/cargo, /usr/local/sbin/cargo, /usr/local/bin/cargo, /usr/sbin/cargo, /usr/bin/cargo, /snap/bin/cargo, /home/ghrunner/.cargo/bin/cargo)					137	0
v2.test.extdeps.spice_rc_passive_deck_claims.spice_rc_passive_deck_authority_holds	v2.test.extdeps.spice_rc_passive_deck_claims	no_such_function	no such function: spice_rc_passive_deck	spice_rc_passive_deck				910	97
v2.test.extdeps_shape_transport_policy.corpus.cargo_build_policy_leak.corpus_cargo_build_defused_holds	v2.test.extdeps_shape_transport_policy.corpus.cargo_build_policy_leak	no_such_function	no such function: extdeps_cargo_build_module	extdeps_cargo_build_module				911	97
v2.test.extdeps_shape_transport_policy.corpus.cargo_clippy_dead_param.corpus_cargo_clippy_dead_param_defused_holds	v2.test.extdeps_shape_transport_policy.corpus.cargo_clippy_dead_param	no_such_function	no such function: extdeps_cargo_build_module	extdeps_cargo_build_module				911	97
v2.test.extdeps_shape_transport_policy.corpus.cargo_doc_dead_param.corpus_cargo_doc_dead_param_defused_holds	v2.test.extdeps_shape_transport_policy.corpus.cargo_doc_dead_param	no_such_function	no such function: extdeps_cargo_build_module	extdeps_cargo_build_module				911	97
v2.test.extdeps_shape_transport_policy.corpus.cargo_doc_policy_leak.corpus_cargo_doc_defused_holds	v2.test.extdeps_shape_transport_policy.corpus.cargo_doc_policy_leak	no_such_function	no such function: extdeps_cargo_build_module	extdeps_cargo_build_module				911	97
v2.test.extdeps_shape_transport_policy.corpus.cargo_fmt_dead_param.corpus_cargo_fmt_dead_param_defused_holds	v2.test.extdeps_shape_transport_policy.corpus.cargo_fmt_dead_param	no_such_function	no such function: extdeps_cargo_build_module	extdeps_cargo_build_module				911	97
v2.test.extdeps_shape_transport_policy.corpus.cargo_fmt_policy_leak.corpus_cargo_fmt_defused_holds	v2.test.extdeps_shape_transport_policy.corpus.cargo_fmt_policy_leak	no_such_function	no such function: extdeps_cargo_build_module	extdeps_cargo_build_module				911	97
v2.test.extdeps_shape_transport_policy.corpus.cargo_run_dead_param.corpus_cargo_run_dead_param_defused_holds	v2.test.extdeps_shape_transport_policy.corpus.cargo_run_dead_param	no_such_function	no such function: extdeps_cargo_build_module	extdeps_cargo_build_module				911	97
v2.test.extdeps_shape_transport_policy.corpus.gcp_login_dead_param.corpus_gcp_login_dead_param_defused_holds	v2.test.extdeps_shape_transport_policy.corpus.gcp_login_dead_param	no_such_function	no such function: extdeps_gcp_module	extdeps_gcp_module				911	97
v2.test.extdeps_shape_transport_policy.corpus.gcp_oauth_fusion_fork.corpus_gcp_oauth_defused_holds	v2.test.extdeps_shape_transport_policy.corpus.gcp_oauth_fusion_fork	no_such_function	no such function: extdeps_gcp_module	extdeps_gcp_module				911	97
v2.test.extdeps_shape_transport_policy.corpus.gist_create_policy_leak.corpus_gist_create_defused_holds	v2.test.extdeps_shape_transport_policy.corpus.gist_create_policy_leak	no_such_function	no such function: extdeps_github_gists_module	extdeps_github_gists_module				911	97
v2.test.extdeps_shape_transport_policy.corpus.git_policy_leak.corpus_git_policy_leak_defused_holds	v2.test.extdeps_shape_transport_policy.corpus.git_policy_leak	no_such_function	no such function: extdeps_git_module	extdeps_git_module				911	97
v2.test.extdeps_shape_transport_policy.corpus.runtime_local_embedded_policy.corpus_runtime_local_embedded_policy_defused_holds	v2.test.extdeps_shape_transport_policy.corpus.runtime_local_embedded_policy	no_such_function	no such function: extdeps_runtime_local_module	extdeps_runtime_local_module				911	97
v2.test.extdeps_shape_transport_policy.coverage_domain_equivalence_test.extdeps_shape_transport_policy_coverage_domain_equivalence_holds	v2.test.extdeps_shape_transport_policy.coverage_domain_equivalence_test	no_such_function	no such function: witness_policy_leak_cargo_build_lens_unit_module	witness_policy_leak_cargo_build_lens_unit_module				911	97
v2.test.extdeps_shape_transport_policy.lens_unit.clean_gist_create.clean_gist_create_is_green_holds	v2.test.extdeps_shape_transport_policy.lens_unit.clean_gist_create	no_such_function	no such function: extdeps_github_gists_module	extdeps_github_gists_module				911	97
v2.test.extdeps_shape_transport_policy.lens_unit.clean_git_diff.clean_git_diff_is_green_holds	v2.test.extdeps_shape_transport_policy.lens_unit.clean_git_diff	no_such_function	no such function: extdeps_git_module	extdeps_git_module				911	97
v2.test.extdeps_shape_transport_policy.lens_unit.dead_param_cargo_build.dead_param_cargo_build_is_red_holds	v2.test.extdeps_shape_transport_policy.lens_unit.dead_param_cargo_build	no_such_function	no such function: extdeps_cargo_build_module	extdeps_cargo_build_module				911	97
v2.test.extdeps_shape_transport_policy.lens_unit.dead_param_cargo_clippy.dead_param_cargo_clippy_is_red_holds	v2.test.extdeps_shape_transport_policy.lens_unit.dead_param_cargo_clippy	no_such_function	no such function: extdeps_cargo_build_module	extdeps_cargo_build_module				911	97
v2.test.extdeps_shape_transport_policy.lens_unit.dead_param_gcp_login.dead_param_gcp_login_is_red_holds	v2.test.extdeps_shape_transport_policy.lens_unit.dead_param_gcp_login	no_such_function	no such function: extdeps_gcp_module	extdeps_gcp_module				911	97
v2.test.extdeps_shape_transport_policy.lens_unit.embedded_policy_literal_local.embedded_policy_literal_local_is_red_holds	v2.test.extdeps_shape_transport_policy.lens_unit.embedded_policy_literal_local	no_such_function	no such function: extdeps_runtime_local_module	extdeps_runtime_local_module				911	97
v2.test.extdeps_shape_transport_policy.lens_unit.module_path_rename.module_path_rename_resolves_by_qn_not_filepath_holds	v2.test.extdeps_shape_transport_policy.lens_unit.module_path_rename	no_such_function	no such function: extdeps_cargo_build_module	extdeps_cargo_build_module				911	97
v2.test.extdeps_shape_transport_policy.lens_unit.module_path_rename.module_path_rename_unknown_qn_does_not_resolve_holds	v2.test.extdeps_shape_transport_policy.lens_unit.module_path_rename	no_such_function	no such function: bogus_extdeps_module	bogus_extdeps_module				911	97
v2.test.extdeps_shape_transport_policy.lens_unit.module_source_nickname_literal_green.module_source_nickname_literal_exempt_literals_is_green_holds	v2.test.extdeps_shape_transport_policy.lens_unit.module_source_nickname_literal_green	no_such_function	no such function: module_source_nickname_literal_green_module	module_source_nickname_literal_green_module				911	97
v2.test.extdeps_shape_transport_policy.lens_unit.module_source_nickname_literal_coverage_domain_green.module_source_nickname_literal_coverage_domain_is_green_holds	v2.test.extdeps_shape_transport_policy.lens_unit.module_source_nickname_literal_coverage_domain_green	no_such_function	no such function: coverage_domain_equivalence_module	coverage_domain_equivalence_module				911	97
v2.test.extdeps_shape_transport_policy.lens_unit.module_source_nickname_literal_local_red.module_source_nickname_literal_local_red_is_red_holds	v2.test.extdeps_shape_transport_policy.lens_unit.module_source_nickname_literal_local_red	no_such_function	no such function: module_source_nickname_literal_local_red_module	module_source_nickname_literal_local_red_module				911	97
v2.test.extdeps_shape_transport_policy.lens_unit.policy_leak_cargo_build.policy_leak_cargo_build_is_red_holds	v2.test.extdeps_shape_transport_policy.lens_unit.policy_leak_cargo_build	no_such_function	no such function: extdeps_cargo_build_module	extdeps_cargo_build_module				911	97
v2.test.extdeps_shape_transport_policy.lens_unit.policy_leak_cargo_doc.policy_leak_cargo_doc_is_red_holds	v2.test.extdeps_shape_transport_policy.lens_unit.policy_leak_cargo_doc	no_such_function	no such function: extdeps_cargo_build_module	extdeps_cargo_build_module				911	97
v2.test.extdeps_shape_transport_policy.lens_unit.policy_leak_cargo_fmt.policy_leak_cargo_fmt_is_red_holds	v2.test.extdeps_shape_transport_policy.lens_unit.policy_leak_cargo_fmt	no_such_function	no such function: extdeps_cargo_build_module	extdeps_cargo_build_module				911	97
v2.test.extdeps_shape_transport_policy.lens_unit.transport_fusion_gcp_oauth.transport_fusion_gcp_oauth_is_red_holds	v2.test.extdeps_shape_transport_policy.lens_unit.transport_fusion_gcp_oauth	no_such_function	no such function: extdeps_gcp_module	extdeps_gcp_module				911	97
v2.test.fact_cardinality.lens_unit.synthetic_fork_red.synthetic_fork_red_holds	v2.test.fact_cardinality.lens_unit.synthetic_fork_red	no_such_function	no such function: Dag	Dag				911	97
v2.test.fn_family.lens_unit.discriminators_test.witness_pair_related	v2.test.fn_family.lens_unit.discriminators_test	call_contract_mismatch	call contract mismatch calling 'atom_node': no parameter named 'id' (declared: [s])	atom_node	v2.std.effects	s	v2.std.effects|v2.test.fn_family.lens_unit.discriminators_test	915	98
v2.test.fn_family.lens_unit.discriminators_test.witness_structural_difference_unrelated	v2.test.fn_family.lens_unit.discriminators_test	call_contract_mismatch	call contract mismatch calling 'atom_node': no parameter named 'id' (declared: [s])	atom_node	v2.std.effects	s	v2.std.effects|v2.test.fn_family.lens_unit.discriminators_test	915	98
v2.test.fn_family.lens_unit.discriminators_test.witness_bare_atoms_unrelated	v2.test.fn_family.lens_unit.discriminators_test	call_contract_mismatch	call contract mismatch calling 'atom_node': no parameter named 'id' (declared: [s])	atom_node	v2.std.effects	s	v2.std.effects|v2.test.fn_family.lens_unit.discriminators_test	915	98
v2.test.fn_family.lens_unit.discriminators_test.witness_identical_defs_related	v2.test.fn_family.lens_unit.discriminators_test	call_contract_mismatch	call contract mismatch calling 'atom_node': no parameter named 'id' (declared: [s])	atom_node	v2.std.effects	s	v2.std.effects|v2.test.fn_family.lens_unit.discriminators_test	915	98
v2.test.fn_family.lens_unit.discriminators_test.witness_three_member_family_found	v2.test.fn_family.lens_unit.discriminators_test	call_contract_mismatch	call contract mismatch calling 'atom_node': no parameter named 'id' (declared: [s])	atom_node	v2.std.effects	s	v2.std.effects|v2.test.fn_family.lens_unit.discriminators_test	915	98
v2.test.fn_family.lens_unit.discriminators_test.witness_family_member_count_and_holes	v2.test.fn_family.lens_unit.discriminators_test	call_contract_mismatch	call contract mismatch calling 'atom_node': no parameter named 'id' (declared: [s])	atom_node	v2.std.effects	s	v2.std.effects|v2.test.fn_family.lens_unit.discriminators_test	915	98
v2.test.fn_family.lens_unit.discriminators_test.witness_disjoint_defs_no_family	v2.test.fn_family.lens_unit.discriminators_test	call_contract_mismatch	call contract mismatch calling 'atom_node': no parameter named 'id' (declared: [s])	atom_node	v2.std.effects	s	v2.std.effects|v2.test.fn_family.lens_unit.discriminators_test	915	98
v2.test.fn_family.lens_unit.discriminators_test.witness_subject_extraction_finds_two	v2.test.fn_family.lens_unit.discriminators_test	call_contract_mismatch	call contract mismatch calling 'atom_node': no parameter named 'id' (declared: [s])	atom_node	v2.std.effects	s	v2.std.effects|v2.test.fn_family.lens_unit.discriminators_test	915	98
v2.test.fn_family.lens_unit.discriminators_test.witness_module_family_count_one	v2.test.fn_family.lens_unit.discriminators_test	call_contract_mismatch	call contract mismatch calling 'atom_node': no parameter named 'id' (declared: [s])	atom_node	v2.std.effects	s	v2.std.effects|v2.test.fn_family.lens_unit.discriminators_test	915	98
v2.test.fn_family.lens_unit.discriminators_test.witness_sigma_family_fires_through_linearity_registry	v2.test.fn_family.lens_unit.discriminators_test	call_contract_mismatch	call contract mismatch calling 'atom_node': no parameter named 'id' (declared: [s])	atom_node	v2.std.effects	s	v2.std.effects|v2.test.fn_family.lens_unit.discriminators_test	915	98
v2.test.fn_family.lens_unit.discriminators_test.witness_disjoint_decls_quiet_through_linearity_registry	v2.test.fn_family.lens_unit.discriminators_test	call_contract_mismatch	call contract mismatch calling 'atom_node': no parameter named 'id' (declared: [s])	atom_node	v2.std.effects	s	v2.std.effects|v2.test.fn_family.lens_unit.discriminators_test	915	98
v2.test.fn_family.lens_unit.discriminators_test.witness_relatedness_is_transitive_across_different_slots	v2.test.fn_family.lens_unit.discriminators_test	call_contract_mismatch	call contract mismatch calling 'atom_node': no parameter named 'id' (declared: [s])	atom_node	v2.std.effects	s	v2.std.effects|v2.test.fn_family.lens_unit.discriminators_test	915	98
v2.test.fn_family.lens_unit.discriminators_test.witness_first_fit_group_is_stable_across_slot_union	v2.test.fn_family.lens_unit.discriminators_test	call_contract_mismatch	call contract mismatch calling 'atom_node': no parameter named 'id' (declared: [s])	atom_node	v2.std.effects	s	v2.std.effects|v2.test.fn_family.lens_unit.discriminators_test	915	98
v2.test.claim.generated_conformance_floor.generated_coproduct_exhaustiveness_is_diagnostic	v2.test.claim.generated_conformance_floor	no_such_function	no such function: witness_coproduct_exhaustiveness_diagnostic_claim	witness_coproduct_exhaustiveness_diagnostic_claim				925	97
v2.test.claim.generated_conformance_floor.generated_coproduct_exhaustiveness_anchor_holds	v2.test.claim.generated_conformance_floor	no_such_function	no such function: witness_coproduct_exhaustiveness_uses_generated_anchor	witness_coproduct_exhaustiveness_uses_generated_anchor				925	97
v2.test.claim.generated_conformance_floor.generated_coproduct_exhaustiveness_roster_covers_testclaim	v2.test.claim.generated_conformance_floor	no_such_function	no such function: witness_coproduct_exhaustiveness_all_variants_emit	witness_coproduct_exhaustiveness_all_variants_emit				925	97
v2.test.claim.generated_conformance_floor.generated_coproduct_exhaustiveness_covers_every_coproduct	v2.test.claim.generated_conformance_floor	no_such_function	no such function: witness_coproduct_exhaustiveness_generator_count	witness_coproduct_exhaustiveness_generator_count				925	97
v2.test.claim.generated_conformance_floor.generated_cross_representation_equality_is_equals	v2.test.claim.generated_conformance_floor	no_such_function	no such function: witness_cross_representation_equality_is_equals	witness_cross_representation_equality_is_equals				925	97
v2.test.claim.generated_conformance_floor.generated_cross_representation_equality_anchor_holds	v2.test.claim.generated_conformance_floor	no_such_function	no such function: witness_cross_representation_equality_uses_generated_anchor	witness_cross_representation_equality_uses_generated_anchor				925	97
v2.test.claim.generated_conformance_floor.generated_cross_representation_equality_covers_bool	v2.test.claim.generated_conformance_floor	no_such_function	no such function: witness_cross_representation_equality_covers_bool	witness_cross_representation_equality_covers_bool				925	97
v2.test.claim.generated_conformance_floor.generated_cross_representation_equality_covers_optional_null	v2.test.claim.generated_conformance_floor	no_such_function	no such function: witness_cross_representation_equality_covers_optional_null	witness_cross_representation_equality_covers_optional_null				925	97
v2.test.claim.generated_conformance_floor.generated_refinement_preserves_nonempty_list_base	v2.test.claim.generated_conformance_floor	no_such_function	no such function: witness_refinement_preserves_nonempty_list_base	witness_refinement_preserves_nonempty_list_base				925	97
v2.test.claim.generated_conformance_floor.generated_refinement_subject_anchor_holds	v2.test.claim.generated_conformance_floor	no_such_function	no such function: witness_refinement_preservation_subject_anchor	witness_refinement_preservation_subject_anchor				925	97
v2.test.claim.generated_conformance_floor.generated_refinement_scheduler_emits_one_generator	v2.test.claim.generated_conformance_floor	no_such_function	no such function: witness_refinement_preservation_scheduler_emits_one_generator	witness_refinement_preservation_scheduler_emits_one_generator				925	97
v2.test.claim.generated_conformance_floor.generated_refinement_claim_emits	v2.test.claim.generated_conformance_floor	no_such_function	no such function: claim_refinement_nonempty_list_base_preserved	claim_refinement_nonempty_list_base_preserved				925	97
v2.test.claim.generated_conformance_floor.generated_lbe_conj_snapshot_passes	v2.test.claim.generated_conformance_floor	no_such_function	no such function: witness_lbe_conj_snapshot_pass	witness_lbe_conj_snapshot_pass				925	97
v2.test.claim.generated_conformance_floor.generated_lbe_disj_snapshot_passes	v2.test.claim.generated_conformance_floor	no_such_function	no such function: witness_lbe_disj_snapshot_pass	witness_lbe_disj_snapshot_pass				925	97
v2.test.claim.generated_conformance_floor.generated_lbe_transform_snapshot_passes	v2.test.claim.generated_conformance_floor	no_such_function	no such function: witness_lbe_transform_snapshot_pass	witness_lbe_transform_snapshot_pass				925	97
v2.test.claim.generated_conformance_floor.generated_lbe_schedules_three_generators	v2.test.claim.generated_conformance_floor	no_such_function	no such function: witness_testgen_schedules_three_lbe_generators	witness_testgen_schedules_three_lbe_generators				925	97
v2.test.claim.generated_conformance_floor.generated_lbe_dag_surface_language_identity	v2.test.claim.generated_conformance_floor	no_such_function	no such function: witness_dag_surface_language_identity	witness_dag_surface_language_identity				925	97
v2.test.claim.generated_conformance_floor.generated_witness_validity_constraint_satisfaction_emits	v2.test.claim.generated_conformance_floor	no_such_function	no such function: row_witness_validity_constraint_satisfaction_holds	row_witness_validity_constraint_satisfaction_holds				925	97
v2.test.claim.generated_conformance_floor.generated_witness_validity_property_symbol_mismatch_emits	v2.test.claim.generated_conformance_floor	no_such_function	no such function: row_witness_validity_property_symbol_mismatch	row_witness_validity_property_symbol_mismatch				925	97
v2.test.claim.generated_conformance_floor.generated_witness_validity_evidence_node_mismatch_emits	v2.test.claim.generated_conformance_floor	no_such_function	no such function: row_witness_validity_evidence_node_mismatch	row_witness_validity_evidence_node_mismatch				925	97
v2.test.claim.generated_conformance_floor.generated_witness_validity_rule_not_realized_emits	v2.test.claim.generated_conformance_floor	no_such_function	no such function: row_witness_validity_rule_not_realized	row_witness_validity_rule_not_realized				925	97
v2.test.claim.generated_conformance_floor.generated_wishlist_dispatched_count_holds	v2.test.claim.generated_conformance_floor	other	non-exhaustive pattern match on: [Node { kind: TypeNode { connective: Conj }, children: [], occurrence_id: SyntheticOccurrence }]					925	97
v2.test.claim.gha_workflow_yaml_fold_structural.gha_fold_structural_tier_holds	v2.test.claim.gha_workflow_yaml_fold_structural	no_such_function	no such function: gha_fold_pilot_job	gha_fold_pilot_job				912	97
v2.test.claim.identity_captured_navigation.roster_gate.roster_dag_language_model_zero_suspects_within_ratchet	v2.test.claim.identity_captured_navigation.roster_gate	other	eval budget exceeded: 529ms thread-CPU > 500ms fast-lane budget (operator 5s rule 2026-07-12). This budget is enforced on THREAD CPU, not wall. RELOCATING THE FILE DOES NOT DISCHARGE IT: moving a witness under a long/ dir removes it from per-PR discovery without giving it an executing consumer, which deletes the coverage while retaining the source (the gunbc#7762 specimen behind the 2026-08-04 admission ruling). Either reduce the witness's cost, or enroll it in a lane that declares its own dated ceiling AND names the row as an executing consumer.					913	99
v2.test.claim.identity_captured_navigation.roster_gate.roster_body_lowering_fold_zero_suspects_within_ratchet	v2.test.claim.identity_captured_navigation.roster_gate	other	eval budget exceeded: 509ms thread-CPU > 500ms fast-lane budget (operator 5s rule 2026-07-12). This budget is enforced on THREAD CPU, not wall. RELOCATING THE FILE DOES NOT DISCHARGE IT: moving a witness under a long/ dir removes it from per-PR discovery without giving it an executing consumer, which deletes the coverage while retaining the source (the gunbc#7762 specimen behind the 2026-08-04 admission ruling). Either reduce the witness's cost, or enroll it in a lane that declares its own dated ceiling AND names the row as an executing consumer.					913	99
v2.test.claim.identity_captured_navigation.roster_gate.roster_ingest_stage_zero_suspects_within_ratchet	v2.test.claim.identity_captured_navigation.roster_gate	other	eval budget exceeded: 502ms thread-CPU > 500ms fast-lane budget (operator 5s rule 2026-07-12). This budget is enforced on THREAD CPU, not wall. RELOCATING THE FILE DOES NOT DISCHARGE IT: moving a witness under a long/ dir removes it from per-PR discovery without giving it an executing consumer, which deletes the coverage while retaining the source (the gunbc#7762 specimen behind the 2026-08-04 admission ruling). Either reduce the witness's cost, or enroll it in a lane that declares its own dated ceiling AND names the row as an executing consumer.					913	99
v2.test.claim.identity_captured_navigation.roster_gate.roster_parse_stage_zero_suspects_within_ratchet	v2.test.claim.identity_captured_navigation.roster_gate	other	eval budget exceeded: 506ms thread-CPU > 500ms fast-lane budget (operator 5s rule 2026-07-12). This budget is enforced on THREAD CPU, not wall. RELOCATING THE FILE DOES NOT DISCHARGE IT: moving a witness under a long/ dir removes it from per-PR discovery without giving it an executing consumer, which deletes the coverage while retaining the source (the gunbc#7762 specimen behind the 2026-08-04 admission ruling). Either reduce the witness's cost, or enroll it in a lane that declares its own dated ceiling AND names the row as an executing consumer.					913	99
v2.test.claim.identity_captured_navigation.roster_gate.roster_accumulator_copy_analyze_zero_suspects_within_ratchet	v2.test.claim.identity_captured_navigation.roster_gate	other	eval budget exceeded: 503ms thread-CPU > 500ms fast-lane budget (operator 5s rule 2026-07-12). This budget is enforced on THREAD CPU, not wall. RELOCATING THE FILE DOES NOT DISCHARGE IT: moving a witness under a long/ dir removes it from per-PR discovery without giving it an executing consumer, which deletes the coverage while retaining the source (the gunbc#7762 specimen behind the 2026-08-04 admission ruling). Either reduce the witness's cost, or enroll it in a lane that declares its own dated ceiling AND names the row as an executing consumer.					913	99
v2.test.claim.identity_captured_navigation.roster_gate.red_control_planted_identity_escape_still_alarms	v2.test.claim.identity_captured_navigation.roster_gate	other	witness receipt wall budget exceeded: 502ms wall > 500ms whole-receipt budget (falsifier wet/silent-pick lane; kill-at-deadline)					913	99
v2.test.claim.identity_captured_navigation.roster_gate.red_control_planted_identity_escape_finding_count_is_one	v2.test.claim.identity_captured_navigation.roster_gate	other	eval budget exceeded: 503ms thread-CPU > 500ms fast-lane budget (operator 5s rule 2026-07-12). This budget is enforced on THREAD CPU, not wall. RELOCATING THE FILE DOES NOT DISCHARGE IT: moving a witness under a long/ dir removes it from per-PR discovery without giving it an executing consumer, which deletes the coverage while retaining the source (the gunbc#7762 specimen behind the 2026-08-04 admission ruling). Either reduce the witness's cost, or enroll it in a lane that declares its own dated ceiling AND names the row as an executing consumer.					913	99
v2.test.claim.identity_captured_navigation.roster_gate.green_control_sanctioned_reader_body_not_flagged	v2.test.claim.identity_captured_navigation.roster_gate	other	witness receipt wall budget exceeded: 502ms wall > 500ms whole-receipt budget (falsifier wet/silent-pick lane; kill-at-deadline)					913	99
v2.test.claim.identity_captured_navigation.roster_gate.green_control_sanctioned_reader_body_has_no_findings_at_all	v2.test.claim.identity_captured_navigation.roster_gate	other	eval budget exceeded: 503ms thread-CPU > 500ms fast-lane budget (operator 5s rule 2026-07-12). This budget is enforced on THREAD CPU, not wall. RELOCATING THE FILE DOES NOT DISCHARGE IT: moving a witness under a long/ dir removes it from per-PR discovery without giving it an executing consumer, which deletes the coverage while retaining the source (the gunbc#7762 specimen behind the 2026-08-04 admission ruling). Either reduce the witness's cost, or enroll it in a lane that declares its own dated ceiling AND names the row as an executing consumer.					913	99
v2.test.claim.identity_captured_navigation.roster_gate.unrelated_caret_literal_call_not_flagged	v2.test.claim.identity_captured_navigation.roster_gate	other	witness receipt wall budget exceeded: 501ms wall > 500ms whole-receipt budget (falsifier wet/silent-pick lane; kill-at-deadline)					913	99
v2.test.claim.infer_semantics_witness.infer_semantics_witness_keystone_holds	v2.test.claim.infer_semantics_witness	other	type error: hermetic mode: no mock_response for operation IsExecutable — refusing to fabricate Unit					915	97
v2.test.intent_linearity.lens_unit.discriminators.unroll_detected_by_registry	v2.test.intent_linearity.lens_unit.discriminators	other	returned Bool(false)					915	98
v2.test.intent_linearity.lens_unit.discriminators.residual_is_n_minus_one	v2.test.intent_linearity.lens_unit.discriminators	other	returned Bool(false)					915	98
v2.test.intent_linearity.lens_unit.discriminators.body_with_unroll_is_not_linear	v2.test.intent_linearity.lens_unit.discriminators	other	returned Bool(false)					915	98
v2.test.intent_linearity.lens_unit.runtime_axis.nested_loop_cost_is_lowerable	v2.test.intent_linearity.lens_unit.runtime_axis	no_such_function	no such function: symbolic_cost_of_node	symbolic_cost_of_node				17	0
v2.test.intent_linearity.lens_unit.runtime_axis.flat_loop_cost_not_lowerable	v2.test.intent_linearity.lens_unit.runtime_axis	no_such_function	no such function: symbolic_cost_of_node	symbolic_cost_of_node				17	0
v2.test.intent_linearity.lens_unit.runtime_axis.nested_loop_is_runtime_candidate	v2.test.intent_linearity.lens_unit.runtime_axis	no_such_function	no such function: chain_is_simulated	chain_is_simulated				17	0
v2.test.intent_linearity.lens_unit.runtime_axis.flat_loop_not_runtime_candidate	v2.test.intent_linearity.lens_unit.runtime_axis	no_such_function	no such function: chain_is_simulated	chain_is_simulated				17	0
v2.test.intent_linearity.lens_unit.runtime_axis.nested_loop_not_changetime_redundant	v2.test.intent_linearity.lens_unit.runtime_axis	no_such_function	no such function: chain_is_simulated	chain_is_simulated				17	0
v2.test.intent_linearity.lens_unit.runtime_axis.flat_loop_is_linear	v2.test.intent_linearity.lens_unit.runtime_axis	no_such_function	no such function: chain_is_simulated	chain_is_simulated				17	0
v2.test.languages_consumer_census.corpus.data_decl_ratchet.corpus_data_decl_ratchet_holds	v2.test.languages_consumer_census.corpus.data_decl_ratchet	other	exceeded Cpu budget (675ms elapsed against 500ms)					911	97
v2.test.claim.live_read_classification_test.unit_closure_is_local_read	v2.test.claim.live_read_classification_test	other	non-exhaustive pattern match on: LocalRead					917	85
v2.test.claim.live_read_classification_test.two_hop_decl_facts_carrier_is_runtime_read	v2.test.claim.live_read_classification_test	other	non-exhaustive pattern match on: RuntimeRead { carriers: Cons { head: DeclFactsReflection { home: fix.corpus_reader }, tail: Empty } }					917	85
v2.test.claim.live_read_classification_test.two_hop_facts_classify_as_runtime_read	v2.test.claim.live_read_classification_test	other	non-exhaustive pattern match on: RuntimeRead { carriers: Cons { head: DeclFactsReflection { home: fix.corpus_reader }, tail: Empty } }					917	85
v2.test.claim.live_read_classification_test.severed_mid_hop_is_local_read	v2.test.claim.live_read_classification_test	other	non-exhaustive pattern match on: LocalRead					917	85
v2.test.claim.live_read_classification_test.red_control_roster_gate_severed_is_local	v2.test.claim.live_read_classification_test	other	non-exhaustive pattern match on: LocalRead					917	85
v2.test.claim.live_read_classification_test.v0_registry_two_hop_decl_index_runtime_read	v2.test.claim.live_read_classification_test	other	non-exhaustive pattern match on: RuntimeRead { carriers: Cons { head: DeclFactsReflection { home: v2.std.decl_index }, tail: Empty } }					917	85
v2.test.claim.live_read_classification_test.g2_roster_gate_entry_classifies_literal_paths	v2.test.claim.live_read_classification_test	other	eval budget exceeded: 2169ms thread-CPU > 500ms fast-lane budget (operator 5s rule 2026-07-12). This budget is enforced on THREAD CPU, not wall. RELOCATING THE FILE DOES NOT DISCHARGE IT: moving a witness under a long/ dir removes it from per-PR discovery without giving it an executing consumer, which deletes the coverage while retaining the source (the gunbc#7762 specimen behind the 2026-08-04 admission ruling). Either reduce the witness's cost, or enroll it in a lane that declares its own dated ceiling AND names the row as an executing consumer.					917	85
v2.test.claim.live_read_classification_test.g2_roster_gate_literal_path_touched_selects	v2.test.claim.live_read_classification_test	other	eval budget exceeded: 1875ms thread-CPU > 500ms fast-lane budget (operator 5s rule 2026-07-12). This budget is enforced on THREAD CPU, not wall. RELOCATING THE FILE DOES NOT DISCHARGE IT: moving a witness under a long/ dir removes it from per-PR discovery without giving it an executing consumer, which deletes the coverage while retaining the source (the gunbc#7762 specimen behind the 2026-08-04 admission ruling). Either reduce the witness's cost, or enroll it in a lane that declares its own dated ceiling AND names the row as an executing consumer.					917	85
v2.test.claim.live_read_classification_test.g2_implies_reads_live_tree_for_roster_gate	v2.test.claim.live_read_classification_test	other	eval budget exceeded: 1886ms thread-CPU > 500ms fast-lane budget (operator 5s rule 2026-07-12). This budget is enforced on THREAD CPU, not wall. RELOCATING THE FILE DOES NOT DISCHARGE IT: moving a witness under a long/ dir removes it from per-PR discovery without giving it an executing consumer, which deletes the coverage while retaining the source (the gunbc#7762 specimen behind the 2026-08-04 admission ruling). Either reduce the witness's cost, or enroll it in a lane that declares its own dated ceiling AND names the row as an executing consumer.					917	85
v2.test.claim.live_read_classification_test.g2_complete_facts_reachable_home_without_carrier_call_is_local	v2.test.claim.live_read_classification_test	other	non-exhaustive pattern match on: LocalRead					917	85
v2.test.claim.live_read_classification_test.g2_reachable_carrier_call_with_unknown_argument_is_runtime_read	v2.test.claim.live_read_classification_test	other	non-exhaustive pattern match on: RuntimeRead { carriers: Cons { head: FilesystemReadPath { path_pattern: UnknownPath }, tail: Empty } }					917	85
v2.test.manual.english_emit_add.english_emit_add_ingest_round_trip_holds	v2.test.manual.english_emit_add	other	returned Bool(false)					885	45
v2.test.manual.medium_node_instantiation.medium_node_carried_is_expected	v2.test.manual.medium_node_instantiation	no_such_function	no such function: v2_eval_bool_literal_pin	v2_eval_bool_literal_pin				910	97
v2.test.manual.medium_node_instantiation.medium_node_fidelity_is_lossless	v2.test.manual.medium_node_instantiation	no_such_function	no such function: v2_eval_bool_literal_pin	v2_eval_bool_literal_pin				910	97
v2.test.manual.medium_node_instantiation.medium_node_lossy_tag_not_lossless	v2.test.manual.medium_node_instantiation	no_such_function	no such function: v2_eval_bool_literal_pin	v2_eval_bool_literal_pin				910	97
v2.test.manual.medium_source_text_instantiation.witness_source_field_is_medium	v2.test.manual.medium_source_text_instantiation	undefined_variable	undefined variable: SourceFile	SourceFile				910	97
v2.test.manual.value_null_split_witness.optional_null_straddle_rostered_until_phase_e	v2.test.manual.value_null_split_witness	no_such_function	no such function: cross_repr_native_value_null	cross_repr_native_value_null				910	89
v2.test.claim.rust_crate_partition_witness.witness_partition_r4_valid_on_interim_holds	v2.test.claim.rust_crate_partition_witness	other	witness receipt wall budget exceeded: 501ms wall > 500ms whole-receipt budget (falsifier wet/silent-pick lane; kill-at-deadline)					24	0
v2.test.claim.source_root_tagging.source_root_tag_carried_and_folded_to_grounded_set	v2.test.claim.source_root_tagging	undefined_variable	undefined variable: SourceFile	SourceFile				910	97
v2.test.claim.staging.cached_stage_hit_skips_stage	v2.test.claim.staging	other	type error: cannot access field 'raw' on Int					910	97
v2.test.claim.staging.cached_stage_miss_runs_stage	v2.test.claim.staging	other	type error: cannot access field 'raw' on Int					910	97
v2.test.structural_similarity.lens_unit.discriminators.width_family_is_similar	v2.test.structural_similarity.lens_unit.discriminators	other	returned Bool(false)					912	97
v2.test.fixture.walk_plan_stage.barrier_witness.walk_plan_stage_barrier_witness_holds	v2.test.fixture.walk_plan_stage.barrier_witness	other	type error: hermetic mode: no mock_response for operation Read — refusing to fabricate Unit					911	84
v2.test.fixture.walk_plan_stage.cleanup.walk_plan_stage_cleanup_holds	v2.test.fixture.walk_plan_stage.cleanup	other	type error: hermetic mode: no mock_response for operation RecursiveForce — refusing to fabricate Unit					30	0
v2.test.fixture.walk_plan_stage.common.walk_plan_stage_materialize_harness_authority_holds	v2.test.fixture.walk_plan_stage.common	other	type error: hermetic mode: no mock_response for operation Write — refusing to fabricate Unit					910	84
v2.test.fixture.walk_plan_stage.failure_red_member.walk_plan_stage_failure_red_member_holds	v2.test.fixture.walk_plan_stage.failure_red_member	other	returned Bool(false)					1	0
v2.test.fixture.walk_plan_stage.overlap_peer_a.walk_plan_stage_overlap_peer_a_holds	v2.test.fixture.walk_plan_stage.overlap_peer_a	other	type error: hermetic mode: no mock_response for operation Parents — refusing to fabricate Unit					15	0
v2.test.fixture.walk_plan_stage.overlap_peer_b.walk_plan_stage_overlap_peer_b_holds	v2.test.fixture.walk_plan_stage.overlap_peer_b	other	type error: hermetic mode: no mock_response for operation Parents — refusing to fabricate Unit					15	0
v2.test.fixture.walk_plan_stage.receipt_refusal_poison.walk_plan_stage_receipt_refusal_poison_holds	v2.test.fixture.walk_plan_stage.receipt_refusal_poison	other	type error: hermetic mode: no mock_response for operation Parents — refusing to fabricate Unit					30	0
v2.test.fixture.walk_plan_stage.recursion_refusal_member.walk_plan_stage_recursion_refusal_member_holds	v2.test.fixture.walk_plan_stage.recursion_refusal_member	other	type error: call depth exceeded 100000 at fn 'walk_plan_stage_recursion_refusal_member_holds' — unbounded recursion (a bare-name resolution cycle, or a genuinely divergent chain); refused, never a host stack overflow					1	0
v2.test.fixture.walk_plan_stage.stage2_marker.walk_plan_stage_stage2_marker_holds	v2.test.fixture.walk_plan_stage.stage2_marker	other	type error: hermetic mode: no mock_response for operation Write — refusing to fabricate Unit					29	0
v2.test.lens_mock_totality.cron_mock_totality.cron_mock_consumer_is_total_holds	v2.test.lens_mock_totality.cron_mock_totality	no_such_function	no such function: cron_published_mock_corpus	cron_published_mock_corpus				912	97
v2.test.lens_mock_totality.cron_mock_totality.cron_mock_omitted_member_is_red_holds	v2.test.lens_mock_totality.cron_mock_totality	no_such_function	no such function: cron_published_mock_corpus	cron_published_mock_corpus				912	97
v2.test.lens_mock_totality.diagnostic_mock_totality.diagnostic_mock_consumer_is_total_holds	v2.test.lens_mock_totality.diagnostic_mock_totality	no_such_function	no such function: diagnostic_published_mock_corpus	diagnostic_published_mock_corpus				912	97
v2.test.lens_mock_totality.diagnostic_mock_totality.diagnostic_mock_omitted_member_is_red_holds	v2.test.lens_mock_totality.diagnostic_mock_totality	no_such_function	no such function: diagnostic_published_mock_corpus	diagnostic_published_mock_corpus				912	97
v2.test.lens_mock_totality.filesystem_mock_totality.filesystem_mock_consumer_is_total_holds	v2.test.lens_mock_totality.filesystem_mock_totality	no_such_function	no such function: filesystem_published_mock_corpus	filesystem_published_mock_corpus				912	97
v2.test.lens_mock_totality.filesystem_mock_totality.filesystem_mock_omitted_member_is_red_holds	v2.test.lens_mock_totality.filesystem_mock_totality	no_such_function	no such function: filesystem_published_mock_corpus	filesystem_published_mock_corpus				912	97
v2.test.lens_mock_totality.gcp_mock_totality.gcp_mock_consumer_is_total_holds	v2.test.lens_mock_totality.gcp_mock_totality	no_such_function	no such function: gcp_published_mock_corpus	gcp_published_mock_corpus				912	97
v2.test.lens_mock_totality.gcp_mock_totality.gcp_mock_omitted_member_is_red_holds	v2.test.lens_mock_totality.gcp_mock_totality	no_such_function	no such function: gcp_published_mock_corpus	gcp_published_mock_corpus				912	97
v2.test.lens_mock_totality.git_mock_totality.git_mock_consumer_is_total_holds	v2.test.lens_mock_totality.git_mock_totality	no_such_function	no such function: git_published_mock_corpus	git_published_mock_corpus				912	97
v2.test.lens_mock_totality.git_mock_totality.git_mock_omitted_member_is_red_holds	v2.test.lens_mock_totality.git_mock_totality	no_such_function	no such function: git_published_mock_corpus	git_published_mock_corpus				912	97
v2.test.lens_mock_totality.git_mock_totality.git_mock_omitted_show_tree_is_red_holds	v2.test.lens_mock_totality.git_mock_totality	no_such_function	no such function: git_published_mock_corpus	git_published_mock_corpus				912	97
v2.test.lens_mock_totality.github_mock_totality.github_mock_consumer_is_total_holds	v2.test.lens_mock_totality.github_mock_totality	no_such_function	no such function: github_published_mock_corpus	github_published_mock_corpus				912	97
v2.test.lens_mock_totality.github_mock_totality.github_mock_omitted_member_is_red_holds	v2.test.lens_mock_totality.github_mock_totality	no_such_function	no such function: github_published_mock_corpus	github_published_mock_corpus				912	97
v2.test.lens_mock_totality.http_pilot_mock_totality.http_pilot_mock_consumer_is_total_holds	v2.test.lens_mock_totality.http_pilot_mock_totality	no_such_function	no such function: http_pilot_published_mock_corpus	http_pilot_published_mock_corpus				912	97
v2.test.lens_mock_totality.http_pilot_mock_totality.http_pilot_mock_omitted_member_is_red_holds	v2.test.lens_mock_totality.http_pilot_mock_totality	no_such_function	no such function: http_pilot_published_mock_corpus	http_pilot_published_mock_corpus				912	97
v2.test.lens_mock_totality.llm_mock_totality.llm_mock_consumer_is_total_holds	v2.test.lens_mock_totality.llm_mock_totality	no_such_function	no such function: llm_published_mock_corpus	llm_published_mock_corpus				912	97
v2.test.lens_mock_totality.llm_mock_totality.llm_mock_omitted_member_is_red_holds	v2.test.lens_mock_totality.llm_mock_totality	no_such_function	no such function: llm_published_mock_corpus	llm_published_mock_corpus				912	97
v2.test.lens_mock_totality.sec_edgar_mock_totality.sec_edgar_mock_consumer_is_total_holds	v2.test.lens_mock_totality.sec_edgar_mock_totality	no_such_function	no such function: sec_edgar_published_mock_corpus	sec_edgar_published_mock_corpus				912	97
v2.test.lens_mock_totality.sec_edgar_mock_totality.sec_edgar_mock_omitted_member_is_red_holds	v2.test.lens_mock_totality.sec_edgar_mock_totality	no_such_function	no such function: sec_edgar_published_mock_corpus	sec_edgar_published_mock_corpus				912	97
v2.test.lens_mock_totality.shell_mock_totality.shell_mock_consumer_is_total_holds	v2.test.lens_mock_totality.shell_mock_totality	no_such_function	no such function: shell_published_mock_corpus	shell_published_mock_corpus				912	97
v2.test.lens_mock_totality.shell_mock_totality.shell_mock_omitted_member_is_red_holds	v2.test.lens_mock_totality.shell_mock_totality	no_such_function	no such function: shell_published_mock_corpus	shell_published_mock_corpus				912	97
v2.test.manual.grounding_lens_whole_tree.grounding_lens_whole_tree_witnesses	v2.test.manual.grounding_lens_whole_tree	other	eval budget exceeded: 25301ms thread-CPU > 500ms fast-lane budget (operator 5s rule 2026-07-12). This budget is enforced on THREAD CPU, not wall. RELOCATING THE FILE DOES NOT DISCHARGE IT: moving a witness under a long/ dir removes it from per-PR discovery without giving it an executing consumer, which deletes the coverage while retaining the source (the gunbc#7762 specimen behind the 2026-08-04 admission ruling). Either reduce the witness's cost, or enroll it in a lane that declares its own dated ceiling AND names the row as an executing consumer.					910	97
v2.workflow.ci_heal_skew_guard_emit_test.ci_heal_skew_guard_emit_did_not_refuse_holds	v2.workflow.ci_heal_skew_guard_emit_test	other	witness receipt wall budget exceeded: 504ms wall > 500ms whole-receipt budget (falsifier wet/silent-pick lane; kill-at-deadline)					900	52
v2.workflow.ci_heal_skew_guard_emit_test.ci_heal_skew_guard_uses_structural_control_flow_holds	v2.workflow.ci_heal_skew_guard_emit_test	other	eval budget exceeded: 508ms thread-CPU > 500ms fast-lane budget (operator 5s rule 2026-07-12). This budget is enforced on THREAD CPU, not wall. RELOCATING THE FILE DOES NOT DISCHARGE IT: moving a witness under a long/ dir removes it from per-PR discovery without giving it an executing consumer, which deletes the coverage while retaining the source (the gunbc#7762 specimen behind the 2026-08-04 admission ruling). Either reduce the witness's cost, or enroll it in a lane that declares its own dated ceiling AND names the row as an executing consumer.					900	52
v2.workflow.ci_heal_skew_guard_emit_test.ci_heal_skew_guard_has_no_shell_loop_or_case_holds	v2.workflow.ci_heal_skew_guard_emit_test	other	eval budget exceeded: 505ms thread-CPU > 500ms fast-lane budget (operator 5s rule 2026-07-12). This budget is enforced on THREAD CPU, not wall. RELOCATING THE FILE DOES NOT DISCHARGE IT: moving a witness under a long/ dir removes it from per-PR discovery without giving it an executing consumer, which deletes the coverage while retaining the source (the gunbc#7762 specimen behind the 2026-08-04 admission ruling). Either reduce the witness's cost, or enroll it in a lane that declares its own dated ceiling AND names the row as an executing consumer.					900	52
v2.workflow.ci_heal_skew_guard_emit_test.ci_heal_skew_guard_excludes_every_registered_artifact_holds	v2.workflow.ci_heal_skew_guard_emit_test	other	eval budget exceeded: 503ms thread-CPU > 500ms fast-lane budget (operator 5s rule 2026-07-12). This budget is enforced on THREAD CPU, not wall. RELOCATING THE FILE DOES NOT DISCHARGE IT: moving a witness under a long/ dir removes it from per-PR discovery without giving it an executing consumer, which deletes the coverage while retaining the source (the gunbc#7762 specimen behind the 2026-08-04 admission ruling). Either reduce the witness's cost, or enroll it in a lane that declares its own dated ceiling AND names the row as an executing consumer.					900	52
v2.workflow.ci_heal_skew_guard_emit_test.ci_heal_skew_guard_excludes_stage0_emitted_rust_holds	v2.workflow.ci_heal_skew_guard_emit_test	other	eval budget exceeded: 501ms thread-CPU > 500ms fast-lane budget (operator 5s rule 2026-07-12). This budget is enforced on THREAD CPU, not wall. RELOCATING THE FILE DOES NOT DISCHARGE IT: moving a witness under a long/ dir removes it from per-PR discovery without giving it an executing consumer, which deletes the coverage while retaining the source (the gunbc#7762 specimen behind the 2026-08-04 admission ruling). Either reduce the witness's cost, or enroll it in a lane that declares its own dated ceiling AND names the row as an executing consumer.					900	52
v2.workflow.ci_heal_skew_guard_emit_test.ci_heal_skew_guard_red_when_an_artifact_is_unexcluded_holds	v2.workflow.ci_heal_skew_guard_emit_test	other	eval budget exceeded: 505ms thread-CPU > 500ms fast-lane budget (operator 5s rule 2026-07-12). This budget is enforced on THREAD CPU, not wall. RELOCATING THE FILE DOES NOT DISCHARGE IT: moving a witness under a long/ dir removes it from per-PR discovery without giving it an executing consumer, which deletes the coverage while retaining the source (the gunbc#7762 specimen behind the 2026-08-04 admission ruling). Either reduce the witness's cost, or enroll it in a lane that declares its own dated ceiling AND names the row as an executing consumer.					900	52
v2.workflow.ci_heal_skew_guard_emit_test.ci_heal_skew_guard_remedy_rechecks_before_proceeding_holds	v2.workflow.ci_heal_skew_guard_emit_test	other	eval budget exceeded: 504ms thread-CPU > 500ms fast-lane budget (operator 5s rule 2026-07-12). This budget is enforced on THREAD CPU, not wall. RELOCATING THE FILE DOES NOT DISCHARGE IT: moving a witness under a long/ dir removes it from per-PR discovery without giving it an executing consumer, which deletes the coverage while retaining the source (the gunbc#7762 specimen behind the 2026-08-04 admission ruling). Either reduce the witness's cost, or enroll it in a lane that declares its own dated ceiling AND names the row as an executing consumer.					900	52
v2.workflow.ci_heal_skew_guard_emit_test.ci_heal_skew_guard_remedy_merges_the_built_from_revision_holds	v2.workflow.ci_heal_skew_guard_emit_test	other	eval budget exceeded: 506ms thread-CPU > 500ms fast-lane budget (operator 5s rule 2026-07-12). This budget is enforced on THREAD CPU, not wall. RELOCATING THE FILE DOES NOT DISCHARGE IT: moving a witness under a long/ dir removes it from per-PR discovery without giving it an executing consumer, which deletes the coverage while retaining the source (the gunbc#7762 specimen behind the 2026-08-04 admission ruling). Either reduce the witness's cost, or enroll it in a lane that declares its own dated ceiling AND names the row as an executing consumer.					900	52
v2.workflow.ci_heal_skew_guard_emit_test.ci_heal_skew_guard_refusal_aborts_the_merge_holds	v2.workflow.ci_heal_skew_guard_emit_test	other	eval budget exceeded: 509ms thread-CPU > 500ms fast-lane budget (operator 5s rule 2026-07-12). This budget is enforced on THREAD CPU, not wall. RELOCATING THE FILE DOES NOT DISCHARGE IT: moving a witness under a long/ dir removes it from per-PR discovery without giving it an executing consumer, which deletes the coverage while retaining the source (the gunbc#7762 specimen behind the 2026-08-04 admission ruling). Either reduce the witness's cost, or enroll it in a lane that declares its own dated ceiling AND names the row as an executing consumer.					900	52
v2.workflow.ci_heal_skew_guard_emit_test.ci_heal_skew_guard_commit_rechecks_unmerged_before_committing_holds	v2.workflow.ci_heal_skew_guard_emit_test	other	eval budget exceeded: 507ms thread-CPU > 500ms fast-lane budget (operator 5s rule 2026-07-12). This budget is enforced on THREAD CPU, not wall. RELOCATING THE FILE DOES NOT DISCHARGE IT: moving a witness under a long/ dir removes it from per-PR discovery without giving it an executing consumer, which deletes the coverage while retaining the source (the gunbc#7762 specimen behind the 2026-08-04 admission ruling). Either reduce the witness's cost, or enroll it in a lane that declares its own dated ceiling AND names the row as an executing consumer.					900	52
v2.workflow.ci_heal_skew_guard_emit_test.ci_heal_skew_guard_scaffold_row_is_deleted_holds	v2.workflow.ci_heal_skew_guard_emit_test	other	eval budget exceeded: 507ms thread-CPU > 500ms fast-lane budget (operator 5s rule 2026-07-12). This budget is enforced on THREAD CPU, not wall. RELOCATING THE FILE DOES NOT DISCHARGE IT: moving a witness under a long/ dir removes it from per-PR discovery without giving it an executing consumer, which deletes the coverage while retaining the source (the gunbc#7762 specimen behind the 2026-08-04 admission ruling). Either reduce the witness's cost, or enroll it in a lane that declares its own dated ceiling AND names the row as an executing consumer.					900	52
