reference_site	intended_declaration_identity	actually_selected_declaration_identity	visible_candidate_set	failure_class	reach_vs_binding	witness_qualified	error_message
test.claim.accelerator_demo_execution_witness (witness); bare=LocalAccelerator				undefined_variable	reach_gap	test.claim.accelerator_demo_execution_witness.accelerator_demo_execution_lane_witnesses	undefined variable: LocalAccelerator
test.claim.accelerator_demo_model_witness (witness); bare=LocalAccelerator				undefined_variable	reach_gap	test.claim.accelerator_demo_model_witness.accelerator_demo_modeling_lane_witnesses	undefined variable: LocalAccelerator
test.claim.altra_contact_map_witness.w_ingested_contact_map_admits_at_declared_population				other	other	test.claim.altra_contact_map_witness.w_ingested_contact_map_admits_at_declared_population	eval budget exceeded: 504ms thread-CPU > 500ms fast-lane budget (operator 5s rule 2026-07-12). This budget is enforced on THREAD CPU, not wall. RELOCATING THE FILE DOES NOT DISCHARGE IT: moving a witness under a long/ dir removes it from per-PR discovery without giving it an executing consumer, which deletes the coverage while retaining the source (the gunbc#7762 specimen behind the 2026-08-04 admission ruling). Either reduce the witness's cost, or enroll it in a lane that declares its own dated ceiling AND names the row as an executing consumer.
test.claim.altra_contact_map_witness.w_classified_population_cross_foots_pin_summary				other	other	test.claim.altra_contact_map_witness.w_classified_population_cross_foots_pin_summary	exceeded Cpu budget (502ms elapsed against 500ms)
test.claim.altra_contact_map_witness.w_differential_pairs_are_complete_in_the_ingested_map				other	other	test.claim.altra_contact_map_witness.w_differential_pairs_are_complete_in_the_ingested_map	eval budget exceeded: 502ms thread-CPU > 500ms fast-lane budget (operator 5s rule 2026-07-12). This budget is enforced on THREAD CPU, not wall. RELOCATING THE FILE DOES NOT DISCHARGE IT: moving a witness under a long/ dir removes it from per-PR discovery without giving it an executing consumer, which deletes the coverage while retaining the source (the gunbc#7762 specimen behind the 2026-08-04 admission ruling). Either reduce the witness's cost, or enroll it in a lane that declares its own dated ceiling AND names the row as an executing consumer.
test.claim.artifact_store_witness (witness); bare=admitted		test.claim.compute_board_pin_chain_witness.admitted	test.claim.compute_board_pin_chain_witness	call_contract_mismatch	bare_name_binding	test.claim.artifact_store_witness.store_hit_and_stale_never_served_holds	call contract mismatch calling 'admitted': too many positional arguments: 2 supplied, 0 positional parameter(s) declared
test.claim.artifact_store_witness (witness); bare=admitted		test.claim.compute_board_pin_chain_witness.admitted	test.claim.compute_board_pin_chain_witness	call_contract_mismatch	bare_name_binding	test.claim.artifact_store_witness.store_budget_evicts_least_recent_counted_holds	call contract mismatch calling 'admitted': too many positional arguments: 2 supplied, 0 positional parameter(s) declared
test.claim.artifact_store_witness (witness); bare=admitted		test.claim.compute_board_pin_chain_witness.admitted	test.claim.compute_board_pin_chain_witness	call_contract_mismatch	bare_name_binding	test.claim.artifact_store_witness.store_no_eviction_under_budget_holds	call contract mismatch calling 'admitted': too many positional arguments: 2 supplied, 0 positional parameter(s) declared
test.claim.artifact_store_witness (witness); bare=admitted		test.claim.compute_board_pin_chain_witness.admitted	test.claim.compute_board_pin_chain_witness	call_contract_mismatch	bare_name_binding	test.claim.artifact_store_witness.store_put_oversized_artifact_preserves_warm_rows_holds	call contract mismatch calling 'admitted': too many positional arguments: 2 supplied, 0 positional parameter(s) declared
test.claim.artifact_store_witness (witness); bare=admitted		test.claim.compute_board_pin_chain_witness.admitted	test.claim.compute_board_pin_chain_witness	call_contract_mismatch	bare_name_binding	test.claim.artifact_store_witness.store_put_artifact_exactly_at_budget_is_admitted_holds	call contract mismatch calling 'admitted': too many positional arguments: 2 supplied, 0 positional parameter(s) declared
test.claim.board_part_land_pattern_witness.w_no_candidate_is_admissible_and_indexing_is_the_only_reason				other	other	test.claim.board_part_land_pattern_witness.w_no_candidate_is_admissible_and_indexing_is_the_only_reason	non-exhaustive pattern match on: TerminalIndexingUnestablished { what_is_missing: the pin-one location, the numbering direction, the top-versus-bottom view convention the drawing is stated in, the terminal-to-land identity relation and the electrical role of any exposed pad, for package DBV0006A. None of those were transcribed and this repository carries no pin-map model to receive them, so this candidate cannot be admitted for footprint realization and a consumer cannot mistake matching counts and pitch for a known pin map }
test.claim.budget_tree_witness (witness); bare=child_node		gunbc.fleet_host_budget.child_node	gunbc.fleet_host_budget|test.claim.budget_tree_witness|test.claim.roadmap_document|test.claim.roadmap_emit	call_contract_mismatch	bare_name_binding	test.claim.budget_tree_witness.witness_tree_conservation_recursive	call contract mismatch calling 'child_node': no parameter named 'cap' (declared: [name, b])
test.claim.budget_tree_witness (witness); bare=child_node		gunbc.fleet_host_budget.child_node	gunbc.fleet_host_budget|test.claim.budget_tree_witness|test.claim.roadmap_document|test.claim.roadmap_emit	call_contract_mismatch	bare_name_binding	test.claim.budget_tree_witness.witness_divide_once	call contract mismatch calling 'child_node': no parameter named 'cap' (declared: [name, b])
test.claim.build_artifact_corruption_probe_witness.build_artifact_corruption_probe_holds				other	other	test.claim.build_artifact_corruption_probe_witness.build_artifact_corruption_probe_holds	type error: hermetic mode: no mock_response for operation IsExecutable — refusing to fabricate Unit
test.claim.build_artifact_corruption_probe_witness.witness_bin_readiness_arms_are_discriminating				other	other	test.claim.build_artifact_corruption_probe_witness.witness_bin_readiness_arms_are_discriminating	type error: hermetic mode: no mock_response for operation Dir — refusing to fabricate Unit
test.claim.ci_deploy_target_host_witness (witness); bare=gunbc_ci_deploy_srv1_stage				no_such_function	reach_gap	test.claim.ci_deploy_target_host_witness.witness_deploy_stage_pins_srv1_runner_label	no such function: gunbc_ci_deploy_srv1_stage
test.claim.ci_deploy_target_host_witness (witness); bare=gunbc_ci_deploy_srv1_stage				no_such_function	reach_gap	test.claim.ci_deploy_target_host_witness.witness_deploy_job_not_on_ubicloud_runner	no such function: gunbc_ci_deploy_srv1_stage
test.claim.ci_exclusion_proof.ci_exclusion_proof_sentinel				other	other	test.claim.ci_exclusion_proof.ci_exclusion_proof_sentinel	returned Bool(false)
test.claim.citation_cit1_witness.rfc_8118_anchor_cites_current_standard_not_3778				other	other	test.claim.citation_cit1_witness.rfc_8118_anchor_cites_current_standard_not_3778	returned Bool(false)
test.claim.citation_cit1_witness.iso_32000_2_is_further_citation				other	other	test.claim.citation_cit1_witness.iso_32000_2_is_further_citation	returned Bool(false)
test.claim.citation_cit1_witness.project_navigable_uri_safe_refuses_when_base_carries_fragment				other	other	test.claim.citation_cit1_witness.project_navigable_uri_safe_refuses_when_base_carries_fragment	returned Bool(false)
test.claim.commit_writer_heal_admission_real_execution.clean_staged_index_admits_by_real_execution				other	other	test.claim.commit_writer_heal_admission_real_execution.clean_staged_index_admits_by_real_execution	type error: hermetic mode: no mock_response for operation Dir — refusing to fabricate Unit
test.claim.commit_writer_heal_admission_real_execution.unmerged_index_with_no_markers_refuses_by_real_execution				other	other	test.claim.commit_writer_heal_admission_real_execution.unmerged_index_with_no_markers_refuses_by_real_execution	type error: hermetic mode: no mock_response for operation Dir — refusing to fabricate Unit
test.claim.commit_writer_heal_admission_real_execution.unclaimed_text_blob_with_markers_refuses_red_control_by_real_execution				other	other	test.claim.commit_writer_heal_admission_real_execution.unclaimed_text_blob_with_markers_refuses_red_control_by_real_execution	type error: hermetic mode: no mock_response for operation Dir — refusing to fabricate Unit
test.claim.commit_writer_heal_admission_real_execution.space_and_tab_named_paths_admit_by_real_execution				other	other	test.claim.commit_writer_heal_admission_real_execution.space_and_tab_named_paths_admit_by_real_execution	type error: hermetic mode: no mock_response for operation Dir — refusing to fabricate Unit
test.claim.compute_board_emission_entry_witness (witness); bare=emit_verilog		v2.test.claim.verilog_interlock_emission_test.emit_verilog	product.compute_board.emission_entry|v2.test.claim.verilog_interlock_emission_test	call_contract_mismatch	bare_name_binding	test.claim.compute_board_emission_entry_witness.w_the_production_article_emits_through_every_entry	call contract mismatch calling 'emit_verilog': missing required argument 'emitted' (0 of 1 required argument(s) supplied)
test.claim.compute_board_physical_witness (witness); bare=admits		test.claim.check_coverage_admission_witness.admits	test.claim.altra_minimal_design_witness|test.claim.check_coverage_admission_witness|test.claim.compute_board_physical_witness|test.claim.compute_board_power_distribution_witness|test.claim.ice40_supply_witness|test.claim.spatial_knowledge_witness	call_contract_mismatch	bare_name_binding	test.claim.compute_board_physical_witness.w_a_coherent_placement_is_admitted	call contract mismatch calling 'admits': no parameter named 'placements' (declared: [coverage])
test.claim.compute_board_physical_witness (witness); bare=refuses_naming		test.claim.compute_board_pin_chain_witness.refuses_naming	test.claim.altra_minimal_design_witness|test.claim.compute_board_physical_witness|test.claim.compute_board_pin_chain_witness|test.claim.compute_board_power_distribution_witness	call_contract_mismatch	bare_name_binding	test.claim.compute_board_physical_witness.w_a_part_that_does_not_fit_inside_the_outline_refuses	call contract mismatch calling 'refuses_naming': no parameter named 'placements' (declared: [assignments, wanted])
test.claim.compute_board_physical_witness (witness); bare=refuses_naming		test.claim.compute_board_pin_chain_witness.refuses_naming	test.claim.altra_minimal_design_witness|test.claim.compute_board_physical_witness|test.claim.compute_board_pin_chain_witness|test.claim.compute_board_power_distribution_witness	call_contract_mismatch	bare_name_binding	test.claim.compute_board_physical_witness.w_two_parts_sharing_area_refuse	call contract mismatch calling 'refuses_naming': no parameter named 'placements' (declared: [assignments, wanted])
test.claim.compute_board_physical_witness (witness); bare=admits		test.claim.check_coverage_admission_witness.admits	test.claim.altra_minimal_design_witness|test.claim.check_coverage_admission_witness|test.claim.compute_board_physical_witness|test.claim.compute_board_power_distribution_witness|test.claim.ice40_supply_witness|test.claim.spatial_knowledge_witness	call_contract_mismatch	bare_name_binding	test.claim.compute_board_physical_witness.w_touching_bodies_do_not_register_as_overlapping	call contract mismatch calling 'admits': no parameter named 'placements' (declared: [coverage])
test.claim.compute_board_physical_witness (witness); bare=refuses_naming		test.claim.compute_board_pin_chain_witness.refuses_naming	test.claim.altra_minimal_design_witness|test.claim.compute_board_physical_witness|test.claim.compute_board_pin_chain_witness|test.claim.compute_board_power_distribution_witness	call_contract_mismatch	bare_name_binding	test.claim.compute_board_physical_witness.w_a_repeated_placement_identity_refuses	call contract mismatch calling 'refuses_naming': no parameter named 'placements' (declared: [assignments, wanted])
test.claim.compute_board_physical_witness (witness); bare=refuses_naming		test.claim.compute_board_pin_chain_witness.refuses_naming	test.claim.altra_minimal_design_witness|test.claim.compute_board_physical_witness|test.claim.compute_board_pin_chain_witness|test.claim.compute_board_power_distribution_witness	call_contract_mismatch	bare_name_binding	test.claim.compute_board_physical_witness.w_a_placement_in_another_frame_refuses	call contract mismatch calling 'refuses_naming': no parameter named 'placements' (declared: [assignments, wanted])
test.claim.compute_board_physical_witness.w_a_millimetre_board_frame_refuses				other	other	test.claim.compute_board_physical_witness.w_a_millimetre_board_frame_refuses	non-exhaustive pattern match on: BoardFrameIsNotSubMillimetre { frame: CoordinateFrameIdentity { occurrence: 13 } }
test.claim.compute_board_physical_witness.w_an_unregistered_board_frame_refuses_distinctly				other	other	test.claim.compute_board_physical_witness.w_an_unregistered_board_frame_refuses_distinctly	non-exhaustive pattern match on: BoardFrameUnregistered { frame: CoordinateFrameIdentity { occurrence: 11 } }
test.claim.compute_board_pin_chain_witness (witness); bare=project		test.claim.spark_serving_full_plan_witness_test.project	test.claim.compute_board_pin_chain_witness|test.claim.compute_board_spice_projection_witness|test.claim.compute_board_verilog_projection_witness|test.claim.spark_serving_full_plan_witness_test	call_contract_mismatch	bare_name_binding	test.claim.compute_board_pin_chain_witness.w_the_production_pin_constraints_emit_exact_bytes	call contract mismatch calling 'project': no parameter named 'bindings' (declared: [obs, unit, linger])
test.claim.compute_board_pin_chain_witness (witness); bare=project		test.claim.spark_serving_full_plan_witness_test.project	test.claim.compute_board_pin_chain_witness|test.claim.compute_board_spice_projection_witness|test.claim.compute_board_verilog_projection_witness|test.claim.spark_serving_full_plan_witness_test	call_contract_mismatch	bare_name_binding	test.claim.compute_board_pin_chain_witness.w_a_respelled_port_moves_the_constraint_file	call contract mismatch calling 'project': no parameter named 'bindings' (declared: [obs, unit, linger])
test.claim.compute_board_readiness_witness.w_altra_contact_map_is_published_and_lands_in_design_family				other	other	test.claim.compute_board_readiness_witness.w_altra_contact_map_is_published_and_lands_in_design_family	witness receipt wall budget exceeded: 501ms wall > 500ms whole-receipt budget (falsifier wet/silent-pick lane; kill-at-deadline)
test.claim.compute_board_spice_projection_witness (witness); bare=project		test.claim.spark_serving_full_plan_witness_test.project	test.claim.compute_board_pin_chain_witness|test.claim.compute_board_spice_projection_witness|test.claim.compute_board_verilog_projection_witness|test.claim.spark_serving_full_plan_witness_test	call_contract_mismatch	bare_name_binding	test.claim.compute_board_spice_projection_witness.w_modelled_circuit_emits_expected_deck_bytes	call contract mismatch calling 'project': no parameter named 'components' (declared: [obs, unit, linger])
test.claim.compute_board_spice_projection_witness (witness); bare=project		test.claim.spark_serving_full_plan_witness_test.project	test.claim.compute_board_pin_chain_witness|test.claim.compute_board_spice_projection_witness|test.claim.compute_board_verilog_projection_witness|test.claim.spark_serving_full_plan_witness_test	call_contract_mismatch	bare_name_binding	test.claim.compute_board_spice_projection_witness.w_one_perturbed_value_changes_the_deck	call contract mismatch calling 'project': no parameter named 'components' (declared: [obs, unit, linger])
test.claim.compute_board_spice_projection_witness (witness); bare=project		test.claim.spark_serving_full_plan_witness_test.project	test.claim.compute_board_pin_chain_witness|test.claim.compute_board_spice_projection_witness|test.claim.compute_board_verilog_projection_witness|test.claim.spark_serving_full_plan_witness_test	call_contract_mismatch	bare_name_binding	test.claim.compute_board_spice_projection_witness.w_unmodelled_element_refuses_and_emits_nothing	call contract mismatch calling 'project': no parameter named 'components' (declared: [obs, unit, linger])
test.claim.compute_board_spice_projection_witness (witness); bare=project		test.claim.spark_serving_full_plan_witness_test.project	test.claim.compute_board_pin_chain_witness|test.claim.compute_board_spice_projection_witness|test.claim.compute_board_verilog_projection_witness|test.claim.spark_serving_full_plan_witness_test	call_contract_mismatch	bare_name_binding	test.claim.compute_board_spice_projection_witness.w_model_standing_alone_decides_the_arm	call contract mismatch calling 'project': no parameter named 'components' (declared: [obs, unit, linger])
test.claim.compute_board_spice_projection_witness (witness); bare=project		test.claim.spark_serving_full_plan_witness_test.project	test.claim.compute_board_pin_chain_witness|test.claim.compute_board_spice_projection_witness|test.claim.compute_board_verilog_projection_witness|test.claim.spark_serving_full_plan_witness_test	call_contract_mismatch	bare_name_binding	test.claim.compute_board_spice_projection_witness.w_vendor_subcircuit_refuses_rather_than_emitting_an_ideal_part	call contract mismatch calling 'project': no parameter named 'components' (declared: [obs, unit, linger])
test.claim.compute_board_spice_projection_witness (witness); bare=project		test.claim.spark_serving_full_plan_witness_test.project	test.claim.compute_board_pin_chain_witness|test.claim.compute_board_spice_projection_witness|test.claim.compute_board_verilog_projection_witness|test.claim.spark_serving_full_plan_witness_test	call_contract_mismatch	bare_name_binding	test.claim.compute_board_spice_projection_witness.w_missing_binding_is_not_an_absent_model	call contract mismatch calling 'project': no parameter named 'components' (declared: [obs, unit, linger])
test.claim.compute_board_spice_projection_witness (witness); bare=project		test.claim.spark_serving_full_plan_witness_test.project	test.claim.compute_board_pin_chain_witness|test.claim.compute_board_spice_projection_witness|test.claim.compute_board_verilog_projection_witness|test.claim.spark_serving_full_plan_witness_test	call_contract_mismatch	bare_name_binding	test.claim.compute_board_spice_projection_witness.w_duplicate_model_binding_refuses_in_either_order	call contract mismatch calling 'project': no parameter named 'components' (declared: [obs, unit, linger])
test.claim.compute_board_spice_projection_witness (witness); bare=project		test.claim.spark_serving_full_plan_witness_test.project	test.claim.compute_board_pin_chain_witness|test.claim.compute_board_spice_projection_witness|test.claim.compute_board_verilog_projection_witness|test.claim.spark_serving_full_plan_witness_test	call_contract_mismatch	bare_name_binding	test.claim.compute_board_spice_projection_witness.w_same_circuit_without_the_extra_net_emits	call contract mismatch calling 'project': no parameter named 'components' (declared: [obs, unit, linger])
test.claim.compute_board_verilog_projection_witness (witness); bare=project		test.claim.spark_serving_full_plan_witness_test.project	test.claim.compute_board_pin_chain_witness|test.claim.compute_board_spice_projection_witness|test.claim.compute_board_verilog_projection_witness|test.claim.spark_serving_full_plan_witness_test	call_contract_mismatch	bare_name_binding	test.claim.compute_board_verilog_projection_witness.w_interlock_emits_exact_verilog_bytes	call contract mismatch calling 'project': no parameter named 'intent' (declared: [obs, unit, linger])
test.claim.compute_board_verilog_projection_witness (witness); bare=project		test.claim.spark_serving_full_plan_witness_test.project	test.claim.compute_board_pin_chain_witness|test.claim.compute_board_spice_projection_witness|test.claim.compute_board_verilog_projection_witness|test.claim.spark_serving_full_plan_witness_test	call_contract_mismatch	bare_name_binding	test.claim.compute_board_verilog_projection_witness.w_fault_polarity_change_changes_emitted_bytes	call contract mismatch calling 'project': no parameter named 'intent' (declared: [obs, unit, linger])
test.claim.compute_board_verilog_projection_witness (witness); bare=project		test.claim.spark_serving_full_plan_witness_test.project	test.claim.compute_board_pin_chain_witness|test.claim.compute_board_spice_projection_witness|test.claim.compute_board_verilog_projection_witness|test.claim.spark_serving_full_plan_witness_test	call_contract_mismatch	bare_name_binding	test.claim.compute_board_verilog_projection_witness.w_digital_change_is_confined_to_the_digital_projection	call contract mismatch calling 'project': no parameter named 'intent' (declared: [obs, unit, linger])
test.claim.compute_board_verilog_projection_witness (witness); bare=project		test.claim.spark_serving_full_plan_witness_test.project	test.claim.compute_board_pin_chain_witness|test.claim.compute_board_spice_projection_witness|test.claim.compute_board_verilog_projection_witness|test.claim.spark_serving_full_plan_witness_test	call_contract_mismatch	bare_name_binding	test.claim.compute_board_verilog_projection_witness.w_reserved_word_spelling_refuses	call contract mismatch calling 'project': no parameter named 'intent' (declared: [obs, unit, linger])
test.claim.compute_board_verilog_projection_witness (witness); bare=project		test.claim.spark_serving_full_plan_witness_test.project	test.claim.compute_board_pin_chain_witness|test.claim.compute_board_spice_projection_witness|test.claim.compute_board_verilog_projection_witness|test.claim.spark_serving_full_plan_witness_test	call_contract_mismatch	bare_name_binding	test.claim.compute_board_verilog_projection_witness.w_spelling_with_a_forbidden_character_refuses	call contract mismatch calling 'project': no parameter named 'intent' (declared: [obs, unit, linger])
test.claim.compute_board_verilog_projection_witness (witness); bare=project		test.claim.spark_serving_full_plan_witness_test.project	test.claim.compute_board_pin_chain_witness|test.claim.compute_board_spice_projection_witness|test.claim.compute_board_verilog_projection_witness|test.claim.spark_serving_full_plan_witness_test	call_contract_mismatch	bare_name_binding	test.claim.compute_board_verilog_projection_witness.w_production_bindings_are_admitted	call contract mismatch calling 'project': no parameter named 'intent' (declared: [obs, unit, linger])
test.claim.compute_board_verilog_projection_witness (witness); bare=project		test.claim.spark_serving_full_plan_witness_test.project	test.claim.compute_board_pin_chain_witness|test.claim.compute_board_spice_projection_witness|test.claim.compute_board_verilog_projection_witness|test.claim.spark_serving_full_plan_witness_test	call_contract_mismatch	bare_name_binding	test.claim.compute_board_verilog_projection_witness.w_duplicate_signal_binding_refuses_in_either_order	call contract mismatch calling 'project': no parameter named 'intent' (declared: [obs, unit, linger])
test.claim.config_record_emit_witness (witness); bare=manifest_record_knobs				no_such_function	reach_gap	test.claim.config_record_emit_witness.witness_manifest_knobs_space_separated	no such function: manifest_record_knobs
test.claim.config_record_emit_witness (witness); bare=manifest_record_knobs				no_such_function	reach_gap	test.claim.config_record_emit_witness.witness_same_fields_differ_across_knobs	no such function: manifest_record_knobs
gunbc.test.claim.dag_arrow_lambda_witness_test.witness_single_param_lambda_parses				other	other	gunbc.test.claim.dag_arrow_lambda_witness_test.witness_single_param_lambda_parses	eval budget exceeded: 503ms thread-CPU > 500ms fast-lane budget (operator 5s rule 2026-07-12). This budget is enforced on THREAD CPU, not wall. RELOCATING THE FILE DOES NOT DISCHARGE IT: moving a witness under a long/ dir removes it from per-PR discovery without giving it an executing consumer, which deletes the coverage while retaining the source (the gunbc#7762 specimen behind the 2026-08-04 admission ruling). Either reduce the witness's cost, or enroll it in a lane that declares its own dated ceiling AND names the row as an executing consumer.
gunbc.test.claim.dag_arrow_lambda_witness_test.witness_multi_param_lambda_parses				other	other	gunbc.test.claim.dag_arrow_lambda_witness_test.witness_multi_param_lambda_parses	eval budget exceeded: 501ms thread-CPU > 500ms fast-lane budget (operator 5s rule 2026-07-12). This budget is enforced on THREAD CPU, not wall. RELOCATING THE FILE DOES NOT DISCHARGE IT: moving a witness under a long/ dir removes it from per-PR discovery without giving it an executing consumer, which deletes the coverage while retaining the source (the gunbc#7762 specimen behind the 2026-08-04 admission ruling). Either reduce the witness's cost, or enroll it in a lane that declares its own dated ceiling AND names the row as an executing consumer.
gunbc.test.claim.dag_arrow_lambda_witness_test.witness_lambda_in_pipeline_parses				other	other	gunbc.test.claim.dag_arrow_lambda_witness_test.witness_lambda_in_pipeline_parses	eval budget exceeded: 502ms thread-CPU > 500ms fast-lane budget (operator 5s rule 2026-07-12). This budget is enforced on THREAD CPU, not wall. RELOCATING THE FILE DOES NOT DISCHARGE IT: moving a witness under a long/ dir removes it from per-PR discovery without giving it an executing consumer, which deletes the coverage while retaining the source (the gunbc#7762 specimen behind the 2026-08-04 admission ruling). Either reduce the witness's cost, or enroll it in a lane that declares its own dated ceiling AND names the row as an executing consumer.
gunbc.test.claim.dag_arrow_lambda_witness_test.witness_authored_algebra_shape_parses				other	other	gunbc.test.claim.dag_arrow_lambda_witness_test.witness_authored_algebra_shape_parses	eval budget exceeded: 503ms thread-CPU > 500ms fast-lane budget (operator 5s rule 2026-07-12). This budget is enforced on THREAD CPU, not wall. RELOCATING THE FILE DOES NOT DISCHARGE IT: moving a witness under a long/ dir removes it from per-PR discovery without giving it an executing consumer, which deletes the coverage while retaining the source (the gunbc#7762 specimen behind the 2026-08-04 admission ruling). Either reduce the witness's cost, or enroll it in a lane that declares its own dated ceiling AND names the row as an executing consumer.
gunbc.test.claim.dag_arrow_lambda_witness_test.witness_lambda_block_body_parses				other	other	gunbc.test.claim.dag_arrow_lambda_witness_test.witness_lambda_block_body_parses	eval budget exceeded: 501ms thread-CPU > 500ms fast-lane budget (operator 5s rule 2026-07-12). This budget is enforced on THREAD CPU, not wall. RELOCATING THE FILE DOES NOT DISCHARGE IT: moving a witness under a long/ dir removes it from per-PR discovery without giving it an executing consumer, which deletes the coverage while retaining the source (the gunbc#7762 specimen behind the 2026-08-04 admission ruling). Either reduce the witness's cost, or enroll it in a lane that declares its own dated ceiling AND names the row as an executing consumer.
gunbc.test.claim.dag_arrow_lambda_witness_test.witness_match_arm_fat_arrow_unchanged				other	other	gunbc.test.claim.dag_arrow_lambda_witness_test.witness_match_arm_fat_arrow_unchanged	eval budget exceeded: 504ms thread-CPU > 500ms fast-lane budget (operator 5s rule 2026-07-12). This budget is enforced on THREAD CPU, not wall. RELOCATING THE FILE DOES NOT DISCHARGE IT: moving a witness under a long/ dir removes it from per-PR discovery without giving it an executing consumer, which deletes the coverage while retaining the source (the gunbc#7762 specimen behind the 2026-08-04 admission ruling). Either reduce the witness's cost, or enroll it in a lane that declares its own dated ceiling AND names the row as an executing consumer.
gunbc.test.claim.dag_arrow_lambda_witness_test.witness_named_arg_unchanged				other	other	gunbc.test.claim.dag_arrow_lambda_witness_test.witness_named_arg_unchanged	eval budget exceeded: 501ms thread-CPU > 500ms fast-lane budget (operator 5s rule 2026-07-12). This budget is enforced on THREAD CPU, not wall. RELOCATING THE FILE DOES NOT DISCHARGE IT: moving a witness under a long/ dir removes it from per-PR discovery without giving it an executing consumer, which deletes the coverage while retaining the source (the gunbc#7762 specimen behind the 2026-08-04 admission ruling). Either reduce the witness's cost, or enroll it in a lane that declares its own dated ceiling AND names the row as an executing consumer.
gunbc.test.claim.dag_arrow_lambda_witness_test.witness_paren_arithmetic_unchanged				other	other	gunbc.test.claim.dag_arrow_lambda_witness_test.witness_paren_arithmetic_unchanged	eval budget exceeded: 503ms thread-CPU > 500ms fast-lane budget (operator 5s rule 2026-07-12). This budget is enforced on THREAD CPU, not wall. RELOCATING THE FILE DOES NOT DISCHARGE IT: moving a witness under a long/ dir removes it from per-PR discovery without giving it an executing consumer, which deletes the coverage while retaining the source (the gunbc#7762 specimen behind the 2026-08-04 admission ruling). Either reduce the witness's cost, or enroll it in a lane that declares its own dated ceiling AND names the row as an executing consumer.
gunbc.test.claim.dag_arrow_lambda_witness_test.witness_sum_decl_unchanged				other	other	gunbc.test.claim.dag_arrow_lambda_witness_test.witness_sum_decl_unchanged	eval budget exceeded: 501ms thread-CPU > 500ms fast-lane budget (operator 5s rule 2026-07-12). This budget is enforced on THREAD CPU, not wall. RELOCATING THE FILE DOES NOT DISCHARGE IT: moving a witness under a long/ dir removes it from per-PR discovery without giving it an executing consumer, which deletes the coverage while retaining the source (the gunbc#7762 specimen behind the 2026-08-04 admission ruling). Either reduce the witness's cost, or enroll it in a lane that declares its own dated ceiling AND names the row as an executing consumer.
gunbc.test.claim.dag_arrow_lambda_witness_test.witness_missing_body_refuses_RED				other	other	gunbc.test.claim.dag_arrow_lambda_witness_test.witness_missing_body_refuses_RED	eval budget exceeded: 501ms thread-CPU > 500ms fast-lane budget (operator 5s rule 2026-07-12). This budget is enforced on THREAD CPU, not wall. RELOCATING THE FILE DOES NOT DISCHARGE IT: moving a witness under a long/ dir removes it from per-PR discovery without giving it an executing consumer, which deletes the coverage while retaining the source (the gunbc#7762 specimen behind the 2026-08-04 admission ruling). Either reduce the witness's cost, or enroll it in a lane that declares its own dated ceiling AND names the row as an executing consumer.
gunbc.test.claim.dag_arrow_lambda_witness_test.witness_missing_param_refuses_RED				other	other	gunbc.test.claim.dag_arrow_lambda_witness_test.witness_missing_param_refuses_RED	witness receipt wall budget exceeded: 501ms wall > 500ms whole-receipt budget (falsifier wet/silent-pick lane; kill-at-deadline)
gunbc.test.claim.dag_arrow_lambda_witness_test.witness_single_paren_param_refuses_RED				other	other	gunbc.test.claim.dag_arrow_lambda_witness_test.witness_single_paren_param_refuses_RED	eval budget exceeded: 504ms thread-CPU > 500ms fast-lane budget (operator 5s rule 2026-07-12). This budget is enforced on THREAD CPU, not wall. RELOCATING THE FILE DOES NOT DISCHARGE IT: moving a witness under a long/ dir removes it from per-PR discovery without giving it an executing consumer, which deletes the coverage while retaining the source (the gunbc#7762 specimen behind the 2026-08-04 admission ruling). Either reduce the witness's cost, or enroll it in a lane that declares its own dated ceiling AND names the row as an executing consumer.
gunbc.test.claim.dag_arrow_lambda_witness_test.witness_zero_param_refuses_RED				other	other	gunbc.test.claim.dag_arrow_lambda_witness_test.witness_zero_param_refuses_RED	eval budget exceeded: 502ms thread-CPU > 500ms fast-lane budget (operator 5s rule 2026-07-12). This budget is enforced on THREAD CPU, not wall. RELOCATING THE FILE DOES NOT DISCHARGE IT: moving a witness under a long/ dir removes it from per-PR discovery without giving it an executing consumer, which deletes the coverage while retaining the source (the gunbc#7762 specimen behind the 2026-08-04 admission ruling). Either reduce the witness's cost, or enroll it in a lane that declares its own dated ceiling AND names the row as an executing consumer.
gunbc.test.claim.dag_arrow_lambda_witness_test.witness_pre_repair_grammar_restores_the_RED				other	other	gunbc.test.claim.dag_arrow_lambda_witness_test.witness_pre_repair_grammar_restores_the_RED	eval budget exceeded: 503ms thread-CPU > 500ms fast-lane budget (operator 5s rule 2026-07-12). This budget is enforced on THREAD CPU, not wall. RELOCATING THE FILE DOES NOT DISCHARGE IT: moving a witness under a long/ dir removes it from per-PR discovery without giving it an executing consumer, which deletes the coverage while retaining the source (the gunbc#7762 specimen behind the 2026-08-04 admission ruling). Either reduce the witness's cost, or enroll it in a lane that declares its own dated ceiling AND names the row as an executing consumer.
test.claim.dag_collect_fingerprint_witness_test.dag_collect_fingerprint_witness_keystone_holds				other	other	test.claim.dag_collect_fingerprint_witness_test.dag_collect_fingerprint_witness_keystone_holds	type error: hermetic mode: no mock_response for operation IsExecutable — refusing to fabricate Unit
test.claim.dag_compile_clean_perturb_receipts.perturb_optional_skew_fixture_red_holds				other	other	test.claim.dag_compile_clean_perturb_receipts.perturb_optional_skew_fixture_red_holds	type error: hermetic mode: no mock_response for operation IsExecutable — refusing to fabricate Unit
test.claim.dag_compile_clean_perturb_receipts.perturb_unresolved_import_fixture_red_holds				other	other	test.claim.dag_compile_clean_perturb_receipts.perturb_unresolved_import_fixture_red_holds	type error: hermetic mode: no mock_response for operation IsExecutable — refusing to fabricate Unit
test.claim.dag_compile_clean_perturb_receipts.perturb_fixture_green_holds				other	other	test.claim.dag_compile_clean_perturb_receipts.perturb_fixture_green_holds	type error: hermetic mode: no mock_response for operation IsExecutable — refusing to fabricate Unit
test.claim.dag_compile_clean_seam_witness.cross_shard_seam_preservation_holds_on_live_tree				other	other	test.claim.dag_compile_clean_seam_witness.cross_shard_seam_preservation_holds_on_live_tree	type error: hermetic mode: no mock_response for operation IsExecutable — refusing to fabricate Unit
test.claim.dag_compile_clean_shard_a_witness.compile_clean_shard_a_exemplar_compile_green				other	other	test.claim.dag_compile_clean_shard_a_witness.compile_clean_shard_a_exemplar_compile_green	type error: hermetic mode: no mock_response for operation IsExecutable — refusing to fabricate Unit
test.claim.decl_facts_initializer_projection_witness_test.decl_facts_reflection_data_ref_with_coproduct_type_is_not_variant_value				other	other	test.claim.decl_facts_initializer_projection_witness_test.decl_facts_reflection_data_ref_with_coproduct_type_is_not_variant_value	eval budget exceeded: 2727ms thread-CPU > 500ms fast-lane budget (operator 5s rule 2026-07-12). This budget is enforced on THREAD CPU, not wall. RELOCATING THE FILE DOES NOT DISCHARGE IT: moving a witness under a long/ dir removes it from per-PR discovery without giving it an executing consumer, which deletes the coverage while retaining the source (the gunbc#7762 specimen behind the 2026-08-04 admission ruling). Either reduce the witness's cost, or enroll it in a lane that declares its own dated ceiling AND names the row as an executing consumer.
test.claim.decl_facts_initializer_projection_witness_test.decl_facts_reflection_imported_external_authority_positive_control				other	other	test.claim.decl_facts_initializer_projection_witness_test.decl_facts_reflection_imported_external_authority_positive_control	eval budget exceeded: 2780ms thread-CPU > 500ms fast-lane budget (operator 5s rule 2026-07-12). This budget is enforced on THREAD CPU, not wall. RELOCATING THE FILE DOES NOT DISCHARGE IT: moving a witness under a long/ dir removes it from per-PR discovery without giving it an executing consumer, which deletes the coverage while retaining the source (the gunbc#7762 specimen behind the 2026-08-04 admission ruling). Either reduce the witness's cost, or enroll it in a lane that declares its own dated ceiling AND names the row as an executing consumer.
test.claim.decl_facts_initializer_projection_witness_test.decl_facts_reflection_two_unrelated_scaffold_arms_do_not_alias				other	other	test.claim.decl_facts_initializer_projection_witness_test.decl_facts_reflection_two_unrelated_scaffold_arms_do_not_alias	eval budget exceeded: 2778ms thread-CPU > 500ms fast-lane budget (operator 5s rule 2026-07-12). This budget is enforced on THREAD CPU, not wall. RELOCATING THE FILE DOES NOT DISCHARGE IT: moving a witness under a long/ dir removes it from per-PR discovery without giving it an executing consumer, which deletes the coverage while retaining the source (the gunbc#7762 specimen behind the 2026-08-04 admission ruling). Either reduce the witness's cost, or enroll it in a lane that declares its own dated ceiling AND names the row as an executing consumer.
test.claim.decl_facts_initializer_projection_witness_test.decl_facts_reflection_two_unrelated_shared_nullary_arms_do_not_alias				other	other	test.claim.decl_facts_initializer_projection_witness_test.decl_facts_reflection_two_unrelated_shared_nullary_arms_do_not_alias	eval budget exceeded: 2780ms thread-CPU > 500ms fast-lane budget (operator 5s rule 2026-07-12). This budget is enforced on THREAD CPU, not wall. RELOCATING THE FILE DOES NOT DISCHARGE IT: moving a witness under a long/ dir removes it from per-PR discovery without giving it an executing consumer, which deletes the coverage while retaining the source (the gunbc#7762 specimen behind the 2026-08-04 admission ruling). Either reduce the witness's cost, or enroll it in a lane that declares its own dated ceiling AND names the row as an executing consumer.
test.claim.decl_facts_initializer_projection_witness_test.decl_facts_reflection_disposition_scaffold_constructor_is_std_disposition				other	other	test.claim.decl_facts_initializer_projection_witness_test.decl_facts_reflection_disposition_scaffold_constructor_is_std_disposition	eval budget exceeded: 2784ms thread-CPU > 500ms fast-lane budget (operator 5s rule 2026-07-12). This budget is enforced on THREAD CPU, not wall. RELOCATING THE FILE DOES NOT DISCHARGE IT: moving a witness under a long/ dir removes it from per-PR discovery without giving it an executing consumer, which deletes the coverage while retaining the source (the gunbc#7762 specimen behind the 2026-08-04 admission ruling). Either reduce the witness's cost, or enroll it in a lane that declares its own dated ceiling AND names the row as an executing consumer.
test.claim.decl_facts_initializer_projection_witness_test.decl_facts_reflection_terminal_vs_scaffold_constructors_distinct				other	other	test.claim.decl_facts_initializer_projection_witness_test.decl_facts_reflection_terminal_vs_scaffold_constructors_distinct	eval budget exceeded: 2775ms thread-CPU > 500ms fast-lane budget (operator 5s rule 2026-07-12). This budget is enforced on THREAD CPU, not wall. RELOCATING THE FILE DOES NOT DISCHARGE IT: moving a witness under a long/ dir removes it from per-PR discovery without giving it an executing consumer, which deletes the coverage while retaining the source (the gunbc#7762 specimen behind the 2026-08-04 admission ruling). Either reduce the witness's cost, or enroll it in a lane that declares its own dated ceiling AND names the row as an executing consumer.
test.claim.decl_facts_initializer_projection_witness_test.decl_facts_reflection_single_authority_vs_realization_dispatch_distinct				other	other	test.claim.decl_facts_initializer_projection_witness_test.decl_facts_reflection_single_authority_vs_realization_dispatch_distinct	eval budget exceeded: 2734ms thread-CPU > 500ms fast-lane budget (operator 5s rule 2026-07-12). This budget is enforced on THREAD CPU, not wall. RELOCATING THE FILE DOES NOT DISCHARGE IT: moving a witness under a long/ dir removes it from per-PR discovery without giving it an executing consumer, which deletes the coverage while retaining the source (the gunbc#7762 specimen behind the 2026-08-04 admission ruling). Either reduce the witness's cost, or enroll it in a lane that declares its own dated ceiling AND names the row as an executing consumer.
test.claim.decl_facts_initializer_projection_witness_test.decl_facts_reflection_whole_declaration_vs_named_field_field_grain				other	other	test.claim.decl_facts_initializer_projection_witness_test.decl_facts_reflection_whole_declaration_vs_named_field_field_grain	eval budget exceeded: 2771ms thread-CPU > 500ms fast-lane budget (operator 5s rule 2026-07-12). This budget is enforced on THREAD CPU, not wall. RELOCATING THE FILE DOES NOT DISCHARGE IT: moving a witness under a long/ dir removes it from per-PR discovery without giving it an executing consumer, which deletes the coverage while retaining the source (the gunbc#7762 specimen behind the 2026-08-04 admission ruling). Either reduce the witness's cost, or enroll it in a lane that declares its own dated ceiling AND names the row as an executing consumer.
test.claim.decl_facts_initializer_projection_witness_test.decl_facts_reflection_scaffold_dissolves_to_resolves_single_authority				other	other	test.claim.decl_facts_initializer_projection_witness_test.decl_facts_reflection_scaffold_dissolves_to_resolves_single_authority	eval budget exceeded: 2829ms thread-CPU > 500ms fast-lane budget (operator 5s rule 2026-07-12). This budget is enforced on THREAD CPU, not wall. RELOCATING THE FILE DOES NOT DISCHARGE IT: moving a witness under a long/ dir removes it from per-PR discovery without giving it an executing consumer, which deletes the coverage while retaining the source (the gunbc#7762 specimen behind the 2026-08-04 admission ruling). Either reduce the witness's cost, or enroll it in a lane that declares its own dated ceiling AND names the row as an executing consumer.
test.claim.decl_facts_initializer_projection_witness_test.decl_facts_reflection_closure_b_specimen_resolves_to_b_parent				other	other	test.claim.decl_facts_initializer_projection_witness_test.decl_facts_reflection_closure_b_specimen_resolves_to_b_parent	eval budget exceeded: 2879ms thread-CPU > 500ms fast-lane budget (operator 5s rule 2026-07-12). This budget is enforced on THREAD CPU, not wall. RELOCATING THE FILE DOES NOT DISCHARGE IT: moving a witness under a long/ dir removes it from per-PR discovery without giving it an executing consumer, which deletes the coverage while retaining the source (the gunbc#7762 specimen behind the 2026-08-04 admission ruling). Either reduce the witness's cost, or enroll it in a lane that declares its own dated ceiling AND names the row as an executing consumer.
test.claim.decl_facts_initializer_projection_witness_test.decl_facts_reflection_explicit_import_resolves_to_a_when_b_also_loaded				other	other	test.claim.decl_facts_initializer_projection_witness_test.decl_facts_reflection_explicit_import_resolves_to_a_when_b_also_loaded	eval budget exceeded: 2884ms thread-CPU > 500ms fast-lane budget (operator 5s rule 2026-07-12). This budget is enforced on THREAD CPU, not wall. RELOCATING THE FILE DOES NOT DISCHARGE IT: moving a witness under a long/ dir removes it from per-PR discovery without giving it an executing consumer, which deletes the coverage while retaining the source (the gunbc#7762 specimen behind the 2026-08-04 admission ruling). Either reduce the witness's cost, or enroll it in a lane that declares its own dated ceiling AND names the row as an executing consumer.
test.claim.decl_facts_initializer_projection_witness_test.decl_facts_reflection_explicit_import_does_not_resolve_to_b				other	other	test.claim.decl_facts_initializer_projection_witness_test.decl_facts_reflection_explicit_import_does_not_resolve_to_b	eval budget exceeded: 2881ms thread-CPU > 500ms fast-lane budget (operator 5s rule 2026-07-12). This budget is enforced on THREAD CPU, not wall. RELOCATING THE FILE DOES NOT DISCHARGE IT: moving a witness under a long/ dir removes it from per-PR discovery without giving it an executing consumer, which deletes the coverage while retaining the source (the gunbc#7762 specimen behind the 2026-08-04 admission ruling). Either reduce the witness's cost, or enroll it in a lane that declares its own dated ceiling AND names the row as an executing consumer.
test.claim.decl_facts_initializer_projection_witness_test.decl_facts_reflection_nullary_mechanism_projection_shape				other	other	test.claim.decl_facts_initializer_projection_witness_test.decl_facts_reflection_nullary_mechanism_projection_shape	eval budget exceeded: 2813ms thread-CPU > 500ms fast-lane budget (operator 5s rule 2026-07-12). This budget is enforced on THREAD CPU, not wall. RELOCATING THE FILE DOES NOT DISCHARGE IT: moving a witness under a long/ dir removes it from per-PR discovery without giving it an executing consumer, which deletes the coverage while retaining the source (the gunbc#7762 specimen behind the 2026-08-04 admission ruling). Either reduce the witness's cost, or enroll it in a lane that declares its own dated ceiling AND names the row as an executing consumer.
test.claim.decl_facts_initializer_projection_witness_test.decl_fact_lookup_duplicate_qualified_identity_returns_ambiguous_both_candidates				other	other	test.claim.decl_facts_initializer_projection_witness_test.decl_fact_lookup_duplicate_qualified_identity_returns_ambiguous_both_candidates	eval budget exceeded: 2830ms thread-CPU > 500ms fast-lane budget (operator 5s rule 2026-07-12). This budget is enforced on THREAD CPU, not wall. RELOCATING THE FILE DOES NOT DISCHARGE IT: moving a witness under a long/ dir removes it from per-PR discovery without giving it an executing consumer, which deletes the coverage while retaining the source (the gunbc#7762 specimen behind the 2026-08-04 admission ruling). Either reduce the witness's cost, or enroll it in a lane that declares its own dated ceiling AND names the row as an executing consumer.
test.claim.decl_facts_initializer_projection_witness_test.decl_facts_reflection_unimported_globally_unique_refuses_constructor_resolution				other	other	test.claim.decl_facts_initializer_projection_witness_test.decl_facts_reflection_unimported_globally_unique_refuses_constructor_resolution	eval budget exceeded: 2792ms thread-CPU > 500ms fast-lane budget (operator 5s rule 2026-07-12). This budget is enforced on THREAD CPU, not wall. RELOCATING THE FILE DOES NOT DISCHARGE IT: moving a witness under a long/ dir removes it from per-PR discovery without giving it an executing consumer, which deletes the coverage while retaining the source (the gunbc#7762 specimen behind the 2026-08-04 admission ruling). Either reduce the witness's cost, or enroll it in a lane that declares its own dated ceiling AND names the row as an executing consumer.
test.claim.decl_facts_initializer_projection_witness_test.decl_facts_reflection_lookup_missing_vs_present_fact_distinct				other	other	test.claim.decl_facts_initializer_projection_witness_test.decl_facts_reflection_lookup_missing_vs_present_fact_distinct	eval budget exceeded: 2798ms thread-CPU > 500ms fast-lane budget (operator 5s rule 2026-07-12). This budget is enforced on THREAD CPU, not wall. RELOCATING THE FILE DOES NOT DISCHARGE IT: moving a witness under a long/ dir removes it from per-PR discovery without giving it an executing consumer, which deletes the coverage while retaining the source (the gunbc#7762 specimen behind the 2026-08-04 admission ruling). Either reduce the witness's cost, or enroll it in a lane that declares its own dated ceiling AND names the row as an executing consumer.
test.claim.decl_facts_initializer_projection_witness_test.decl_facts_reflection_refused_vs_not_variant_value_projections_distinct				other	other	test.claim.decl_facts_initializer_projection_witness_test.decl_facts_reflection_refused_vs_not_variant_value_projections_distinct	eval budget exceeded: 2813ms thread-CPU > 500ms fast-lane budget (operator 5s rule 2026-07-12). This budget is enforced on THREAD CPU, not wall. RELOCATING THE FILE DOES NOT DISCHARGE IT: moving a witness under a long/ dir removes it from per-PR discovery without giving it an executing consumer, which deletes the coverage while retaining the source (the gunbc#7762 specimen behind the 2026-08-04 admission ruling). Either reduce the witness's cost, or enroll it in a lane that declares its own dated ceiling AND names the row as an executing consumer.
test.claim.decl_facts_initializer_projection_witness_test.decl_facts_duplicate_qn_pool_declaration_lookup_per_candidate_is_unique				other	other	test.claim.decl_facts_initializer_projection_witness_test.decl_facts_duplicate_qn_pool_declaration_lookup_per_candidate_is_unique	eval budget exceeded: 2790ms thread-CPU > 500ms fast-lane budget (operator 5s rule 2026-07-12). This budget is enforced on THREAD CPU, not wall. RELOCATING THE FILE DOES NOT DISCHARGE IT: moving a witness under a long/ dir removes it from per-PR discovery without giving it an executing consumer, which deletes the coverage while retaining the source (the gunbc#7762 specimen behind the 2026-08-04 admission ruling). Either reduce the witness's cost, or enroll it in a lane that declares its own dated ceiling AND names the row as an executing consumer.
test.claim.decl_facts_reflection_witness_test.w_fixture_pool_decl_facts_nonempty				other	other	test.claim.decl_facts_reflection_witness_test.w_fixture_pool_decl_facts_nonempty	exceeded Cpu budget (2559ms elapsed against 500ms)
test.claim.decl_facts_reflection_witness_test.w_outer_record_constructor_scaffold_lexeme_surfaces				other	other	test.claim.decl_facts_reflection_witness_test.w_outer_record_constructor_scaffold_lexeme_surfaces	eval budget exceeded: 2886ms thread-CPU > 500ms fast-lane budget (operator 5s rule 2026-07-12). This budget is enforced on THREAD CPU, not wall. RELOCATING THE FILE DOES NOT DISCHARGE IT: moving a witness under a long/ dir removes it from per-PR discovery without giving it an executing consumer, which deletes the coverage while retaining the source (the gunbc#7762 specimen behind the 2026-08-04 admission ruling). Either reduce the witness's cost, or enroll it in a lane that declares its own dated ceiling AND names the row as an executing consumer.
test.claim.decl_facts_reflection_witness_test.w_outer_record_constructor_terminal_lexeme_surfaces				other	other	test.claim.decl_facts_reflection_witness_test.w_outer_record_constructor_terminal_lexeme_surfaces	eval budget exceeded: 2814ms thread-CPU > 500ms fast-lane budget (operator 5s rule 2026-07-12). This budget is enforced on THREAD CPU, not wall. RELOCATING THE FILE DOES NOT DISCHARGE IT: moving a witness under a long/ dir removes it from per-PR discovery without giving it an executing consumer, which deletes the coverage while retaining the source (the gunbc#7762 specimen behind the 2026-08-04 admission ruling). Either reduce the witness's cost, or enroll it in a lane that declares its own dated ceiling AND names the row as an executing consumer.
test.claim.decl_facts_reflection_witness_test.w_declaration_ref_bind_fields_surface_in_scaffold_specimen				other	other	test.claim.decl_facts_reflection_witness_test.w_declaration_ref_bind_fields_surface_in_scaffold_specimen	eval budget exceeded: 2807ms thread-CPU > 500ms fast-lane budget (operator 5s rule 2026-07-12). This budget is enforced on THREAD CPU, not wall. RELOCATING THE FILE DOES NOT DISCHARGE IT: moving a witness under a long/ dir removes it from per-PR discovery without giving it an executing consumer, which deletes the coverage while retaining the source (the gunbc#7762 specimen behind the 2026-08-04 admission ruling). Either reduce the witness's cost, or enroll it in a lane that declares its own dated ceiling AND names the row as an executing consumer.
test.claim.decl_facts_reflection_witness_test.w_named_field_declaration_ref_surfaces				other	other	test.claim.decl_facts_reflection_witness_test.w_named_field_declaration_ref_surfaces	eval budget exceeded: 2795ms thread-CPU > 500ms fast-lane budget (operator 5s rule 2026-07-12). This budget is enforced on THREAD CPU, not wall. RELOCATING THE FILE DOES NOT DISCHARGE IT: moving a witness under a long/ dir removes it from per-PR discovery without giving it an executing consumer, which deletes the coverage while retaining the source (the gunbc#7762 specimen behind the 2026-08-04 admission ruling). Either reduce the witness's cost, or enroll it in a lane that declares its own dated ceiling AND names the row as an executing consumer.
test.claim.decl_facts_reflection_witness_test.w_plain_int_specimen_has_no_coproduct_constructor_lexemes				other	other	test.claim.decl_facts_reflection_witness_test.w_plain_int_specimen_has_no_coproduct_constructor_lexemes	eval budget exceeded: 2813ms thread-CPU > 500ms fast-lane budget (operator 5s rule 2026-07-12). This budget is enforced on THREAD CPU, not wall. RELOCATING THE FILE DOES NOT DISCHARGE IT: moving a witness under a long/ dir removes it from per-PR discovery without giving it an executing consumer, which deletes the coverage while retaining the source (the gunbc#7762 specimen behind the 2026-08-04 admission ruling). Either reduce the witness's cost, or enroll it in a lane that declares its own dated ceiling AND names the row as an executing consumer.
test.claim.decl_facts_reflection_witness_test.w_nullary_variant_value_absent_without_infer_stamping_top_level				other	other	test.claim.decl_facts_reflection_witness_test.w_nullary_variant_value_absent_without_infer_stamping_top_level	eval budget exceeded: 2799ms thread-CPU > 500ms fast-lane budget (operator 5s rule 2026-07-12). This budget is enforced on THREAD CPU, not wall. RELOCATING THE FILE DOES NOT DISCHARGE IT: moving a witness under a long/ dir removes it from per-PR discovery without giving it an executing consumer, which deletes the coverage while retaining the source (the gunbc#7762 specimen behind the 2026-08-04 admission ruling). Either reduce the witness's cost, or enroll it in a lane that declares its own dated ceiling AND names the row as an executing consumer.
test.claim.decl_facts_reflection_witness_test.w_nullary_variant_value_absent_without_infer_stamping_nested				other	other	test.claim.decl_facts_reflection_witness_test.w_nullary_variant_value_absent_without_infer_stamping_nested	eval budget exceeded: 2751ms thread-CPU > 500ms fast-lane budget (operator 5s rule 2026-07-12). This budget is enforced on THREAD CPU, not wall. RELOCATING THE FILE DOES NOT DISCHARGE IT: moving a witness under a long/ dir removes it from per-PR discovery without giving it an executing consumer, which deletes the coverage while retaining the source (the gunbc#7762 specimen behind the 2026-08-04 admission ruling). Either reduce the witness's cost, or enroll it in a lane that declares its own dated ceiling AND names the row as an executing consumer.
test.claim.decl_facts_reflection_witness_test.w_fn_body_param_reference_does_not_gain_constructor_lexemes				other	other	test.claim.decl_facts_reflection_witness_test.w_fn_body_param_reference_does_not_gain_constructor_lexemes	eval budget exceeded: 2785ms thread-CPU > 500ms fast-lane budget (operator 5s rule 2026-07-12). This budget is enforced on THREAD CPU, not wall. RELOCATING THE FILE DOES NOT DISCHARGE IT: moving a witness under a long/ dir removes it from per-PR discovery without giving it an executing consumer, which deletes the coverage while retaining the source (the gunbc#7762 specimen behind the 2026-08-04 admission ruling). Either reduce the witness's cost, or enroll it in a lane that declares its own dated ceiling AND names the row as an executing consumer.
test.claim.decl_facts_reflection_witness_test.w_fn_body_local_bindings_do_not_gain_constructor_lexemes				other	other	test.claim.decl_facts_reflection_witness_test.w_fn_body_local_bindings_do_not_gain_constructor_lexemes	eval budget exceeded: 2811ms thread-CPU > 500ms fast-lane budget (operator 5s rule 2026-07-12). This budget is enforced on THREAD CPU, not wall. RELOCATING THE FILE DOES NOT DISCHARGE IT: moving a witness under a long/ dir removes it from per-PR discovery without giving it an executing consumer, which deletes the coverage while retaining the source (the gunbc#7762 specimen behind the 2026-08-04 admission ruling). Either reduce the witness's cost, or enroll it in a lane that declares its own dated ceiling AND names the row as an executing consumer.
test.claim.deploy_access_privilege_witness.witness_privileged_fixture_surfaces_stdout				other	other	test.claim.deploy_access_privilege_witness.witness_privileged_fixture_surfaces_stdout	returned Bool(false)
test.claim.design_argument_witness (witness); bare=design_section_1_argument				no_such_function	reach_gap	test.claim.design_argument_witness.design_s1_argument_form_is_valid	no such function: design_section_1_argument
test.claim.design_argument_witness (witness); bare=design_section_1_argument				no_such_function	reach_gap	test.claim.design_argument_witness.design_s1_argument_is_non_vacuous	no such function: design_section_1_argument
test.claim.design_argument_witness (witness); bare=design_argument				no_such_function	reach_gap	test.claim.design_argument_witness.design_full_argument_form_is_valid	no such function: design_argument
test.claim.design_argument_witness (witness); bare=design_argument				no_such_function	reach_gap	test.claim.design_argument_witness.design_full_argument_has_no_orphan	no such function: design_argument
test.claim.design_argument_witness (witness); bare=design_argument				no_such_function	reach_gap	test.claim.design_argument_witness.design_full_argument_is_acyclic	no such function: design_argument
test.claim.design_argument_witness (witness); bare=design_argument				no_such_function	reach_gap	test.claim.design_argument_witness.design_full_argument_axiom_set_is_closed	no such function: design_argument
test.claim.design_argument_witness (witness); bare=design_axioms				no_such_function	reach_gap	test.claim.design_argument_witness.orphan_is_detected	no such function: design_axioms
test.claim.design_argument_witness (witness); bare=design_axioms				no_such_function	reach_gap	test.claim.design_argument_witness.cycle_is_detected	no such function: design_axioms
test.claim.design_argument_witness (witness); bare=design_axioms				no_such_function	reach_gap	test.claim.design_argument_witness.smuggled_axiom_is_detected	no such function: design_axioms
test.claim.devboot_reuse_seams_witness (witness); bare=first_refusal		product.compute_board.spice_projection.first_refusal	gunbc.devboot.subject|product.compute_board.spice_projection	call_contract_mismatch	bare_name_binding	test.claim.devboot_reuse_seams_witness.a_record_holding_exactly_this_subject_matches	call contract mismatch calling 'first_refusal': no parameter named 'left' (declared: [intent, bindings])
test.claim.devboot_reuse_seams_witness (witness); bare=first_refusal		product.compute_board.spice_projection.first_refusal	gunbc.devboot.subject|product.compute_board.spice_projection	call_contract_mismatch	bare_name_binding	test.claim.devboot_reuse_seams_witness.a_record_whose_subject_extends_this_one_refuses	call contract mismatch calling 'first_refusal': no parameter named 'left' (declared: [intent, bindings])
test.claim.devboot_reuse_seams_witness (witness); bare=first_refusal		product.compute_board.spice_projection.first_refusal	gunbc.devboot.subject|product.compute_board.spice_projection	call_contract_mismatch	bare_name_binding	test.claim.devboot_reuse_seams_witness.a_record_for_a_different_profile_refuses	call contract mismatch calling 'first_refusal': no parameter named 'left' (declared: [intent, bindings])
test.claim.devboot_reuse_seams_witness (witness); bare=first_refusal		product.compute_board.spice_projection.first_refusal	gunbc.devboot.subject|product.compute_board.spice_projection	call_contract_mismatch	bare_name_binding	test.claim.devboot_reuse_seams_witness.an_empty_record_refuses	call contract mismatch calling 'first_refusal': no parameter named 'left' (declared: [intent, bindings])
test.claim.devboot_subject_identity_witness (witness); bare=first_refusal		product.compute_board.spice_projection.first_refusal	gunbc.devboot.subject|product.compute_board.spice_projection	call_contract_mismatch	bare_name_binding	test.claim.devboot_subject_identity_witness.an_unconstructable_digest_satisfies_neither_polarity	call contract mismatch calling 'first_refusal': no parameter named 'left' (declared: [intent, bindings])
test.claim.devboot_subject_identity_witness (witness); bare=first_refusal		product.compute_board.spice_projection.first_refusal	gunbc.devboot.subject|product.compute_board.spice_projection	call_contract_mismatch	bare_name_binding	test.claim.devboot_subject_identity_witness.identical_subjects_share_one_digest	call contract mismatch calling 'first_refusal': no parameter named 'left' (declared: [intent, bindings])
test.claim.devboot_subject_identity_witness (witness); bare=first_refusal		product.compute_board.spice_projection.first_refusal	gunbc.devboot.subject|product.compute_board.spice_projection	call_contract_mismatch	bare_name_binding	test.claim.devboot_subject_identity_witness.different_trees_never_collide	call contract mismatch calling 'first_refusal': no parameter named 'left' (declared: [intent, bindings])
test.claim.devboot_subject_identity_witness (witness); bare=first_refusal		product.compute_board.spice_projection.first_refusal	gunbc.devboot.subject|product.compute_board.spice_projection	call_contract_mismatch	bare_name_binding	test.claim.devboot_subject_identity_witness.gnu_and_musl_are_different_subjects	call contract mismatch calling 'first_refusal': no parameter named 'left' (declared: [intent, bindings])
test.claim.devboot_subject_identity_witness (witness); bare=first_refusal		product.compute_board.spice_projection.first_refusal	gunbc.devboot.subject|product.compute_board.spice_projection	call_contract_mismatch	bare_name_binding	test.claim.devboot_subject_identity_witness.features_participate_in_identity	call contract mismatch calling 'first_refusal': no parameter named 'left' (declared: [intent, bindings])
test.claim.devboot_subject_identity_witness (witness); bare=first_refusal		product.compute_board.spice_projection.first_refusal	gunbc.devboot.subject|product.compute_board.spice_projection	call_contract_mismatch	bare_name_binding	test.claim.devboot_subject_identity_witness.the_product_being_built_participates_in_identity	call contract mismatch calling 'first_refusal': no parameter named 'left' (declared: [intent, bindings])
test.claim.devboot_subject_identity_witness (witness); bare=first_refusal		product.compute_board.spice_projection.first_refusal	gunbc.devboot.subject|product.compute_board.spice_projection	call_contract_mismatch	bare_name_binding	test.claim.devboot_subject_identity_witness.build_environment_participates_in_identity	call contract mismatch calling 'first_refusal': no parameter named 'left' (declared: [intent, bindings])
test.claim.devboot_subject_identity_witness (witness); bare=first_refusal		product.compute_board.spice_projection.first_refusal	gunbc.devboot.subject|product.compute_board.spice_projection	call_contract_mismatch	bare_name_binding	test.claim.devboot_subject_identity_witness.duplicate_feature_refuses	call contract mismatch calling 'first_refusal': no parameter named 'left' (declared: [intent, bindings])
test.claim.devboot_subject_identity_witness (witness); bare=first_refusal		product.compute_board.spice_projection.first_refusal	gunbc.devboot.subject|product.compute_board.spice_projection	call_contract_mismatch	bare_name_binding	test.claim.devboot_subject_identity_witness.empty_feature_name_refuses	call contract mismatch calling 'first_refusal': no parameter named 'left' (declared: [intent, bindings])
test.claim.devboot_subject_identity_witness (witness); bare=first_refusal		product.compute_board.spice_projection.first_refusal	gunbc.devboot.subject|product.compute_board.spice_projection	call_contract_mismatch	bare_name_binding	test.claim.devboot_subject_identity_witness.every_required_string_is_refused_when_empty	call contract mismatch calling 'first_refusal': no parameter named 'left' (declared: [intent, bindings])
test.claim.devboot_subject_identity_witness (witness); bare=first_refusal		product.compute_board.spice_projection.first_refusal	gunbc.devboot.subject|product.compute_board.spice_projection	call_contract_mismatch	bare_name_binding	test.claim.devboot_subject_identity_witness.a_record_built_for_another_subject_is_refused_even_when_bytes_are_available	call contract mismatch calling 'first_refusal': no parameter named 'left' (declared: [intent, bindings])
test.claim.devboot_subject_identity_witness (witness); bare=first_refusal		product.compute_board.spice_projection.first_refusal	gunbc.devboot.subject|product.compute_board.spice_projection	call_contract_mismatch	bare_name_binding	test.claim.devboot_subject_identity_witness.a_record_built_for_the_request_reuses_when_bytes_are_available	call contract mismatch calling 'first_refusal': no parameter named 'left' (declared: [intent, bindings])
test.claim.devboot_subject_identity_witness (witness); bare=first_refusal		product.compute_board.spice_projection.first_refusal	gunbc.devboot.subject|product.compute_board.spice_projection	call_contract_mismatch	bare_name_binding	test.claim.devboot_subject_identity_witness.a_matching_record_without_bytes_does_not_reuse	call contract mismatch calling 'first_refusal': no parameter named 'left' (declared: [intent, bindings])
test.claim.devboot_subject_identity_witness (witness); bare=first_refusal		product.compute_board.spice_projection.first_refusal	gunbc.devboot.subject|product.compute_board.spice_projection	call_contract_mismatch	bare_name_binding	test.claim.devboot_subject_identity_witness.produced_yesterday_with_missing_bytes_today_is_representable	call contract mismatch calling 'first_refusal': no parameter named 'left' (declared: [intent, bindings])
test.claim.devboot_subject_identity_witness (witness); bare=first_refusal		product.compute_board.spice_projection.first_refusal	gunbc.devboot.subject|product.compute_board.spice_projection	call_contract_mismatch	bare_name_binding	test.claim.devboot_subject_identity_witness.only_observed_available_bytes_permit_retrieval	call contract mismatch calling 'first_refusal': no parameter named 'left' (declared: [intent, bindings])
test.claim.devboot_subject_identity_witness (witness); bare=first_refusal		product.compute_board.spice_projection.first_refusal	gunbc.devboot.subject|product.compute_board.spice_projection	call_contract_mismatch	bare_name_binding	test.claim.devboot_subject_identity_witness.a_failed_build_never_reports_retrievable	call contract mismatch calling 'first_refusal': no parameter named 'left' (declared: [intent, bindings])
test.claim.diagnostics_test.diagnostics_import_resolution_holds				other	other	test.claim.diagnostics_test.diagnostics_import_resolution_holds	type error: hermetic mode: no mock_response for operation IsExecutable — refusing to fabricate Unit
test.claim.diagnostics_test.diagnostics_reexport_surface_holds				other	other	test.claim.diagnostics_test.diagnostics_reexport_surface_holds	type error: hermetic mode: no mock_response for operation IsExecutable — refusing to fabricate Unit
test.claim.diagnostics_test.diagnostics_type_and_arity_holds				other	other	test.claim.diagnostics_test.diagnostics_type_and_arity_holds	type error: hermetic mode: no mock_response for operation IsExecutable — refusing to fabricate Unit
test.claim.diagnostics_test.diagnostics_empty_list_context_holds				other	other	test.claim.diagnostics_test.diagnostics_empty_list_context_holds	type error: hermetic mode: no mock_response for operation IsExecutable — refusing to fabricate Unit
test.claim.diagnostics_test.diagnostics_constructor_owner_walls_hold				other	other	test.claim.diagnostics_test.diagnostics_constructor_owner_walls_hold	type error: hermetic mode: no mock_response for operation IsExecutable — refusing to fabricate Unit
test.claim.diagnostics_test.diagnostics_record_field_walls_hold				other	other	test.claim.diagnostics_test.diagnostics_record_field_walls_hold	type error: hermetic mode: no mock_response for operation IsExecutable — refusing to fabricate Unit
test.claim.dissolution_census_witness_test.unbound_dissolution_nonempty_literal_accepts				other	other	test.claim.dissolution_census_witness_test.unbound_dissolution_nonempty_literal_accepts	exceeded Cpu budget (955ms elapsed against 500ms)
test.claim.e0308_mechanical_trio_test.string_length_call_borrows_string_arg				other	other	test.claim.e0308_mechanical_trio_test.string_length_call_borrows_string_arg	exceeded Cpu budget (795ms elapsed against 500ms)
test.claim.e0308_mechanical_trio_test.list_slice_emits_usize_range_bounds				other	other	test.claim.e0308_mechanical_trio_test.list_slice_emits_usize_range_bounds	exceeded Cpu budget (794ms elapsed against 500ms)
test.claim.e0308_mechanical_trio_test.skip_first_emits_iter_skip_next				other	other	test.claim.e0308_mechanical_trio_test.skip_first_emits_iter_skip_next	exceeded Cpu budget (777ms elapsed against 500ms)
test.claim.e0308_mechanical_trio_test.unit_return_discards_optional_tail				other	other	test.claim.e0308_mechanical_trio_test.unit_return_discards_optional_tail	exceeded Cpu budget (774ms elapsed against 500ms)
test.claim.e0308_mechanical_trio_test.red_string_length_unborrowed_arg_is_absent				other	other	test.claim.e0308_mechanical_trio_test.red_string_length_unborrowed_arg_is_absent	exceeded Cpu budget (782ms elapsed against 500ms)
test.claim.e0308_mechanical_trio_test.red_list_slice_bare_integer_range_is_absent				other	other	test.claim.e0308_mechanical_trio_test.red_list_slice_bare_integer_range_is_absent	exceeded Cpu budget (764ms elapsed against 500ms)
test.claim.e0308_mechanical_trio_test.red_skip_first_direct_index_is_absent				other	other	test.claim.e0308_mechanical_trio_test.red_skip_first_direct_index_is_absent	exceeded Cpu budget (790ms elapsed against 500ms)
test.claim.e0308_mechanical_trio_test.red_skip_first_option_cloned_tail_is_absent				other	other	test.claim.e0308_mechanical_trio_test.red_skip_first_option_cloned_tail_is_absent	exceeded Cpu budget (777ms elapsed against 500ms)
test.claim.e0308_mechanical_trio_test.red_planted_optional_return_refuses_unit_witness				other	other	test.claim.e0308_mechanical_trio_test.red_planted_optional_return_refuses_unit_witness	exceeded Cpu budget (772ms elapsed against 500ms)
test.claim.ebay_listing_witness (witness); bare=default_marketplace				no_such_function	reach_gap	test.claim.ebay_listing_witness.witness_default_listing_policy_targets_us_marketplace	no such function: default_marketplace
test.claim.effects_rest_transport_parse_witness_test.effects_rest_transport_parse_keystone_holds				other	other	test.claim.effects_rest_transport_parse_witness_test.effects_rest_transport_parse_keystone_holds	type error: hermetic mode: no mock_response for operation IsExecutable — refusing to fabricate Unit
test.claim.emit_host_gate_witness (witness); bare=rust_stdout_fixture_source				no_such_function	reach_gap	test.claim.emit_host_gate_witness.w_rust_fixture_nonempty	no such function: rust_stdout_fixture_source
test.claim.emit_host_gate_witness (witness); bare=python_stdout_fixture_source				no_such_function	reach_gap	test.claim.emit_host_gate_witness.w_python_fixture_nonempty	no such function: python_stdout_fixture_source
test.claim.emit_host_gate_witness (witness); bare=go_stdout_fixture_source				no_such_function	reach_gap	test.claim.emit_host_gate_witness.w_go_fixture_nonempty	no such function: go_stdout_fixture_source
test.claim.emit_host_gate_witness (witness); bare=ts_host_fixture_source				no_such_function	reach_gap	test.claim.emit_host_gate_witness.w_ts_fixture_nonempty	no such function: ts_host_fixture_source
test.claim.emit_host_gate_witness (witness); bare=stdout_byte_count				no_such_function	reach_gap	test.claim.emit_host_gate_witness.w_byte_count_is_five	no such function: stdout_byte_count
test.claim.emit_host_gate_witness (witness); bare=ts_signed_i32_le_byte_count				no_such_function	reach_gap	test.claim.emit_host_gate_witness.w_ts_byte_count_is_four	no such function: ts_signed_i32_le_byte_count
test.claim.emit_host_typed_smoke_test.emit_host_content_equality_discriminates_count_identical_bytes_holds				other	other	test.claim.emit_host_typed_smoke_test.emit_host_content_equality_discriminates_count_identical_bytes_holds	type error: hermetic mode: no mock_response for operation Dir — refusing to fabricate Unit
test.claim.emitted_lib_rs_module_declaration_witness_test.small_crate_lib_rs_omits_unemitted_dispatch_module				other	other	test.claim.emitted_lib_rs_module_declaration_witness_test.small_crate_lib_rs_omits_unemitted_dispatch_module	exceeded Cpu budget (830ms elapsed against 500ms)
test.claim.emitted_lib_rs_module_declaration_witness_test.small_crate_lib_rs_declares_its_own_emitted_module				other	other	test.claim.emitted_lib_rs_module_declaration_witness_test.small_crate_lib_rs_declares_its_own_emitted_module	exceeded Cpu budget (829ms elapsed against 500ms)
test.claim.emitted_lib_rs_module_declaration_witness_test.partial_crate_declares_macro_provider_before_ordinary_modules				other	other	test.claim.emitted_lib_rs_module_declaration_witness_test.partial_crate_declares_macro_provider_before_ordinary_modules	exceeded Cpu budget (818ms elapsed against 500ms)
test.claim.emitter_nested_refinement_cast_witness_test.single_refinement_carrier_emits_no_unsupported_cast				other	other	test.claim.emitter_nested_refinement_cast_witness_test.single_refinement_carrier_emits_no_unsupported_cast	exceeded Cpu budget (832ms elapsed against 500ms)
test.claim.emitter_nested_refinement_cast_witness_test.nested_refinement_carrier_deficit_remains_observable				other	other	test.claim.emitter_nested_refinement_cast_witness_test.nested_refinement_carrier_deficit_remains_observable	exceeded Cpu budget (835ms elapsed against 500ms)
test.claim.emitter_optional_payload_cast_witness_test.user_defined_present_inside_optional_returning_fn_is_unaffected				other	other	test.claim.emitter_optional_payload_cast_witness_test.user_defined_present_inside_optional_returning_fn_is_unaffected	exceeded Cpu budget (841ms elapsed against 500ms)
test.claim.emitter_optional_payload_cast_witness_test.optional_payload_cast_lowers_to_some				other	other	test.claim.emitter_optional_payload_cast_witness_test.optional_payload_cast_lowers_to_some	exceeded Cpu budget (825ms elapsed against 500ms)
test.claim.emitter_optional_payload_cast_witness_test.plain_return_with_cast_lowers_to_some				other	other	test.claim.emitter_optional_payload_cast_witness_test.plain_return_with_cast_lowers_to_some	exceeded Cpu budget (833ms elapsed against 500ms)
test.claim.emitter_optional_payload_cast_witness_test.hoisted_cast_lowers_to_some				other	other	test.claim.emitter_optional_payload_cast_witness_test.hoisted_cast_lowers_to_some	exceeded Cpu budget (826ms elapsed against 500ms)
test.claim.emitter_optional_payload_cast_witness_test.refined_return_without_cast_lowers_to_some				other	other	test.claim.emitter_optional_payload_cast_witness_test.refined_return_without_cast_lowers_to_some	exceeded Cpu budget (838ms elapsed against 500ms)
test.claim.emitter_optional_payload_cast_witness_test.user_enum_cast_payload_keeps_variant_name				other	other	test.claim.emitter_optional_payload_cast_witness_test.user_enum_cast_payload_keeps_variant_name	exceeded Cpu budget (843ms elapsed against 500ms)
test.claim.emitter_optional_payload_cast_witness_test.user_defined_present_variant_is_unaffected				other	other	test.claim.emitter_optional_payload_cast_witness_test.user_defined_present_variant_is_unaffected	exceeded Cpu budget (830ms elapsed against 500ms)
test.claim.emitter_optional_present_branded_scalar_witness_test.present_branded_scalar_cast_emits_some_not_optional_string				other	other	test.claim.emitter_optional_present_branded_scalar_witness_test.present_branded_scalar_cast_emits_some_not_optional_string	exceeded Cpu budget (828ms elapsed against 500ms)
test.claim.exact_witness_admission_witness.no_batch_mixes_a_pre_verdict_row_with_an_assertion_false_row				other	other	test.claim.exact_witness_admission_witness.no_batch_mixes_a_pre_verdict_row_with_an_assertion_false_row	returned Bool(false)
test.claim.exact_witness_admission_witness.both_red_expectations_are_known_red_but_only_one_expects_a_pre_verdict_refusal				other	other	test.claim.exact_witness_admission_witness.both_red_expectations_are_known_red_but_only_one_expects_a_pre_verdict_refusal	returned Bool(false)
test.claim.extdeps_scope_placement_gate_loudness_witness.red_seed_runner_failure_detail_projects_located_receipt				other	other	test.claim.extdeps_scope_placement_gate_loudness_witness.red_seed_runner_failure_detail_projects_located_receipt	exceeded Cpu budget (80356ms elapsed against 500ms)
test.claim.fleet_convergence_verdict_witness.live_fleet_is_not_converged_and_unobserved_cells_are_counted				other	other	test.claim.fleet_convergence_verdict_witness.live_fleet_is_not_converged_and_unobserved_cells_are_counted	non-exhaustive pattern match on: null
test.claim.fleet_convergence_verdict_witness.knob_receipts_alone_cannot_converge_the_fleet				other	other	test.claim.fleet_convergence_verdict_witness.knob_receipts_alone_cannot_converge_the_fleet	non-exhaustive pattern match on: null
test.claim.fleet_receipt_collector_witness.witness_partial_collection_never_yields_fleet_converged				other	other	test.claim.fleet_receipt_collector_witness.witness_partial_collection_never_yields_fleet_converged	non-exhaustive pattern match on: null
test.claim.fleet_runner_connectivity_witness.detached_count_matches_offline_registrations_on_active_slots				other	other	test.claim.fleet_runner_connectivity_witness.detached_count_matches_offline_registrations_on_active_slots	non-exhaustive pattern match on: SlotConnectivityHealthy { slot: RunnerSlotIdentity { host: srv1, slot_index: 1 }, registration_id: 1 }
test.claim.fleet_runner_connectivity_witness.healthy_count_is_one_and_orphaned_count_is_four				other	other	test.claim.fleet_runner_connectivity_witness.healthy_count_is_one_and_orphaned_count_is_four	non-exhaustive pattern match on: SlotConnectivityHealthy { slot: RunnerSlotIdentity { host: srv1, slot_index: 1 }, registration_id: 1 }
test.claim.g2_data_reference_under_selection_witness_test (witness); bare=fn_arrow_decl_facts_live				no_such_function	reach_gap	test.claim.g2_data_reference_under_selection_witness_test.specimen_classifies_as_runtime_read	no such function: fn_arrow_decl_facts_live
test.claim.g2_data_reference_under_selection_witness_test (witness); bare=fn_arrow_decl_facts_live				no_such_function	reach_gap	test.claim.g2_data_reference_under_selection_witness_test.specimen_does_not_classify_as_local_read	no such function: fn_arrow_decl_facts_live
test.claim.generated_artifact_merge_driver_real_execution.divergent_generated_artifact_merge_refuses_by_real_execution				other	other	test.claim.generated_artifact_merge_driver_real_execution.divergent_generated_artifact_merge_refuses_by_real_execution	type error: hermetic mode: no mock_response for operation Dir — refusing to fabricate Unit
test.claim.generated_artifact_merge_driver_real_execution.divergent_generated_artifact_merge_under_true_driver_silently_drops_theirs_red_control_by_real_execution				other	other	test.claim.generated_artifact_merge_driver_real_execution.divergent_generated_artifact_merge_under_true_driver_silently_drops_theirs_red_control_by_real_execution	type error: hermetic mode: no mock_response for operation Dir — refusing to fabricate Unit
test.claim.generated_artifact_merge_driver_real_execution.one_sided_generated_artifact_change_merges_clean_by_real_execution				other	other	test.claim.generated_artifact_merge_driver_real_execution.one_sided_generated_artifact_change_merges_clean_by_real_execution	type error: hermetic mode: no mock_response for operation Dir — refusing to fabricate Unit
test.claim.go_module_versioning_witness (witness); bare=go_manifest_file				no_such_function	reach_gap	test.claim.go_module_versioning_witness.w_go_manifest_file	no such function: go_manifest_file
test.claim.hand_lens_host_bridge_scaffold_watchdog (witness); bare=transport_script_position_host_bridge_dissolution_trigger				no_such_function	reach_gap	test.claim.hand_lens_host_bridge_scaffold_watchdog.hand_lens_host_bridge_scaffold_roster_tracks_5364_dissolution	no such function: transport_script_position_host_bridge_dissolution_trigger
test.claim.hetzner_cost_quote_witness (witness); bare=cax41_catalog				no_such_function	reach_gap	test.claim.hetzner_cost_quote_witness.hetzner_cax41_cost_class_is_per_second_billed	no such function: cax41_catalog
test.claim.hetzner_cost_quote_witness (witness); bare=cax41_catalog				no_such_function	reach_gap	test.claim.hetzner_cost_quote_witness.hetzner_cax41_currency_is_eur	no such function: cax41_catalog
test.claim.hetzner_cost_quote_witness (witness); bare=cax41_catalog				no_such_function	reach_gap	test.claim.hetzner_cost_quote_witness.hetzner_cax41_unit_price_matches_catalog	no such function: cax41_catalog
test.claim.host_build_cache_provision_real_execution.provision_read_back_failure_not_converged_by_real_execution				other	other	test.claim.host_build_cache_provision_real_execution.provision_read_back_failure_not_converged_by_real_execution	type error: hermetic mode: no mock_response for operation Dir — refusing to fabricate Unit
test.claim.host_effect_apply_witness.witness_shell_on_host_failure_fails_closed				other	other	test.claim.host_effect_apply_witness.witness_shell_on_host_failure_fails_closed	returned Bool(false)
test.claim.host_effect_apply_witness.witness_converge_policy_redrives_not_converged				other	other	test.claim.host_effect_apply_witness.witness_converge_policy_redrives_not_converged	returned Bool(false)
test.claim.host_effect_apply_witness.witness_ssh_shell_unreachable_fails_closed				other	other	test.claim.host_effect_apply_witness.witness_ssh_shell_unreachable_fails_closed	returned Bool(false)
test.claim.host_effect_apply_witness.witness_shell_failure_surfaces_captured_stdout				other	other	test.claim.host_effect_apply_witness.witness_shell_failure_surfaces_captured_stdout	returned Bool(false)
test.claim.host_effect_plan_real_execution.host_effect_plan_shell_failure_reason_carries_exit_code_by_real_execution				other	other	test.claim.host_effect_plan_real_execution.host_effect_plan_shell_failure_reason_carries_exit_code_by_real_execution	returned Bool(false)
test.claim.host_effect_plan_real_execution.host_effect_plan_shell_witness_holds_by_real_execution				other	other	test.claim.host_effect_plan_real_execution.host_effect_plan_shell_witness_holds_by_real_execution	returned Bool(false)
test.claim.host_phase_status.witness_reconcile_covers_upsert_teardown_and_noop				other	other	test.claim.host_phase_status.witness_reconcile_covers_upsert_teardown_and_noop	type error: atom_identity_hash requires exactly one string argument
test.claim.host_phase_status (witness); bare=srv3_install_hang_no_router_lease_ms				no_such_function	reach_gap	test.claim.host_phase_status.witness_matrix_is_exact_join_over_participation_programs	no such function: srv3_install_hang_no_router_lease_ms
test.claim.host_phase_status (witness); bare=srv3_install_hang_no_router_lease_ms				no_such_function	reach_gap	test.claim.host_phase_status.witness_live_observation_frontier_is_one_cell	no such function: srv3_install_hang_no_router_lease_ms
test.claim.host_phase_status (witness); bare=srv3_install_hang_no_router_lease_ms				no_such_function	reach_gap	test.claim.host_phase_status.witness_unmodeled_cells_track_spine_gaps	no such function: srv3_install_hang_no_router_lease_ms
test.claim.host_phase_status (witness); bare=srv3_install_hang_no_router_lease_ms				no_such_function	reach_gap	test.claim.host_phase_status.witness_remaining_work_counts_every_unfinished_cell	no such function: srv3_install_hang_no_router_lease_ms
test.claim.host_phase_status (witness); bare=srv3_install_hang_no_router_lease_ms				no_such_function	reach_gap	test.claim.host_phase_status.witness_program_scoping_preserves_the_runner_fleet_matrix	no such function: srv3_install_hang_no_router_lease_ms
test.claim.host_phase_status (witness); bare=srv3_install_hang_no_router_lease_ms				no_such_function	reach_gap	test.claim.host_phase_status.witness_fleet_matrix_has_no_duplicated_cells	no such function: srv3_install_hang_no_router_lease_ms
test.claim.host_phase_status (witness); bare=srv3_install_hang_no_router_lease_ms				no_such_function	reach_gap	test.claim.host_phase_status.witness_matrix_hosts_are_exactly_the_enrolled_roster	no such function: srv3_install_hang_no_router_lease_ms
test.claim.host_phase_status (witness); bare=srv3_install_hang_no_router_lease_ms				no_such_function	reach_gap	test.claim.host_phase_status.witness_enrolled_sparks_carry_exactly_the_shared_obligations	no such function: srv3_install_hang_no_router_lease_ms
test.claim.host_phase_status (witness); bare=srv3_install_hang_no_router_lease_ms				no_such_function	reach_gap	test.claim.host_phase_status.witness_enrolled_spark_cells_are_all_unobserved	no such function: srv3_install_hang_no_router_lease_ms
test.claim.host_phase_status (witness); bare=srv3_install_hang_no_router_lease_ms				no_such_function	reach_gap	test.claim.host_phase_status.witness_runner_only_obligations_exist_on_runner_hosts	no such function: srv3_install_hang_no_router_lease_ms
test.claim.host_phase_status (witness); bare=srv3_install_hang_no_router_lease_ms				no_such_function	reach_gap	test.claim.host_phase_status.witness_every_covered_cell_today_is_the_authored_one	no such function: srv3_install_hang_no_router_lease_ms
test.claim.host_reach_identity_probe_witness (witness); bare=srv3_post_install_lease_table_fixture				no_such_function	reach_gap	test.claim.host_reach_identity_probe_witness.committed_probe_receipts_feed_producers_and_grow_coverage	no such function: srv3_post_install_lease_table_fixture
test.claim.host_reach_identity_probe_witness (witness); bare=srv3_post_install_lease_table_fixture				no_such_function	reach_gap	test.claim.host_reach_identity_probe_witness.observe_host_phase_routes_by_label_and_stays_fail_closed	no such function: srv3_post_install_lease_table_fixture
test.claim.host_standup_assimilation_deduction (witness); bare=srv3_install_hang_no_router_lease_ms				no_such_function	reach_gap	test.claim.host_standup_assimilation_deduction.pre_install_within_budget_is_absent_not_converged	no such function: srv3_install_hang_no_router_lease_ms
test.claim.host_standup_assimilation_deduction (witness); bare=srv3_install_hang_no_router_lease_ms				no_such_function	reach_gap	test.claim.host_standup_assimilation_deduction.post_install_lease_row_deduces_converged_noop	no such function: srv3_install_hang_no_router_lease_ms
test.claim.host_standup_assimilation_deduction (witness); bare=srv3_install_hang_no_router_lease_ms				no_such_function	reach_gap	test.claim.host_standup_assimilation_deduction.unreadable_lease_is_unknown_refused_not_pending	no such function: srv3_install_hang_no_router_lease_ms
test.claim.host_standup_assimilation_deduction (witness); bare=srv3_install_hang_no_router_lease_ms				no_such_function	reach_gap	test.claim.host_standup_assimilation_deduction.no_lease_past_budget_is_drifted_not_fabricated_success	no such function: srv3_install_hang_no_router_lease_ms
test.claim.host_standup_assimilation_deduction (witness); bare=srv3_install_hang_no_router_lease_ms				no_such_function	reach_gap	test.claim.host_standup_assimilation_deduction.upsert_pending_applies_assert_pending_plan	no such function: srv3_install_hang_no_router_lease_ms
test.claim.host_standup_spine (witness); bare=srv3_install_hang_no_router_lease_ms				no_such_function	reach_gap	test.claim.host_standup_spine.post_install_dhcp_subsumption_reduces_gap_count_by_one	no such function: srv3_install_hang_no_router_lease_ms
test.claim.http_client_get_real_execution.http_client_get_roundtrip_by_real_execution				other	other	test.claim.http_client_get_real_execution.http_client_get_roundtrip_by_real_execution	type error: hermetic mode: no mock_response for operation Dir — refusing to fabricate Unit
test.claim.http_client_get_real_execution.http_client_get_missing_target_red_control_by_real_execution				other	other	test.claim.http_client_get_real_execution.http_client_get_missing_target_red_control_by_real_execution	type error: hermetic mode: no mock_response for operation Dir — refusing to fabricate Unit
test.claim.ice40_supply_witness (witness); bare=admits		test.claim.check_coverage_admission_witness.admits	test.claim.altra_minimal_design_witness|test.claim.check_coverage_admission_witness|test.claim.compute_board_physical_witness|test.claim.compute_board_power_distribution_witness|test.claim.ice40_supply_witness|test.claim.spatial_knowledge_witness	call_contract_mismatch	bare_name_binding	test.claim.ice40_supply_witness.w_the_core_window_discriminates_below_volt_grain	call contract mismatch calling 'admits': no parameter named 'r' (declared: [coverage])
test.claim.ice40_supply_witness (witness); bare=admits		test.claim.check_coverage_admission_witness.admits	test.claim.altra_minimal_design_witness|test.claim.check_coverage_admission_witness|test.claim.compute_board_physical_witness|test.claim.compute_board_power_distribution_witness|test.claim.ice40_supply_witness|test.claim.spatial_knowledge_witness	call_contract_mismatch	bare_name_binding	test.claim.ice40_supply_witness.w_the_configuration_mode_changes_the_admitted_window	call contract mismatch calling 'admits': no parameter named 'r' (declared: [coverage])
test.claim.ice40_supply_witness (witness); bare=admits		test.claim.check_coverage_admission_witness.admits	test.claim.altra_minimal_design_witness|test.claim.check_coverage_admission_witness|test.claim.compute_board_physical_witness|test.claim.compute_board_power_distribution_witness|test.claim.ice40_supply_witness|test.claim.spatial_knowledge_witness	call_contract_mismatch	bare_name_binding	test.claim.ice40_supply_witness.w_the_unconnected_pin_admits_no_voltage	call contract mismatch calling 'admits': no parameter named 'r' (declared: [coverage])
test.claim.ice40_supply_witness (witness); bare=admits		test.claim.check_coverage_admission_witness.admits	test.claim.altra_minimal_design_witness|test.claim.check_coverage_admission_witness|test.claim.compute_board_physical_witness|test.claim.compute_board_power_distribution_witness|test.claim.ice40_supply_witness|test.claim.spatial_knowledge_witness	call_contract_mismatch	bare_name_binding	test.claim.ice40_supply_witness.w_the_io_standard_is_tighter_than_the_bank_rail	call contract mismatch calling 'admits': no parameter named 'r' (declared: [coverage])
test.claim.ice40_supply_witness (witness); bare=admits		test.claim.check_coverage_admission_witness.admits	test.claim.altra_minimal_design_witness|test.claim.check_coverage_admission_witness|test.claim.compute_board_physical_witness|test.claim.compute_board_power_distribution_witness|test.claim.ice40_supply_witness|test.claim.spatial_knowledge_witness	call_contract_mismatch	bare_name_binding	test.claim.ice40_supply_witness.w_the_pll_rail_follows_the_core_not_the_banks	call contract mismatch calling 'admits': no parameter named 'r' (declared: [coverage])
test.claim.instrument_camera_witness.instrument_camera_keystone_holds				other	other	test.claim.instrument_camera_witness.instrument_camera_keystone_holds	non-exhaustive pattern match on: SalienceSupporting
test.claim.interp_recorded_fixture_witness_test.interp_recorded_fixture_keystone_holds				other	other	test.claim.interp_recorded_fixture_witness_test.interp_recorded_fixture_keystone_holds	type error: hermetic mode: no mock_response for operation IsExecutable — refusing to fabricate Unit
test.claim.interpreter_replacement_cut_witness_test (witness); bare=count_matching	test.claim.interpreter_replacement_cut_witness_test.count_matching	product.compute_board.admission.count_matching	product.compute_board.admission|test.claim.interpreter_replacement_cut_witness_test	call_contract_mismatch	bare_name_binding	test.claim.interpreter_replacement_cut_witness_test.interpreter_cut_plan_refuses_with_open_decisions	call contract mismatch calling 'count_matching': no parameter named 'causes' (declared: [names, name])
test.claim.interpreter_replacement_cut_witness_test.retiring_with_x_needs_no_coverage_authority				other	other	test.claim.interpreter_replacement_cut_witness_test.retiring_with_x_needs_no_coverage_authority	returned Bool(false)
test.claim.live_deploy.apply.witness_digest_readback_script_is_bounded_and_post_mutation				other	other	test.claim.live_deploy.apply.witness_digest_readback_script_is_bounded_and_post_mutation	witness receipt wall budget exceeded: 501ms wall > 500ms whole-receipt budget (falsifier wet/silent-pick lane; kill-at-deadline)
test.claim.live_deploy.emit.witness_blue_and_green_retirement_both_preserve_reusable_dispatch_state				other	other	test.claim.live_deploy.emit.witness_blue_and_green_retirement_both_preserve_reusable_dispatch_state	eval budget exceeded: 501ms thread-CPU > 500ms fast-lane budget (operator 5s rule 2026-07-12). This budget is enforced on THREAD CPU, not wall. RELOCATING THE FILE DOES NOT DISCHARGE IT: moving a witness under a long/ dir removes it from per-PR discovery without giving it an executing consumer, which deletes the coverage while retaining the source (the gunbc#7762 specimen behind the 2026-08-04 admission ruling). Either reduce the witness's cost, or enroll it in a lane that declares its own dated ceiling AND names the row as an executing consumer.
test.claim.live_deploy.emit.witness_retract_attempt_state_root_refuses_when_nonempty				other	other	test.claim.live_deploy.emit.witness_retract_attempt_state_root_refuses_when_nonempty	witness receipt wall budget exceeded: 502ms wall > 500ms whole-receipt budget (falsifier wet/silent-pick lane; kill-at-deadline)
test.claim.live_deploy.emit.witness_retract_preamble_acknowledges_shared_sudoers_install				other	other	test.claim.live_deploy.emit.witness_retract_preamble_acknowledges_shared_sudoers_install	eval budget exceeded: 503ms thread-CPU > 500ms fast-lane budget (operator 5s rule 2026-07-12). This budget is enforced on THREAD CPU, not wall. RELOCATING THE FILE DOES NOT DISCHARGE IT: moving a witness under a long/ dir removes it from per-PR discovery without giving it an executing consumer, which deletes the coverage while retaining the source (the gunbc#7762 specimen behind the 2026-08-04 admission ruling). Either reduce the witness's cost, or enroll it in a lane that declares its own dated ceiling AND names the row as an executing consumer.
test.claim.live_deploy.emit.witness_scripts_stay_within_ci_runner_grants				other	other	test.claim.live_deploy.emit.witness_scripts_stay_within_ci_runner_grants	eval budget exceeded: 501ms thread-CPU > 500ms fast-lane budget (operator 5s rule 2026-07-12). This budget is enforced on THREAD CPU, not wall. RELOCATING THE FILE DOES NOT DISCHARGE IT: moving a witness under a long/ dir removes it from per-PR discovery without giving it an executing consumer, which deletes the coverage while retaining the source (the gunbc#7762 specimen behind the 2026-08-04 admission ruling). Either reduce the witness's cost, or enroll it in a lane that declares its own dated ceiling AND names the row as an executing consumer.
test.claim.live_deploy.emit.witness_retract_script_owned_only				other	other	test.claim.live_deploy.emit.witness_retract_script_owned_only	eval budget exceeded: 501ms thread-CPU > 500ms fast-lane budget (operator 5s rule 2026-07-12). This budget is enforced on THREAD CPU, not wall. RELOCATING THE FILE DOES NOT DISCHARGE IT: moving a witness under a long/ dir removes it from per-PR discovery without giving it an executing consumer, which deletes the coverage while retaining the source (the gunbc#7762 specimen behind the 2026-08-04 admission ruling). Either reduce the witness's cost, or enroll it in a lane that declares its own dated ceiling AND names the row as an executing consumer.
test.claim.live_deploy.emit.witness_retract_owned_process_removes_serve_service				other	other	test.claim.live_deploy.emit.witness_retract_owned_process_removes_serve_service	eval budget exceeded: 507ms thread-CPU > 500ms fast-lane budget (operator 5s rule 2026-07-12). This budget is enforced on THREAD CPU, not wall. RELOCATING THE FILE DOES NOT DISCHARGE IT: moving a witness under a long/ dir removes it from per-PR discovery without giving it an executing consumer, which deletes the coverage while retaining the source (the gunbc#7762 specimen behind the 2026-08-04 admission ruling). Either reduce the witness's cost, or enroll it in a lane that declares its own dated ceiling AND names the row as an executing consumer.
test.claim.live_deploy.emit.emitted_twin_retract_removes_nothing_of_productions				other	other	test.claim.live_deploy.emit.emitted_twin_retract_removes_nothing_of_productions	eval budget exceeded: 503ms thread-CPU > 500ms fast-lane budget (operator 5s rule 2026-07-12). This budget is enforced on THREAD CPU, not wall. RELOCATING THE FILE DOES NOT DISCHARGE IT: moving a witness under a long/ dir removes it from per-PR discovery without giving it an executing consumer, which deletes the coverage while retaining the source (the gunbc#7762 specimen behind the 2026-08-04 admission ruling). Either reduce the witness's cost, or enroll it in a lane that declares its own dated ceiling AND names the row as an executing consumer.
test.claim.live_deploy.emit.twin_and_production_configure_disjoint_tailscale_endpoints				other	other	test.claim.live_deploy.emit.twin_and_production_configure_disjoint_tailscale_endpoints	witness receipt wall budget exceeded: 501ms wall > 500ms whole-receipt budget (falsifier wet/silent-pick lane; kill-at-deadline)
test.claim.live_deploy.emit.retract_is_not_emitted_without_an_observed_scoped_removal				other	other	test.claim.live_deploy.emit.retract_is_not_emitted_without_an_observed_scoped_removal	eval budget exceeded: 504ms thread-CPU > 500ms fast-lane budget (operator 5s rule 2026-07-12). This budget is enforced on THREAD CPU, not wall. RELOCATING THE FILE DOES NOT DISCHARGE IT: moving a witness under a long/ dir removes it from per-PR discovery without giving it an executing consumer, which deletes the coverage while retaining the source (the gunbc#7762 specimen behind the 2026-08-04 admission ruling). Either reduce the witness's cost, or enroll it in a lane that declares its own dated ceiling AND names the row as an executing consumer.
test.claim.live_deploy.readiness.witness_ssh_mock_stdout_is_discriminating_red				other	other	test.claim.live_deploy.readiness.witness_ssh_mock_stdout_is_discriminating_red	witness receipt wall budget exceeded: 501ms wall > 500ms whole-receipt budget (falsifier wet/silent-pick lane; kill-at-deadline)
test.claim.live_deploy.readiness.witness_accept_no_response_probe_fails_fast_not_hangs				other	other	test.claim.live_deploy.readiness.witness_accept_no_response_probe_fails_fast_not_hangs	eval budget exceeded: 504ms thread-CPU > 500ms fast-lane budget (operator 5s rule 2026-07-12). This budget is enforced on THREAD CPU, not wall. RELOCATING THE FILE DOES NOT DISCHARGE IT: moving a witness under a long/ dir removes it from per-PR discovery without giving it an executing consumer, which deletes the coverage while retaining the source (the gunbc#7762 specimen behind the 2026-08-04 admission ruling). Either reduce the witness's cost, or enroll it in a lane that declares its own dated ceiling AND names the row as an executing consumer.
test.claim.live_deploy.readiness.witness_transport_get_probe_over_ssh_does_not_ground_mock_stdout				other	other	test.claim.live_deploy.readiness.witness_transport_get_probe_over_ssh_does_not_ground_mock_stdout	eval budget exceeded: 501ms thread-CPU > 500ms fast-lane budget (operator 5s rule 2026-07-12). This budget is enforced on THREAD CPU, not wall. RELOCATING THE FILE DOES NOT DISCHARGE IT: moving a witness under a long/ dir removes it from per-PR discovery without giving it an executing consumer, which deletes the coverage while retaining the source (the gunbc#7762 specimen behind the 2026-08-04 admission ruling). Either reduce the witness's cost, or enroll it in a lane that declares its own dated ceiling AND names the row as an executing consumer.
test.claim.live_deploy.readiness.witness_bounded_poll_one_iteration_composes_probe_and_modeled_sleep				other	other	test.claim.live_deploy.readiness.witness_bounded_poll_one_iteration_composes_probe_and_modeled_sleep	witness receipt wall budget exceeded: 501ms wall > 500ms whole-receipt budget (falsifier wet/silent-pick lane; kill-at-deadline)
test.claim.live_deploy.readiness.witness_bounded_poll_early_exit_on_grounded_read				other	other	test.claim.live_deploy.readiness.witness_bounded_poll_early_exit_on_grounded_read	eval budget exceeded: 501ms thread-CPU > 500ms fast-lane budget (operator 5s rule 2026-07-12). This budget is enforced on THREAD CPU, not wall. RELOCATING THE FILE DOES NOT DISCHARGE IT: moving a witness under a long/ dir removes it from per-PR discovery without giving it an executing consumer, which deletes the coverage while retaining the source (the gunbc#7762 specimen behind the 2026-08-04 admission ruling). Either reduce the witness's cost, or enroll it in a lane that declares its own dated ceiling AND names the row as an executing consumer.
test.claim.live_deploy.running_release_identity_witness_test.witness_matching_release_and_surface_grounds				other	other	test.claim.live_deploy.running_release_identity_witness_test.witness_matching_release_and_surface_grounds	eval budget exceeded: 503ms thread-CPU > 500ms fast-lane budget (operator 5s rule 2026-07-12). This budget is enforced on THREAD CPU, not wall. RELOCATING THE FILE DOES NOT DISCHARGE IT: moving a witness under a long/ dir removes it from per-PR discovery without giving it an executing consumer, which deletes the coverage while retaining the source (the gunbc#7762 specimen behind the 2026-08-04 admission ruling). Either reduce the witness's cost, or enroll it in a lane that declares its own dated ceiling AND names the row as an executing consumer.
test.claim.live_deploy.running_release_identity_witness_test.witness_readiness_refuses_when_reported_revision_is_not_the_admitted_one				other	other	test.claim.live_deploy.running_release_identity_witness_test.witness_readiness_refuses_when_reported_revision_is_not_the_admitted_one	witness receipt wall budget exceeded: 502ms wall > 500ms whole-receipt budget (falsifier wet/silent-pick lane; kill-at-deadline)
test.claim.live_deploy.running_release_identity_witness_test.witness_third_candidate_still_sees_launched_revision				other	other	test.claim.live_deploy.running_release_identity_witness_test.witness_third_candidate_still_sees_launched_revision	witness receipt wall budget exceeded: 501ms wall > 500ms whole-receipt budget (falsifier wet/silent-pick lane; kill-at-deadline)
test.claim.live_deploy.running_release_identity_witness_test.witness_body_without_release_identity_refuses				other	other	test.claim.live_deploy.running_release_identity_witness_test.witness_body_without_release_identity_refuses	eval budget exceeded: 502ms thread-CPU > 500ms fast-lane budget (operator 5s rule 2026-07-12). This budget is enforced on THREAD CPU, not wall. RELOCATING THE FILE DOES NOT DISCHARGE IT: moving a witness under a long/ dir removes it from per-PR discovery without giving it an executing consumer, which deletes the coverage while retaining the source (the gunbc#7762 specimen behind the 2026-08-04 admission ruling). Either reduce the witness's cost, or enroll it in a lane that declares its own dated ceiling AND names the row as an executing consumer.
test.claim.live_deploy.running_release_identity_witness_test.witness_correct_artifacts_with_wrong_bundle_identity_refuses				other	other	test.claim.live_deploy.running_release_identity_witness_test.witness_correct_artifacts_with_wrong_bundle_identity_refuses	eval budget exceeded: 501ms thread-CPU > 500ms fast-lane budget (operator 5s rule 2026-07-12). This budget is enforced on THREAD CPU, not wall. RELOCATING THE FILE DOES NOT DISCHARGE IT: moving a witness under a long/ dir removes it from per-PR discovery without giving it an executing consumer, which deletes the coverage while retaining the source (the gunbc#7762 specimen behind the 2026-08-04 admission ruling). Either reduce the witness's cost, or enroll it in a lane that declares its own dated ceiling AND names the row as an executing consumer.
test.claim.live_deploy.running_release_identity_witness_test.witness_correct_identity_with_one_stale_artifact_refuses				other	other	test.claim.live_deploy.running_release_identity_witness_test.witness_correct_identity_with_one_stale_artifact_refuses	eval budget exceeded: 502ms thread-CPU > 500ms fast-lane budget (operator 5s rule 2026-07-12). This budget is enforced on THREAD CPU, not wall. RELOCATING THE FILE DOES NOT DISCHARGE IT: moving a witness under a long/ dir removes it from per-PR discovery without giving it an executing consumer, which deletes the coverage while retaining the source (the gunbc#7762 specimen behind the 2026-08-04 admission ruling). Either reduce the witness's cost, or enroll it in a lane that declares its own dated ceiling AND names the row as an executing consumer.
test.claim.live_deploy.running_release_identity_witness_test.witness_surface_projection_ignores_identity_members				other	other	test.claim.live_deploy.running_release_identity_witness_test.witness_surface_projection_ignores_identity_members	eval budget exceeded: 501ms thread-CPU > 500ms fast-lane budget (operator 5s rule 2026-07-12). This budget is enforced on THREAD CPU, not wall. RELOCATING THE FILE DOES NOT DISCHARGE IT: moving a witness under a long/ dir removes it from per-PR discovery without giving it an executing consumer, which deletes the coverage while retaining the source (the gunbc#7762 specimen behind the 2026-08-04 admission ruling). Either reduce the witness's cost, or enroll it in a lane that declares its own dated ceiling AND names the row as an executing consumer.
test.claim.live_deploy.running_release_identity_witness_test.witness_identity_round_trips_from_served_body				other	other	test.claim.live_deploy.running_release_identity_witness_test.witness_identity_round_trips_from_served_body	witness receipt wall budget exceeded: 501ms wall > 500ms whole-receipt budget (falsifier wet/silent-pick lane; kill-at-deadline)
test.claim.live_deploy.running_release_identity_witness_test.witness_absent_identity_is_typed_absent_not_unparseable				other	other	test.claim.live_deploy.running_release_identity_witness_test.witness_absent_identity_is_typed_absent_not_unparseable	eval budget exceeded: 503ms thread-CPU > 500ms fast-lane budget (operator 5s rule 2026-07-12). This budget is enforced on THREAD CPU, not wall. RELOCATING THE FILE DOES NOT DISCHARGE IT: moving a witness under a long/ dir removes it from per-PR discovery without giving it an executing consumer, which deletes the coverage while retaining the source (the gunbc#7762 specimen behind the 2026-08-04 admission ruling). Either reduce the witness's cost, or enroll it in a lane that declares its own dated ceiling AND names the row as an executing consumer.
test.claim.qualified_declaration_reference_emit_cross_module_witness.cross_module_qualified_reference_emits_call_from_correct_module				other	other	test.claim.qualified_declaration_reference_emit_cross_module_witness.cross_module_qualified_reference_emits_call_from_correct_module	exceeded Cpu budget (695ms elapsed against 500ms)
test.claim.materialization_ladder_witness (witness); bare=count_matching		product.compute_board.admission.count_matching	product.compute_board.admission|test.claim.materialization_ladder_witness	call_contract_mismatch	bare_name_binding	test.claim.materialization_ladder_witness.authored_duplication_in_shared_frame_is_error	call contract mismatch calling 'count_matching': no parameter named 'vs' (declared: [names, name])
test.claim.materialization_ladder_witness.cross_frame_duplicate_discharged_by_covering_provider				other	other	test.claim.materialization_ladder_witness.cross_frame_duplicate_discharged_by_covering_provider	non-exhaustive pattern match on: RoleAdmitted
test.claim.materialization_ladder_witness (witness); bare=count_matching		product.compute_board.admission.count_matching	product.compute_board.admission|test.claim.materialization_ladder_witness	call_contract_mismatch	bare_name_binding	test.claim.materialization_ladder_witness.obligation_without_provider_is_typed_refusal	call contract mismatch calling 'count_matching': no parameter named 'vs' (declared: [names, name])
test.claim.materialization_ladder_witness (witness); bare=count_matching		product.compute_board.admission.count_matching	product.compute_board.admission|test.claim.materialization_ladder_witness	call_contract_mismatch	bare_name_binding	test.claim.materialization_ladder_witness.provider_scope_too_narrow_is_refused	call contract mismatch calling 'count_matching': no parameter named 'vs' (declared: [names, name])
test.claim.materialization_ladder_witness (witness); bare=count_matching		product.compute_board.admission.count_matching	product.compute_board.admission|test.claim.materialization_ladder_witness	call_contract_mismatch	bare_name_binding	test.claim.materialization_ladder_witness.existence_keyed_provider_is_refused	call contract mismatch calling 'count_matching': no parameter named 'vs' (declared: [names, name])
test.claim.materialization_ladder_witness (witness); bare=count_matching		product.compute_board.admission.count_matching	product.compute_board.admission|test.claim.materialization_ladder_witness	call_contract_mismatch	bare_name_binding	test.claim.materialization_ladder_witness.declared_replay_frame_obligates_up_front	call contract mismatch calling 'count_matching': no parameter named 'vs' (declared: [names, name])
test.claim.materialization_ladder_witness (witness); bare=count_matching		product.compute_board.admission.count_matching	product.compute_board.admission|test.claim.materialization_ladder_witness	call_contract_mismatch	bare_name_binding	test.claim.materialization_ladder_witness.unbounded_siblings_frame_obligates_up_front	call contract mismatch calling 'count_matching': no parameter named 'vs' (declared: [names, name])
test.claim.materialization_ladder_witness (witness); bare=count_matching		product.compute_board.admission.count_matching	product.compute_board.admission|test.claim.materialization_ladder_witness	call_contract_mismatch	bare_name_binding	test.claim.materialization_ladder_witness.fresh_effect_duplication_is_exempt_not_cached	call contract mismatch calling 'count_matching': no parameter named 'vs' (declared: [names, name])
test.claim.materialization_ladder_witness (witness); bare=count_matching		product.compute_board.admission.count_matching	product.compute_board.admission|test.claim.materialization_ladder_witness	call_contract_mismatch	bare_name_binding	test.claim.materialization_ladder_witness.world_read_without_envelope_is_refused	call contract mismatch calling 'count_matching': no parameter named 'vs' (declared: [names, name])
test.claim.materialization_ladder_witness.world_read_with_declared_envelope_is_discharged				other	other	test.claim.materialization_ladder_witness.world_read_with_declared_envelope_is_discharged	non-exhaustive pattern match on: RoleAdmitted
test.claim.materialization_ladder_witness (witness); bare=count_matching		product.compute_board.admission.count_matching	product.compute_board.admission|test.claim.materialization_ladder_witness	call_contract_mismatch	bare_name_binding	test.claim.materialization_ladder_witness.single_pure_demand_is_accepted_recompute	call contract mismatch calling 'count_matching': no parameter named 'vs' (declared: [names, name])
test.claim.materialization_ladder_witness (witness); bare=count_matching		product.compute_board.admission.count_matching	product.compute_board.admission|test.claim.materialization_ladder_witness	call_contract_mismatch	bare_name_binding	test.claim.materialization_ladder_witness.zero_demand_pure_declaration_is_dead_computation	call contract mismatch calling 'count_matching': no parameter named 'vs' (declared: [names, name])
test.claim.materialization_ladder_witness (witness); bare=count_matching		product.compute_board.admission.count_matching	product.compute_board.admission|test.claim.materialization_ladder_witness	call_contract_mismatch	bare_name_binding	test.claim.materialization_ladder_witness.zero_demand_effect_is_the_use_not_dead	call contract mismatch calling 'count_matching': no parameter named 'vs' (declared: [names, name])
test.claim.materialization_ladder_witness (witness); bare=edge		gunbc.roadmap_authority.edge	gunbc.roadmap_authority|test.claim.materialization_ladder_witness	call_contract_mismatch	bare_name_binding	test.claim.materialization_ladder_witness.value_single_take_no_borrows_is_moved	call contract mismatch calling 'edge': no parameter named 'access' (declared: [child, parent])
test.claim.materialization_ladder_witness (witness); bare=edge		gunbc.roadmap_authority.edge	gunbc.roadmap_authority|test.claim.materialization_ladder_witness	call_contract_mismatch	bare_name_binding	test.claim.materialization_ladder_witness.value_plural_readonly_is_shared_by_reference	call contract mismatch calling 'edge': no parameter named 'access' (declared: [child, parent])
test.claim.materialization_ladder_witness (witness); bare=edge		gunbc.roadmap_authority.edge	gunbc.roadmap_authority|test.claim.materialization_ladder_witness	call_contract_mismatch	bare_name_binding	test.claim.materialization_ladder_witness.value_take_with_borrows_is_priced_demotion_to_copy	call contract mismatch calling 'edge': no parameter named 'access' (declared: [child, parent])
test.claim.materialization_ladder_witness (witness); bare=edge		gunbc.roadmap_authority.edge	gunbc.roadmap_authority|test.claim.materialization_ladder_witness	call_contract_mismatch	bare_name_binding	test.claim.materialization_ladder_witness.value_fold_carry_excluded_from_plurality_but_blocks_move	call contract mismatch calling 'edge': no parameter named 'access' (declared: [child, parent])
test.claim.materialization_ladder_witness (witness); bare=edge		gunbc.roadmap_authority.edge	gunbc.roadmap_authority|test.claim.materialization_ladder_witness	call_contract_mismatch	bare_name_binding	test.claim.materialization_ladder_witness.value_double_take_is_affine_refusal_not_a_caching_opportunity	call contract mismatch calling 'edge': no parameter named 'access' (declared: [child, parent])
test.claim.materialization_ladder_witness (witness); bare=edge		gunbc.roadmap_authority.edge	gunbc.roadmap_authority|test.claim.materialization_ladder_witness	call_contract_mismatch	bare_name_binding	test.claim.materialization_ladder_witness.value_reference_share_requires_the_carrier_capability	call contract mismatch calling 'edge': no parameter named 'access' (declared: [child, parent])
test.claim.materialization_ladder_witness (witness); bare=edge		gunbc.roadmap_authority.edge	gunbc.roadmap_authority|test.claim.materialization_ladder_witness	call_contract_mismatch	bare_name_binding	test.claim.materialization_ladder_witness.value_demotion_requires_declared_copy_provider	call contract mismatch calling 'edge': no parameter named 'access' (declared: [child, parent])
test.claim.materialization_ladder_witness (witness); bare=count_matching		product.compute_board.admission.count_matching	product.compute_board.admission|test.claim.materialization_ladder_witness	call_contract_mismatch	bare_name_binding	test.claim.materialization_ladder_witness.reference_provider_cannot_discharge_isolation_obligation	call contract mismatch calling 'count_matching': no parameter named 'vs' (declared: [names, name])
test.claim.materialization_ladder_witness (witness); bare=count_matching		product.compute_board.admission.count_matching	product.compute_board.admission|test.claim.materialization_ladder_witness	call_contract_mismatch	bare_name_binding	test.claim.materialization_ladder_witness.below_cost_floor_duplication_is_typed_acceptance	call contract mismatch calling 'count_matching': no parameter named 'vs' (declared: [names, name])
test.claim.materialization_ladder_witness (witness); bare=count_matching		product.compute_board.admission.count_matching	product.compute_board.admission|test.claim.materialization_ladder_witness	call_contract_mismatch	bare_name_binding	test.claim.materialization_ladder_witness.conflicting_natures_on_one_identity_are_refused	call contract mismatch calling 'count_matching': no parameter named 'vs' (declared: [names, name])
test.claim.materialization_ladder_witness.ineligible_provider_first_does_not_mask_eligible_one				other	other	test.claim.materialization_ladder_witness.ineligible_provider_first_does_not_mask_eligible_one	non-exhaustive pattern match on: RoleRefused { reason: CapacityUnobservedForRole }
test.claim.materialization_ladder_witness.eligible_provider_first_gives_the_same_verdict				other	other	test.claim.materialization_ladder_witness.eligible_provider_first_gives_the_same_verdict	non-exhaustive pattern match on: RoleAdmitted
test.claim.materialization_ladder_witness.persistent_unbounded_only_refuses_with_the_unbounded_cause				other	other	test.claim.materialization_ladder_witness.persistent_unbounded_only_refuses_with_the_unbounded_cause	non-exhaustive pattern match on: RoleRefused { reason: CapacityUnboundedForRole }
test.claim.materialization_ladder_witness.persistent_unobserved_only_refuses_with_the_unobserved_cause				other	other	test.claim.materialization_ladder_witness.persistent_unobserved_only_refuses_with_the_unobserved_cause	non-exhaustive pattern match on: RoleRefused { reason: CapacityUnobservedForRole }
test.claim.materialization_provider_witness.request_kinds_ground_on_cache_identity_rows				other	other	test.claim.materialization_provider_witness.request_kinds_ground_on_cache_identity_rows	non-exhaustive pattern match on: DeclaredInput { digest: Fnv1a64Structural { digest: 62667a6cb1d4d2bb }, ref: compiler_binary_identity }
test.claim.materialization_provider_witness.request_kind_is_in_the_key				other	other	test.claim.materialization_provider_witness.request_kind_is_in_the_key	non-exhaustive pattern match on: DeclaredInput { digest: Fnv1a64Structural { digest: 62667a6cb1d4d2bb }, ref: compiler_binary_identity }
test.claim.materialization_provider_witness (witness); bare=admitted		test.claim.compute_board_pin_chain_witness.admitted	test.claim.compute_board_pin_chain_witness	call_contract_mismatch	bare_name_binding	test.claim.materialization_provider_witness.admission_within_budget_is_admitted_without_eviction	call contract mismatch calling 'admitted': too many positional arguments: 2 supplied, 0 positional parameter(s) declared
test.claim.materialization_provider_witness (witness); bare=admitted		test.claim.compute_board_pin_chain_witness.admitted	test.claim.compute_board_pin_chain_witness	call_contract_mismatch	bare_name_binding	test.claim.materialization_provider_witness.admission_over_budget_evicts_least_recent_and_counts_it	call contract mismatch calling 'admitted': too many positional arguments: 2 supplied, 0 positional parameter(s) declared
test.claim.materialization_provider_witness (witness); bare=admitted		test.claim.compute_board_pin_chain_witness.admitted	test.claim.compute_board_pin_chain_witness	call_contract_mismatch	bare_name_binding	test.claim.materialization_provider_witness.red_understated_bytes_alone_are_refused_wrong_content_not_admitted	call contract mismatch calling 'admitted': too many positional arguments: 2 supplied, 0 positional parameter(s) declared
test.claim.materialized_secret (witness); bare=gunbc_ci_github_app				no_such_function	reach_gap	test.claim.materialized_secret.witness_enabled_but_unprobed_refuses	no such function: gunbc_ci_github_app
test.claim.materialized_secret (witness); bare=gunbc_ci_github_app				no_such_function	reach_gap	test.claim.materialized_secret.witness_enabled_but_revoked_refuses	no such function: gunbc_ci_github_app
test.claim.materialized_secret (witness); bare=gunbc_ci_github_app				no_such_function	reach_gap	test.claim.materialized_secret.witness_live_secret_materializes_and_runs_the_use	no such function: gunbc_ci_github_app
test.claim.materialized_secret (witness); bare=gunbc_ci_github_app				no_such_function	reach_gap	test.claim.materialized_secret.witness_destroyed_version_refuses_even_when_probe_says_live	no such function: gunbc_ci_github_app
test.claim.materialized_secret (witness); bare=gunbc_ci_github_app				no_such_function	reach_gap	test.claim.materialized_secret.witness_self_repairing_probe_is_refused_by_classification	no such function: gunbc_ci_github_app
test.claim.materialized_secret (witness); bare=gunbc_ci_github_app				no_such_function	reach_gap	test.claim.materialized_secret.witness_red_control_existence_only_rejected_by_gate	no such function: gunbc_ci_github_app
test.claim.materialized_ssh_key_file_real_execution_witness.witness_ssh_key_bracket_write_owner_only_shreds_and_not_under_target				other	other	test.claim.materialized_ssh_key_file_real_execution_witness.witness_ssh_key_bracket_write_owner_only_shreds_and_not_under_target	type error: hermetic mode: no mock_response for operation Get — refusing to fabricate Unit
test.claim.materialized_ssh_key_file_real_execution_witness.witness_write_owner_only_refuses_when_path_already_exists				other	other	test.claim.materialized_ssh_key_file_real_execution_witness.witness_write_owner_only_refuses_when_path_already_exists	type error: hermetic mode: no mock_response for operation Dir — refusing to fabricate Unit
gunbc.test.claim.namespace_graft_body_dissolution_witness_test.witness_type_fn_module_dissolution_refuses_RED				other	other	gunbc.test.claim.namespace_graft_body_dissolution_witness_test.witness_type_fn_module_dissolution_refuses_RED	eval budget exceeded: 503ms thread-CPU > 500ms fast-lane budget (operator 5s rule 2026-07-12). This budget is enforced on THREAD CPU, not wall. RELOCATING THE FILE DOES NOT DISCHARGE IT: moving a witness under a long/ dir removes it from per-PR discovery without giving it an executing consumer, which deletes the coverage while retaining the source (the gunbc#7762 specimen behind the 2026-08-04 admission ruling). Either reduce the witness's cost, or enroll it in a lane that declares its own dated ceiling AND names the row as an executing consumer.
gunbc.test.claim.namespace_graft_body_dissolution_witness_test.witness_type_only_module_dissolution_refuses_RED				other	other	gunbc.test.claim.namespace_graft_body_dissolution_witness_test.witness_type_only_module_dissolution_refuses_RED	witness receipt wall budget exceeded: 501ms wall > 500ms whole-receipt budget (falsifier wet/silent-pick lane; kill-at-deadline)
gunbc.test.claim.namespace_graft_body_dissolution_witness_test.witness_lowered_body_module_still_grafts				other	other	gunbc.test.claim.namespace_graft_body_dissolution_witness_test.witness_lowered_body_module_still_grafts	eval budget exceeded: 503ms thread-CPU > 500ms fast-lane budget (operator 5s rule 2026-07-12). This budget is enforced on THREAD CPU, not wall. RELOCATING THE FILE DOES NOT DISCHARGE IT: moving a witness under a long/ dir removes it from per-PR discovery without giving it an executing consumer, which deletes the coverage while retaining the source (the gunbc#7762 specimen behind the 2026-08-04 admission ruling). Either reduce the witness's cost, or enroll it in a lane that declares its own dated ceiling AND names the row as an executing consumer.
gunbc.test.claim.namespace_graft_body_dissolution_witness_test.witness_header_only_module_still_accepts				other	other	gunbc.test.claim.namespace_graft_body_dissolution_witness_test.witness_header_only_module_still_accepts	eval budget exceeded: 501ms thread-CPU > 500ms fast-lane budget (operator 5s rule 2026-07-12). This budget is enforced on THREAD CPU, not wall. RELOCATING THE FILE DOES NOT DISCHARGE IT: moving a witness under a long/ dir removes it from per-PR discovery without giving it an executing consumer, which deletes the coverage while retaining the source (the gunbc#7762 specimen behind the 2026-08-04 admission ruling). Either reduce the witness's cost, or enroll it in a lane that declares its own dated ceiling AND names the row as an executing consumer.
test.claim.namespace_import_closure_witness.namespace_import_closure_receipt_holds				other	other	test.claim.namespace_import_closure_witness.namespace_import_closure_receipt_holds	type error: hermetic mode: no mock_response for operation IsExecutable — refusing to fabricate Unit
test.claim.namespace_reference_derived_closure_acceptance.witness_namespace_reference_derived_closure_closing_contract_holds				other	other	test.claim.namespace_reference_derived_closure_acceptance.witness_namespace_reference_derived_closure_closing_contract_holds	returned Bool(false)
test.claim.non_fold_residue_witness.non_fold_residue_clean_holds				other	other	test.claim.non_fold_residue_witness.non_fold_residue_clean_holds	returned Bool(false)
test.claim.observation_raw_print_retirement_acceptance_test.observation_emit_frontier_is_zero				other	other	test.claim.observation_raw_print_retirement_acceptance_test.observation_emit_frontier_is_zero	returned Bool(false)
test.claim.occurrence_identity_witness_test.occurrence_identity_typed_ordinal_boundary_refuses_raw_scalar_holds				other	other	test.claim.occurrence_identity_witness_test.occurrence_identity_typed_ordinal_boundary_refuses_raw_scalar_holds	exceeded Cpu budget (1363ms elapsed against 500ms)
test.claim.optional_carrier_signature_test.optional_string_return_renders_option_signature				other	other	test.claim.optional_carrier_signature_test.optional_string_return_renders_option_signature	exceeded Cpu budget (662ms elapsed against 500ms)
test.claim.optional_carrier_signature_test.non_optional_string_return_stays_bare				other	other	test.claim.optional_carrier_signature_test.non_optional_string_return_stays_bare	exceeded Cpu budget (681ms elapsed against 500ms)
test.claim.optional_carrier_signature_test.optional_shared_type_return_renders_option_rc_signature				other	other	test.claim.optional_carrier_signature_test.optional_shared_type_return_renders_option_rc_signature	exceeded Cpu budget (672ms elapsed against 500ms)
test.claim.optional_carrier_signature_test.non_optional_shared_type_return_stays_bare_rc				other	other	test.claim.optional_carrier_signature_test.non_optional_shared_type_return_stays_bare_rc	exceeded Cpu budget (657ms elapsed against 500ms)
test.claim.optional_consumer_fail_closed_test.required_param_optional_arg_emits_located_fail_closed_unwrap				other	other	test.claim.optional_consumer_fail_closed_test.required_param_optional_arg_emits_located_fail_closed_unwrap	exceeded Cpu budget (642ms elapsed against 500ms)
test.claim.optional_consumer_fail_closed_test.required_param_nonoptional_arg_stays_bare				other	other	test.claim.optional_consumer_fail_closed_test.required_param_nonoptional_arg_stays_bare	exceeded Cpu budget (676ms elapsed against 500ms)
test.claim.parse_test.parse_witness_floor_holds				other	other	test.claim.parse_test.parse_witness_floor_holds	type error: hermetic mode: no mock_response for operation IsExecutable — refusing to fabricate Unit
test.claim.parse_test.parse_witness_perf_holds				other	other	test.claim.parse_test.parse_witness_perf_holds	type error: hermetic mode: no mock_response for operation IsExecutable — refusing to fabricate Unit
test.claim.pijul_upstream_model_witness (witness); bare=fixture_identity		test.claim.compute_board_spice_projection_witness.fixture_identity	test.claim.compute_board_spice_projection_witness|test.claim.pijul_upstream_model_witness	call_contract_mismatch	bare_name_binding	test.claim.pijul_upstream_model_witness.witness_pijul_fixture_uniqueness_frontier_is_clear	call contract mismatch calling 'fixture_identity': no parameter named 'hash' (declared: [])
test.claim.pijul_upstream_model_witness (witness); bare=fixture_identity		test.claim.compute_board_spice_projection_witness.fixture_identity	test.claim.compute_board_spice_projection_witness|test.claim.pijul_upstream_model_witness	call_contract_mismatch	bare_name_binding	test.claim.pijul_upstream_model_witness.witness_pijul_fixture_has_no_duplicate_change_identity	call contract mismatch calling 'fixture_identity': no parameter named 'hash' (declared: [])
test.claim.pijul_upstream_model_witness (witness); bare=fixture_identity		test.claim.compute_board_spice_projection_witness.fixture_identity	test.claim.compute_board_spice_projection_witness|test.claim.pijul_upstream_model_witness	call_contract_mismatch	bare_name_binding	test.claim.pijul_upstream_model_witness.witness_pijul_fixture_reference_frontier_is_clear	call contract mismatch calling 'fixture_identity': no parameter named 'hash' (declared: [])
test.claim.pijul_upstream_model_witness (witness); bare=fixture_identity		test.claim.compute_board_spice_projection_witness.fixture_identity	test.claim.compute_board_spice_projection_witness|test.claim.pijul_upstream_model_witness	call_contract_mismatch	bare_name_binding	test.claim.pijul_upstream_model_witness.witness_pijul_fixture_has_no_self_dependency	call contract mismatch calling 'fixture_identity': no parameter named 'hash' (declared: [])
test.claim.pijul_upstream_model_witness (witness); bare=fixture_identity		test.claim.compute_board_spice_projection_witness.fixture_identity	test.claim.compute_board_spice_projection_witness|test.claim.pijul_upstream_model_witness	call_contract_mismatch	bare_name_binding	test.claim.pijul_upstream_model_witness.witness_pijul_fixture_state_identity_frontier_is_clear	call contract mismatch calling 'fixture_identity': no parameter named 'hash' (declared: [])
test.claim.pijul_upstream_model_witness (witness); bare=fixture_identity		test.claim.compute_board_spice_projection_witness.fixture_identity	test.claim.compute_board_spice_projection_witness|test.claim.pijul_upstream_model_witness	call_contract_mismatch	bare_name_binding	test.claim.pijul_upstream_model_witness.witness_pijul_bounded_projection_decodes_with_conflict_and_partial_facts	call contract mismatch calling 'fixture_identity': no parameter named 'hash' (declared: [])
test.claim.pijul_upstream_model_witness (witness); bare=fixture_identity		test.claim.compute_board_spice_projection_witness.fixture_identity	test.claim.compute_board_spice_projection_witness|test.claim.pijul_upstream_model_witness	call_contract_mismatch	bare_name_binding	test.claim.pijul_upstream_model_witness.witness_pijul_projects_and_assesses_caller_supplied_readback	call contract mismatch calling 'fixture_identity': no parameter named 'hash' (declared: [])
test.claim.pijul_upstream_model_witness (witness); bare=fixture_identity		test.claim.compute_board_spice_projection_witness.fixture_identity	test.claim.compute_board_spice_projection_witness|test.claim.pijul_upstream_model_witness	call_contract_mismatch	bare_name_binding	test.claim.pijul_upstream_model_witness.witness_pijul_readback_rejects_perturbed_working_copy	call contract mismatch calling 'fixture_identity': no parameter named 'hash' (declared: [])
test.claim.pijul_upstream_model_witness (witness); bare=fixture_identity		test.claim.compute_board_spice_projection_witness.fixture_identity	test.claim.compute_board_spice_projection_witness|test.claim.pijul_upstream_model_witness	call_contract_mismatch	bare_name_binding	test.claim.pijul_upstream_model_witness.witness_pijul_independent_delivery_permutations_have_one_change_set	call contract mismatch calling 'fixture_identity': no parameter named 'hash' (declared: [])
test.claim.pijul_upstream_model_witness (witness); bare=fixture_identity		test.claim.compute_board_spice_projection_witness.fixture_identity	test.claim.compute_board_spice_projection_witness|test.claim.pijul_upstream_model_witness	call_contract_mismatch	bare_name_binding	test.claim.pijul_upstream_model_witness.witness_pijul_duplicate_delivery_contributes_once	call contract mismatch calling 'fixture_identity': no parameter named 'hash' (declared: [])
test.claim.pijul_upstream_model_witness (witness); bare=fixture_identity		test.claim.compute_board_spice_projection_witness.fixture_identity	test.claim.compute_board_spice_projection_witness|test.claim.pijul_upstream_model_witness	call_contract_mismatch	bare_name_binding	test.claim.pijul_upstream_model_witness.witness_pijul_missing_dependency_refuses_delivery	call contract mismatch calling 'fixture_identity': no parameter named 'hash' (declared: [])
test.claim.pijul_upstream_model_witness (witness); bare=fixture_identity		test.claim.compute_board_spice_projection_witness.fixture_identity	test.claim.compute_board_spice_projection_witness|test.claim.pijul_upstream_model_witness	call_contract_mismatch	bare_name_binding	test.claim.pijul_upstream_model_witness.witness_pijul_unknown_change_never_applies_as_empty	call contract mismatch calling 'fixture_identity': no parameter named 'hash' (declared: [])
test.claim.pijul_upstream_model_witness (witness); bare=fixture_identity		test.claim.compute_board_spice_projection_witness.fixture_identity	test.claim.compute_board_spice_projection_witness|test.claim.pijul_upstream_model_witness	call_contract_mismatch	bare_name_binding	test.claim.pijul_upstream_model_witness.witness_pijul_present_change_cannot_also_be_declared_missing	call contract mismatch calling 'fixture_identity': no parameter named 'hash' (declared: [])
test.claim.pijul_upstream_model_witness (witness); bare=fixture_identity		test.claim.compute_board_spice_projection_witness.fixture_identity	test.claim.compute_board_spice_projection_witness|test.claim.pijul_upstream_model_witness	call_contract_mismatch	bare_name_binding	test.claim.pijul_upstream_model_witness.witness_pijul_delivery_revalidates_raw_projection	call contract mismatch calling 'fixture_identity': no parameter named 'hash' (declared: [])
test.claim.pijul_upstream_model_witness (witness); bare=fixture_identity		test.claim.compute_board_spice_projection_witness.fixture_identity	test.claim.compute_board_spice_projection_witness|test.claim.pijul_upstream_model_witness	call_contract_mismatch	bare_name_binding	test.claim.pijul_upstream_model_witness.witness_pijul_missing_dependency_in_channel_still_refuses_delivery	call contract mismatch calling 'fixture_identity': no parameter named 'hash' (declared: [])
test.claim.pijul_upstream_model_witness (witness); bare=fixture_identity		test.claim.compute_board_spice_projection_witness.fixture_identity	test.claim.compute_board_spice_projection_witness|test.claim.pijul_upstream_model_witness	call_contract_mismatch	bare_name_binding	test.claim.pijul_upstream_model_witness.witness_pijul_existing_channel_member_dependency_gap_refuses_delivery	call contract mismatch calling 'fixture_identity': no parameter named 'hash' (declared: [])
test.claim.pijul_upstream_model_witness (witness); bare=fixture_identity		test.claim.compute_board_spice_projection_witness.fixture_identity	test.claim.compute_board_spice_projection_witness|test.claim.pijul_upstream_model_witness	call_contract_mismatch	bare_name_binding	test.claim.pijul_upstream_model_witness.witness_pijul_duplicate_channel_member_refuses_capture	call contract mismatch calling 'fixture_identity': no parameter named 'hash' (declared: [])
test.claim.pijul_upstream_model_witness (witness); bare=fixture_identity		test.claim.compute_board_spice_projection_witness.fixture_identity	test.claim.compute_board_spice_projection_witness|test.claim.pijul_upstream_model_witness	call_contract_mismatch	bare_name_binding	test.claim.pijul_upstream_model_witness.witness_pijul_one_state_hash_cannot_name_different_change_sets	call contract mismatch calling 'fixture_identity': no parameter named 'hash' (declared: [])
test.claim.pijul_upstream_model_witness (witness); bare=fixture_identity		test.claim.compute_board_spice_projection_witness.fixture_identity	test.claim.compute_board_spice_projection_witness|test.claim.pijul_upstream_model_witness	call_contract_mismatch	bare_name_binding	test.claim.pijul_upstream_model_witness.witness_pijul_equal_change_sets_require_one_state_identity	call contract mismatch calling 'fixture_identity': no parameter named 'hash' (declared: [])
test.claim.pijul_upstream_model_witness (witness); bare=fixture_identity		test.claim.compute_board_spice_projection_witness.fixture_identity	test.claim.compute_board_spice_projection_witness|test.claim.pijul_upstream_model_witness	call_contract_mismatch	bare_name_binding	test.claim.pijul_upstream_model_witness.witness_pijul_undeclared_context_refuses_capture	call contract mismatch calling 'fixture_identity': no parameter named 'hash' (declared: [])
test.claim.pijul_upstream_model_witness (witness); bare=fixture_identity		test.claim.compute_board_spice_projection_witness.fixture_identity	test.claim.compute_board_spice_projection_witness|test.claim.pijul_upstream_model_witness	call_contract_mismatch	bare_name_binding	test.claim.pijul_upstream_model_witness.witness_pijul_declared_partial_change_is_not_fabricated	call contract mismatch calling 'fixture_identity': no parameter named 'hash' (declared: [])
test.claim.pijul_upstream_model_witness (witness); bare=fixture_identity		test.claim.compute_board_spice_projection_witness.fixture_identity	test.claim.compute_board_spice_projection_witness|test.claim.pijul_upstream_model_witness	call_contract_mismatch	bare_name_binding	test.claim.pijul_upstream_model_witness.witness_pijul_graph_conflict_is_retained_without_capture_refusal	call contract mismatch calling 'fixture_identity': no parameter named 'hash' (declared: [])
test.claim.pijul_upstream_model_witness (witness); bare=fixture_identity		test.claim.compute_board_spice_projection_witness.fixture_identity	test.claim.compute_board_spice_projection_witness|test.claim.pijul_upstream_model_witness	call_contract_mismatch	bare_name_binding	test.claim.pijul_upstream_model_witness.witness_pijul_tree_pristine_and_working_copy_remain_distinct	call contract mismatch calling 'fixture_identity': no parameter named 'hash' (declared: [])
test.claim.pipeline_transport_emit_rest_shell_witness.rest_emit_uses_bearer_auth				other	other	test.claim.pipeline_transport_emit_rest_shell_witness.rest_emit_uses_bearer_auth	exceeded Cpu budget (707ms elapsed against 500ms)
test.claim.pipeline_transport_emit_rest_shell_witness.rest_emit_uses_header_auth				other	other	test.claim.pipeline_transport_emit_rest_shell_witness.rest_emit_uses_header_auth	exceeded Cpu budget (702ms elapsed against 500ms)
test.claim.pipeline_transport_emit_rest_shell_witness.rest_emit_post_with_auth_source				other	other	test.claim.pipeline_transport_emit_rest_shell_witness.rest_emit_post_with_auth_source	exceeded Cpu budget (715ms elapsed against 500ms)
test.claim.proc_self_cgroup_real_execution_witness.bash_assign_from_source_refuses_missing_shell_holds				other	other	test.claim.proc_self_cgroup_real_execution_witness.bash_assign_from_source_refuses_missing_shell_holds	type error: hermetic mode: no mock_response for operation Dir — refusing to fabricate Unit
test.claim.proc_self_cgroup_real_execution_witness.bash_assign_from_source_refuses_ambiguous_shell_holds				other	other	test.claim.proc_self_cgroup_real_execution_witness.bash_assign_from_source_refuses_ambiguous_shell_holds	type error: hermetic mode: no mock_response for operation Dir — refusing to fabricate Unit
test.claim.proc_self_cgroup_real_execution_witness.bash_assign_from_source_refuses_malformed_shell_holds				other	other	test.claim.proc_self_cgroup_real_execution_witness.bash_assign_from_source_refuses_malformed_shell_holds	type error: hermetic mode: no mock_response for operation Dir — refusing to fabricate Unit
test.claim.proc_self_cgroup_real_execution_witness.bash_assign_from_source_observed_shell_holds				other	other	test.claim.proc_self_cgroup_real_execution_witness.bash_assign_from_source_observed_shell_holds	type error: hermetic mode: no mock_response for operation Dir — refusing to fabricate Unit
test.claim.qualified_declaration_reference_emit_witness_test.same_module_qualified_reference_emits_call_not_fn_item				other	other	test.claim.qualified_declaration_reference_emit_witness_test.same_module_qualified_reference_emits_call_not_fn_item	exceeded Cpu budget (638ms elapsed against 500ms)
test.claim.qualified_leaf_registry_collision_emit_witness_test.cross_module_same_leaf_emits_qualifier_module_not_registry_winner				other	other	test.claim.qualified_leaf_registry_collision_emit_witness_test.cross_module_same_leaf_emits_qualifier_module_not_registry_winner	exceeded Cpu budget (635ms elapsed against 500ms)
test.claim.qualified_leaf_registry_collision_emit_witness_test.cross_kind_data_fn_emits_data_call_suffix_a_first				other	other	test.claim.qualified_leaf_registry_collision_emit_witness_test.cross_kind_data_fn_emits_data_call_suffix_a_first	exceeded Cpu budget (644ms elapsed against 500ms)
test.claim.qualified_leaf_registry_collision_emit_witness_test.cross_kind_data_fn_emits_data_call_suffix_b_first				other	other	test.claim.qualified_leaf_registry_collision_emit_witness_test.cross_kind_data_fn_emits_data_call_suffix_b_first	exceeded Cpu budget (634ms elapsed against 500ms)
test.claim.qualified_leaf_registry_collision_emit_witness_test.cross_kind_fn_data_emits_fn_item_a_first				other	other	test.claim.qualified_leaf_registry_collision_emit_witness_test.cross_kind_fn_data_emits_fn_item_a_first	exceeded Cpu budget (654ms elapsed against 500ms)
test.claim.qualified_leaf_registry_collision_emit_witness_test.cross_kind_fn_data_emits_fn_item_b_first				other	other	test.claim.qualified_leaf_registry_collision_emit_witness_test.cross_kind_fn_data_emits_fn_item_b_first	exceeded Cpu budget (646ms elapsed against 500ms)
test.claim.random_bytes_csprng_witness.random_bytes_count_holds				other	other	test.claim.random_bytes_csprng_witness.random_bytes_count_holds	type error: hermetic mode: no mock_response for operation ReadBytes — refusing to fabricate Unit
test.claim.random_bytes_csprng_witness.random_bytes_zero_holds				other	other	test.claim.random_bytes_csprng_witness.random_bytes_zero_holds	type error: hermetic mode: no mock_response for operation ReadBytes — refusing to fabricate Unit
test.claim.random_bytes_csprng_witness.random_bytes_base64url_mint_16_length_holds				other	other	test.claim.random_bytes_csprng_witness.random_bytes_base64url_mint_16_length_holds	type error: hermetic mode: no mock_response for operation ReadBytes — refusing to fabricate Unit
test.claim.random_bytes_csprng_witness.random_bytes_base64url_mint_20_length_holds				other	other	test.claim.random_bytes_csprng_witness.random_bytes_base64url_mint_20_length_holds	type error: hermetic mode: no mock_response for operation ReadBytes — refusing to fabricate Unit
test.claim.realization_reconcile_witness (witness); bare=LocalInProcess				undefined_variable	reach_gap	test.claim.realization_reconcile_witness.witness_same_keysource_collapses_to_share	undefined variable: LocalInProcess
test.claim.realization_reconcile_witness (witness); bare=LocalInProcess				undefined_variable	reach_gap	test.claim.realization_reconcile_witness.witness_different_keysource_does_not_collapse	undefined variable: LocalInProcess
test.claim.realization_reconcile_witness (witness); bare=LocalInProcess				undefined_variable	reach_gap	test.claim.realization_reconcile_witness.witness_post_always_never_collapses	undefined variable: LocalInProcess
gunbc.test.claim.realization_sweep_test.witness_sweep_rows_join_planted_roster_exactly_once				other	other	gunbc.test.claim.realization_sweep_test.witness_sweep_rows_join_planted_roster_exactly_once	eval budget exceeded: 502ms thread-CPU > 500ms fast-lane budget (operator 5s rule 2026-07-12). This budget is enforced on THREAD CPU, not wall. RELOCATING THE FILE DOES NOT DISCHARGE IT: moving a witness under a long/ dir removes it from per-PR discovery without giving it an executing consumer, which deletes the coverage while retaining the source (the gunbc#7762 specimen behind the 2026-08-04 admission ruling). Either reduce the witness's cost, or enroll it in a lane that declares its own dated ceiling AND names the row as an executing consumer.
gunbc.test.claim.realization_sweep_test.witness_sweep_receipt_and_histogram_render_every_row				other	other	gunbc.test.claim.realization_sweep_test.witness_sweep_receipt_and_histogram_render_every_row	eval budget exceeded: 501ms thread-CPU > 500ms fast-lane budget (operator 5s rule 2026-07-12). This budget is enforced on THREAD CPU, not wall. RELOCATING THE FILE DOES NOT DISCHARGE IT: moving a witness under a long/ dir removes it from per-PR discovery without giving it an executing consumer, which deletes the coverage while retaining the source (the gunbc#7762 specimen behind the 2026-08-04 admission ruling). Either reduce the witness's cost, or enroll it in a lane that declares its own dated ceiling AND names the row as an executing consumer.
gunbc.test.claim.realization_sweep_test.witness_canonical_identities_join_own_enrolled_roster				other	other	gunbc.test.claim.realization_sweep_test.witness_canonical_identities_join_own_enrolled_roster	type error: hermetic mode: operation Filesystem.List is not a published mock case for corpus-governed service Filesystem — refusing to realize (published cases: ["Filesystem.Read", "Filesystem.Write"])
test.claim.record_literal_call_arg_handoff_witness.record_literal_container_element_mismatch_at_call_arg_still_refuses				other	other	test.claim.record_literal_call_arg_handoff_witness.record_literal_container_element_mismatch_at_call_arg_still_refuses	exceeded Cpu budget (575ms elapsed against 500ms)
test.claim.replacement_cut_witness (witness); bare=evidence_consumer		gunbc.auth.secret_rotation.evidence_consumer	gunbc.auth.secret_rotation|test.claim.replacement_cut_witness	call_contract_mismatch	bare_name_binding	test.claim.replacement_cut_witness.fully_dispositioned_cut_admits_with_exact_counts	call contract mismatch calling 'evidence_consumer': missing required argument 'evidence' (0 of 1 required argument(s) supplied)
test.claim.repo_local_git_config_real_execution.repo_local_git_config_actuator_sets_local_bindings_by_real_execution				other	other	test.claim.repo_local_git_config_real_execution.repo_local_git_config_actuator_sets_local_bindings_by_real_execution	type error: hermetic mode: no mock_response for operation Dir — refusing to fabricate Unit
test.claim.resolution_divergence_silent_pick_gate_witness_test.resolution_divergence_silent_pick_gate_keystone_holds				other	other	test.claim.resolution_divergence_silent_pick_gate_witness_test.resolution_divergence_silent_pick_gate_keystone_holds	returned Bool(false)
test.claim.roadmap_authority.witness_projection_is_active_only				other	other	test.claim.roadmap_authority.witness_projection_is_active_only	witness receipt wall budget exceeded: 501ms wall > 500ms whole-receipt budget (falsifier wet/silent-pick lane; kill-at-deadline)
test.claim.roadmap_authority.witness_rendered_nodes_are_declared_or_derived				other	other	test.claim.roadmap_authority.witness_rendered_nodes_are_declared_or_derived	eval budget exceeded: 501ms thread-CPU > 500ms fast-lane budget (operator 5s rule 2026-07-12). This budget is enforced on THREAD CPU, not wall. RELOCATING THE FILE DOES NOT DISCHARGE IT: moving a witness under a long/ dir removes it from per-PR discovery without giving it an executing consumer, which deletes the coverage while retaining the source (the gunbc#7762 specimen behind the 2026-08-04 admission ruling). Either reduce the witness's cost, or enroll it in a lane that declares its own dated ceiling AND names the row as an executing consumer.
test.claim.roadmap_authority.witness_ghost_node_outside_authority_is_counted				other	other	test.claim.roadmap_authority.witness_ghost_node_outside_authority_is_counted	witness receipt wall budget exceeded: 501ms wall > 500ms whole-receipt budget (falsifier wet/silent-pick lane; kill-at-deadline)
test.claim.roadmap_authority.witness_altered_copy_of_declared_node_is_counted				other	other	test.claim.roadmap_authority.witness_altered_copy_of_declared_node_is_counted	witness receipt wall budget exceeded: 501ms wall > 500ms whole-receipt budget (falsifier wet/silent-pick lane; kill-at-deadline)
test.claim.roadmap_belt_actuate_witness.witness_exec_ok_runs_echo				other	other	test.claim.roadmap_belt_actuate_witness.witness_exec_ok_runs_echo	type error: hermetic mode: no mock_response for operation Check — refusing to fabricate Unit
test.claim.roadmap_belt_actuate_witness.witness_exec_refuses_missing_program				other	other	test.claim.roadmap_belt_actuate_witness.witness_exec_refuses_missing_program	type error: hermetic mode: no mock_response for operation Check — refusing to fabricate Unit
test.claim.roadmap_belt_actuate_witness.witness_exec_fails_on_nonzero_exit				other	other	test.claim.roadmap_belt_actuate_witness.witness_exec_fails_on_nonzero_exit	type error: hermetic mode: no mock_response for operation Check — refusing to fabricate Unit
test.claim.roadmap_belt_actuate_witness.witness_exec_all_runs_every_step_when_ok				other	other	test.claim.roadmap_belt_actuate_witness.witness_exec_all_runs_every_step_when_ok	type error: hermetic mode: no mock_response for operation Check — refusing to fabricate Unit
test.claim.roadmap_belt_actuate_witness.witness_exec_all_short_circuits_after_failure				other	other	test.claim.roadmap_belt_actuate_witness.witness_exec_all_short_circuits_after_failure	type error: hermetic mode: no mock_response for operation Check — refusing to fabricate Unit
test.claim.roadmap_belt_actuate_witness.witness_exec_all_fails_on_later_step				other	other	test.claim.roadmap_belt_actuate_witness.witness_exec_all_fails_on_later_step	type error: hermetic mode: no mock_response for operation Check — refusing to fabricate Unit
test.claim.roadmap_belt_actuate_witness.witness_named_exec_steps_locate_the_first_failure				other	other	test.claim.roadmap_belt_actuate_witness.witness_named_exec_steps_locate_the_first_failure	type error: hermetic mode: no mock_response for operation Check — refusing to fabricate Unit
test.claim.roadmap_dashboard_instance_apply_witness.dashboard_health_requires_intended_instance_identity				other	other	test.claim.roadmap_dashboard_instance_apply_witness.dashboard_health_requires_intended_instance_identity	witness receipt wall budget exceeded: 508ms wall > 500ms whole-receipt budget (falsifier wet/silent-pick lane; kill-at-deadline)
test.claim.roadmap_dashboard_instance_apply_witness.dashboard_instance_apply_model_keystone_holds				other	other	test.claim.roadmap_dashboard_instance_apply_witness.dashboard_instance_apply_model_keystone_holds	witness receipt wall budget exceeded: 502ms wall > 500ms whole-receipt budget (falsifier wet/silent-pick lane; kill-at-deadline)
test.claim.roadmap_document (witness); bare=child_node		gunbc.fleet_host_budget.child_node	gunbc.fleet_host_budget|test.claim.roadmap_document|test.claim.roadmap_emit	call_contract_mismatch	bare_name_binding	test.claim.roadmap_document.witness_preamble_first	call contract mismatch calling 'child_node': missing required argument 'name' (0 of 2 required argument(s) supplied)
test.claim.roadmap_document (witness); bare=child_node		gunbc.fleet_host_budget.child_node	gunbc.fleet_host_budget|test.claim.roadmap_document|test.claim.roadmap_emit	call_contract_mismatch	bare_name_binding	test.claim.roadmap_document.witness_both_sections	call contract mismatch calling 'child_node': missing required argument 'name' (0 of 2 required argument(s) supplied)
test.claim.roadmap_document (witness); bare=child_node		gunbc.fleet_host_budget.child_node	gunbc.fleet_host_budget|test.claim.roadmap_document|test.claim.roadmap_emit	call_contract_mismatch	bare_name_binding	test.claim.roadmap_document.witness_authored_evidence_awaiting_signoff	call contract mismatch calling 'child_node': missing required argument 'name' (0 of 2 required argument(s) supplied)
test.claim.roadmap_document (witness); bare=child_node		gunbc.fleet_host_budget.child_node	gunbc.fleet_host_budget|test.claim.roadmap_document|test.claim.roadmap_emit	call_contract_mismatch	bare_name_binding	test.claim.roadmap_document.witness_derived_merged_awaiting_signoff	call contract mismatch calling 'child_node': missing required argument 'name' (0 of 2 required argument(s) supplied)
test.claim.roadmap_document (witness); bare=child_node		gunbc.fleet_host_budget.child_node	gunbc.fleet_host_budget|test.claim.roadmap_document|test.claim.roadmap_emit	call_contract_mismatch	bare_name_binding	test.claim.roadmap_document.witness_derived_unchecked_when_unmerged	call contract mismatch calling 'child_node': missing required argument 'name' (0 of 2 required argument(s) supplied)
test.claim.roadmap_document (witness); bare=child_node		gunbc.fleet_host_budget.child_node	gunbc.fleet_host_budget|test.claim.roadmap_document|test.claim.roadmap_emit	call_contract_mismatch	bare_name_binding	test.claim.roadmap_document.witness_exact_bytes	call contract mismatch calling 'child_node': missing required argument 'name' (0 of 2 required argument(s) supplied)
test.claim.roadmap_document (witness); bare=child_node		gunbc.fleet_host_budget.child_node	gunbc.fleet_host_budget|test.claim.roadmap_document|test.claim.roadmap_emit	call_contract_mismatch	bare_name_binding	test.claim.roadmap_document.witness_drift_receipt	call contract mismatch calling 'child_node': missing required argument 'name' (0 of 2 required argument(s) supplied)
test.claim.roadmap_emit (witness); bare=child_node		gunbc.fleet_host_budget.child_node	gunbc.fleet_host_budget|test.claim.roadmap_document|test.claim.roadmap_emit	call_contract_mismatch	bare_name_binding	test.claim.roadmap_emit.witness_heading	call contract mismatch calling 'child_node': missing required argument 'name' (0 of 2 required argument(s) supplied)
test.claim.roadmap_emit (witness); bare=child_node		gunbc.fleet_host_budget.child_node	gunbc.fleet_host_budget|test.claim.roadmap_document|test.claim.roadmap_emit	call_contract_mismatch	bare_name_binding	test.claim.roadmap_emit.witness_parent_authored_box_and_link	call contract mismatch calling 'child_node': missing required argument 'name' (0 of 2 required argument(s) supplied)
test.claim.roadmap_emit (witness); bare=child_node		gunbc.fleet_host_budget.child_node	gunbc.fleet_host_budget|test.claim.roadmap_document|test.claim.roadmap_emit	call_contract_mismatch	bare_name_binding	test.claim.roadmap_emit.witness_child_merged_unsigned_awaiting_signoff	call contract mismatch calling 'child_node': missing required argument 'name' (0 of 2 required argument(s) supplied)
test.claim.roadmap_emit (witness); bare=child_node		gunbc.fleet_host_budget.child_node	gunbc.fleet_host_budget|test.claim.roadmap_document|test.claim.roadmap_emit	call_contract_mismatch	bare_name_binding	test.claim.roadmap_emit.witness_child_derived_unchecked_when_unmerged	call contract mismatch calling 'child_node': missing required argument 'name' (0 of 2 required argument(s) supplied)
test.claim.roadmap_emit.witness_multi_parent_dependencies_render_complete_set				other	other	test.claim.roadmap_emit.witness_multi_parent_dependencies_render_complete_set	returned Bool(false)
test.claim.roadmap_forecast_witness.witness_live_graph_refuses_with_located_counted_calibration_gaps				other	other	test.claim.roadmap_forecast_witness.witness_live_graph_refuses_with_located_counted_calibration_gaps	witness receipt wall budget exceeded: 501ms wall > 500ms whole-receipt budget (falsifier wet/silent-pick lane; kill-at-deadline)
test.claim.roadmap_forecast_witness.witness_live_graph_gap_count_matches_refusal_rows				other	other	test.claim.roadmap_forecast_witness.witness_live_graph_gap_count_matches_refusal_rows	witness receipt wall budget exceeded: 501ms wall > 500ms whole-receipt budget (falsifier wet/silent-pick lane; kill-at-deadline)
test.claim.roadmap_frontier_witness.witness_authority_daily_workspace_serializes				other	other	test.claim.roadmap_frontier_witness.witness_authority_daily_workspace_serializes	witness receipt wall budget exceeded: 513ms wall > 500ms whole-receipt budget (falsifier wet/silent-pick lane; kill-at-deadline)
test.claim.roadmap_model (witness); bare=name				undefined_variable	reach_gap	test.claim.roadmap_model.witness_child_has_parent	undefined variable: name
test.claim.roadmap_model (witness); bare=name				undefined_variable	reach_gap	test.claim.roadmap_model.witness_multi_parent_dependencies_are_not_flattened	undefined variable: name
test.claim.roadmap_model (witness); bare=name				undefined_variable	reach_gap	test.claim.roadmap_model.witness_resolving_carrier_clean	undefined variable: name
test.claim.roadmap_model (witness); bare=name				undefined_variable	reach_gap	test.claim.roadmap_model.witness_dangling_carrier_caught	undefined variable: name
test.claim.roadmap_model (witness); bare=name				undefined_variable	reach_gap	test.claim.roadmap_model.witness_no_carrier_clean	undefined variable: name
test.claim.roadmap_model (witness); bare=name				undefined_variable	reach_gap	test.claim.roadmap_model.witness_node_status_drifts	undefined variable: name
test.claim.roadmap_model (witness); bare=name				undefined_variable	reach_gap	test.claim.roadmap_model.witness_node_unsigned_box_clean	undefined variable: name
test.claim.roadmap_page_witness.witness_authority_serializes_with_structure				other	other	test.claim.roadmap_page_witness.witness_authority_serializes_with_structure	witness receipt wall budget exceeded: 503ms wall > 500ms whole-receipt budget (falsifier wet/silent-pick lane; kill-at-deadline)
test.claim.roadmap_page_witness.witness_authority_page_preserves_multi_parent_dependencies				other	other	test.claim.roadmap_page_witness.witness_authority_page_preserves_multi_parent_dependencies	witness receipt wall budget exceeded: 501ms wall > 500ms whole-receipt budget (falsifier wet/silent-pick lane; kill-at-deadline)
test.claim.roadmap_page_witness.witness_authority_differs_from_empty				other	other	test.claim.roadmap_page_witness.witness_authority_differs_from_empty	eval budget exceeded: 503ms thread-CPU > 500ms fast-lane budget (operator 5s rule 2026-07-12). This budget is enforced on THREAD CPU, not wall. RELOCATING THE FILE DOES NOT DISCHARGE IT: moving a witness under a long/ dir removes it from per-PR discovery without giving it an executing consumer, which deletes the coverage while retaining the source (the gunbc#7762 specimen behind the 2026-08-04 admission ruling). Either reduce the witness's cost, or enroll it in a lane that declares its own dated ceiling AND names the row as an executing consumer.
test.claim.roadmap_page_witness.witness_authority_shows_finish_line_progress				other	other	test.claim.roadmap_page_witness.witness_authority_shows_finish_line_progress	witness receipt wall budget exceeded: 501ms wall > 500ms whole-receipt budget (falsifier wet/silent-pick lane; kill-at-deadline)
test.claim.roadmap_page_witness.witness_daily_leads_operational_not_narrative				other	other	test.claim.roadmap_page_witness.witness_daily_leads_operational_not_narrative	witness receipt wall budget exceeded: 504ms wall > 500ms whole-receipt budget (falsifier wet/silent-pick lane; kill-at-deadline)
test.claim.roadmap_page_witness.witness_ticket_rows_render_structured				other	other	test.claim.roadmap_page_witness.witness_ticket_rows_render_structured	eval budget exceeded: 501ms thread-CPU > 500ms fast-lane budget (operator 5s rule 2026-07-12). This budget is enforced on THREAD CPU, not wall. RELOCATING THE FILE DOES NOT DISCHARGE IT: moving a witness under a long/ dir removes it from per-PR discovery without giving it an executing consumer, which deletes the coverage while retaining the source (the gunbc#7762 specimen behind the 2026-08-04 admission ruling). Either reduce the witness's cost, or enroll it in a lane that declares its own dated ceiling AND names the row as an executing consumer.
test.claim.roadmap_page_witness.witness_style_child_combinator_unescaped				other	other	test.claim.roadmap_page_witness.witness_style_child_combinator_unescaped	witness receipt wall budget exceeded: 501ms wall > 500ms whole-receipt budget (falsifier wet/silent-pick lane; kill-at-deadline)
test.claim.roadmap_page_witness.witness_item_detail_disclosure_present				other	other	test.claim.roadmap_page_witness.witness_item_detail_disclosure_present	eval budget exceeded: 501ms thread-CPU > 500ms fast-lane budget (operator 5s rule 2026-07-12). This budget is enforced on THREAD CPU, not wall. RELOCATING THE FILE DOES NOT DISCHARGE IT: moving a witness under a long/ dir removes it from per-PR discovery without giving it an executing consumer, which deletes the coverage while retaining the source (the gunbc#7762 specimen behind the 2026-08-04 admission ruling). Either reduce the witness's cost, or enroll it in a lane that declares its own dated ceiling AND names the row as an executing consumer.
test.claim.roadmap_page_witness.witness_status_chip_min_width				other	other	test.claim.roadmap_page_witness.witness_status_chip_min_width	witness receipt wall budget exceeded: 501ms wall > 500ms whole-receipt budget (falsifier wet/silent-pick lane; kill-at-deadline)
test.claim.roadmap_page_witness.witness_dispatch_button_carries_accent				other	other	test.claim.roadmap_page_witness.witness_dispatch_button_carries_accent	witness receipt wall budget exceeded: 501ms wall > 500ms whole-receipt budget (falsifier wet/silent-pick lane; kill-at-deadline)
test.claim.roadmap_page_witness.witness_page_containers_centered				other	other	test.claim.roadmap_page_witness.witness_page_containers_centered	eval budget exceeded: 506ms thread-CPU > 500ms fast-lane budget (operator 5s rule 2026-07-12). This budget is enforced on THREAD CPU, not wall. RELOCATING THE FILE DOES NOT DISCHARGE IT: moving a witness under a long/ dir removes it from per-PR discovery without giving it an executing consumer, which deletes the coverage while retaining the source (the gunbc#7762 specimen behind the 2026-08-04 admission ruling). Either reduce the witness's cost, or enroll it in a lane that declares its own dated ceiling AND names the row as an executing consumer.
test.claim.roadmap_row_witness.roadmap_row_page_carries_the_cells				other	other	test.claim.roadmap_row_witness.roadmap_row_page_carries_the_cells	witness receipt wall budget exceeded: 506ms wall > 500ms whole-receipt budget (falsifier wet/silent-pick lane; kill-at-deadline)
test.claim.roadmap_sandbox_witness.witness_family_fixture_frame_occurrences_exact				other	other	test.claim.roadmap_sandbox_witness.witness_family_fixture_frame_occurrences_exact	witness receipt wall budget exceeded: 510ms wall > 500ms whole-receipt budget (falsifier wet/silent-pick lane; kill-at-deadline)
test.claim.roadmap_site_surface_readiness.witness_roadmap_site_surface_readiness_materialized_batch_holds				other	other	test.claim.roadmap_site_surface_readiness.witness_roadmap_site_surface_readiness_materialized_batch_holds	witness receipt wall budget exceeded: 502ms wall > 500ms whole-receipt budget (falsifier wet/silent-pick lane; kill-at-deadline)
test.claim.roadmap_static_site_witness.witness_healthz_route_json_ok				other	other	test.claim.roadmap_static_site_witness.witness_healthz_route_json_ok	eval budget exceeded: 502ms thread-CPU > 500ms fast-lane budget (operator 5s rule 2026-07-12). This budget is enforced on THREAD CPU, not wall. RELOCATING THE FILE DOES NOT DISCHARGE IT: moving a witness under a long/ dir removes it from per-PR discovery without giving it an executing consumer, which deletes the coverage while retaining the source (the gunbc#7762 specimen behind the 2026-08-04 admission ruling). Either reduce the witness's cost, or enroll it in a lane that declares its own dated ceiling AND names the row as an executing consumer.
test.claim.roadmap_static_site_witness.witness_text_routes_include_health_and_artifacts				other	other	test.claim.roadmap_static_site_witness.witness_text_routes_include_health_and_artifacts	witness receipt wall budget exceeded: 501ms wall > 500ms whole-receipt budget (falsifier wet/silent-pick lane; kill-at-deadline)
test.claim.roadmap_static_site_witness.witness_roadmap_route_is_plain_text				other	other	test.claim.roadmap_static_site_witness.witness_roadmap_route_is_plain_text	eval budget exceeded: 501ms thread-CPU > 500ms fast-lane budget (operator 5s rule 2026-07-12). This budget is enforced on THREAD CPU, not wall. RELOCATING THE FILE DOES NOT DISCHARGE IT: moving a witness under a long/ dir removes it from per-PR discovery without giving it an executing consumer, which deletes the coverage while retaining the source (the gunbc#7762 specimen behind the 2026-08-04 admission ruling). Either reduce the witness's cost, or enroll it in a lane that declares its own dated ceiling AND names the row as an executing consumer.
test.claim.roadmap_tactile_witness.witness_sound_toggle_label_is_painted_by_the_program_not_the_markup				other	other	test.claim.roadmap_tactile_witness.witness_sound_toggle_label_is_painted_by_the_program_not_the_markup	eval budget exceeded: 504ms thread-CPU > 500ms fast-lane budget (operator 5s rule 2026-07-12). This budget is enforced on THREAD CPU, not wall. RELOCATING THE FILE DOES NOT DISCHARGE IT: moving a witness under a long/ dir removes it from per-PR discovery without giving it an executing consumer, which deletes the coverage while retaining the source (the gunbc#7762 specimen behind the 2026-08-04 admission ruling). Either reduce the witness's cost, or enroll it in a lane that declares its own dated ceiling AND names the row as an executing consumer.
test.claim.root4_measure_missing_generics_witness.root4_measure_missing_generics_witness_holds				other	other	test.claim.root4_measure_missing_generics_witness.root4_measure_missing_generics_witness_holds	exceeded Cpu budget (1076ms elapsed against 500ms)
test.claim.root_d_checkpoint_scalar_declared_arity_witness.root_d_checkpoint_scalar_declared_arity_witness_holds				other	other	test.claim.root_d_checkpoint_scalar_declared_arity_witness.root_d_checkpoint_scalar_declared_arity_witness_holds	exceeded Cpu budget (3018ms elapsed against 500ms)
test.claim.run_verdict_exit_status_witness_test.run_failure_verdict_reaches_nonzero_exit				other	other	test.claim.run_verdict_exit_status_witness_test.run_failure_verdict_reaches_nonzero_exit	type error: hermetic mode: no mock_response for operation Run — refusing to fabricate Unit
test.claim.run_verdict_exit_status_witness_test.run_success_verdict_reaches_zero_exit				other	other	test.claim.run_verdict_exit_status_witness_test.run_success_verdict_reaches_zero_exit	type error: hermetic mode: no mock_response for operation Run — refusing to fabricate Unit
test.claim.run_verdict_exit_status_witness_test.run_non_process_exit_return_refuses				other	other	test.claim.run_verdict_exit_status_witness_test.run_non_process_exit_return_refuses	type error: hermetic mode: no mock_response for operation Run — refusing to fabricate Unit
test.claim.rust_test_fixtures_import_closure_witness.declared_import_closure_lists_rust_import				other	other	test.claim.rust_test_fixtures_import_closure_witness.declared_import_closure_lists_rust_import	exceeded Cpu budget (29509ms elapsed against 500ms)
test.claim.rust_test_fixtures_import_closure_witness.ambient_pool_provider_preserves_listed_import				other	other	test.claim.rust_test_fixtures_import_closure_witness.ambient_pool_provider_preserves_listed_import	exceeded Cpu budget (40114ms elapsed against 500ms)
test.claim.salience_witness.witness_red_two_focal_subjects_in_one_region_refuse				other	other	test.claim.salience_witness.witness_red_two_focal_subjects_in_one_region_refuse	non-exhaustive pattern match on: SalienceFocal
test.claim.salience_witness.witness_critical_interrupts_without_dethroning_the_focal_subject				other	other	test.claim.salience_witness.witness_critical_interrupts_without_dethroning_the_focal_subject	non-exhaustive pattern match on: SalienceFocal
test.claim.salience_witness.salience_keystone_holds				other	other	test.claim.salience_witness.salience_keystone_holds	non-exhaustive pattern match on: SalienceFocal
test.claim.samsung_dram_module (witness); bare=m386a4g40dm0_cpb_catalog				no_such_function	reach_gap	test.claim.samsung_dram_module.row_axes_match_the_labelled_module_organization	no such function: m386a4g40dm0_cpb_catalog
test.claim.samsung_dram_module (witness); bare=m386a4g40dm0_cpb_catalog				no_such_function	reach_gap	test.claim.samsung_dram_module.capacity_is_thirty_two_gibibytes	no such function: m386a4g40dm0_cpb_catalog
test.claim.samsung_dram_module (witness); bare=m386a4g40dm0_cpb_catalog				no_such_function	reach_gap	test.claim.samsung_dram_module.generation_is_ddr4	no such function: m386a4g40dm0_cpb_catalog
test.claim.samsung_dram_module (witness); bare=m386a4g40dm0_cpb_catalog				no_such_function	reach_gap	test.claim.samsung_dram_module.manufacturer_grounds_on_the_single_vendor_authority	no such function: m386a4g40dm0_cpb_catalog
test.claim.samsung_dram_module (witness); bare=m386a4g40dm0_cpb_catalog				no_such_function	reach_gap	test.claim.samsung_dram_module.organization_derives_eighteen_dies_per_rank	no such function: m386a4g40dm0_cpb_catalog
test.claim.samsung_dram_module (witness); bare=m386a4g40dm0_cpb_catalog				no_such_function	reach_gap	test.claim.samsung_dram_module.required_die_density_derives_four_gigabit	no such function: m386a4g40dm0_cpb_catalog
test.claim.samsung_dram_module (witness); bare=m386a4g40dm0_cpb_catalog				no_such_function	reach_gap	test.claim.samsung_dram_module.four_rank_by_four_is_realizable_on_ddr4	no such function: m386a4g40dm0_cpb_catalog
test.claim.samsung_dram_module (witness); bare=ddr4_generation_catalog				no_such_function	reach_gap	test.claim.samsung_dram_module.same_capacity_at_one_rank_by_eight_is_not_realizable	no such function: ddr4_generation_catalog
test.claim.samsung_dram_module (witness); bare=m386a4g40dm0_cpb_catalog				no_such_function	reach_gap	test.claim.samsung_dram_module.generation_mismatch_fails_closed	no such function: m386a4g40dm0_cpb_catalog
test.claim.secret_rotation_witness (witness); bare=census_is_complete		gunbc.tools.frontier_ingestion_probe.census_is_complete	gunbc.auth.secret_rotation|gunbc.tools.frontier_ingestion_probe	call_contract_mismatch	bare_name_binding	test.claim.secret_rotation_witness.duplicate_evidence_does_not_cover_a_silent_consumer	call contract mismatch calling 'census_is_complete': no parameter named 'requirement' (declared: [obs])
test.claim.self_host_00_compile_behavioral_witness.self_host_00_compile_behavioral_receipt_holds				other	other	test.claim.self_host_00_compile_behavioral_witness.self_host_00_compile_behavioral_receipt_holds	type error: hermetic mode: no mock_response for operation Dir — refusing to fabricate Unit
test.claim.self_host_01_tokenize_behavioral_witness.self_host_01_tokenize_behavioral_receipt_holds				other	other	test.claim.self_host_01_tokenize_behavioral_witness.self_host_01_tokenize_behavioral_receipt_holds	type error: hermetic mode: no mock_response for operation Dir — refusing to fabricate Unit
test.claim.self_host_02_parse_behavioral_witness.self_host_02_parse_behavioral_receipt_holds				other	other	test.claim.self_host_02_parse_behavioral_witness.self_host_02_parse_behavioral_receipt_holds	type error: hermetic mode: no mock_response for operation Dir — refusing to fabricate Unit
test.claim.self_host_03_ingest_behavioral_witness.self_host_03_ingest_behavioral_receipt_holds				other	other	test.claim.self_host_03_ingest_behavioral_witness.self_host_03_ingest_behavioral_receipt_holds	type error: hermetic mode: no mock_response for operation Dir — refusing to fabricate Unit
test.claim.self_host_03_normalize_behavioral_witness.self_host_03_normalize_behavioral_receipt_holds				other	other	test.claim.self_host_03_normalize_behavioral_witness.self_host_03_normalize_behavioral_receipt_holds	type error: hermetic mode: no mock_response for operation Dir — refusing to fabricate Unit
test.claim.self_host_03_resolve_behavioral_witness.self_host_03_resolve_behavioral_receipt_holds				other	other	test.claim.self_host_03_resolve_behavioral_witness.self_host_03_resolve_behavioral_receipt_holds	type error: hermetic mode: no mock_response for operation Dir — refusing to fabricate Unit
test.claim.self_host_04_infer_behavioral_witness.self_host_04_infer_behavioral_receipt_holds				other	other	test.claim.self_host_04_infer_behavioral_witness.self_host_04_infer_behavioral_receipt_holds	type error: hermetic mode: no mock_response for operation Dir — refusing to fabricate Unit
test.claim.self_host_body_producer_behavioral_witness.self_host_body_producer_behavioral_receipt_holds				other	other	test.claim.self_host_body_producer_behavioral_witness.self_host_body_producer_behavioral_receipt_holds	type error: hermetic mode: no mock_response for operation Dir — refusing to fabricate Unit
test.claim.self_host_discovery_enumeration_behavioral_witness.self_host_discovery_enumeration_behavioral_receipt_holds				other	other	test.claim.self_host_discovery_enumeration_behavioral_witness.self_host_discovery_enumeration_behavioral_receipt_holds	type error: hermetic mode: no mock_response for operation Dir — refusing to fabricate Unit
test.claim.self_host_logic_behavioral_witness.self_host_logic_behavioral_receipt_holds				other	other	test.claim.self_host_logic_behavioral_witness.self_host_logic_behavioral_receipt_holds	type error: hermetic mode: no mock_response for operation Dir — refusing to fabricate Unit
test.claim.self_host_materialization_carriers_behavioral_witness.self_host_materialization_carriers_behavioral_receipt_holds				other	other	test.claim.self_host_materialization_carriers_behavioral_witness.self_host_materialization_carriers_behavioral_receipt_holds	type error: hermetic mode: no mock_response for operation Dir — refusing to fabricate Unit
test.claim.self_host_parse_engine_hooks_behavioral_witness.self_host_parse_engine_hooks_behavioral_receipt_holds				other	other	test.claim.self_host_parse_engine_hooks_behavioral_witness.self_host_parse_engine_hooks_behavioral_receipt_holds	type error: hermetic mode: no mock_response for operation Dir — refusing to fabricate Unit
test.claim.self_host_program_assembly_behavioral_witness.self_host_program_assembly_behavioral_receipt_holds				other	other	test.claim.self_host_program_assembly_behavioral_witness.self_host_program_assembly_behavioral_receipt_holds	type error: hermetic mode: no mock_response for operation Dir — refusing to fabricate Unit
test.claim.self_host_program_partition_behavioral_witness.self_host_program_partition_behavioral_receipt_holds				other	other	test.claim.self_host_program_partition_behavioral_witness.self_host_program_partition_behavioral_receipt_holds	type error: hermetic mode: no mock_response for operation Dir — refusing to fabricate Unit
test.claim.self_host_source_authority_behavioral_witness.self_host_source_authority_behavioral_receipt_holds				other	other	test.claim.self_host_source_authority_behavioral_witness.self_host_source_authority_behavioral_receipt_holds	type error: hermetic mode: no mock_response for operation Dir — refusing to fabricate Unit
test.claim.self_host_target_carriers_behavioral_witness.self_host_target_carriers_behavioral_receipt_holds				other	other	test.claim.self_host_target_carriers_behavioral_witness.self_host_target_carriers_behavioral_receipt_holds	type error: hermetic mode: no mock_response for operation Dir — refusing to fabricate Unit
test.claim.self_host_use_site_verdict_behavioral_witness.self_host_use_site_verdict_behavioral_receipt_holds				other	other	test.claim.self_host_use_site_verdict_behavioral_witness.self_host_use_site_verdict_behavioral_receipt_holds	type error: hermetic mode: no mock_response for operation Dir — refusing to fabricate Unit
test.claim.source_admission_selection_witness (witness); bare=refusal_is		test.claim.compute_board_pin_chain_witness.refusal_is	test.claim.altra_minimal_design_witness|test.claim.compute_board_physical_witness|test.claim.compute_board_pin_chain_witness|test.claim.source_admission_selection_witness	call_contract_mismatch	bare_name_binding	test.claim.source_admission_selection_witness.source_admission_partial_walk_refuses_not_observed_with_fewer_rows	call contract mismatch calling 'refusal_is': no parameter named 'sel' (declared: [r, wanted])
test.claim.source_admission_selection_witness (witness); bare=refusal_is		test.claim.compute_board_pin_chain_witness.refusal_is	test.claim.altra_minimal_design_witness|test.claim.compute_board_physical_witness|test.claim.compute_board_pin_chain_witness|test.claim.source_admission_selection_witness	call_contract_mismatch	bare_name_binding	test.claim.source_admission_selection_witness.source_admission_not_merge_tree_refuses	call contract mismatch calling 'refusal_is': no parameter named 'sel' (declared: [r, wanted])
test.claim.source_admission_selection_witness (witness); bare=refusal_is		test.claim.compute_board_pin_chain_witness.refusal_is	test.claim.altra_minimal_design_witness|test.claim.compute_board_physical_witness|test.claim.compute_board_pin_chain_witness|test.claim.source_admission_selection_witness	call_contract_mismatch	bare_name_binding	test.claim.source_admission_selection_witness.source_admission_missing_base_receipt_refuses_not_incremental_empty	call contract mismatch calling 'refusal_is': no parameter named 'sel' (declared: [r, wanted])
test.claim.source_admission_selection_witness (witness); bare=refusal_is		test.claim.compute_board_pin_chain_witness.refusal_is	test.claim.altra_minimal_design_witness|test.claim.compute_board_physical_witness|test.claim.compute_board_pin_chain_witness|test.claim.source_admission_selection_witness	call_contract_mismatch	bare_name_binding	test.claim.source_admission_selection_witness.source_admission_production_unobservable_refuses_even_with_fixture_receipt	call contract mismatch calling 'refusal_is': no parameter named 'sel' (declared: [r, wanted])
test.claim.source_admission_selection_witness (witness); bare=refusal_is		test.claim.compute_board_pin_chain_witness.refusal_is	test.claim.altra_minimal_design_witness|test.claim.compute_board_physical_witness|test.claim.compute_board_pin_chain_witness|test.claim.source_admission_selection_witness	call_contract_mismatch	bare_name_binding	test.claim.source_admission_selection_witness.source_admission_receipt_tree_mismatch_refuses	call contract mismatch calling 'refusal_is': no parameter named 'sel' (declared: [r, wanted])
test.claim.source_integration_proof_kernel_acceptance.witness_p1_proof_kernel_acceptance_contract_holds				other	other	test.claim.source_integration_proof_kernel_acceptance.witness_p1_proof_kernel_acceptance_contract_holds	returned Bool(false)
test.claim.spark_capability_observation_witness_test (witness); bare=observation	test.claim.spark_capability_observation_witness_test.observation	test.claim.roadmap_forecast_witness.observation	test.claim.roadmap_forecast_witness|test.claim.spark_capability_observation_witness_test	call_contract_mismatch	bare_name_binding	test.claim.spark_capability_observation_witness_test.w_evidence_from_one_principal_does_not_answer_for_another	call contract mismatch calling 'observation': no parameter named 'host' (declared: [id, cell, duration_ms])
test.claim.spark_capability_observation_witness_test (witness); bare=observation	test.claim.spark_capability_observation_witness_test.observation	test.claim.roadmap_forecast_witness.observation	test.claim.roadmap_forecast_witness|test.claim.spark_capability_observation_witness_test	call_contract_mismatch	bare_name_binding	test.claim.spark_capability_observation_witness_test.w_the_exact_principal_gets_its_own_answer	call contract mismatch calling 'observation': no parameter named 'host' (declared: [id, cell, duration_ms])
test.claim.spark_capability_observation_witness_test (witness); bare=observation	test.claim.spark_capability_observation_witness_test.observation	test.claim.roadmap_forecast_witness.observation	test.claim.roadmap_forecast_witness|test.claim.spark_capability_observation_witness_test	call_contract_mismatch	bare_name_binding	test.claim.spark_capability_observation_witness_test.w_a_probe_that_may_have_established_the_subject_is_not_evidence	call contract mismatch calling 'observation': no parameter named 'host' (declared: [id, cell, duration_ms])
test.claim.spark_capability_observation_witness_test (witness); bare=observation	test.claim.spark_capability_observation_witness_test.observation	test.claim.roadmap_forecast_witness.observation	test.claim.roadmap_forecast_witness|test.claim.spark_capability_observation_witness_test	call_contract_mismatch	bare_name_binding	test.claim.spark_capability_observation_witness_test.w_an_inert_probe_of_durable_state_is_evidence	call contract mismatch calling 'observation': no parameter named 'host' (declared: [id, cell, duration_ms])
test.claim.spark_capability_observation_witness_test (witness); bare=observation	test.claim.spark_capability_observation_witness_test.observation	test.claim.roadmap_forecast_witness.observation	test.claim.roadmap_forecast_witness|test.claim.spark_capability_observation_witness_test	call_contract_mismatch	bare_name_binding	test.claim.spark_capability_observation_witness_test.w_an_absence_survives_a_self_establishing_probe	call contract mismatch calling 'observation': no parameter named 'host' (declared: [id, cell, duration_ms])
test.claim.spark_capability_observation_witness_test (witness); bare=observation	test.claim.spark_capability_observation_witness_test.observation	test.claim.roadmap_forecast_witness.observation	test.claim.roadmap_forecast_witness|test.claim.spark_capability_observation_witness_test	call_contract_mismatch	bare_name_binding	test.claim.spark_capability_observation_witness_test.red_control_unclassified_probe_effect_refuses	call contract mismatch calling 'observation': no parameter named 'host' (declared: [id, cell, duration_ms])
test.claim.spark_serving_realization_witness_test (witness); bare=process_identity_eq		gunbc.runner_connectivity_recovery.process_identity_eq	gunbc.runner_connectivity_recovery|gunbc.spark_serving_realization	call_contract_mismatch	bare_name_binding	test.claim.spark_serving_realization_witness_test.w_granting_sudo_does_not_upgrade_an_already_satisfied_intent	call contract mismatch calling 'process_identity_eq': no parameter named 'left' (declared: [a, b])
test.claim.spark_serving_realization_witness_test (witness); bare=process_identity_eq		gunbc.runner_connectivity_recovery.process_identity_eq	gunbc.runner_connectivity_recovery|gunbc.spark_serving_realization	call_contract_mismatch	bare_name_binding	test.claim.spark_serving_realization_witness_test.w_the_already_satisfied_host_selects_the_less_privileged_mechanism	call contract mismatch calling 'process_identity_eq': no parameter named 'left' (declared: [a, b])
test.claim.spark_serving_realization_witness_test (witness); bare=process_identity_eq		gunbc.runner_connectivity_recovery.process_identity_eq	gunbc.runner_connectivity_recovery|gunbc.spark_serving_realization	call_contract_mismatch	bare_name_binding	test.claim.spark_serving_realization_witness_test.w_privilege_enables_when_nothing_else_can_satisfy_the_intent	call contract mismatch calling 'process_identity_eq': no parameter named 'left' (declared: [a, b])
test.claim.spark_serving_realization_witness_test (witness); bare=process_identity_eq		gunbc.runner_connectivity_recovery.process_identity_eq	gunbc.runner_connectivity_recovery|gunbc.spark_serving_realization	call_contract_mismatch	bare_name_binding	test.claim.spark_serving_realization_witness_test.w_selection_is_not_constant_across_genuinely_different_hosts	call contract mismatch calling 'process_identity_eq': no parameter named 'left' (declared: [a, b])
test.claim.spark_serving_realization_witness_test (witness); bare=process_identity_eq		gunbc.runner_connectivity_recovery.process_identity_eq	gunbc.runner_connectivity_recovery|gunbc.spark_serving_realization	call_contract_mismatch	bare_name_binding	test.claim.spark_serving_realization_witness_test.w_user_unit_refused_when_it_cannot_satisfy_the_lifecycle	call contract mismatch calling 'process_identity_eq': no parameter named 'left' (declared: [a, b])
test.claim.spark_serving_realization_witness_test (witness); bare=process_identity_eq		gunbc.runner_connectivity_recovery.process_identity_eq	gunbc.runner_connectivity_recovery|gunbc.spark_serving_realization	call_contract_mismatch	bare_name_binding	test.claim.spark_serving_realization_witness_test.w_unobserved_capability_refuses_rather_than_admitting	call contract mismatch calling 'process_identity_eq': no parameter named 'left' (declared: [a, b])
test.claim.spark_serving_realization_witness_test (witness); bare=process_identity_eq		gunbc.runner_connectivity_recovery.process_identity_eq	gunbc.runner_connectivity_recovery|gunbc.spark_serving_realization	call_contract_mismatch	bare_name_binding	test.claim.spark_serving_realization_witness_test.w_system_unit_selected_when_it_is_the_only_admitted_mechanism	call contract mismatch calling 'process_identity_eq': no parameter named 'left' (declared: [a, b])
test.claim.spark_serving_realization_witness_test (witness); bare=process_identity_eq		gunbc.runner_connectivity_recovery.process_identity_eq	gunbc.runner_connectivity_recovery|gunbc.spark_serving_realization	call_contract_mismatch	bare_name_binding	test.claim.spark_serving_realization_witness_test.w_no_managed_executor_refuses_under_managed_authority	call contract mismatch calling 'process_identity_eq': no parameter named 'left' (declared: [a, b])
test.claim.spark_serving_realization_witness_test (witness); bare=process_identity_eq		gunbc.runner_connectivity_recovery.process_identity_eq	gunbc.runner_connectivity_recovery|gunbc.spark_serving_realization	call_contract_mismatch	bare_name_binding	test.claim.spark_serving_realization_witness_test.red_control_privilege_does_not_select_the_architecture	call contract mismatch calling 'process_identity_eq': no parameter named 'left' (declared: [a, b])
test.claim.spark_serving_realization_witness_test (witness); bare=process_identity_eq		gunbc.runner_connectivity_recovery.process_identity_eq	gunbc.runner_connectivity_recovery|gunbc.spark_serving_realization	call_contract_mismatch	bare_name_binding	test.claim.spark_serving_realization_witness_test.w_user_unit_is_structurally_inadmissible_under_a_separated_service_identity	call contract mismatch calling 'process_identity_eq': no parameter named 'left' (declared: [a, b])
test.claim.spark_serving_realization_witness_test (witness); bare=process_identity_eq		gunbc.runner_connectivity_recovery.process_identity_eq	gunbc.runner_connectivity_recovery|gunbc.spark_serving_realization	call_contract_mismatch	bare_name_binding	test.claim.spark_serving_realization_witness_test.w_user_unit_is_admissible_when_the_intent_does_not_require_separation	call contract mismatch calling 'process_identity_eq': no parameter named 'left' (declared: [a, b])
test.claim.spark_serving_realization_witness_test (witness); bare=process_identity_eq		gunbc.runner_connectivity_recovery.process_identity_eq	gunbc.runner_connectivity_recovery|gunbc.spark_serving_realization	call_contract_mismatch	bare_name_binding	test.claim.spark_serving_realization_witness_test.w_the_identity_refusal_needs_no_host_observation	call contract mismatch calling 'process_identity_eq': no parameter named 'left' (declared: [a, b])
test.claim.spark_serving_realization_witness_test (witness); bare=process_identity_eq		gunbc.runner_connectivity_recovery.process_identity_eq	gunbc.runner_connectivity_recovery|gunbc.spark_serving_realization	call_contract_mismatch	bare_name_binding	test.claim.spark_serving_realization_witness_test.red_control_system_unit_satisfies_the_identity_contract	call contract mismatch calling 'process_identity_eq': no parameter named 'left' (declared: [a, b])
test.claim.spark_serving_release_witness_test (witness); bare=process_identity_eq		gunbc.runner_connectivity_recovery.process_identity_eq	gunbc.runner_connectivity_recovery|gunbc.spark_serving_realization	call_contract_mismatch	bare_name_binding	test.claim.spark_serving_release_witness_test.w_an_absent_spark_with_the_existing_grant_is_ready_to_apply	call contract mismatch calling 'process_identity_eq': no parameter named 'left' (declared: [a, b])
test.claim.spark_serving_release_witness_test (witness); bare=process_identity_eq		gunbc.runner_connectivity_recovery.process_identity_eq	gunbc.runner_connectivity_recovery|gunbc.spark_serving_realization	call_contract_mismatch	bare_name_binding	test.claim.spark_serving_release_witness_test.w_the_same_absent_host_is_blocked_when_the_grant_is_missing	call contract mismatch calling 'process_identity_eq': no parameter named 'left' (declared: [a, b])
test.claim.spark_serving_release_witness_test (witness); bare=process_identity_eq		gunbc.runner_connectivity_recovery.process_identity_eq	gunbc.runner_connectivity_recovery|gunbc.spark_serving_realization	call_contract_mismatch	bare_name_binding	test.claim.spark_serving_release_witness_test.w_a_converged_host_is_no_change_even_with_no_grants	call contract mismatch calling 'process_identity_eq': no parameter named 'left' (declared: [a, b])
test.claim.spark_serving_release_witness_test (witness); bare=process_identity_eq		gunbc.runner_connectivity_recovery.process_identity_eq	gunbc.runner_connectivity_recovery|gunbc.spark_serving_realization	call_contract_mismatch	bare_name_binding	test.claim.spark_serving_release_witness_test.w_an_unobservable_host_blocks_on_observation_not_privilege	call contract mismatch calling 'process_identity_eq': no parameter named 'left' (declared: [a, b])
test.claim.spark_serving_release_witness_test (witness); bare=process_identity_eq		gunbc.runner_connectivity_recovery.process_identity_eq	gunbc.runner_connectivity_recovery|gunbc.spark_serving_realization	call_contract_mismatch	bare_name_binding	test.claim.spark_serving_release_witness_test.w_plan_row_applicable_requires_change_and_privilege	call contract mismatch calling 'process_identity_eq': no parameter named 'left' (declared: [a, b])
test.claim.spark_serving_release_witness_test (witness); bare=process_identity_eq		gunbc.runner_connectivity_recovery.process_identity_eq	gunbc.runner_connectivity_recovery|gunbc.spark_serving_realization	call_contract_mismatch	bare_name_binding	test.claim.spark_serving_release_witness_test.w_a_user_unit_is_inadmissible_under_a_no_login_identity_intent	call contract mismatch calling 'process_identity_eq': no parameter named 'left' (declared: [a, b])
test.claim.spark_serving_release_witness_test (witness); bare=process_identity_eq		gunbc.runner_connectivity_recovery.process_identity_eq	gunbc.runner_connectivity_recovery|gunbc.spark_serving_realization	call_contract_mismatch	bare_name_binding	test.claim.spark_serving_release_witness_test.w_the_intent_decides_admissibility_of_the_same_realization	call contract mismatch calling 'process_identity_eq': no parameter named 'left' (declared: [a, b])
test.claim.spark_serving_release_witness_test (witness); bare=process_identity_eq		gunbc.runner_connectivity_recovery.process_identity_eq	gunbc.runner_connectivity_recovery|gunbc.spark_serving_realization	call_contract_mismatch	bare_name_binding	test.claim.spark_serving_release_witness_test.w_an_inadmissible_realization_is_not_applicable	call contract mismatch calling 'process_identity_eq': no parameter named 'left' (declared: [a, b])
test.claim.spark_serving_release_witness_test (witness); bare=process_identity_eq		gunbc.runner_connectivity_recovery.process_identity_eq	gunbc.runner_connectivity_recovery|gunbc.spark_serving_realization	call_contract_mismatch	bare_name_binding	test.claim.spark_serving_release_witness_test.w_a_system_unit_under_the_no_login_intent_blocks_on_privilege	call contract mismatch calling 'process_identity_eq': no parameter named 'left' (declared: [a, b])
test.claim.spark_serving_release_witness_test (witness); bare=process_identity_eq		gunbc.runner_connectivity_recovery.process_identity_eq	gunbc.runner_connectivity_recovery|gunbc.spark_serving_realization	call_contract_mismatch	bare_name_binding	test.claim.spark_serving_release_witness_test.w_a_grant_observed_on_another_host_does_not_authorize_this_one	call contract mismatch calling 'process_identity_eq': no parameter named 'left' (declared: [a, b])
test.claim.spark_serving_release_witness_test (witness); bare=process_identity_eq		gunbc.runner_connectivity_recovery.process_identity_eq	gunbc.runner_connectivity_recovery|gunbc.spark_serving_realization	call_contract_mismatch	bare_name_binding	test.claim.spark_serving_release_witness_test.w_a_grant_observed_for_another_principal_does_not_authorize_this_one	call contract mismatch calling 'process_identity_eq': no parameter named 'left' (declared: [a, b])
test.claim.spark_serving_release_witness_test (witness); bare=process_identity_eq		gunbc.runner_connectivity_recovery.process_identity_eq	gunbc.runner_connectivity_recovery|gunbc.spark_serving_realization	call_contract_mismatch	bare_name_binding	test.claim.spark_serving_release_witness_test.w_evidence_mismatch_and_unobservability_are_different_answers	call contract mismatch calling 'process_identity_eq': no parameter named 'left' (declared: [a, b])
test.claim.spark_serving_release_witness_test (witness); bare=process_identity_eq		gunbc.runner_connectivity_recovery.process_identity_eq	gunbc.runner_connectivity_recovery|gunbc.spark_serving_realization	call_contract_mismatch	bare_name_binding	test.claim.spark_serving_release_witness_test.w_a_grant_observed_under_another_credential_does_not_authorize_the_plan	call contract mismatch calling 'process_identity_eq': no parameter named 'left' (declared: [a, b])
test.claim.spark_serving_release_witness_test (witness); bare=process_identity_eq		gunbc.runner_connectivity_recovery.process_identity_eq	gunbc.runner_connectivity_recovery|gunbc.spark_serving_realization	call_contract_mismatch	bare_name_binding	test.claim.spark_serving_release_witness_test.w_the_same_grant_under_the_expected_credential_is_ready_to_apply	call contract mismatch calling 'process_identity_eq': no parameter named 'left' (declared: [a, b])
test.claim.spark_serving_release_witness_test (witness); bare=process_identity_eq		gunbc.runner_connectivity_recovery.process_identity_eq	gunbc.runner_connectivity_recovery|gunbc.spark_serving_realization	call_contract_mismatch	bare_name_binding	test.claim.spark_serving_release_witness_test.w_an_unobserved_record_for_another_host_is_a_mismatch_not_an_observation_block	call contract mismatch calling 'process_identity_eq': no parameter named 'left' (declared: [a, b])
test.claim.spark_serving_release_witness_test (witness); bare=process_identity_eq		gunbc.runner_connectivity_recovery.process_identity_eq	gunbc.runner_connectivity_recovery|gunbc.spark_serving_realization	call_contract_mismatch	bare_name_binding	test.claim.spark_serving_release_witness_test.w_an_unobserved_record_for_this_host_blocks_on_observation	call contract mismatch calling 'process_identity_eq': no parameter named 'left' (declared: [a, b])
test.claim.spatial_knowledge_witness (witness); bare=admits		test.claim.check_coverage_admission_witness.admits	test.claim.altra_minimal_design_witness|test.claim.check_coverage_admission_witness|test.claim.compute_board_physical_witness|test.claim.compute_board_power_distribution_witness|test.claim.ice40_supply_witness|test.claim.spatial_knowledge_witness	call_contract_mismatch	bare_name_binding	test.claim.spatial_knowledge_witness.spatial_knowledge_witnesses	call contract mismatch calling 'admits': no parameter named 'dimension' (declared: [coverage])
test.claim.srv3_host_effect_apply_witness.witness_srv3_apply_shell_failure_refuses_typed				other	other	test.claim.srv3_host_effect_apply_witness.witness_srv3_apply_shell_failure_refuses_typed	returned Bool(false)
test.claim.srv3_host_effect_apply_witness.witness_srv3_apply_failure_surfaces_captured_stdout_not_fabricated				other	other	test.claim.srv3_host_effect_apply_witness.witness_srv3_apply_failure_surfaces_captured_stdout_not_fabricated	returned Bool(false)
test.claim.srv3_host_effect_apply_witness.witness_srv3_apply_failure_no_fabricated_stdout				other	other	test.claim.srv3_host_effect_apply_witness.witness_srv3_apply_failure_no_fabricated_stdout	returned Bool(false)
test.claim.srv3_install_media_fetch_real_execution.install_media_hash_matches_true_by_real_execution				other	other	test.claim.srv3_install_media_fetch_real_execution.install_media_hash_matches_true_by_real_execution	type error: hermetic mode: no mock_response for operation Dir — refusing to fabricate Unit
test.claim.srv3_install_media_fetch_real_execution.install_media_hash_matches_false_on_wrong_hash_by_real_execution				other	other	test.claim.srv3_install_media_fetch_real_execution.install_media_hash_matches_false_on_wrong_hash_by_real_execution	type error: hermetic mode: no mock_response for operation Dir — refusing to fabricate Unit
test.claim.srv3_install_media_fetch_real_execution.observe_install_media_fetch_covers_absent_verified_and_mismatch_by_real_execution				other	other	test.claim.srv3_install_media_fetch_real_execution.observe_install_media_fetch_covers_absent_verified_and_mismatch_by_real_execution	type error: hermetic mode: no mock_response for operation Dir — refusing to fabricate Unit
test.claim.srv3_seeded_install_media_real_execution.install_media_remaster_ensure_grub_cmdline_inserts_by_real_execution				other	other	test.claim.srv3_seeded_install_media_real_execution.install_media_remaster_ensure_grub_cmdline_inserts_by_real_execution	type error: hermetic mode: no mock_response for operation Dir — refusing to fabricate Unit
test.claim.srv3_subsumption.srv3_reconcile_adds_exactly_the_missing_fleet_key				other	other	test.claim.srv3_subsumption.srv3_reconcile_adds_exactly_the_missing_fleet_key	type error: atom_identity_hash requires exactly one string argument
test.claim.srv3_subsumption.srv3_reconcile_refuses_both_unowned_keys_never_teardown				other	other	test.claim.srv3_subsumption.srv3_reconcile_refuses_both_unowned_keys_never_teardown	type error: atom_identity_hash requires exactly one string argument
test.claim.srv3_subsumption.srv4_reconcile_is_converged_empty_plan				other	other	test.claim.srv3_subsumption.srv4_reconcile_is_converged_empty_plan	type error: atom_identity_hash requires exactly one string argument
test.claim.srv3_subsumption.srv3_and_srv4_disagree_on_convergence				other	other	test.claim.srv3_subsumption.srv3_and_srv4_disagree_on_convergence	type error: atom_identity_hash requires exactly one string argument
test.claim.srv3_subsumption.reconcile_would_teardown_only_if_ownership_claimed_it				other	other	test.claim.srv3_subsumption.reconcile_would_teardown_only_if_ownership_claimed_it	type error: atom_identity_hash requires exactly one string argument
test.claim.srv3_subsumption.comment_only_drift_is_one_change_not_remove_add				other	other	test.claim.srv3_subsumption.comment_only_drift_is_one_change_not_remove_add	type error: atom_identity_hash requires exactly one string argument
test.claim.stage0_rust_honest_frontier_integration_witness.honest_frontier_integration_joins_c1_and_c2				other	other	test.claim.stage0_rust_honest_frontier_integration_witness.honest_frontier_integration_joins_c1_and_c2	witness receipt wall budget exceeded: 501ms wall > 500ms whole-receipt budget (falsifier wet/silent-pick lane; kill-at-deadline)
test.claim.structured_application_mismatch_wall_witness.structured_single_authority_at_mechanism_field_accepts				other	other	test.claim.structured_application_mismatch_wall_witness.structured_single_authority_at_mechanism_field_accepts	exceeded Cpu budget (877ms elapsed against 500ms)
test.claim.transport_script_wall_compile_red.wall_red_string_join_into_retained_record_refuses				other	other	test.claim.transport_script_wall_compile_red.wall_red_string_join_into_retained_record_refuses	exceeded Cpu budget (1848ms elapsed against 500ms)
test.claim.transport_script_wall_compile_red.wall_red_deleted_free_minter_refuses				other	other	test.claim.transport_script_wall_compile_red.wall_red_deleted_free_minter_refuses	exceeded Cpu budget (1828ms elapsed against 500ms)
test.claim.typed_witness_invocation.typed_is_executable_positive_holds				other	other	test.claim.typed_witness_invocation.typed_is_executable_positive_holds	type error: hermetic mode: no mock_response for operation IsExecutable — refusing to fabricate Unit
test.claim.typed_witness_invocation.typed_is_executable_negative_red_control_holds				other	other	test.claim.typed_witness_invocation.typed_is_executable_negative_red_control_holds	type error: hermetic mode: no mock_response for operation IsExecutable — refusing to fabricate Unit
test.claim.typed_witness_invocation.typed_witness_bin_run_argv_holds				other	other	test.claim.typed_witness_invocation.typed_witness_bin_run_argv_holds	type error: hermetic mode: no mock_response for operation Run — refusing to fabricate Unit
test.claim.typed_witness_invocation.typed_witness_bin_run_nonzero_red_control_holds				other	other	test.claim.typed_witness_invocation.typed_witness_bin_run_nonzero_red_control_holds	type error: hermetic mode: no mock_response for operation Run — refusing to fabricate Unit
test.claim.typed_witness_invocation.typed_witness_bin_run_args_splice_holds				other	other	test.claim.typed_witness_invocation.typed_witness_bin_run_args_splice_holds	type error: hermetic mode: no mock_response for operation Run — refusing to fabricate Unit
test.claim.typed_witness_invocation.typed_witness_bin_run_workdir_anchors_holds				other	other	test.claim.typed_witness_invocation.typed_witness_bin_run_workdir_anchors_holds	type error: hermetic mode: no mock_response for operation Run — refusing to fabricate Unit
test.claim.typed_witness_invocation.typed_witness_bin_run_workdir_anchors_root_control_holds				other	other	test.claim.typed_witness_invocation.typed_witness_bin_run_workdir_anchors_root_control_holds	type error: hermetic mode: no mock_response for operation Run — refusing to fabricate Unit
test.claim.typed_witness_invocation.typed_witness_bin_run_loud_failure_red_control_holds				other	other	test.claim.typed_witness_invocation.typed_witness_bin_run_loud_failure_red_control_holds	type error: hermetic mode: no mock_response for operation Run — refusing to fabricate Unit
test.claim.typed_witness_invocation.typed_is_nonempty_positive_holds				other	other	test.claim.typed_witness_invocation.typed_is_nonempty_positive_holds	type error: hermetic mode: no mock_response for operation IsNonEmpty — refusing to fabricate Unit
test.claim.typed_witness_invocation.typed_is_nonempty_zero_byte_red_control_holds				other	other	test.claim.typed_witness_invocation.typed_is_nonempty_zero_byte_red_control_holds	type error: hermetic mode: no mock_response for operation IsNonEmpty — refusing to fabricate Unit
test.claim.typed_witness_invocation.typed_gunbc_cli_run_claim_holds				other	other	test.claim.typed_witness_invocation.typed_gunbc_cli_run_claim_holds	type error: hermetic mode: no mock_response for operation Run — refusing to fabricate Unit
test.claim.typed_witness_invocation.typed_claim_batch_pooled_run_red_control_holds				other	other	test.claim.typed_witness_invocation.typed_claim_batch_pooled_run_red_control_holds	type error: hermetic mode: no mock_response for operation Run — refusing to fabricate Unit
test.claim.typed_witness_invocation.typed_claim_executor_verify_build_artifacts_red_control_holds				other	other	test.claim.typed_witness_invocation.typed_claim_executor_verify_build_artifacts_red_control_holds	type error: hermetic mode: no mock_response for operation VerifyBuildArtifacts — refusing to fabricate Unit
test.claim.v1_dag_parse_witness.v1_dag_parse_witnesses				other	other	test.claim.v1_dag_parse_witness.v1_dag_parse_witnesses	type error: hermetic mode: no mock_response for operation IsExecutable — refusing to fabricate Unit
test.claim.where_refinement_enforcement_witness.where_refinement_non_empty_string_literal_accepts				other	other	test.claim.where_refinement_enforcement_witness.where_refinement_non_empty_string_literal_accepts	exceeded Cpu budget (760ms elapsed against 500ms)
test.claim.where_refinement_enforcement_witness.where_refinement_non_literal_int_var_compile_clean				other	other	test.claim.where_refinement_enforcement_witness.where_refinement_non_literal_int_var_compile_clean	exceeded Cpu budget (545ms elapsed against 500ms)
test.claim.where_refinement_enforcement_witness.where_refinement_direct_return_var_compile_clean				other	other	test.claim.where_refinement_enforcement_witness.where_refinement_direct_return_var_compile_clean	exceeded Cpu budget (535ms elapsed against 500ms)
test.claim.where_refinement_enforcement_witness.where_refinement_data_init_non_literal_compile_clean				other	other	test.claim.where_refinement_enforcement_witness.where_refinement_data_init_non_literal_compile_clean	exceeded Cpu budget (537ms elapsed against 500ms)
test.claim.where_refinement_enforcement_witness.where_refinement_range_non_literal_compile_clean				other	other	test.claim.where_refinement_enforcement_witness.where_refinement_range_non_literal_compile_clean	exceeded Cpu budget (752ms elapsed against 500ms)
test.claim.where_refinement_enforcement_witness.where_refinement_cast_literal_lower_hex_64_accepts				other	other	test.claim.where_refinement_enforcement_witness.where_refinement_cast_literal_lower_hex_64_accepts	exceeded Cpu budget (923ms elapsed against 500ms)
test.claim.where_refinement_enforcement_witness.where_refinement_cast_literal_lower_hex_40_accepts				other	other	test.claim.where_refinement_enforcement_witness.where_refinement_cast_literal_lower_hex_40_accepts	exceeded Cpu budget (923ms elapsed against 500ms)
test.claim.where_refinement_enforcement_witness.where_refinement_cast_literal_lower_hex_16_accepts				other	other	test.claim.where_refinement_enforcement_witness.where_refinement_cast_literal_lower_hex_16_accepts	exceeded Cpu budget (906ms elapsed against 500ms)
test.claim.where_refinement_enforcement_witness.where_refinement_cast_literal_oci_other_digest_algorithm_refuses				other	other	test.claim.where_refinement_enforcement_witness.where_refinement_cast_literal_oci_other_digest_algorithm_refuses	exceeded Cpu budget (682ms elapsed against 500ms)
test.claim.where_refinement_enforcement_witness.where_refinement_cast_literal_oci_other_digest_algorithm_accepts				other	other	test.claim.where_refinement_enforcement_witness.where_refinement_cast_literal_oci_other_digest_algorithm_accepts	exceeded Cpu budget (2061ms elapsed against 500ms)
v2.test.lens_inert_carrier.inert_carrier_test.inert_carrier_no_unrostered_or_stale				other	other	v2.test.lens_inert_carrier.inert_carrier_test.inert_carrier_no_unrostered_or_stale	returned Bool(false)
v2.test.lens_mutation_adequacy.mutation_adequacy_test (witness); bare=unit_is_discriminating				no_such_function	reach_gap	v2.test.lens_mutation_adequacy.mutation_adequacy_test.adequate_when_every_mutation_has_a_discriminating_witness	no such function: unit_is_discriminating
v2.test.lens_mutation_adequacy.mutation_adequacy_test (witness); bare=unit_is_discriminating				no_such_function	reach_gap	v2.test.lens_mutation_adequacy.mutation_adequacy_test.surviving_mutation_is_inadequate	no such function: unit_is_discriminating
v2.test.lens_testgen.generator_provenance.lens_testgen_scheduled_generators_carry_provenance_holds				other	other	v2.test.lens_testgen.generator_provenance.lens_testgen_scheduled_generators_carry_provenance_holds	witness receipt wall budget exceeded: 503ms wall > 500ms whole-receipt budget (falsifier wet/silent-pick lane; kill-at-deadline)
v2.test.lens_testgen.shadow_ci_receipt.lens_testgen_shadow_ci_run_receipt_holds				other	other	v2.test.lens_testgen.shadow_ci_receipt.lens_testgen_shadow_ci_run_receipt_holds	eval budget exceeded: 502ms thread-CPU > 500ms fast-lane budget (operator 5s rule 2026-07-12). This budget is enforced on THREAD CPU, not wall. RELOCATING THE FILE DOES NOT DISCHARGE IT: moving a witness under a long/ dir removes it from per-PR discovery without giving it an executing consumer, which deletes the coverage while retaining the source (the gunbc#7762 specimen behind the 2026-08-04 admission ruling). Either reduce the witness's cost, or enroll it in a lane that declares its own dated ceiling AND names the row as an executing consumer.
v2.test.lens_vacuity.vacuity_test (witness); bare=nat_add_left_identity_input				no_such_function	reach_gap	v2.test.lens_vacuity.vacuity_test.vacuity_rung5_emit_vs_eval_classifies_proven_independent	no such function: nat_add_left_identity_input
v2.test.lens_vacuity.vacuity_test (witness); bare=nat_add_left_identity_input				no_such_function	reach_gap	v2.test.lens_vacuity.vacuity_test.vacuity_unified_node_corpus_matches_transport_classifier	no such function: nat_add_left_identity_input
v2.test.lens_vacuity.vacuity_test (witness); bare=nat_add_left_identity_input				no_such_function	reach_gap	v2.test.lens_vacuity.vacuity_test.vacuity_falsification_cases_each_match_expected_evidence	no such function: nat_add_left_identity_input
v2.test.lens_vacuity.vacuity_test (witness); bare=nat_add_left_identity_input				no_such_function	reach_gap	v2.test.lens_vacuity.vacuity_test.vacuity_advisory_census_partitions_falsification_suite	no such function: nat_add_left_identity_input
v2.test.lens_vacuity.vacuity_test (witness); bare=nat_add_left_identity_input				no_such_function	reach_gap	v2.test.lens_vacuity.vacuity_test.vacuity_falsification_suite_nonempty	no such function: nat_add_left_identity_input
v2.test.claim.auth_declared_but_unwired_witness.auth_declared_but_unwired_witness_keystone_holds				other	other	v2.test.claim.auth_declared_but_unwired_witness.auth_declared_but_unwired_witness_keystone_holds	type error: hermetic mode: no mock_response for operation IsExecutable — refusing to fabricate Unit
v2.test.claim.body_lowering.atom_body_discriminator_witness.atom_body_discriminator_single_pass_receipt_holds				other	other	v2.test.claim.body_lowering.atom_body_discriminator_witness.atom_body_discriminator_single_pass_receipt_holds	witness receipt wall budget exceeded: 511ms wall > 500ms whole-receipt budget (falsifier wet/silent-pick lane; kill-at-deadline)
v2.test.claim.bootstrap.bootstrap_witness_keystone_holds				other	other	v2.test.claim.bootstrap.bootstrap_witness_keystone_holds	type error: hermetic mode: no mock_response for operation IsExecutable — refusing to fabricate Unit
v2.test.claim.byte_cardinality_grounding.byte_grounding_accepts_8_bits				other	other	v2.test.claim.byte_cardinality_grounding.byte_grounding_accepts_8_bits	non-exhaustive pattern match on: [1, 0, 1, 0, 1, 0, 1, 0]
v2.test.claim.byte_cardinality_grounding.byte_grounding_rejects_7_bits				other	other	v2.test.claim.byte_cardinality_grounding.byte_grounding_rejects_7_bits	non-exhaustive pattern match on: [1, 0, 1, 0, 1, 0, 1]
v2.test.claim.cardinality_fold_propagation.fold_within_bound_accepts				other	other	v2.test.claim.cardinality_fold_propagation.fold_within_bound_accepts	non-exhaustive pattern match on: 200
v2.test.claim.cardinality_fold_propagation.fold_overflow_rejects				other	other	v2.test.claim.cardinality_fold_propagation.fold_overflow_rejects	non-exhaustive pattern match on: 300
v2.test.claim.compilation_unit_witness.declared_fields_only_is_the_accepted_control				other	other	v2.test.claim.compilation_unit_witness.declared_fields_only_is_the_accepted_control	exceeded Cpu budget (786ms elapsed against 500ms)
v2.test.claim.compiler_materialization_witness (witness); bare=LocalInProcess				undefined_variable	reach_gap	v2.test.claim.compiler_materialization_witness.parse_table_carrier_inhabits_realization	undefined variable: LocalInProcess
v2.test.claim.compiler_materialization_witness (witness); bare=LocalInProcess				undefined_variable	reach_gap	v2.test.claim.compiler_materialization_witness.compile_stage_carrier_inhabits_realization	undefined variable: LocalInProcess
v2.test.claim.effect_reach_test.effect_reach_path_data_init_derived_host_reading_holds				other	other	v2.test.claim.effect_reach_test.effect_reach_path_data_init_derived_host_reading_holds	eval budget exceeded: 3891ms thread-CPU > 500ms fast-lane budget (operator 5s rule 2026-07-12). This budget is enforced on THREAD CPU, not wall. RELOCATING THE FILE DOES NOT DISCHARGE IT: moving a witness under a long/ dir removes it from per-PR discovery without giving it an executing consumer, which deletes the coverage while retaining the source (the gunbc#7762 specimen behind the 2026-08-04 admission ruling). Either reduce the witness's cost, or enroll it in a lane that declares its own dated ceiling AND names the row as an executing consumer.
v2.test.claim.effect_reach_test.effect_reach_path_data_init_red_when_import_severed_holds				other	other	v2.test.claim.effect_reach_test.effect_reach_path_data_init_red_when_import_severed_holds	eval budget exceeded: 2040ms thread-CPU > 500ms fast-lane budget (operator 5s rule 2026-07-12). This budget is enforced on THREAD CPU, not wall. RELOCATING THE FILE DOES NOT DISCHARGE IT: moving a witness under a long/ dir removes it from per-PR discovery without giving it an executing consumer, which deletes the coverage while retaining the source (the gunbc#7762 specimen behind the 2026-08-04 admission ruling). Either reduce the witness's cost, or enroll it in a lane that declares its own dated ceiling AND names the row as an executing consumer.
v2.test.claim.effect_reach_test.effect_reach_path_touch_selects_on_normalize_path_holds				other	other	v2.test.claim.effect_reach_test.effect_reach_path_touch_selects_on_normalize_path_holds	eval budget exceeded: 1975ms thread-CPU > 500ms fast-lane budget (operator 5s rule 2026-07-12). This budget is enforced on THREAD CPU, not wall. RELOCATING THE FILE DOES NOT DISCHARGE IT: moving a witness under a long/ dir removes it from per-PR discovery without giving it an executing consumer, which deletes the coverage while retaining the source (the gunbc#7762 specimen behind the 2026-08-04 admission ruling). Either reduce the witness's cost, or enroll it in a lane that declares its own dated ceiling AND names the row as an executing consumer.
v2.test.claim.effect_reach_test.effect_reach_unrelated_path_does_not_select_holds				other	other	v2.test.claim.effect_reach_test.effect_reach_unrelated_path_does_not_select_holds	eval budget exceeded: 1902ms thread-CPU > 500ms fast-lane budget (operator 5s rule 2026-07-12). This budget is enforced on THREAD CPU, not wall. RELOCATING THE FILE DOES NOT DISCHARGE IT: moving a witness under a long/ dir removes it from per-PR discovery without giving it an executing consumer, which deletes the coverage while retaining the source (the gunbc#7762 specimen behind the 2026-08-04 admission ruling). Either reduce the witness's cost, or enroll it in a lane that declares its own dated ceiling AND names the row as an executing consumer.
v2.test.claim.effect_reach_test.effect_reach_hermetic_fixture_stays_local_holds				other	other	v2.test.claim.effect_reach_test.effect_reach_hermetic_fixture_stays_local_holds	eval budget exceeded: 1898ms thread-CPU > 500ms fast-lane budget (operator 5s rule 2026-07-12). This budget is enforced on THREAD CPU, not wall. RELOCATING THE FILE DOES NOT DISCHARGE IT: moving a witness under a long/ dir removes it from per-PR discovery without giving it an executing consumer, which deletes the coverage while retaining the source (the gunbc#7762 specimen behind the 2026-08-04 admission ruling). Either reduce the witness's cost, or enroll it in a lane that declares its own dated ceiling AND names the row as an executing consumer.
v2.test.claim.effect_reach_test.effect_reach_prose_string_path_does_not_classify_holds				other	other	v2.test.claim.effect_reach_test.effect_reach_prose_string_path_does_not_classify_holds	eval budget exceeded: 1880ms thread-CPU > 500ms fast-lane budget (operator 5s rule 2026-07-12). This budget is enforced on THREAD CPU, not wall. RELOCATING THE FILE DOES NOT DISCHARGE IT: moving a witness under a long/ dir removes it from per-PR discovery without giving it an executing consumer, which deletes the coverage while retaining the source (the gunbc#7762 specimen behind the 2026-08-04 admission ruling). Either reduce the witness's cost, or enroll it in a lane that declares its own dated ceiling AND names the row as an executing consumer.
v2.test.claim.effect_reach_test.effect_reach_concat_built_path_frontier_not_classified_holds				other	other	v2.test.claim.effect_reach_test.effect_reach_concat_built_path_frontier_not_classified_holds	eval budget exceeded: 2039ms thread-CPU > 500ms fast-lane budget (operator 5s rule 2026-07-12). This budget is enforced on THREAD CPU, not wall. RELOCATING THE FILE DOES NOT DISCHARGE IT: moving a witness under a long/ dir removes it from per-PR discovery without giving it an executing consumer, which deletes the coverage while retaining the source (the gunbc#7762 specimen behind the 2026-08-04 admission ruling). Either reduce the witness's cost, or enroll it in a lane that declares its own dated ceiling AND names the row as an executing consumer.
v2.test.claim.effect_reach_test.effect_reach_live_03_normalize_witness_derived_host_reading_holds				other	other	v2.test.claim.effect_reach_test.effect_reach_live_03_normalize_witness_derived_host_reading_holds	eval budget exceeded: 2005ms thread-CPU > 500ms fast-lane budget (operator 5s rule 2026-07-12). This budget is enforced on THREAD CPU, not wall. RELOCATING THE FILE DOES NOT DISCHARGE IT: moving a witness under a long/ dir removes it from per-PR discovery without giving it an executing consumer, which deletes the coverage while retaining the source (the gunbc#7762 specimen behind the 2026-08-04 admission ruling). Either reduce the witness's cost, or enroll it in a lane that declares its own dated ceiling AND names the row as an executing consumer.
v2.test.emit.produced_decl_support_preserved (witness); bare=render		std.layout.render	std.layout	call_contract_mismatch	bare_name_binding	v2.test.emit.produced_decl_support_preserved.produced_decl_support_survives_augmentation	call contract mismatch calling 'render': missing required argument 'proto' (1 of 2 required argument(s) supplied)
v2.test.claim.emit.trait_derive_supplemental_generic_bound_contract.nested_generic_contract_round_trip_preserves_keyed_authority				other	other	v2.test.claim.emit.trait_derive_supplemental_generic_bound_contract.nested_generic_contract_round_trip_preserves_keyed_authority	witness receipt wall budget exceeded: 772ms wall > 500ms whole-receipt budget (falsifier wet/silent-pick lane; kill-at-deadline)
v2.test.claim.emit.trait_derive_supplemental_generic_bound_contract.rust_vec_target_bundle_round_trip_preserves_im_vector_policy				other	other	v2.test.claim.emit.trait_derive_supplemental_generic_bound_contract.rust_vec_target_bundle_round_trip_preserves_im_vector_policy	eval budget exceeded: 808ms thread-CPU > 500ms fast-lane budget (operator 5s rule 2026-07-12). This budget is enforced on THREAD CPU, not wall. RELOCATING THE FILE DOES NOT DISCHARGE IT: moving a witness under a long/ dir removes it from per-PR discovery without giving it an executing consumer, which deletes the coverage while retaining the source (the gunbc#7762 specimen behind the 2026-08-04 admission ruling). Either reduce the witness's cost, or enroll it in a lane that declares its own dated ceiling AND names the row as an executing consumer.
v2.test.claim.emit.trait_derive_supplemental_generic_bound_contract.rust_vec_debug_contract_requires_clone_from_im_vector_authority				other	other	v2.test.claim.emit.trait_derive_supplemental_generic_bound_contract.rust_vec_debug_contract_requires_clone_from_im_vector_authority	eval budget exceeded: 803ms thread-CPU > 500ms fast-lane budget (operator 5s rule 2026-07-12). This budget is enforced on THREAD CPU, not wall. RELOCATING THE FILE DOES NOT DISCHARGE IT: moving a witness under a long/ dir removes it from per-PR discovery without giving it an executing consumer, which deletes the coverage while retaining the source (the gunbc#7762 specimen behind the 2026-08-04 admission ruling). Either reduce the witness's cost, or enroll it in a lane that declares its own dated ceiling AND names the row as an executing consumer.
v2.test.claim.emit.trait_derive_supplemental_generic_bound_contract.rust_vec_partial_eq_contract_requires_clone_from_im_vector_authority				other	other	v2.test.claim.emit.trait_derive_supplemental_generic_bound_contract.rust_vec_partial_eq_contract_requires_clone_from_im_vector_authority	eval budget exceeded: 919ms thread-CPU > 500ms fast-lane budget (operator 5s rule 2026-07-12). This budget is enforced on THREAD CPU, not wall. RELOCATING THE FILE DOES NOT DISCHARGE IT: moving a witness under a long/ dir removes it from per-PR discovery without giving it an executing consumer, which deletes the coverage while retaining the source (the gunbc#7762 specimen behind the 2026-08-04 admission ruling). Either reduce the witness's cost, or enroll it in a lane that declares its own dated ceiling AND names the row as an executing consumer.
v2.test.claim.emit.trait_derive_supplemental_generic_bound_contract.rust_vec_serialize_contract_requires_clone_from_im_vector_authority				other	other	v2.test.claim.emit.trait_derive_supplemental_generic_bound_contract.rust_vec_serialize_contract_requires_clone_from_im_vector_authority	eval budget exceeded: 881ms thread-CPU > 500ms fast-lane budget (operator 5s rule 2026-07-12). This budget is enforced on THREAD CPU, not wall. RELOCATING THE FILE DOES NOT DISCHARGE IT: moving a witness under a long/ dir removes it from per-PR discovery without giving it an executing consumer, which deletes the coverage while retaining the source (the gunbc#7762 specimen behind the 2026-08-04 admission ruling). Either reduce the witness's cost, or enroll it in a lane that declares its own dated ceiling AND names the row as an executing consumer.
v2.test.claim.emit.trait_derive_supplemental_generic_bound_contract.rust_vec_deserialize_contract_requires_clone_from_im_vector_authority				other	other	v2.test.claim.emit.trait_derive_supplemental_generic_bound_contract.rust_vec_deserialize_contract_requires_clone_from_im_vector_authority	eval budget exceeded: 732ms thread-CPU > 500ms fast-lane budget (operator 5s rule 2026-07-12). This budget is enforced on THREAD CPU, not wall. RELOCATING THE FILE DOES NOT DISCHARGE IT: moving a witness under a long/ dir removes it from per-PR discovery without giving it an executing consumer, which deletes the coverage while retaining the source (the gunbc#7762 specimen behind the 2026-08-04 admission ruling). Either reduce the witness's cost, or enroll it in a lane that declares its own dated ceiling AND names the row as an executing consumer.
v2.test.claim.emit.trait_derive_supplemental_generic_bound_contract.rust_vec_clone_contract_remains_explicit_empty_from_im_vector_authority				other	other	v2.test.claim.emit.trait_derive_supplemental_generic_bound_contract.rust_vec_clone_contract_remains_explicit_empty_from_im_vector_authority	eval budget exceeded: 882ms thread-CPU > 500ms fast-lane budget (operator 5s rule 2026-07-12). This budget is enforced on THREAD CPU, not wall. RELOCATING THE FILE DOES NOT DISCHARGE IT: moving a witness under a long/ dir removes it from per-PR discovery without giving it an executing consumer, which deletes the coverage while retaining the source (the gunbc#7762 specimen behind the 2026-08-04 admission ruling). Either reduce the witness's cost, or enroll it in a lane that declares its own dated ceiling AND names the row as an executing consumer.
v2.test.claim.emit.trait_derive_supplemental_generic_bound_contract.rust_vec_unmodeled_ord_contract_refuses_as_missing				other	other	v2.test.claim.emit.trait_derive_supplemental_generic_bound_contract.rust_vec_unmodeled_ord_contract_refuses_as_missing	eval budget exceeded: 889ms thread-CPU > 500ms fast-lane budget (operator 5s rule 2026-07-12). This budget is enforced on THREAD CPU, not wall. RELOCATING THE FILE DOES NOT DISCHARGE IT: moving a witness under a long/ dir removes it from per-PR discovery without giving it an executing consumer, which deletes the coverage while retaining the source (the gunbc#7762 specimen behind the 2026-08-04 admission ruling). Either reduce the witness's cost, or enroll it in a lane that declares its own dated ceiling AND names the row as an executing consumer.
v2.test.claim.emit.trait_derive_supplemental_generic_bound_contract.rust_set_target_bundle_round_trip_preserves_both_production_policies				other	other	v2.test.claim.emit.trait_derive_supplemental_generic_bound_contract.rust_set_target_bundle_round_trip_preserves_both_production_policies	eval budget exceeded: 889ms thread-CPU > 500ms fast-lane budget (operator 5s rule 2026-07-12). This budget is enforced on THREAD CPU, not wall. RELOCATING THE FILE DOES NOT DISCHARGE IT: moving a witness under a long/ dir removes it from per-PR discovery without giving it an executing consumer, which deletes the coverage while retaining the source (the gunbc#7762 specimen behind the 2026-08-04 admission ruling). Either reduce the witness's cost, or enroll it in a lane that declares its own dated ceiling AND names the row as an executing consumer.
v2.test.claim.emit.trait_derive_supplemental_generic_bound_contract.rust_btree_set_debug_contract_is_explicit_known_zero_from_std_authority				other	other	v2.test.claim.emit.trait_derive_supplemental_generic_bound_contract.rust_btree_set_debug_contract_is_explicit_known_zero_from_std_authority	eval budget exceeded: 877ms thread-CPU > 500ms fast-lane budget (operator 5s rule 2026-07-12). This budget is enforced on THREAD CPU, not wall. RELOCATING THE FILE DOES NOT DISCHARGE IT: moving a witness under a long/ dir removes it from per-PR discovery without giving it an executing consumer, which deletes the coverage while retaining the source (the gunbc#7762 specimen behind the 2026-08-04 admission ruling). Either reduce the witness's cost, or enroll it in a lane that declares its own dated ceiling AND names the row as an executing consumer.
v2.test.claim.emit.trait_derive_supplemental_generic_bound_contract.rust_btree_set_serialize_contract_is_explicit_known_zero_from_serde_authority				other	other	v2.test.claim.emit.trait_derive_supplemental_generic_bound_contract.rust_btree_set_serialize_contract_is_explicit_known_zero_from_serde_authority	eval budget exceeded: 867ms thread-CPU > 500ms fast-lane budget (operator 5s rule 2026-07-12). This budget is enforced on THREAD CPU, not wall. RELOCATING THE FILE DOES NOT DISCHARGE IT: moving a witness under a long/ dir removes it from per-PR discovery without giving it an executing consumer, which deletes the coverage while retaining the source (the gunbc#7762 specimen behind the 2026-08-04 admission ruling). Either reduce the witness's cost, or enroll it in a lane that declares its own dated ceiling AND names the row as an executing consumer.
v2.test.claim.emit.trait_derive_supplemental_generic_bound_contract.rust_btree_set_deserialize_contract_requires_ord_from_serde_authority				other	other	v2.test.claim.emit.trait_derive_supplemental_generic_bound_contract.rust_btree_set_deserialize_contract_requires_ord_from_serde_authority	eval budget exceeded: 720ms thread-CPU > 500ms fast-lane budget (operator 5s rule 2026-07-12). This budget is enforced on THREAD CPU, not wall. RELOCATING THE FILE DOES NOT DISCHARGE IT: moving a witness under a long/ dir removes it from per-PR discovery without giving it an executing consumer, which deletes the coverage while retaining the source (the gunbc#7762 specimen behind the 2026-08-04 admission ruling). Either reduce the witness's cost, or enroll it in a lane that declares its own dated ceiling AND names the row as an executing consumer.
v2.test.claim.emit.trait_derive_supplemental_generic_bound_contract.rust_hash_set_serialize_contract_is_known_zero_after_bundle_decode				other	other	v2.test.claim.emit.trait_derive_supplemental_generic_bound_contract.rust_hash_set_serialize_contract_is_known_zero_after_bundle_decode	eval budget exceeded: 876ms thread-CPU > 500ms fast-lane budget (operator 5s rule 2026-07-12). This budget is enforced on THREAD CPU, not wall. RELOCATING THE FILE DOES NOT DISCHARGE IT: moving a witness under a long/ dir removes it from per-PR discovery without giving it an executing consumer, which deletes the coverage while retaining the source (the gunbc#7762 specimen behind the 2026-08-04 admission ruling). Either reduce the witness's cost, or enroll it in a lane that declares its own dated ceiling AND names the row as an executing consumer.
v2.test.claim.emit.trait_derive_supplemental_generic_bound_contract.rust_hash_set_unrepresentable_hash_contracts_refuse_with_typed_blockers				other	other	v2.test.claim.emit.trait_derive_supplemental_generic_bound_contract.rust_hash_set_unrepresentable_hash_contracts_refuse_with_typed_blockers	eval budget exceeded: 861ms thread-CPU > 500ms fast-lane budget (operator 5s rule 2026-07-12). This budget is enforced on THREAD CPU, not wall. RELOCATING THE FILE DOES NOT DISCHARGE IT: moving a witness under a long/ dir removes it from per-PR discovery without giving it an executing consumer, which deletes the coverage while retaining the source (the gunbc#7762 specimen behind the 2026-08-04 admission ruling). Either reduce the witness's cost, or enroll it in a lane that declares its own dated ceiling AND names the row as an executing consumer.
v2.test.claim.emit.trait_derive_supplemental_generic_bound_contract.malformed_unrelated_row_poison_refuses_valid_debug_decode				other	other	v2.test.claim.emit.trait_derive_supplemental_generic_bound_contract.malformed_unrelated_row_poison_refuses_valid_debug_decode	exceeded Cpu budget (574ms elapsed against 500ms)
v2.test.execution.add_arrow_eval_by_execution.add_arrow_eval_parse_holds				other	other	v2.test.execution.add_arrow_eval_by_execution.add_arrow_eval_parse_holds	witness receipt wall budget exceeded: 504ms wall > 500ms whole-receipt budget (falsifier wet/silent-pick lane; kill-at-deadline)
v2.test.execution.add_arrow_eval_by_execution.add_arrow_eval_normalize_holds				other	other	v2.test.execution.add_arrow_eval_by_execution.add_arrow_eval_normalize_holds	eval budget exceeded: 501ms thread-CPU > 500ms fast-lane budget (operator 5s rule 2026-07-12). This budget is enforced on THREAD CPU, not wall. RELOCATING THE FILE DOES NOT DISCHARGE IT: moving a witness under a long/ dir removes it from per-PR discovery without giving it an executing consumer, which deletes the coverage while retaining the source (the gunbc#7762 specimen behind the 2026-08-04 admission ruling). Either reduce the witness's cost, or enroll it in a lane that declares its own dated ceiling AND names the row as an executing consumer.
v2.test.execution.add_arrow_eval_by_execution.add_arrow_eval_resolve_holds				other	other	v2.test.execution.add_arrow_eval_by_execution.add_arrow_eval_resolve_holds	eval budget exceeded: 503ms thread-CPU > 500ms fast-lane budget (operator 5s rule 2026-07-12). This budget is enforced on THREAD CPU, not wall. RELOCATING THE FILE DOES NOT DISCHARGE IT: moving a witness under a long/ dir removes it from per-PR discovery without giving it an executing consumer, which deletes the coverage while retaining the source (the gunbc#7762 specimen behind the 2026-08-04 admission ruling). Either reduce the witness's cost, or enroll it in a lane that declares its own dated ceiling AND names the row as an executing consumer.
v2.test.execution.add_arrow_eval_by_execution.add_arrow_eval_source_pipeline_admits_add_holds				other	other	v2.test.execution.add_arrow_eval_by_execution.add_arrow_eval_source_pipeline_admits_add_holds	eval budget exceeded: 501ms thread-CPU > 500ms fast-lane budget (operator 5s rule 2026-07-12). This budget is enforced on THREAD CPU, not wall. RELOCATING THE FILE DOES NOT DISCHARGE IT: moving a witness under a long/ dir removes it from per-PR discovery without giving it an executing consumer, which deletes the coverage while retaining the source (the gunbc#7762 specimen behind the 2026-08-04 admission ruling). Either reduce the witness's cost, or enroll it in a lane that declares its own dated ceiling AND names the row as an executing consumer.
v2.test.execution.add_arrow_eval_by_execution.add_arrow_eval_direct_runtime_holds				other	other	v2.test.execution.add_arrow_eval_by_execution.add_arrow_eval_direct_runtime_holds	returned Bool(false)
v2.test.execution.add_arrow_eval_by_execution.add_arrow_eval_source_driven_add_executes_holds				other	other	v2.test.execution.add_arrow_eval_by_execution.add_arrow_eval_source_driven_add_executes_holds	returned Bool(false)
v2.test.execution.add_arrow_eval_by_execution.add_arrow_eval_produced_add_body_executes_holds				other	other	v2.test.execution.add_arrow_eval_by_execution.add_arrow_eval_produced_add_body_executes_holds	returned Bool(false)
v2.test.execution.add_arrow_eval_by_execution.add_arrow_eval_generality_executes_holds				other	other	v2.test.execution.add_arrow_eval_by_execution.add_arrow_eval_generality_executes_holds	returned Bool(false)
v2.test.execution.add_arrow_eval_by_execution.add_arrow_eval_lazy_arm_branch_suppression_holds				other	other	v2.test.execution.add_arrow_eval_by_execution.add_arrow_eval_lazy_arm_branch_suppression_holds	returned Bool(false)
v2.test.execution.bind_eval_by_execution.bind_census_ingested_executes_holds				other	other	v2.test.execution.bind_eval_by_execution.bind_census_ingested_executes_holds	eval budget exceeded: 501ms thread-CPU > 500ms fast-lane budget (operator 5s rule 2026-07-12). This budget is enforced on THREAD CPU, not wall. RELOCATING THE FILE DOES NOT DISCHARGE IT: moving a witness under a long/ dir removes it from per-PR discovery without giving it an executing consumer, which deletes the coverage while retaining the source (the gunbc#7762 specimen behind the 2026-08-04 admission ruling). Either reduce the witness's cost, or enroll it in a lane that declares its own dated ceiling AND names the row as an executing consumer.
v2.test.execution.bind_eval_by_execution.bind_census_ingested_wrong_value_red_holds				other	other	v2.test.execution.bind_eval_by_execution.bind_census_ingested_wrong_value_red_holds	witness receipt wall budget exceeded: 501ms wall > 500ms whole-receipt budget (falsifier wet/silent-pick lane; kill-at-deadline)
v2.test.execution.dag_add_emit_round_trip.dag_add_domain_coerce_accepts_holds				other	other	v2.test.execution.dag_add_emit_round_trip.dag_add_domain_coerce_accepts_holds	returned Bool(false)
v2.test.execution.dag_add_emit_round_trip.dag_add_domain_translate_accepts_holds				other	other	v2.test.execution.dag_add_emit_round_trip.dag_add_domain_translate_accepts_holds	returned Bool(false)
v2.test.execution.emit_host_add_equals_eval.emit_host_add_equals_eval_holds				other	other	v2.test.execution.emit_host_add_equals_eval.emit_host_add_equals_eval_holds	host tool unresolved: "cargo" (probed: /home/ghrunner/.cargo/bin/cargo, /usr/local/sbin/cargo, /usr/local/bin/cargo, /usr/sbin/cargo, /usr/bin/cargo, /snap/bin/cargo, /home/ghrunner/.cargo/bin/cargo)
v2.test.execution.emit_host_add_equals_eval.emit_host_add_wrong_oracle_refuses_holds				other	other	v2.test.execution.emit_host_add_equals_eval.emit_host_add_wrong_oracle_refuses_holds	host tool unresolved: "cargo" (probed: /home/ghrunner/.cargo/bin/cargo, /usr/local/sbin/cargo, /usr/local/bin/cargo, /usr/sbin/cargo, /usr/bin/cargo, /snap/bin/cargo, /home/ghrunner/.cargo/bin/cargo)
v2.test.execution.emit_host_classical_not_ingested_equals_eval.ingested_classical_not_eval_subgraph_canonical_octet_zero_holds				other	other	v2.test.execution.emit_host_classical_not_ingested_equals_eval.ingested_classical_not_eval_subgraph_canonical_octet_zero_holds	eval budget exceeded: 501ms thread-CPU > 500ms fast-lane budget (operator 5s rule 2026-07-12). This budget is enforced on THREAD CPU, not wall. RELOCATING THE FILE DOES NOT DISCHARGE IT: moving a witness under a long/ dir removes it from per-PR discovery without giving it an executing consumer, which deletes the coverage while retaining the source (the gunbc#7762 specimen behind the 2026-08-04 admission ruling). Either reduce the witness's cost, or enroll it in a lane that declares its own dated ceiling AND names the row as an executing consumer.
v2.test.execution.emit_host_classical_not_ingested_equals_eval.ingested_classical_not_emit_octet_bridge_shape_holds				other	other	v2.test.execution.emit_host_classical_not_ingested_equals_eval.ingested_classical_not_emit_octet_bridge_shape_holds	eval budget exceeded: 501ms thread-CPU > 500ms fast-lane budget (operator 5s rule 2026-07-12). This budget is enforced on THREAD CPU, not wall. RELOCATING THE FILE DOES NOT DISCHARGE IT: moving a witness under a long/ dir removes it from per-PR discovery without giving it an executing consumer, which deletes the coverage while retaining the source (the gunbc#7762 specimen behind the 2026-08-04 admission ruling). Either reduce the witness's cost, or enroll it in a lane that declares its own dated ceiling AND names the row as an executing consumer.
v2.test.execution.emit_host_classical_not_ingested_equals_eval.ingested_classical_not_emit_source_arm_shape_holds				other	other	v2.test.execution.emit_host_classical_not_ingested_equals_eval.ingested_classical_not_emit_source_arm_shape_holds	witness receipt wall budget exceeded: 501ms wall > 500ms whole-receipt budget (falsifier wet/silent-pick lane; kill-at-deadline)
v2.test.execution.emit_host_classical_not_ingested_equals_eval.ingested_classical_not_canonical_emit_refuses_underived_holds				other	other	v2.test.execution.emit_host_classical_not_ingested_equals_eval.ingested_classical_not_canonical_emit_refuses_underived_holds	witness receipt wall budget exceeded: 501ms wall > 500ms whole-receipt budget (falsifier wet/silent-pick lane; kill-at-deadline)
v2.test.execution.emit_host_classical_not_ingested_equals_eval.ingested_classical_not_resolves_holds				other	other	v2.test.execution.emit_host_classical_not_ingested_equals_eval.ingested_classical_not_resolves_holds	eval budget exceeded: 504ms thread-CPU > 500ms fast-lane budget (operator 5s rule 2026-07-12). This budget is enforced on THREAD CPU, not wall. RELOCATING THE FILE DOES NOT DISCHARGE IT: moving a witness under a long/ dir removes it from per-PR discovery without giving it an executing consumer, which deletes the coverage while retaining the source (the gunbc#7762 specimen behind the 2026-08-04 admission ruling). Either reduce the witness's cost, or enroll it in a lane that declares its own dated ceiling AND names the row as an executing consumer.
v2.test.execution.emit_host_classical_not_ingested_equals_eval.ingested_classical_not_arrow_has_match_holds				other	other	v2.test.execution.emit_host_classical_not_ingested_equals_eval.ingested_classical_not_arrow_has_match_holds	witness receipt wall budget exceeded: 502ms wall > 500ms whole-receipt budget (falsifier wet/silent-pick lane; kill-at-deadline)
v2.test.execution.emit_host_classical_not_ingested_equals_eval.ingested_classical_not_staging_emit_refuses_underived_holds				other	other	v2.test.execution.emit_host_classical_not_ingested_equals_eval.ingested_classical_not_staging_emit_refuses_underived_holds	eval budget exceeded: 502ms thread-CPU > 500ms fast-lane budget (operator 5s rule 2026-07-12). This budget is enforced on THREAD CPU, not wall. RELOCATING THE FILE DOES NOT DISCHARGE IT: moving a witness under a long/ dir removes it from per-PR discovery without giving it an executing consumer, which deletes the coverage while retaining the source (the gunbc#7762 specimen behind the 2026-08-04 admission ruling). Either reduce the witness's cost, or enroll it in a lane that declares its own dated ceiling AND names the row as an executing consumer.
v2.test.execution.emit_host_classical_not_ingested_equals_eval.ingested_classical_not_staging_swapped_emit_refuses_underived_holds				other	other	v2.test.execution.emit_host_classical_not_ingested_equals_eval.ingested_classical_not_staging_swapped_emit_refuses_underived_holds	eval budget exceeded: 502ms thread-CPU > 500ms fast-lane budget (operator 5s rule 2026-07-12). This budget is enforced on THREAD CPU, not wall. RELOCATING THE FILE DOES NOT DISCHARGE IT: moving a witness under a long/ dir removes it from per-PR discovery without giving it an executing consumer, which deletes the coverage while retaining the source (the gunbc#7762 specimen behind the 2026-08-04 admission ruling). Either reduce the witness's cost, or enroll it in a lane that declares its own dated ceiling AND names the row as an executing consumer.
v2.test.execution.emit_host_classical_not_ingested_equals_eval.emit_host_classical_not_ingested_equals_eval_holds				other	other	v2.test.execution.emit_host_classical_not_ingested_equals_eval.emit_host_classical_not_ingested_equals_eval_holds	eval budget exceeded: 502ms thread-CPU > 500ms fast-lane budget (operator 5s rule 2026-07-12). This budget is enforced on THREAD CPU, not wall. RELOCATING THE FILE DOES NOT DISCHARGE IT: moving a witness under a long/ dir removes it from per-PR discovery without giving it an executing consumer, which deletes the coverage while retaining the source (the gunbc#7762 specimen behind the 2026-08-04 admission ruling). Either reduce the witness's cost, or enroll it in a lane that declares its own dated ceiling AND names the row as an executing consumer.
v2.test.execution.emit_host_classical_not_ingested_equals_eval.emit_host_classical_not_ingested_swapped_refuses_holds				other	other	v2.test.execution.emit_host_classical_not_ingested_equals_eval.emit_host_classical_not_ingested_swapped_refuses_holds	eval budget exceeded: 501ms thread-CPU > 500ms fast-lane budget (operator 5s rule 2026-07-12). This budget is enforced on THREAD CPU, not wall. RELOCATING THE FILE DOES NOT DISCHARGE IT: moving a witness under a long/ dir removes it from per-PR discovery without giving it an executing consumer, which deletes the coverage while retaining the source (the gunbc#7762 specimen behind the 2026-08-04 admission ruling). Either reduce the witness's cost, or enroll it in a lane that declares its own dated ceiling AND names the row as an executing consumer.
v2.test.execution.emit_host_classical_not_ingested_equals_eval.ingested_classical_not_emit_accepts_holds				other	other	v2.test.execution.emit_host_classical_not_ingested_equals_eval.ingested_classical_not_emit_accepts_holds	eval budget exceeded: 504ms thread-CPU > 500ms fast-lane budget (operator 5s rule 2026-07-12). This budget is enforced on THREAD CPU, not wall. RELOCATING THE FILE DOES NOT DISCHARGE IT: moving a witness under a long/ dir removes it from per-PR discovery without giving it an executing consumer, which deletes the coverage while retaining the source (the gunbc#7762 specimen behind the 2026-08-04 admission ruling). Either reduce the witness's cost, or enroll it in a lane that declares its own dated ceiling AND names the row as an executing consumer.
v2.test.execution.emit_host_classical_not_ingested_equals_eval.ingested_classical_not_real_infer_holds				other	other	v2.test.execution.emit_host_classical_not_ingested_equals_eval.ingested_classical_not_real_infer_holds	eval budget exceeded: 503ms thread-CPU > 500ms fast-lane budget (operator 5s rule 2026-07-12). This budget is enforced on THREAD CPU, not wall. RELOCATING THE FILE DOES NOT DISCHARGE IT: moving a witness under a long/ dir removes it from per-PR discovery without giving it an executing consumer, which deletes the coverage while retaining the source (the gunbc#7762 specimen behind the 2026-08-04 admission ruling). Either reduce the witness's cost, or enroll it in a lane that declares its own dated ceiling AND names the row as an executing consumer.
v2.test.execution.emit_host_complement_equals_eval.emit_host_complement_equals_eval_holds				other	other	v2.test.execution.emit_host_complement_equals_eval.emit_host_complement_equals_eval_holds	host tool unresolved: "cargo" (probed: /home/ghrunner/.cargo/bin/cargo, /usr/local/sbin/cargo, /usr/local/bin/cargo, /usr/sbin/cargo, /usr/bin/cargo, /snap/bin/cargo, /home/ghrunner/.cargo/bin/cargo)
v2.test.execution.emit_host_complement_equals_eval.emit_host_complement_wrong_fixture_refuses_holds				other	other	v2.test.execution.emit_host_complement_equals_eval.emit_host_complement_wrong_fixture_refuses_holds	host tool unresolved: "cargo" (probed: /home/ghrunner/.cargo/bin/cargo, /usr/local/sbin/cargo, /usr/local/bin/cargo, /usr/sbin/cargo, /usr/bin/cargo, /snap/bin/cargo, /home/ghrunner/.cargo/bin/cargo)
v2.test.execution.emit_host_field_access_equals_eval.emit_host_field_access_equals_eval_holds				other	other	v2.test.execution.emit_host_field_access_equals_eval.emit_host_field_access_equals_eval_holds	host tool unresolved: "cargo" (probed: /home/ghrunner/.cargo/bin/cargo, /usr/local/sbin/cargo, /usr/local/bin/cargo, /usr/sbin/cargo, /usr/bin/cargo, /snap/bin/cargo, /home/ghrunner/.cargo/bin/cargo)
v2.test.execution.emit_host_field_access_equals_eval.emit_host_field_access_wrong_fixture_refuses_holds				other	other	v2.test.execution.emit_host_field_access_equals_eval.emit_host_field_access_wrong_fixture_refuses_holds	host tool unresolved: "cargo" (probed: /home/ghrunner/.cargo/bin/cargo, /usr/local/sbin/cargo, /usr/local/bin/cargo, /usr/sbin/cargo, /usr/bin/cargo, /snap/bin/cargo, /home/ghrunner/.cargo/bin/cargo)
v2.test.execution.emit_host_fold_closure_equals_eval.emit_host_fold_closure_equals_eval_holds				other	other	v2.test.execution.emit_host_fold_closure_equals_eval.emit_host_fold_closure_equals_eval_holds	host tool unresolved: "cargo" (probed: /home/ghrunner/.cargo/bin/cargo, /usr/local/sbin/cargo, /usr/local/bin/cargo, /usr/sbin/cargo, /usr/bin/cargo, /snap/bin/cargo, /home/ghrunner/.cargo/bin/cargo)
v2.test.execution.emit_host_fold_closure_equals_eval.emit_host_fold_closure_wrong_fixture_refuses_holds				other	other	v2.test.execution.emit_host_fold_closure_equals_eval.emit_host_fold_closure_wrong_fixture_refuses_holds	host tool unresolved: "cargo" (probed: /home/ghrunner/.cargo/bin/cargo, /usr/local/sbin/cargo, /usr/local/bin/cargo, /usr/sbin/cargo, /usr/bin/cargo, /snap/bin/cargo, /home/ghrunner/.cargo/bin/cargo)
v2.test.execution.emit_host_meet_join_equals_eval.emit_host_meet_equals_eval_holds				other	other	v2.test.execution.emit_host_meet_join_equals_eval.emit_host_meet_equals_eval_holds	host tool unresolved: "cargo" (probed: /home/ghrunner/.cargo/bin/cargo, /usr/local/sbin/cargo, /usr/local/bin/cargo, /usr/sbin/cargo, /usr/bin/cargo, /snap/bin/cargo, /home/ghrunner/.cargo/bin/cargo)
v2.test.execution.emit_host_meet_join_equals_eval.emit_host_meet_wrong_fixture_refuses_holds				other	other	v2.test.execution.emit_host_meet_join_equals_eval.emit_host_meet_wrong_fixture_refuses_holds	host tool unresolved: "cargo" (probed: /home/ghrunner/.cargo/bin/cargo, /usr/local/sbin/cargo, /usr/local/bin/cargo, /usr/sbin/cargo, /usr/bin/cargo, /snap/bin/cargo, /home/ghrunner/.cargo/bin/cargo)
v2.test.execution.emit_host_meet_join_equals_eval.emit_host_join_equals_eval_holds				other	other	v2.test.execution.emit_host_meet_join_equals_eval.emit_host_join_equals_eval_holds	host tool unresolved: "cargo" (probed: /home/ghrunner/.cargo/bin/cargo, /usr/local/sbin/cargo, /usr/local/bin/cargo, /usr/sbin/cargo, /usr/bin/cargo, /snap/bin/cargo, /home/ghrunner/.cargo/bin/cargo)
v2.test.execution.emit_host_meet_join_equals_eval.emit_host_join_wrong_fixture_refuses_holds				other	other	v2.test.execution.emit_host_meet_join_equals_eval.emit_host_join_wrong_fixture_refuses_holds	host tool unresolved: "cargo" (probed: /home/ghrunner/.cargo/bin/cargo, /usr/local/sbin/cargo, /usr/local/bin/cargo, /usr/sbin/cargo, /usr/bin/cargo, /snap/bin/cargo, /home/ghrunner/.cargo/bin/cargo)
v2.test.execution.emit_host_module_equals_eval.emit_host_module_add_equals_eval_holds				other	other	v2.test.execution.emit_host_module_equals_eval.emit_host_module_add_equals_eval_holds	host tool unresolved: "cargo" (probed: /home/ghrunner/.cargo/bin/cargo, /usr/local/sbin/cargo, /usr/local/bin/cargo, /usr/sbin/cargo, /usr/bin/cargo, /snap/bin/cargo, /home/ghrunner/.cargo/bin/cargo)
v2.test.execution.emit_host_module_equals_eval.emit_host_module_wrong_oracle_refuses_holds				other	other	v2.test.execution.emit_host_module_equals_eval.emit_host_module_wrong_oracle_refuses_holds	host tool unresolved: "cargo" (probed: /home/ghrunner/.cargo/bin/cargo, /usr/local/sbin/cargo, /usr/local/bin/cargo, /usr/sbin/cargo, /usr/bin/cargo, /snap/bin/cargo, /home/ghrunner/.cargo/bin/cargo)
v2.test.execution.emit_host_native_only_verdict.emit_host_native_only_classical_not_holds				other	other	v2.test.execution.emit_host_native_only_verdict.emit_host_native_only_classical_not_holds	eval budget exceeded: 503ms thread-CPU > 500ms fast-lane budget (operator 5s rule 2026-07-12). This budget is enforced on THREAD CPU, not wall. RELOCATING THE FILE DOES NOT DISCHARGE IT: moving a witness under a long/ dir removes it from per-PR discovery without giving it an executing consumer, which deletes the coverage while retaining the source (the gunbc#7762 specimen behind the 2026-08-04 admission ruling). Either reduce the witness's cost, or enroll it in a lane that declares its own dated ceiling AND names the row as an executing consumer.
v2.test.execution.emit_host_native_only_verdict.emit_host_native_only_classical_not_swapped_mismatch_detected_holds				other	other	v2.test.execution.emit_host_native_only_verdict.emit_host_native_only_classical_not_swapped_mismatch_detected_holds	eval budget exceeded: 503ms thread-CPU > 500ms fast-lane budget (operator 5s rule 2026-07-12). This budget is enforced on THREAD CPU, not wall. RELOCATING THE FILE DOES NOT DISCHARGE IT: moving a witness under a long/ dir removes it from per-PR discovery without giving it an executing consumer, which deletes the coverage while retaining the source (the gunbc#7762 specimen behind the 2026-08-04 admission ruling). Either reduce the witness's cost, or enroll it in a lane that declares its own dated ceiling AND names the row as an executing consumer.
v2.test.execution.emit_host_produced_module_equals_eval.produced_module_two_distinct_fns_assemble				other	other	v2.test.execution.emit_host_produced_module_equals_eval.produced_module_two_distinct_fns_assemble	witness receipt wall budget exceeded: 502ms wall > 500ms whole-receipt budget (falsifier wet/silent-pick lane; kill-at-deadline)
v2.test.execution.emit_host_produced_module_equals_eval.emit_host_produced_module_add_equals_eval_holds				other	other	v2.test.execution.emit_host_produced_module_equals_eval.emit_host_produced_module_add_equals_eval_holds	witness receipt wall budget exceeded: 501ms wall > 500ms whole-receipt budget (falsifier wet/silent-pick lane; kill-at-deadline)
v2.test.execution.emit_host_produced_module_equals_eval.emit_host_produced_module_wrong_oracle_refuses_holds				other	other	v2.test.execution.emit_host_produced_module_equals_eval.emit_host_produced_module_wrong_oracle_refuses_holds	eval budget exceeded: 504ms thread-CPU > 500ms fast-lane budget (operator 5s rule 2026-07-12). This budget is enforced on THREAD CPU, not wall. RELOCATING THE FILE DOES NOT DISCHARGE IT: moving a witness under a long/ dir removes it from per-PR discovery without giving it an executing consumer, which deletes the coverage while retaining the source (the gunbc#7762 specimen behind the 2026-08-04 admission ruling). Either reduce the witness's cost, or enroll it in a lane that declares its own dated ceiling AND names the row as an executing consumer.
v2.test.execution.emit_host_variant_construct_equals_eval.emit_host_variant_construct_equals_eval_holds				other	other	v2.test.execution.emit_host_variant_construct_equals_eval.emit_host_variant_construct_equals_eval_holds	host tool unresolved: "cargo" (probed: /home/ghrunner/.cargo/bin/cargo, /usr/local/sbin/cargo, /usr/local/bin/cargo, /usr/sbin/cargo, /usr/bin/cargo, /snap/bin/cargo, /home/ghrunner/.cargo/bin/cargo)
v2.test.execution.emit_host_variant_construct_equals_eval.emit_host_variant_construct_wrong_fixture_refuses_holds				other	other	v2.test.execution.emit_host_variant_construct_equals_eval.emit_host_variant_construct_wrong_fixture_refuses_holds	host tool unresolved: "cargo" (probed: /home/ghrunner/.cargo/bin/cargo, /usr/local/sbin/cargo, /usr/local/bin/cargo, /usr/sbin/cargo, /usr/bin/cargo, /snap/bin/cargo, /home/ghrunner/.cargo/bin/cargo)
v2.test.execution.emit_ingest_python_same_language_round_trip.python_same_language_parse_bridge_holds				other	other	v2.test.execution.emit_ingest_python_same_language_round_trip.python_same_language_parse_bridge_holds	witness receipt wall budget exceeded: 502ms wall > 500ms whole-receipt budget (falsifier wet/silent-pick lane; kill-at-deadline)
v2.test.execution.emit_ingest_python_same_language_round_trip.python_same_language_source_emit_round_trip_holds				other	other	v2.test.execution.emit_ingest_python_same_language_round_trip.python_same_language_source_emit_round_trip_holds	returned Bool(false)
v2.test.execution.emit_ingest_python_same_language_round_trip.emit_ingest_python_same_language_round_trip_holds				other	other	v2.test.execution.emit_ingest_python_same_language_round_trip.emit_ingest_python_same_language_round_trip_holds	witness receipt wall budget exceeded: 501ms wall > 500ms whole-receipt budget (falsifier wet/silent-pick lane; kill-at-deadline)
v2.test.execution.emit_ingest_type_decl_round_trip.type_decl_real_source_round_trip_holds				other	other	v2.test.execution.emit_ingest_type_decl_round_trip.type_decl_real_source_round_trip_holds	returned Bool(false)
v2.test.execution.emit_ingest_typescript_same_language_round_trip.typescript_same_language_source_emit_round_trip_holds				other	other	v2.test.execution.emit_ingest_typescript_same_language_round_trip.typescript_same_language_source_emit_round_trip_holds	returned Bool(false)
v2.test.execution.emit_ingest_typescript_same_language_round_trip.emit_ingest_typescript_same_language_round_trip_holds				other	other	v2.test.execution.emit_ingest_typescript_same_language_round_trip.emit_ingest_typescript_same_language_round_trip_holds	returned Bool(false)
v2.test.execution.floor_diff_observe_witness.witness_ci_policy_observation_succeeds				other	other	v2.test.execution.floor_diff_observe_witness.witness_ci_policy_observation_succeeds	type error: hermetic mode: no mock_response for operation Get — refusing to fabricate Unit
v2.test.execution.floor_diff_observe_witness.witness_invalid_base_fails_closed				other	other	v2.test.execution.floor_diff_observe_witness.witness_invalid_base_fails_closed	type error: hermetic mode: no mock_response for operation DiffUnified0 — refusing to fabricate Unit
v2.test.execution.floor_diff_observe_witness.witness_ci_policy_name_status_observation_succeeds				other	other	v2.test.execution.floor_diff_observe_witness.witness_ci_policy_name_status_observation_succeeds	type error: hermetic mode: no mock_response for operation Get — refusing to fabricate Unit
v2.test.execution.floor_diff_observe_witness.witness_invalid_base_name_status_fails_closed				other	other	v2.test.execution.floor_diff_observe_witness.witness_invalid_base_name_status_fails_closed	type error: hermetic mode: no mock_response for operation DiffNameStatus — refusing to fabricate Unit
v2.test.execution.fold_assembly_round_trip.corrupted_content_expands_but_differs				other	other	v2.test.execution.fold_assembly_round_trip.corrupted_content_expands_but_differs	returned Bool(false)
v2.test.execution.fold_assembly_round_trip.structural_fill_arity_mismatch_is_rejected				other	other	v2.test.execution.fold_assembly_round_trip.structural_fill_arity_mismatch_is_rejected	returned Bool(false)
v2.test.execution.loop_eval_by_execution.loop_census_ingested_executes_holds				other	other	v2.test.execution.loop_eval_by_execution.loop_census_ingested_executes_holds	witness receipt wall budget exceeded: 501ms wall > 500ms whole-receipt budget (falsifier wet/silent-pick lane; kill-at-deadline)
v2.test.execution.loop_eval_by_execution.loop_census_ingested_wrong_value_red_holds				other	other	v2.test.execution.loop_eval_by_execution.loop_census_ingested_wrong_value_red_holds	eval budget exceeded: 503ms thread-CPU > 500ms fast-lane budget (operator 5s rule 2026-07-12). This budget is enforced on THREAD CPU, not wall. RELOCATING THE FILE DOES NOT DISCHARGE IT: moving a witness under a long/ dir removes it from per-PR discovery without giving it an executing consumer, which deletes the coverage while retaining the source (the gunbc#7762 specimen behind the 2026-08-04 admission ruling). Either reduce the witness's cost, or enroll it in a lane that declares its own dated ceiling AND names the row as an executing consumer.
v2.test.execution.pick_ingested_probe.pick_probe_pipeline_resolves_holds				other	other	v2.test.execution.pick_ingested_probe.pick_probe_pipeline_resolves_holds	eval budget exceeded: 502ms thread-CPU > 500ms fast-lane budget (operator 5s rule 2026-07-12). This budget is enforced on THREAD CPU, not wall. RELOCATING THE FILE DOES NOT DISCHARGE IT: moving a witness under a long/ dir removes it from per-PR discovery without giving it an executing consumer, which deletes the coverage while retaining the source (the gunbc#7762 specimen behind the 2026-08-04 admission ruling). Either reduce the witness's cost, or enroll it in a lane that declares its own dated ceiling AND names the row as an executing consumer.
v2.test.execution.pick_ingested_probe.pick_probe_normalized_branch_holds				other	other	v2.test.execution.pick_ingested_probe.pick_probe_normalized_branch_holds	witness receipt wall budget exceeded: 504ms wall > 500ms whole-receipt budget (falsifier wet/silent-pick lane; kill-at-deadline)
v2.test.execution.pick_ingested_probe.pick_probe_normalized_arrow_branch_holds				other	other	v2.test.execution.pick_ingested_probe.pick_probe_normalized_arrow_branch_holds	eval budget exceeded: 502ms thread-CPU > 500ms fast-lane budget (operator 5s rule 2026-07-12). This budget is enforced on THREAD CPU, not wall. RELOCATING THE FILE DOES NOT DISCHARGE IT: moving a witness under a long/ dir removes it from per-PR discovery without giving it an executing consumer, which deletes the coverage while retaining the source (the gunbc#7762 specimen behind the 2026-08-04 admission ruling). Either reduce the witness's cost, or enroll it in a lane that declares its own dated ceiling AND names the row as an executing consumer.
v2.test.execution.pick_ingested_probe.pick_probe_swapped_arms_structural_red_holds				other	other	v2.test.execution.pick_ingested_probe.pick_probe_swapped_arms_structural_red_holds	eval budget exceeded: 501ms thread-CPU > 500ms fast-lane budget (operator 5s rule 2026-07-12). This budget is enforced on THREAD CPU, not wall. RELOCATING THE FILE DOES NOT DISCHARGE IT: moving a witness under a long/ dir removes it from per-PR discovery without giving it an executing consumer, which deletes the coverage while retaining the source (the gunbc#7762 specimen behind the 2026-08-04 admission ruling). Either reduce the witness's cost, or enroll it in a lane that declares its own dated ceiling AND names the row as an executing consumer.
v2.test.execution.pick_ingested_probe.pick_probe_eval_equals_holds				other	other	v2.test.execution.pick_ingested_probe.pick_probe_eval_equals_holds	eval budget exceeded: 502ms thread-CPU > 500ms fast-lane budget (operator 5s rule 2026-07-12). This budget is enforced on THREAD CPU, not wall. RELOCATING THE FILE DOES NOT DISCHARGE IT: moving a witness under a long/ dir removes it from per-PR discovery without giving it an executing consumer, which deletes the coverage while retaining the source (the gunbc#7762 specimen behind the 2026-08-04 admission ruling). Either reduce the witness's cost, or enroll it in a lane that declares its own dated ceiling AND names the row as an executing consumer.
v2.test.execution.pick_ingested_probe.pick_probe_resolved_then_arm_has_magnitude_child_holds				other	other	v2.test.execution.pick_ingested_probe.pick_probe_resolved_then_arm_has_magnitude_child_holds	eval budget exceeded: 501ms thread-CPU > 500ms fast-lane budget (operator 5s rule 2026-07-12). This budget is enforced on THREAD CPU, not wall. RELOCATING THE FILE DOES NOT DISCHARGE IT: moving a witness under a long/ dir removes it from per-PR discovery without giving it an executing consumer, which deletes the coverage while retaining the source (the gunbc#7762 specimen behind the 2026-08-04 admission ruling). Either reduce the witness's cost, or enroll it in a lane that declares its own dated ceiling AND names the row as an executing consumer.
v2.test.execution.pick_ingested_probe.pick_probe_resolved_else_arm_has_magnitude_child_holds				other	other	v2.test.execution.pick_ingested_probe.pick_probe_resolved_else_arm_has_magnitude_child_holds	eval budget exceeded: 501ms thread-CPU > 500ms fast-lane budget (operator 5s rule 2026-07-12). This budget is enforced on THREAD CPU, not wall. RELOCATING THE FILE DOES NOT DISCHARGE IT: moving a witness under a long/ dir removes it from per-PR discovery without giving it an executing consumer, which deletes the coverage while retaining the source (the gunbc#7762 specimen behind the 2026-08-04 admission ruling). Either reduce the witness's cost, or enroll it in a lane that declares its own dated ceiling AND names the row as an executing consumer.
v2.test.execution.pick_ingested_probe.pick_probe_normalized_then_arm_has_magnitude_child_holds				other	other	v2.test.execution.pick_ingested_probe.pick_probe_normalized_then_arm_has_magnitude_child_holds	witness receipt wall budget exceeded: 502ms wall > 500ms whole-receipt budget (falsifier wet/silent-pick lane; kill-at-deadline)
v2.test.execution.pick_ingested_probe.pick_probe_parsed_then_arm_has_magnitude_child_holds				other	other	v2.test.execution.pick_ingested_probe.pick_probe_parsed_then_arm_has_magnitude_child_holds	eval budget exceeded: 502ms thread-CPU > 500ms fast-lane budget (operator 5s rule 2026-07-12). This budget is enforced on THREAD CPU, not wall. RELOCATING THE FILE DOES NOT DISCHARGE IT: moving a witness under a long/ dir removes it from per-PR discovery without giving it an executing consumer, which deletes the coverage while retaining the source (the gunbc#7762 specimen behind the 2026-08-04 admission ruling). Either reduce the witness's cost, or enroll it in a lane that declares its own dated ceiling AND names the row as an executing consumer.
v2.test.execution.pick_ingested_structural_lowering.pick_ingested_normalized_swapped_arms_structural_red_holds				other	other	v2.test.execution.pick_ingested_structural_lowering.pick_ingested_normalized_swapped_arms_structural_red_holds	witness receipt wall budget exceeded: 502ms wall > 500ms whole-receipt budget (falsifier wet/silent-pick lane; kill-at-deadline)
v2.test.execution.pick_ingested_structural_lowering.pick_ingested_pick_true_executes_holds				other	other	v2.test.execution.pick_ingested_structural_lowering.pick_ingested_pick_true_executes_holds	eval budget exceeded: 501ms thread-CPU > 500ms fast-lane budget (operator 5s rule 2026-07-12). This budget is enforced on THREAD CPU, not wall. RELOCATING THE FILE DOES NOT DISCHARGE IT: moving a witness under a long/ dir removes it from per-PR discovery without giving it an executing consumer, which deletes the coverage while retaining the source (the gunbc#7762 specimen behind the 2026-08-04 admission ruling). Either reduce the witness's cost, or enroll it in a lane that declares its own dated ceiling AND names the row as an executing consumer.
v2.test.execution.pick_ingested_structural_lowering.pick_ingested_pick_false_executes_holds				other	other	v2.test.execution.pick_ingested_structural_lowering.pick_ingested_pick_false_executes_holds	eval budget exceeded: 502ms thread-CPU > 500ms fast-lane budget (operator 5s rule 2026-07-12). This budget is enforced on THREAD CPU, not wall. RELOCATING THE FILE DOES NOT DISCHARGE IT: moving a witness under a long/ dir removes it from per-PR discovery without giving it an executing consumer, which deletes the coverage while retaining the source (the gunbc#7762 specimen behind the 2026-08-04 admission ruling). Either reduce the witness's cost, or enroll it in a lane that declares its own dated ceiling AND names the row as an executing consumer.
v2.test.execution.pick_ingested_structural_lowering.pick_ingested_swapped_arms_red_holds				other	other	v2.test.execution.pick_ingested_structural_lowering.pick_ingested_swapped_arms_red_holds	eval budget exceeded: 502ms thread-CPU > 500ms fast-lane budget (operator 5s rule 2026-07-12). This budget is enforced on THREAD CPU, not wall. RELOCATING THE FILE DOES NOT DISCHARGE IT: moving a witness under a long/ dir removes it from per-PR discovery without giving it an executing consumer, which deletes the coverage while retaining the source (the gunbc#7762 specimen behind the 2026-08-04 admission ruling). Either reduce the witness's cost, or enroll it in a lane that declares its own dated ceiling AND names the row as an executing consumer.
v2.test.execution.pick_ingested_structural_lowering.pick_ingested_pipeline_resolves_holds				other	other	v2.test.execution.pick_ingested_structural_lowering.pick_ingested_pipeline_resolves_holds	eval budget exceeded: 502ms thread-CPU > 500ms fast-lane budget (operator 5s rule 2026-07-12). This budget is enforced on THREAD CPU, not wall. RELOCATING THE FILE DOES NOT DISCHARGE IT: moving a witness under a long/ dir removes it from per-PR discovery without giving it an executing consumer, which deletes the coverage while retaining the source (the gunbc#7762 specimen behind the 2026-08-04 admission ruling). Either reduce the witness's cost, or enroll it in a lane that declares its own dated ceiling AND names the row as an executing consumer.
v2.test.execution.pick_ingested_structural_lowering.pick_ingested_normalized_arrow_has_branch_body_holds				other	other	v2.test.execution.pick_ingested_structural_lowering.pick_ingested_normalized_arrow_has_branch_body_holds	eval budget exceeded: 503ms thread-CPU > 500ms fast-lane budget (operator 5s rule 2026-07-12). This budget is enforced on THREAD CPU, not wall. RELOCATING THE FILE DOES NOT DISCHARGE IT: moving a witness under a long/ dir removes it from per-PR discovery without giving it an executing consumer, which deletes the coverage while retaining the source (the gunbc#7762 specimen behind the 2026-08-04 admission ruling). Either reduce the witness's cost, or enroll it in a lane that declares its own dated ceiling AND names the row as an executing consumer.
v2.test.execution.pick_ingested_structural_lowering.pick_ingested_parsed_module_from_source_holds				other	other	v2.test.execution.pick_ingested_structural_lowering.pick_ingested_parsed_module_from_source_holds	eval budget exceeded: 501ms thread-CPU > 500ms fast-lane budget (operator 5s rule 2026-07-12). This budget is enforced on THREAD CPU, not wall. RELOCATING THE FILE DOES NOT DISCHARGE IT: moving a witness under a long/ dir removes it from per-PR discovery without giving it an executing consumer, which deletes the coverage while retaining the source (the gunbc#7762 specimen behind the 2026-08-04 admission ruling). Either reduce the witness's cost, or enroll it in a lane that declares its own dated ceiling AND names the row as an executing consumer.
v2.test.execution.pick_ingested_structural_lowering.pick2_ingested_pick_true_executes_holds				other	other	v2.test.execution.pick_ingested_structural_lowering.pick2_ingested_pick_true_executes_holds	eval budget exceeded: 501ms thread-CPU > 500ms fast-lane budget (operator 5s rule 2026-07-12). This budget is enforced on THREAD CPU, not wall. RELOCATING THE FILE DOES NOT DISCHARGE IT: moving a witness under a long/ dir removes it from per-PR discovery without giving it an executing consumer, which deletes the coverage while retaining the source (the gunbc#7762 specimen behind the 2026-08-04 admission ruling). Either reduce the witness's cost, or enroll it in a lane that declares its own dated ceiling AND names the row as an executing consumer.
v2.test.execution.pick_ingested_structural_lowering.pick2_ingested_pick_false_executes_holds				other	other	v2.test.execution.pick_ingested_structural_lowering.pick2_ingested_pick_false_executes_holds	eval budget exceeded: 501ms thread-CPU > 500ms fast-lane budget (operator 5s rule 2026-07-12). This budget is enforced on THREAD CPU, not wall. RELOCATING THE FILE DOES NOT DISCHARGE IT: moving a witness under a long/ dir removes it from per-PR discovery without giving it an executing consumer, which deletes the coverage while retaining the source (the gunbc#7762 specimen behind the 2026-08-04 admission ruling). Either reduce the witness's cost, or enroll it in a lane that declares its own dated ceiling AND names the row as an executing consumer.
v2.test.execution.pick_ingested_structural_lowering.pick2_ingested_swapped_arms_red_holds				other	other	v2.test.execution.pick_ingested_structural_lowering.pick2_ingested_swapped_arms_red_holds	eval budget exceeded: 501ms thread-CPU > 500ms fast-lane budget (operator 5s rule 2026-07-12). This budget is enforced on THREAD CPU, not wall. RELOCATING THE FILE DOES NOT DISCHARGE IT: moving a witness under a long/ dir removes it from per-PR discovery without giving it an executing consumer, which deletes the coverage while retaining the source (the gunbc#7762 specimen behind the 2026-08-04 admission ruling). Either reduce the witness's cost, or enroll it in a lane that declares its own dated ceiling AND names the row as an executing consumer.
v2.test.execution.proactive_verification_ledger_overlap_execution.proactive_verification_ledger_overlap_execution_holds				other	other	v2.test.execution.proactive_verification_ledger_overlap_execution.proactive_verification_ledger_overlap_execution_holds	type error: hermetic mode: no mock_response for operation IsExecutable — refusing to fabricate Unit
v2.test.execution.rust_emit_host_call_equals_eval.rust_emit_host_call_equals_eval_holds				other	other	v2.test.execution.rust_emit_host_call_equals_eval.rust_emit_host_call_equals_eval_holds	host tool unresolved: "cargo" (probed: /home/ghrunner/.cargo/bin/cargo, /usr/local/sbin/cargo, /usr/local/bin/cargo, /usr/sbin/cargo, /usr/bin/cargo, /snap/bin/cargo, /home/ghrunner/.cargo/bin/cargo)
v2.test.execution.rust_emit_host_call_equals_eval.rust_emit_host_call_wrong_oracle_refuses_holds				other	other	v2.test.execution.rust_emit_host_call_equals_eval.rust_emit_host_call_wrong_oracle_refuses_holds	host tool unresolved: "cargo" (probed: /home/ghrunner/.cargo/bin/cargo, /usr/local/sbin/cargo, /usr/local/bin/cargo, /usr/sbin/cargo, /usr/bin/cargo, /snap/bin/cargo, /home/ghrunner/.cargo/bin/cargo)
v2.test.extdeps.spice_rc_passive_deck_claims (witness); bare=spice_rc_passive_deck				no_such_function	reach_gap	v2.test.extdeps.spice_rc_passive_deck_claims.spice_rc_passive_deck_authority_holds	no such function: spice_rc_passive_deck
v2.test.extdeps_shape_transport_policy.corpus.cargo_build_policy_leak (witness); bare=extdeps_cargo_build_module				no_such_function	reach_gap	v2.test.extdeps_shape_transport_policy.corpus.cargo_build_policy_leak.corpus_cargo_build_defused_holds	no such function: extdeps_cargo_build_module
v2.test.extdeps_shape_transport_policy.corpus.cargo_clippy_dead_param (witness); bare=extdeps_cargo_build_module				no_such_function	reach_gap	v2.test.extdeps_shape_transport_policy.corpus.cargo_clippy_dead_param.corpus_cargo_clippy_dead_param_defused_holds	no such function: extdeps_cargo_build_module
v2.test.extdeps_shape_transport_policy.corpus.cargo_doc_dead_param (witness); bare=extdeps_cargo_build_module				no_such_function	reach_gap	v2.test.extdeps_shape_transport_policy.corpus.cargo_doc_dead_param.corpus_cargo_doc_dead_param_defused_holds	no such function: extdeps_cargo_build_module
v2.test.extdeps_shape_transport_policy.corpus.cargo_doc_policy_leak (witness); bare=extdeps_cargo_build_module				no_such_function	reach_gap	v2.test.extdeps_shape_transport_policy.corpus.cargo_doc_policy_leak.corpus_cargo_doc_defused_holds	no such function: extdeps_cargo_build_module
v2.test.extdeps_shape_transport_policy.corpus.cargo_fmt_dead_param (witness); bare=extdeps_cargo_build_module				no_such_function	reach_gap	v2.test.extdeps_shape_transport_policy.corpus.cargo_fmt_dead_param.corpus_cargo_fmt_dead_param_defused_holds	no such function: extdeps_cargo_build_module
v2.test.extdeps_shape_transport_policy.corpus.cargo_fmt_policy_leak (witness); bare=extdeps_cargo_build_module				no_such_function	reach_gap	v2.test.extdeps_shape_transport_policy.corpus.cargo_fmt_policy_leak.corpus_cargo_fmt_defused_holds	no such function: extdeps_cargo_build_module
v2.test.extdeps_shape_transport_policy.corpus.cargo_run_dead_param (witness); bare=extdeps_cargo_build_module				no_such_function	reach_gap	v2.test.extdeps_shape_transport_policy.corpus.cargo_run_dead_param.corpus_cargo_run_dead_param_defused_holds	no such function: extdeps_cargo_build_module
v2.test.extdeps_shape_transport_policy.corpus.gcp_login_dead_param (witness); bare=extdeps_gcp_module				no_such_function	reach_gap	v2.test.extdeps_shape_transport_policy.corpus.gcp_login_dead_param.corpus_gcp_login_dead_param_defused_holds	no such function: extdeps_gcp_module
v2.test.extdeps_shape_transport_policy.corpus.gcp_oauth_fusion_fork (witness); bare=extdeps_gcp_module				no_such_function	reach_gap	v2.test.extdeps_shape_transport_policy.corpus.gcp_oauth_fusion_fork.corpus_gcp_oauth_defused_holds	no such function: extdeps_gcp_module
v2.test.extdeps_shape_transport_policy.corpus.gist_create_policy_leak (witness); bare=extdeps_github_gists_module				no_such_function	reach_gap	v2.test.extdeps_shape_transport_policy.corpus.gist_create_policy_leak.corpus_gist_create_defused_holds	no such function: extdeps_github_gists_module
v2.test.extdeps_shape_transport_policy.corpus.git_policy_leak (witness); bare=extdeps_git_module				no_such_function	reach_gap	v2.test.extdeps_shape_transport_policy.corpus.git_policy_leak.corpus_git_policy_leak_defused_holds	no such function: extdeps_git_module
v2.test.extdeps_shape_transport_policy.corpus.runtime_local_embedded_policy (witness); bare=extdeps_runtime_local_module				no_such_function	reach_gap	v2.test.extdeps_shape_transport_policy.corpus.runtime_local_embedded_policy.corpus_runtime_local_embedded_policy_defused_holds	no such function: extdeps_runtime_local_module
v2.test.extdeps_shape_transport_policy.coverage_domain_equivalence_test (witness); bare=witness_policy_leak_cargo_build_lens_unit_module				no_such_function	reach_gap	v2.test.extdeps_shape_transport_policy.coverage_domain_equivalence_test.extdeps_shape_transport_policy_coverage_domain_equivalence_holds	no such function: witness_policy_leak_cargo_build_lens_unit_module
v2.test.extdeps_shape_transport_policy.lens_unit.clean_gist_create (witness); bare=extdeps_github_gists_module				no_such_function	reach_gap	v2.test.extdeps_shape_transport_policy.lens_unit.clean_gist_create.clean_gist_create_is_green_holds	no such function: extdeps_github_gists_module
v2.test.extdeps_shape_transport_policy.lens_unit.clean_git_diff (witness); bare=extdeps_git_module				no_such_function	reach_gap	v2.test.extdeps_shape_transport_policy.lens_unit.clean_git_diff.clean_git_diff_is_green_holds	no such function: extdeps_git_module
v2.test.extdeps_shape_transport_policy.lens_unit.dead_param_cargo_build (witness); bare=extdeps_cargo_build_module				no_such_function	reach_gap	v2.test.extdeps_shape_transport_policy.lens_unit.dead_param_cargo_build.dead_param_cargo_build_is_red_holds	no such function: extdeps_cargo_build_module
v2.test.extdeps_shape_transport_policy.lens_unit.dead_param_cargo_clippy (witness); bare=extdeps_cargo_build_module				no_such_function	reach_gap	v2.test.extdeps_shape_transport_policy.lens_unit.dead_param_cargo_clippy.dead_param_cargo_clippy_is_red_holds	no such function: extdeps_cargo_build_module
v2.test.extdeps_shape_transport_policy.lens_unit.dead_param_gcp_login (witness); bare=extdeps_gcp_module				no_such_function	reach_gap	v2.test.extdeps_shape_transport_policy.lens_unit.dead_param_gcp_login.dead_param_gcp_login_is_red_holds	no such function: extdeps_gcp_module
v2.test.extdeps_shape_transport_policy.lens_unit.embedded_policy_literal_local (witness); bare=extdeps_runtime_local_module				no_such_function	reach_gap	v2.test.extdeps_shape_transport_policy.lens_unit.embedded_policy_literal_local.embedded_policy_literal_local_is_red_holds	no such function: extdeps_runtime_local_module
v2.test.extdeps_shape_transport_policy.lens_unit.module_path_rename (witness); bare=extdeps_cargo_build_module				no_such_function	reach_gap	v2.test.extdeps_shape_transport_policy.lens_unit.module_path_rename.module_path_rename_resolves_by_qn_not_filepath_holds	no such function: extdeps_cargo_build_module
v2.test.extdeps_shape_transport_policy.lens_unit.module_path_rename (witness); bare=bogus_extdeps_module				no_such_function	reach_gap	v2.test.extdeps_shape_transport_policy.lens_unit.module_path_rename.module_path_rename_unknown_qn_does_not_resolve_holds	no such function: bogus_extdeps_module
v2.test.extdeps_shape_transport_policy.lens_unit.module_source_nickname_literal_green (witness); bare=module_source_nickname_literal_green_module				no_such_function	reach_gap	v2.test.extdeps_shape_transport_policy.lens_unit.module_source_nickname_literal_green.module_source_nickname_literal_exempt_literals_is_green_holds	no such function: module_source_nickname_literal_green_module
v2.test.extdeps_shape_transport_policy.lens_unit.module_source_nickname_literal_coverage_domain_green (witness); bare=coverage_domain_equivalence_module				no_such_function	reach_gap	v2.test.extdeps_shape_transport_policy.lens_unit.module_source_nickname_literal_coverage_domain_green.module_source_nickname_literal_coverage_domain_is_green_holds	no such function: coverage_domain_equivalence_module
v2.test.extdeps_shape_transport_policy.lens_unit.module_source_nickname_literal_local_red (witness); bare=module_source_nickname_literal_local_red_module				no_such_function	reach_gap	v2.test.extdeps_shape_transport_policy.lens_unit.module_source_nickname_literal_local_red.module_source_nickname_literal_local_red_is_red_holds	no such function: module_source_nickname_literal_local_red_module
v2.test.extdeps_shape_transport_policy.lens_unit.policy_leak_cargo_build (witness); bare=extdeps_cargo_build_module				no_such_function	reach_gap	v2.test.extdeps_shape_transport_policy.lens_unit.policy_leak_cargo_build.policy_leak_cargo_build_is_red_holds	no such function: extdeps_cargo_build_module
v2.test.extdeps_shape_transport_policy.lens_unit.policy_leak_cargo_doc (witness); bare=extdeps_cargo_build_module				no_such_function	reach_gap	v2.test.extdeps_shape_transport_policy.lens_unit.policy_leak_cargo_doc.policy_leak_cargo_doc_is_red_holds	no such function: extdeps_cargo_build_module
v2.test.extdeps_shape_transport_policy.lens_unit.policy_leak_cargo_fmt (witness); bare=extdeps_cargo_build_module				no_such_function	reach_gap	v2.test.extdeps_shape_transport_policy.lens_unit.policy_leak_cargo_fmt.policy_leak_cargo_fmt_is_red_holds	no such function: extdeps_cargo_build_module
v2.test.extdeps_shape_transport_policy.lens_unit.transport_fusion_gcp_oauth (witness); bare=extdeps_gcp_module				no_such_function	reach_gap	v2.test.extdeps_shape_transport_policy.lens_unit.transport_fusion_gcp_oauth.transport_fusion_gcp_oauth_is_red_holds	no such function: extdeps_gcp_module
v2.test.fact_cardinality.lens_unit.synthetic_fork_red (witness); bare=Dag				no_such_function	reach_gap	v2.test.fact_cardinality.lens_unit.synthetic_fork_red.synthetic_fork_red_holds	no such function: Dag
v2.test.fn_family.lens_unit.discriminators_test (witness); bare=atom_node		v2.std.effects.atom_node	v2.std.effects|v2.test.fn_family.lens_unit.discriminators_test	call_contract_mismatch	bare_name_binding	v2.test.fn_family.lens_unit.discriminators_test.witness_pair_related	call contract mismatch calling 'atom_node': no parameter named 'id' (declared: [s])
v2.test.fn_family.lens_unit.discriminators_test (witness); bare=atom_node		v2.std.effects.atom_node	v2.std.effects|v2.test.fn_family.lens_unit.discriminators_test	call_contract_mismatch	bare_name_binding	v2.test.fn_family.lens_unit.discriminators_test.witness_structural_difference_unrelated	call contract mismatch calling 'atom_node': no parameter named 'id' (declared: [s])
v2.test.fn_family.lens_unit.discriminators_test (witness); bare=atom_node		v2.std.effects.atom_node	v2.std.effects|v2.test.fn_family.lens_unit.discriminators_test	call_contract_mismatch	bare_name_binding	v2.test.fn_family.lens_unit.discriminators_test.witness_bare_atoms_unrelated	call contract mismatch calling 'atom_node': no parameter named 'id' (declared: [s])
v2.test.fn_family.lens_unit.discriminators_test (witness); bare=atom_node		v2.std.effects.atom_node	v2.std.effects|v2.test.fn_family.lens_unit.discriminators_test	call_contract_mismatch	bare_name_binding	v2.test.fn_family.lens_unit.discriminators_test.witness_identical_defs_related	call contract mismatch calling 'atom_node': no parameter named 'id' (declared: [s])
v2.test.fn_family.lens_unit.discriminators_test (witness); bare=atom_node		v2.std.effects.atom_node	v2.std.effects|v2.test.fn_family.lens_unit.discriminators_test	call_contract_mismatch	bare_name_binding	v2.test.fn_family.lens_unit.discriminators_test.witness_three_member_family_found	call contract mismatch calling 'atom_node': no parameter named 'id' (declared: [s])
v2.test.fn_family.lens_unit.discriminators_test (witness); bare=atom_node		v2.std.effects.atom_node	v2.std.effects|v2.test.fn_family.lens_unit.discriminators_test	call_contract_mismatch	bare_name_binding	v2.test.fn_family.lens_unit.discriminators_test.witness_family_member_count_and_holes	call contract mismatch calling 'atom_node': no parameter named 'id' (declared: [s])
v2.test.fn_family.lens_unit.discriminators_test (witness); bare=atom_node		v2.std.effects.atom_node	v2.std.effects|v2.test.fn_family.lens_unit.discriminators_test	call_contract_mismatch	bare_name_binding	v2.test.fn_family.lens_unit.discriminators_test.witness_disjoint_defs_no_family	call contract mismatch calling 'atom_node': no parameter named 'id' (declared: [s])
v2.test.fn_family.lens_unit.discriminators_test (witness); bare=atom_node		v2.std.effects.atom_node	v2.std.effects|v2.test.fn_family.lens_unit.discriminators_test	call_contract_mismatch	bare_name_binding	v2.test.fn_family.lens_unit.discriminators_test.witness_subject_extraction_finds_two	call contract mismatch calling 'atom_node': no parameter named 'id' (declared: [s])
v2.test.fn_family.lens_unit.discriminators_test (witness); bare=atom_node		v2.std.effects.atom_node	v2.std.effects|v2.test.fn_family.lens_unit.discriminators_test	call_contract_mismatch	bare_name_binding	v2.test.fn_family.lens_unit.discriminators_test.witness_module_family_count_one	call contract mismatch calling 'atom_node': no parameter named 'id' (declared: [s])
v2.test.fn_family.lens_unit.discriminators_test (witness); bare=atom_node		v2.std.effects.atom_node	v2.std.effects|v2.test.fn_family.lens_unit.discriminators_test	call_contract_mismatch	bare_name_binding	v2.test.fn_family.lens_unit.discriminators_test.witness_sigma_family_fires_through_linearity_registry	call contract mismatch calling 'atom_node': no parameter named 'id' (declared: [s])
v2.test.fn_family.lens_unit.discriminators_test (witness); bare=atom_node		v2.std.effects.atom_node	v2.std.effects|v2.test.fn_family.lens_unit.discriminators_test	call_contract_mismatch	bare_name_binding	v2.test.fn_family.lens_unit.discriminators_test.witness_disjoint_decls_quiet_through_linearity_registry	call contract mismatch calling 'atom_node': no parameter named 'id' (declared: [s])
v2.test.fn_family.lens_unit.discriminators_test (witness); bare=atom_node		v2.std.effects.atom_node	v2.std.effects|v2.test.fn_family.lens_unit.discriminators_test	call_contract_mismatch	bare_name_binding	v2.test.fn_family.lens_unit.discriminators_test.witness_relatedness_is_transitive_across_different_slots	call contract mismatch calling 'atom_node': no parameter named 'id' (declared: [s])
v2.test.fn_family.lens_unit.discriminators_test (witness); bare=atom_node		v2.std.effects.atom_node	v2.std.effects|v2.test.fn_family.lens_unit.discriminators_test	call_contract_mismatch	bare_name_binding	v2.test.fn_family.lens_unit.discriminators_test.witness_first_fit_group_is_stable_across_slot_union	call contract mismatch calling 'atom_node': no parameter named 'id' (declared: [s])
v2.test.claim.generated_conformance_floor (witness); bare=witness_coproduct_exhaustiveness_diagnostic_claim				no_such_function	reach_gap	v2.test.claim.generated_conformance_floor.generated_coproduct_exhaustiveness_is_diagnostic	no such function: witness_coproduct_exhaustiveness_diagnostic_claim
v2.test.claim.generated_conformance_floor (witness); bare=witness_coproduct_exhaustiveness_uses_generated_anchor				no_such_function	reach_gap	v2.test.claim.generated_conformance_floor.generated_coproduct_exhaustiveness_anchor_holds	no such function: witness_coproduct_exhaustiveness_uses_generated_anchor
v2.test.claim.generated_conformance_floor (witness); bare=witness_coproduct_exhaustiveness_all_variants_emit				no_such_function	reach_gap	v2.test.claim.generated_conformance_floor.generated_coproduct_exhaustiveness_roster_covers_testclaim	no such function: witness_coproduct_exhaustiveness_all_variants_emit
v2.test.claim.generated_conformance_floor (witness); bare=witness_coproduct_exhaustiveness_generator_count				no_such_function	reach_gap	v2.test.claim.generated_conformance_floor.generated_coproduct_exhaustiveness_covers_every_coproduct	no such function: witness_coproduct_exhaustiveness_generator_count
v2.test.claim.generated_conformance_floor (witness); bare=witness_cross_representation_equality_is_equals				no_such_function	reach_gap	v2.test.claim.generated_conformance_floor.generated_cross_representation_equality_is_equals	no such function: witness_cross_representation_equality_is_equals
v2.test.claim.generated_conformance_floor (witness); bare=witness_cross_representation_equality_uses_generated_anchor				no_such_function	reach_gap	v2.test.claim.generated_conformance_floor.generated_cross_representation_equality_anchor_holds	no such function: witness_cross_representation_equality_uses_generated_anchor
v2.test.claim.generated_conformance_floor (witness); bare=witness_cross_representation_equality_covers_bool				no_such_function	reach_gap	v2.test.claim.generated_conformance_floor.generated_cross_representation_equality_covers_bool	no such function: witness_cross_representation_equality_covers_bool
v2.test.claim.generated_conformance_floor (witness); bare=witness_cross_representation_equality_covers_optional_null				no_such_function	reach_gap	v2.test.claim.generated_conformance_floor.generated_cross_representation_equality_covers_optional_null	no such function: witness_cross_representation_equality_covers_optional_null
v2.test.claim.generated_conformance_floor (witness); bare=witness_refinement_preserves_nonempty_list_base				no_such_function	reach_gap	v2.test.claim.generated_conformance_floor.generated_refinement_preserves_nonempty_list_base	no such function: witness_refinement_preserves_nonempty_list_base
v2.test.claim.generated_conformance_floor (witness); bare=witness_refinement_preservation_subject_anchor				no_such_function	reach_gap	v2.test.claim.generated_conformance_floor.generated_refinement_subject_anchor_holds	no such function: witness_refinement_preservation_subject_anchor
v2.test.claim.generated_conformance_floor (witness); bare=witness_refinement_preservation_scheduler_emits_one_generator				no_such_function	reach_gap	v2.test.claim.generated_conformance_floor.generated_refinement_scheduler_emits_one_generator	no such function: witness_refinement_preservation_scheduler_emits_one_generator
v2.test.claim.generated_conformance_floor (witness); bare=claim_refinement_nonempty_list_base_preserved				no_such_function	reach_gap	v2.test.claim.generated_conformance_floor.generated_refinement_claim_emits	no such function: claim_refinement_nonempty_list_base_preserved
v2.test.claim.generated_conformance_floor (witness); bare=witness_lbe_conj_snapshot_pass				no_such_function	reach_gap	v2.test.claim.generated_conformance_floor.generated_lbe_conj_snapshot_passes	no such function: witness_lbe_conj_snapshot_pass
v2.test.claim.generated_conformance_floor (witness); bare=witness_lbe_disj_snapshot_pass				no_such_function	reach_gap	v2.test.claim.generated_conformance_floor.generated_lbe_disj_snapshot_passes	no such function: witness_lbe_disj_snapshot_pass
v2.test.claim.generated_conformance_floor (witness); bare=witness_lbe_transform_snapshot_pass				no_such_function	reach_gap	v2.test.claim.generated_conformance_floor.generated_lbe_transform_snapshot_passes	no such function: witness_lbe_transform_snapshot_pass
v2.test.claim.generated_conformance_floor (witness); bare=witness_testgen_schedules_three_lbe_generators				no_such_function	reach_gap	v2.test.claim.generated_conformance_floor.generated_lbe_schedules_three_generators	no such function: witness_testgen_schedules_three_lbe_generators
v2.test.claim.generated_conformance_floor (witness); bare=witness_dag_surface_language_identity				no_such_function	reach_gap	v2.test.claim.generated_conformance_floor.generated_lbe_dag_surface_language_identity	no such function: witness_dag_surface_language_identity
v2.test.claim.generated_conformance_floor (witness); bare=row_witness_validity_constraint_satisfaction_holds				no_such_function	reach_gap	v2.test.claim.generated_conformance_floor.generated_witness_validity_constraint_satisfaction_emits	no such function: row_witness_validity_constraint_satisfaction_holds
v2.test.claim.generated_conformance_floor (witness); bare=row_witness_validity_property_symbol_mismatch				no_such_function	reach_gap	v2.test.claim.generated_conformance_floor.generated_witness_validity_property_symbol_mismatch_emits	no such function: row_witness_validity_property_symbol_mismatch
v2.test.claim.generated_conformance_floor (witness); bare=row_witness_validity_evidence_node_mismatch				no_such_function	reach_gap	v2.test.claim.generated_conformance_floor.generated_witness_validity_evidence_node_mismatch_emits	no such function: row_witness_validity_evidence_node_mismatch
v2.test.claim.generated_conformance_floor (witness); bare=row_witness_validity_rule_not_realized				no_such_function	reach_gap	v2.test.claim.generated_conformance_floor.generated_witness_validity_rule_not_realized_emits	no such function: row_witness_validity_rule_not_realized
v2.test.claim.generated_conformance_floor.generated_wishlist_dispatched_count_holds				other	other	v2.test.claim.generated_conformance_floor.generated_wishlist_dispatched_count_holds	non-exhaustive pattern match on: [Node { kind: TypeNode { connective: Conj }, children: [], occurrence_id: SyntheticOccurrence }]
v2.test.claim.gha_workflow_yaml_fold_structural (witness); bare=gha_fold_pilot_job				no_such_function	reach_gap	v2.test.claim.gha_workflow_yaml_fold_structural.gha_fold_structural_tier_holds	no such function: gha_fold_pilot_job
v2.test.claim.identity_captured_navigation.roster_gate.roster_dag_language_model_zero_suspects_within_ratchet				other	other	v2.test.claim.identity_captured_navigation.roster_gate.roster_dag_language_model_zero_suspects_within_ratchet	eval budget exceeded: 529ms thread-CPU > 500ms fast-lane budget (operator 5s rule 2026-07-12). This budget is enforced on THREAD CPU, not wall. RELOCATING THE FILE DOES NOT DISCHARGE IT: moving a witness under a long/ dir removes it from per-PR discovery without giving it an executing consumer, which deletes the coverage while retaining the source (the gunbc#7762 specimen behind the 2026-08-04 admission ruling). Either reduce the witness's cost, or enroll it in a lane that declares its own dated ceiling AND names the row as an executing consumer.
v2.test.claim.identity_captured_navigation.roster_gate.roster_body_lowering_fold_zero_suspects_within_ratchet				other	other	v2.test.claim.identity_captured_navigation.roster_gate.roster_body_lowering_fold_zero_suspects_within_ratchet	eval budget exceeded: 509ms thread-CPU > 500ms fast-lane budget (operator 5s rule 2026-07-12). This budget is enforced on THREAD CPU, not wall. RELOCATING THE FILE DOES NOT DISCHARGE IT: moving a witness under a long/ dir removes it from per-PR discovery without giving it an executing consumer, which deletes the coverage while retaining the source (the gunbc#7762 specimen behind the 2026-08-04 admission ruling). Either reduce the witness's cost, or enroll it in a lane that declares its own dated ceiling AND names the row as an executing consumer.
v2.test.claim.identity_captured_navigation.roster_gate.roster_ingest_stage_zero_suspects_within_ratchet				other	other	v2.test.claim.identity_captured_navigation.roster_gate.roster_ingest_stage_zero_suspects_within_ratchet	eval budget exceeded: 502ms thread-CPU > 500ms fast-lane budget (operator 5s rule 2026-07-12). This budget is enforced on THREAD CPU, not wall. RELOCATING THE FILE DOES NOT DISCHARGE IT: moving a witness under a long/ dir removes it from per-PR discovery without giving it an executing consumer, which deletes the coverage while retaining the source (the gunbc#7762 specimen behind the 2026-08-04 admission ruling). Either reduce the witness's cost, or enroll it in a lane that declares its own dated ceiling AND names the row as an executing consumer.
v2.test.claim.identity_captured_navigation.roster_gate.roster_parse_stage_zero_suspects_within_ratchet				other	other	v2.test.claim.identity_captured_navigation.roster_gate.roster_parse_stage_zero_suspects_within_ratchet	eval budget exceeded: 506ms thread-CPU > 500ms fast-lane budget (operator 5s rule 2026-07-12). This budget is enforced on THREAD CPU, not wall. RELOCATING THE FILE DOES NOT DISCHARGE IT: moving a witness under a long/ dir removes it from per-PR discovery without giving it an executing consumer, which deletes the coverage while retaining the source (the gunbc#7762 specimen behind the 2026-08-04 admission ruling). Either reduce the witness's cost, or enroll it in a lane that declares its own dated ceiling AND names the row as an executing consumer.
v2.test.claim.identity_captured_navigation.roster_gate.roster_accumulator_copy_analyze_zero_suspects_within_ratchet				other	other	v2.test.claim.identity_captured_navigation.roster_gate.roster_accumulator_copy_analyze_zero_suspects_within_ratchet	eval budget exceeded: 503ms thread-CPU > 500ms fast-lane budget (operator 5s rule 2026-07-12). This budget is enforced on THREAD CPU, not wall. RELOCATING THE FILE DOES NOT DISCHARGE IT: moving a witness under a long/ dir removes it from per-PR discovery without giving it an executing consumer, which deletes the coverage while retaining the source (the gunbc#7762 specimen behind the 2026-08-04 admission ruling). Either reduce the witness's cost, or enroll it in a lane that declares its own dated ceiling AND names the row as an executing consumer.
v2.test.claim.identity_captured_navigation.roster_gate.red_control_planted_identity_escape_still_alarms				other	other	v2.test.claim.identity_captured_navigation.roster_gate.red_control_planted_identity_escape_still_alarms	witness receipt wall budget exceeded: 502ms wall > 500ms whole-receipt budget (falsifier wet/silent-pick lane; kill-at-deadline)
v2.test.claim.identity_captured_navigation.roster_gate.red_control_planted_identity_escape_finding_count_is_one				other	other	v2.test.claim.identity_captured_navigation.roster_gate.red_control_planted_identity_escape_finding_count_is_one	eval budget exceeded: 503ms thread-CPU > 500ms fast-lane budget (operator 5s rule 2026-07-12). This budget is enforced on THREAD CPU, not wall. RELOCATING THE FILE DOES NOT DISCHARGE IT: moving a witness under a long/ dir removes it from per-PR discovery without giving it an executing consumer, which deletes the coverage while retaining the source (the gunbc#7762 specimen behind the 2026-08-04 admission ruling). Either reduce the witness's cost, or enroll it in a lane that declares its own dated ceiling AND names the row as an executing consumer.
v2.test.claim.identity_captured_navigation.roster_gate.green_control_sanctioned_reader_body_not_flagged				other	other	v2.test.claim.identity_captured_navigation.roster_gate.green_control_sanctioned_reader_body_not_flagged	witness receipt wall budget exceeded: 502ms wall > 500ms whole-receipt budget (falsifier wet/silent-pick lane; kill-at-deadline)
v2.test.claim.identity_captured_navigation.roster_gate.green_control_sanctioned_reader_body_has_no_findings_at_all				other	other	v2.test.claim.identity_captured_navigation.roster_gate.green_control_sanctioned_reader_body_has_no_findings_at_all	eval budget exceeded: 503ms thread-CPU > 500ms fast-lane budget (operator 5s rule 2026-07-12). This budget is enforced on THREAD CPU, not wall. RELOCATING THE FILE DOES NOT DISCHARGE IT: moving a witness under a long/ dir removes it from per-PR discovery without giving it an executing consumer, which deletes the coverage while retaining the source (the gunbc#7762 specimen behind the 2026-08-04 admission ruling). Either reduce the witness's cost, or enroll it in a lane that declares its own dated ceiling AND names the row as an executing consumer.
v2.test.claim.identity_captured_navigation.roster_gate.unrelated_caret_literal_call_not_flagged				other	other	v2.test.claim.identity_captured_navigation.roster_gate.unrelated_caret_literal_call_not_flagged	witness receipt wall budget exceeded: 501ms wall > 500ms whole-receipt budget (falsifier wet/silent-pick lane; kill-at-deadline)
v2.test.claim.infer_semantics_witness.infer_semantics_witness_keystone_holds				other	other	v2.test.claim.infer_semantics_witness.infer_semantics_witness_keystone_holds	type error: hermetic mode: no mock_response for operation IsExecutable — refusing to fabricate Unit
v2.test.intent_linearity.lens_unit.discriminators.unroll_detected_by_registry				other	other	v2.test.intent_linearity.lens_unit.discriminators.unroll_detected_by_registry	returned Bool(false)
v2.test.intent_linearity.lens_unit.discriminators.residual_is_n_minus_one				other	other	v2.test.intent_linearity.lens_unit.discriminators.residual_is_n_minus_one	returned Bool(false)
v2.test.intent_linearity.lens_unit.discriminators.body_with_unroll_is_not_linear				other	other	v2.test.intent_linearity.lens_unit.discriminators.body_with_unroll_is_not_linear	returned Bool(false)
v2.test.intent_linearity.lens_unit.runtime_axis (witness); bare=symbolic_cost_of_node				no_such_function	reach_gap	v2.test.intent_linearity.lens_unit.runtime_axis.nested_loop_cost_is_lowerable	no such function: symbolic_cost_of_node
v2.test.intent_linearity.lens_unit.runtime_axis (witness); bare=symbolic_cost_of_node				no_such_function	reach_gap	v2.test.intent_linearity.lens_unit.runtime_axis.flat_loop_cost_not_lowerable	no such function: symbolic_cost_of_node
v2.test.intent_linearity.lens_unit.runtime_axis (witness); bare=chain_is_simulated				no_such_function	reach_gap	v2.test.intent_linearity.lens_unit.runtime_axis.nested_loop_is_runtime_candidate	no such function: chain_is_simulated
v2.test.intent_linearity.lens_unit.runtime_axis (witness); bare=chain_is_simulated				no_such_function	reach_gap	v2.test.intent_linearity.lens_unit.runtime_axis.flat_loop_not_runtime_candidate	no such function: chain_is_simulated
v2.test.intent_linearity.lens_unit.runtime_axis (witness); bare=chain_is_simulated				no_such_function	reach_gap	v2.test.intent_linearity.lens_unit.runtime_axis.nested_loop_not_changetime_redundant	no such function: chain_is_simulated
v2.test.intent_linearity.lens_unit.runtime_axis (witness); bare=chain_is_simulated				no_such_function	reach_gap	v2.test.intent_linearity.lens_unit.runtime_axis.flat_loop_is_linear	no such function: chain_is_simulated
v2.test.languages_consumer_census.corpus.data_decl_ratchet.corpus_data_decl_ratchet_holds				other	other	v2.test.languages_consumer_census.corpus.data_decl_ratchet.corpus_data_decl_ratchet_holds	exceeded Cpu budget (675ms elapsed against 500ms)
v2.test.claim.live_read_classification_test.unit_closure_is_local_read				other	other	v2.test.claim.live_read_classification_test.unit_closure_is_local_read	non-exhaustive pattern match on: LocalRead
v2.test.claim.live_read_classification_test.two_hop_decl_facts_carrier_is_runtime_read				other	other	v2.test.claim.live_read_classification_test.two_hop_decl_facts_carrier_is_runtime_read	non-exhaustive pattern match on: RuntimeRead { carriers: Cons { head: DeclFactsReflection { home: fix.corpus_reader }, tail: Empty } }
v2.test.claim.live_read_classification_test.two_hop_facts_classify_as_runtime_read				other	other	v2.test.claim.live_read_classification_test.two_hop_facts_classify_as_runtime_read	non-exhaustive pattern match on: RuntimeRead { carriers: Cons { head: DeclFactsReflection { home: fix.corpus_reader }, tail: Empty } }
v2.test.claim.live_read_classification_test.severed_mid_hop_is_local_read				other	other	v2.test.claim.live_read_classification_test.severed_mid_hop_is_local_read	non-exhaustive pattern match on: LocalRead
v2.test.claim.live_read_classification_test.red_control_roster_gate_severed_is_local				other	other	v2.test.claim.live_read_classification_test.red_control_roster_gate_severed_is_local	non-exhaustive pattern match on: LocalRead
v2.test.claim.live_read_classification_test.v0_registry_two_hop_decl_index_runtime_read				other	other	v2.test.claim.live_read_classification_test.v0_registry_two_hop_decl_index_runtime_read	non-exhaustive pattern match on: RuntimeRead { carriers: Cons { head: DeclFactsReflection { home: v2.std.decl_index }, tail: Empty } }
v2.test.claim.live_read_classification_test.g2_roster_gate_entry_classifies_literal_paths				other	other	v2.test.claim.live_read_classification_test.g2_roster_gate_entry_classifies_literal_paths	eval budget exceeded: 2169ms thread-CPU > 500ms fast-lane budget (operator 5s rule 2026-07-12). This budget is enforced on THREAD CPU, not wall. RELOCATING THE FILE DOES NOT DISCHARGE IT: moving a witness under a long/ dir removes it from per-PR discovery without giving it an executing consumer, which deletes the coverage while retaining the source (the gunbc#7762 specimen behind the 2026-08-04 admission ruling). Either reduce the witness's cost, or enroll it in a lane that declares its own dated ceiling AND names the row as an executing consumer.
v2.test.claim.live_read_classification_test.g2_roster_gate_literal_path_touched_selects				other	other	v2.test.claim.live_read_classification_test.g2_roster_gate_literal_path_touched_selects	eval budget exceeded: 1875ms thread-CPU > 500ms fast-lane budget (operator 5s rule 2026-07-12). This budget is enforced on THREAD CPU, not wall. RELOCATING THE FILE DOES NOT DISCHARGE IT: moving a witness under a long/ dir removes it from per-PR discovery without giving it an executing consumer, which deletes the coverage while retaining the source (the gunbc#7762 specimen behind the 2026-08-04 admission ruling). Either reduce the witness's cost, or enroll it in a lane that declares its own dated ceiling AND names the row as an executing consumer.
v2.test.claim.live_read_classification_test.g2_implies_reads_live_tree_for_roster_gate				other	other	v2.test.claim.live_read_classification_test.g2_implies_reads_live_tree_for_roster_gate	eval budget exceeded: 1886ms thread-CPU > 500ms fast-lane budget (operator 5s rule 2026-07-12). This budget is enforced on THREAD CPU, not wall. RELOCATING THE FILE DOES NOT DISCHARGE IT: moving a witness under a long/ dir removes it from per-PR discovery without giving it an executing consumer, which deletes the coverage while retaining the source (the gunbc#7762 specimen behind the 2026-08-04 admission ruling). Either reduce the witness's cost, or enroll it in a lane that declares its own dated ceiling AND names the row as an executing consumer.
v2.test.claim.live_read_classification_test.g2_complete_facts_reachable_home_without_carrier_call_is_local				other	other	v2.test.claim.live_read_classification_test.g2_complete_facts_reachable_home_without_carrier_call_is_local	non-exhaustive pattern match on: LocalRead
v2.test.claim.live_read_classification_test.g2_reachable_carrier_call_with_unknown_argument_is_runtime_read				other	other	v2.test.claim.live_read_classification_test.g2_reachable_carrier_call_with_unknown_argument_is_runtime_read	non-exhaustive pattern match on: RuntimeRead { carriers: Cons { head: FilesystemReadPath { path_pattern: UnknownPath }, tail: Empty } }
v2.test.manual.english_emit_add.english_emit_add_ingest_round_trip_holds				other	other	v2.test.manual.english_emit_add.english_emit_add_ingest_round_trip_holds	returned Bool(false)
v2.test.manual.medium_node_instantiation (witness); bare=v2_eval_bool_literal_pin				no_such_function	reach_gap	v2.test.manual.medium_node_instantiation.medium_node_carried_is_expected	no such function: v2_eval_bool_literal_pin
v2.test.manual.medium_node_instantiation (witness); bare=v2_eval_bool_literal_pin				no_such_function	reach_gap	v2.test.manual.medium_node_instantiation.medium_node_fidelity_is_lossless	no such function: v2_eval_bool_literal_pin
v2.test.manual.medium_node_instantiation (witness); bare=v2_eval_bool_literal_pin				no_such_function	reach_gap	v2.test.manual.medium_node_instantiation.medium_node_lossy_tag_not_lossless	no such function: v2_eval_bool_literal_pin
v2.test.manual.medium_source_text_instantiation (witness); bare=SourceFile				undefined_variable	reach_gap	v2.test.manual.medium_source_text_instantiation.witness_source_field_is_medium	undefined variable: SourceFile
v2.test.manual.value_null_split_witness (witness); bare=cross_repr_native_value_null				no_such_function	reach_gap	v2.test.manual.value_null_split_witness.optional_null_straddle_rostered_until_phase_e	no such function: cross_repr_native_value_null
v2.test.claim.rust_crate_partition_witness.witness_partition_r4_valid_on_interim_holds				other	other	v2.test.claim.rust_crate_partition_witness.witness_partition_r4_valid_on_interim_holds	witness receipt wall budget exceeded: 501ms wall > 500ms whole-receipt budget (falsifier wet/silent-pick lane; kill-at-deadline)
v2.test.claim.source_root_tagging (witness); bare=SourceFile				undefined_variable	reach_gap	v2.test.claim.source_root_tagging.source_root_tag_carried_and_folded_to_grounded_set	undefined variable: SourceFile
v2.test.claim.staging.cached_stage_hit_skips_stage				other	other	v2.test.claim.staging.cached_stage_hit_skips_stage	type error: cannot access field 'raw' on Int
v2.test.claim.staging.cached_stage_miss_runs_stage				other	other	v2.test.claim.staging.cached_stage_miss_runs_stage	type error: cannot access field 'raw' on Int
v2.test.structural_similarity.lens_unit.discriminators.width_family_is_similar				other	other	v2.test.structural_similarity.lens_unit.discriminators.width_family_is_similar	returned Bool(false)
v2.test.fixture.walk_plan_stage.barrier_witness.walk_plan_stage_barrier_witness_holds				other	other	v2.test.fixture.walk_plan_stage.barrier_witness.walk_plan_stage_barrier_witness_holds	type error: hermetic mode: no mock_response for operation Read — refusing to fabricate Unit
v2.test.fixture.walk_plan_stage.cleanup.walk_plan_stage_cleanup_holds				other	other	v2.test.fixture.walk_plan_stage.cleanup.walk_plan_stage_cleanup_holds	type error: hermetic mode: no mock_response for operation RecursiveForce — refusing to fabricate Unit
v2.test.fixture.walk_plan_stage.common.walk_plan_stage_materialize_harness_authority_holds				other	other	v2.test.fixture.walk_plan_stage.common.walk_plan_stage_materialize_harness_authority_holds	type error: hermetic mode: no mock_response for operation Write — refusing to fabricate Unit
v2.test.fixture.walk_plan_stage.failure_red_member.walk_plan_stage_failure_red_member_holds				other	other	v2.test.fixture.walk_plan_stage.failure_red_member.walk_plan_stage_failure_red_member_holds	returned Bool(false)
v2.test.fixture.walk_plan_stage.overlap_peer_a.walk_plan_stage_overlap_peer_a_holds				other	other	v2.test.fixture.walk_plan_stage.overlap_peer_a.walk_plan_stage_overlap_peer_a_holds	type error: hermetic mode: no mock_response for operation Parents — refusing to fabricate Unit
v2.test.fixture.walk_plan_stage.overlap_peer_b.walk_plan_stage_overlap_peer_b_holds				other	other	v2.test.fixture.walk_plan_stage.overlap_peer_b.walk_plan_stage_overlap_peer_b_holds	type error: hermetic mode: no mock_response for operation Parents — refusing to fabricate Unit
v2.test.fixture.walk_plan_stage.receipt_refusal_poison.walk_plan_stage_receipt_refusal_poison_holds				other	other	v2.test.fixture.walk_plan_stage.receipt_refusal_poison.walk_plan_stage_receipt_refusal_poison_holds	type error: hermetic mode: no mock_response for operation Parents — refusing to fabricate Unit
v2.test.fixture.walk_plan_stage.recursion_refusal_member.walk_plan_stage_recursion_refusal_member_holds				other	other	v2.test.fixture.walk_plan_stage.recursion_refusal_member.walk_plan_stage_recursion_refusal_member_holds	type error: call depth exceeded 100000 at fn 'walk_plan_stage_recursion_refusal_member_holds' — unbounded recursion (a bare-name resolution cycle, or a genuinely divergent chain); refused, never a host stack overflow
v2.test.fixture.walk_plan_stage.stage2_marker.walk_plan_stage_stage2_marker_holds				other	other	v2.test.fixture.walk_plan_stage.stage2_marker.walk_plan_stage_stage2_marker_holds	type error: hermetic mode: no mock_response for operation Write — refusing to fabricate Unit
v2.test.lens_mock_totality.cron_mock_totality (witness); bare=cron_published_mock_corpus				no_such_function	reach_gap	v2.test.lens_mock_totality.cron_mock_totality.cron_mock_consumer_is_total_holds	no such function: cron_published_mock_corpus
v2.test.lens_mock_totality.cron_mock_totality (witness); bare=cron_published_mock_corpus				no_such_function	reach_gap	v2.test.lens_mock_totality.cron_mock_totality.cron_mock_omitted_member_is_red_holds	no such function: cron_published_mock_corpus
v2.test.lens_mock_totality.diagnostic_mock_totality (witness); bare=diagnostic_published_mock_corpus				no_such_function	reach_gap	v2.test.lens_mock_totality.diagnostic_mock_totality.diagnostic_mock_consumer_is_total_holds	no such function: diagnostic_published_mock_corpus
v2.test.lens_mock_totality.diagnostic_mock_totality (witness); bare=diagnostic_published_mock_corpus				no_such_function	reach_gap	v2.test.lens_mock_totality.diagnostic_mock_totality.diagnostic_mock_omitted_member_is_red_holds	no such function: diagnostic_published_mock_corpus
v2.test.lens_mock_totality.filesystem_mock_totality (witness); bare=filesystem_published_mock_corpus				no_such_function	reach_gap	v2.test.lens_mock_totality.filesystem_mock_totality.filesystem_mock_consumer_is_total_holds	no such function: filesystem_published_mock_corpus
v2.test.lens_mock_totality.filesystem_mock_totality (witness); bare=filesystem_published_mock_corpus				no_such_function	reach_gap	v2.test.lens_mock_totality.filesystem_mock_totality.filesystem_mock_omitted_member_is_red_holds	no such function: filesystem_published_mock_corpus
v2.test.lens_mock_totality.gcp_mock_totality (witness); bare=gcp_published_mock_corpus				no_such_function	reach_gap	v2.test.lens_mock_totality.gcp_mock_totality.gcp_mock_consumer_is_total_holds	no such function: gcp_published_mock_corpus
v2.test.lens_mock_totality.gcp_mock_totality (witness); bare=gcp_published_mock_corpus				no_such_function	reach_gap	v2.test.lens_mock_totality.gcp_mock_totality.gcp_mock_omitted_member_is_red_holds	no such function: gcp_published_mock_corpus
v2.test.lens_mock_totality.git_mock_totality (witness); bare=git_published_mock_corpus				no_such_function	reach_gap	v2.test.lens_mock_totality.git_mock_totality.git_mock_consumer_is_total_holds	no such function: git_published_mock_corpus
v2.test.lens_mock_totality.git_mock_totality (witness); bare=git_published_mock_corpus				no_such_function	reach_gap	v2.test.lens_mock_totality.git_mock_totality.git_mock_omitted_member_is_red_holds	no such function: git_published_mock_corpus
v2.test.lens_mock_totality.git_mock_totality (witness); bare=git_published_mock_corpus				no_such_function	reach_gap	v2.test.lens_mock_totality.git_mock_totality.git_mock_omitted_show_tree_is_red_holds	no such function: git_published_mock_corpus
v2.test.lens_mock_totality.github_mock_totality (witness); bare=github_published_mock_corpus				no_such_function	reach_gap	v2.test.lens_mock_totality.github_mock_totality.github_mock_consumer_is_total_holds	no such function: github_published_mock_corpus
v2.test.lens_mock_totality.github_mock_totality (witness); bare=github_published_mock_corpus				no_such_function	reach_gap	v2.test.lens_mock_totality.github_mock_totality.github_mock_omitted_member_is_red_holds	no such function: github_published_mock_corpus
v2.test.lens_mock_totality.http_pilot_mock_totality (witness); bare=http_pilot_published_mock_corpus				no_such_function	reach_gap	v2.test.lens_mock_totality.http_pilot_mock_totality.http_pilot_mock_consumer_is_total_holds	no such function: http_pilot_published_mock_corpus
v2.test.lens_mock_totality.http_pilot_mock_totality (witness); bare=http_pilot_published_mock_corpus				no_such_function	reach_gap	v2.test.lens_mock_totality.http_pilot_mock_totality.http_pilot_mock_omitted_member_is_red_holds	no such function: http_pilot_published_mock_corpus
v2.test.lens_mock_totality.llm_mock_totality (witness); bare=llm_published_mock_corpus				no_such_function	reach_gap	v2.test.lens_mock_totality.llm_mock_totality.llm_mock_consumer_is_total_holds	no such function: llm_published_mock_corpus
v2.test.lens_mock_totality.llm_mock_totality (witness); bare=llm_published_mock_corpus				no_such_function	reach_gap	v2.test.lens_mock_totality.llm_mock_totality.llm_mock_omitted_member_is_red_holds	no such function: llm_published_mock_corpus
v2.test.lens_mock_totality.sec_edgar_mock_totality (witness); bare=sec_edgar_published_mock_corpus				no_such_function	reach_gap	v2.test.lens_mock_totality.sec_edgar_mock_totality.sec_edgar_mock_consumer_is_total_holds	no such function: sec_edgar_published_mock_corpus
v2.test.lens_mock_totality.sec_edgar_mock_totality (witness); bare=sec_edgar_published_mock_corpus				no_such_function	reach_gap	v2.test.lens_mock_totality.sec_edgar_mock_totality.sec_edgar_mock_omitted_member_is_red_holds	no such function: sec_edgar_published_mock_corpus
v2.test.lens_mock_totality.shell_mock_totality (witness); bare=shell_published_mock_corpus				no_such_function	reach_gap	v2.test.lens_mock_totality.shell_mock_totality.shell_mock_consumer_is_total_holds	no such function: shell_published_mock_corpus
v2.test.lens_mock_totality.shell_mock_totality (witness); bare=shell_published_mock_corpus				no_such_function	reach_gap	v2.test.lens_mock_totality.shell_mock_totality.shell_mock_omitted_member_is_red_holds	no such function: shell_published_mock_corpus
v2.test.manual.grounding_lens_whole_tree.grounding_lens_whole_tree_witnesses				other	other	v2.test.manual.grounding_lens_whole_tree.grounding_lens_whole_tree_witnesses	eval budget exceeded: 25301ms thread-CPU > 500ms fast-lane budget (operator 5s rule 2026-07-12). This budget is enforced on THREAD CPU, not wall. RELOCATING THE FILE DOES NOT DISCHARGE IT: moving a witness under a long/ dir removes it from per-PR discovery without giving it an executing consumer, which deletes the coverage while retaining the source (the gunbc#7762 specimen behind the 2026-08-04 admission ruling). Either reduce the witness's cost, or enroll it in a lane that declares its own dated ceiling AND names the row as an executing consumer.
v2.workflow.ci_heal_skew_guard_emit_test.ci_heal_skew_guard_emit_did_not_refuse_holds				other	other	v2.workflow.ci_heal_skew_guard_emit_test.ci_heal_skew_guard_emit_did_not_refuse_holds	witness receipt wall budget exceeded: 504ms wall > 500ms whole-receipt budget (falsifier wet/silent-pick lane; kill-at-deadline)
v2.workflow.ci_heal_skew_guard_emit_test.ci_heal_skew_guard_uses_structural_control_flow_holds				other	other	v2.workflow.ci_heal_skew_guard_emit_test.ci_heal_skew_guard_uses_structural_control_flow_holds	eval budget exceeded: 508ms thread-CPU > 500ms fast-lane budget (operator 5s rule 2026-07-12). This budget is enforced on THREAD CPU, not wall. RELOCATING THE FILE DOES NOT DISCHARGE IT: moving a witness under a long/ dir removes it from per-PR discovery without giving it an executing consumer, which deletes the coverage while retaining the source (the gunbc#7762 specimen behind the 2026-08-04 admission ruling). Either reduce the witness's cost, or enroll it in a lane that declares its own dated ceiling AND names the row as an executing consumer.
v2.workflow.ci_heal_skew_guard_emit_test.ci_heal_skew_guard_has_no_shell_loop_or_case_holds				other	other	v2.workflow.ci_heal_skew_guard_emit_test.ci_heal_skew_guard_has_no_shell_loop_or_case_holds	eval budget exceeded: 505ms thread-CPU > 500ms fast-lane budget (operator 5s rule 2026-07-12). This budget is enforced on THREAD CPU, not wall. RELOCATING THE FILE DOES NOT DISCHARGE IT: moving a witness under a long/ dir removes it from per-PR discovery without giving it an executing consumer, which deletes the coverage while retaining the source (the gunbc#7762 specimen behind the 2026-08-04 admission ruling). Either reduce the witness's cost, or enroll it in a lane that declares its own dated ceiling AND names the row as an executing consumer.
v2.workflow.ci_heal_skew_guard_emit_test.ci_heal_skew_guard_excludes_every_registered_artifact_holds				other	other	v2.workflow.ci_heal_skew_guard_emit_test.ci_heal_skew_guard_excludes_every_registered_artifact_holds	eval budget exceeded: 503ms thread-CPU > 500ms fast-lane budget (operator 5s rule 2026-07-12). This budget is enforced on THREAD CPU, not wall. RELOCATING THE FILE DOES NOT DISCHARGE IT: moving a witness under a long/ dir removes it from per-PR discovery without giving it an executing consumer, which deletes the coverage while retaining the source (the gunbc#7762 specimen behind the 2026-08-04 admission ruling). Either reduce the witness's cost, or enroll it in a lane that declares its own dated ceiling AND names the row as an executing consumer.
v2.workflow.ci_heal_skew_guard_emit_test.ci_heal_skew_guard_excludes_stage0_emitted_rust_holds				other	other	v2.workflow.ci_heal_skew_guard_emit_test.ci_heal_skew_guard_excludes_stage0_emitted_rust_holds	eval budget exceeded: 501ms thread-CPU > 500ms fast-lane budget (operator 5s rule 2026-07-12). This budget is enforced on THREAD CPU, not wall. RELOCATING THE FILE DOES NOT DISCHARGE IT: moving a witness under a long/ dir removes it from per-PR discovery without giving it an executing consumer, which deletes the coverage while retaining the source (the gunbc#7762 specimen behind the 2026-08-04 admission ruling). Either reduce the witness's cost, or enroll it in a lane that declares its own dated ceiling AND names the row as an executing consumer.
v2.workflow.ci_heal_skew_guard_emit_test.ci_heal_skew_guard_red_when_an_artifact_is_unexcluded_holds				other	other	v2.workflow.ci_heal_skew_guard_emit_test.ci_heal_skew_guard_red_when_an_artifact_is_unexcluded_holds	eval budget exceeded: 505ms thread-CPU > 500ms fast-lane budget (operator 5s rule 2026-07-12). This budget is enforced on THREAD CPU, not wall. RELOCATING THE FILE DOES NOT DISCHARGE IT: moving a witness under a long/ dir removes it from per-PR discovery without giving it an executing consumer, which deletes the coverage while retaining the source (the gunbc#7762 specimen behind the 2026-08-04 admission ruling). Either reduce the witness's cost, or enroll it in a lane that declares its own dated ceiling AND names the row as an executing consumer.
v2.workflow.ci_heal_skew_guard_emit_test.ci_heal_skew_guard_remedy_rechecks_before_proceeding_holds				other	other	v2.workflow.ci_heal_skew_guard_emit_test.ci_heal_skew_guard_remedy_rechecks_before_proceeding_holds	eval budget exceeded: 504ms thread-CPU > 500ms fast-lane budget (operator 5s rule 2026-07-12). This budget is enforced on THREAD CPU, not wall. RELOCATING THE FILE DOES NOT DISCHARGE IT: moving a witness under a long/ dir removes it from per-PR discovery without giving it an executing consumer, which deletes the coverage while retaining the source (the gunbc#7762 specimen behind the 2026-08-04 admission ruling). Either reduce the witness's cost, or enroll it in a lane that declares its own dated ceiling AND names the row as an executing consumer.
v2.workflow.ci_heal_skew_guard_emit_test.ci_heal_skew_guard_remedy_merges_the_built_from_revision_holds				other	other	v2.workflow.ci_heal_skew_guard_emit_test.ci_heal_skew_guard_remedy_merges_the_built_from_revision_holds	eval budget exceeded: 506ms thread-CPU > 500ms fast-lane budget (operator 5s rule 2026-07-12). This budget is enforced on THREAD CPU, not wall. RELOCATING THE FILE DOES NOT DISCHARGE IT: moving a witness under a long/ dir removes it from per-PR discovery without giving it an executing consumer, which deletes the coverage while retaining the source (the gunbc#7762 specimen behind the 2026-08-04 admission ruling). Either reduce the witness's cost, or enroll it in a lane that declares its own dated ceiling AND names the row as an executing consumer.
v2.workflow.ci_heal_skew_guard_emit_test.ci_heal_skew_guard_refusal_aborts_the_merge_holds				other	other	v2.workflow.ci_heal_skew_guard_emit_test.ci_heal_skew_guard_refusal_aborts_the_merge_holds	eval budget exceeded: 509ms thread-CPU > 500ms fast-lane budget (operator 5s rule 2026-07-12). This budget is enforced on THREAD CPU, not wall. RELOCATING THE FILE DOES NOT DISCHARGE IT: moving a witness under a long/ dir removes it from per-PR discovery without giving it an executing consumer, which deletes the coverage while retaining the source (the gunbc#7762 specimen behind the 2026-08-04 admission ruling). Either reduce the witness's cost, or enroll it in a lane that declares its own dated ceiling AND names the row as an executing consumer.
v2.workflow.ci_heal_skew_guard_emit_test.ci_heal_skew_guard_commit_rechecks_unmerged_before_committing_holds				other	other	v2.workflow.ci_heal_skew_guard_emit_test.ci_heal_skew_guard_commit_rechecks_unmerged_before_committing_holds	eval budget exceeded: 507ms thread-CPU > 500ms fast-lane budget (operator 5s rule 2026-07-12). This budget is enforced on THREAD CPU, not wall. RELOCATING THE FILE DOES NOT DISCHARGE IT: moving a witness under a long/ dir removes it from per-PR discovery without giving it an executing consumer, which deletes the coverage while retaining the source (the gunbc#7762 specimen behind the 2026-08-04 admission ruling). Either reduce the witness's cost, or enroll it in a lane that declares its own dated ceiling AND names the row as an executing consumer.
v2.workflow.ci_heal_skew_guard_emit_test.ci_heal_skew_guard_scaffold_row_is_deleted_holds				other	other	v2.workflow.ci_heal_skew_guard_emit_test.ci_heal_skew_guard_scaffold_row_is_deleted_holds	eval budget exceeded: 507ms thread-CPU > 500ms fast-lane budget (operator 5s rule 2026-07-12). This budget is enforced on THREAD CPU, not wall. RELOCATING THE FILE DOES NOT DISCHARGE IT: moving a witness under a long/ dir removes it from per-PR discovery without giving it an executing consumer, which deletes the coverage while retaining the source (the gunbc#7762 specimen behind the 2026-08-04 admission ruling). Either reduce the witness's cost, or enroll it in a lane that declares its own dated ceiling AND names the row as an executing consumer.
