file	referenced_name	referencing_module	definer_module	binding_source
dag/examples/cost_estimate/cost_estimate.dag	CurrencyCode	examples.cost_estimate	std.currency	pool-coincidence
dag/examples/gunbhub_serve_program/gunbhub_serve_program.dag	ProcessExit	examples.gunbhub_serve_program	std.process	pool-coincidence
dag/examples/html_markup_smoke/html_markup_smoke.dag	MarkupNode	examples.html_markup_smoke	std.markup	pool-coincidence
dag/examples/html_markup_smoke/html_markup_smoke.dag	MarkupNode	examples.html_markup_smoke	std.markup	pool-coincidence
dag/examples/html_markup_smoke/html_markup_smoke.dag	MarkupNode	examples.html_markup_smoke	std.markup	pool-coincidence
dag/examples/html_markup_smoke/html_markup_smoke.dag	MarkupNode	examples.html_markup_smoke	std.markup	pool-coincidence
dag/examples/html_markup_smoke/html_markup_smoke.dag	MarkupNode	examples.html_markup_smoke	std.markup	pool-coincidence
dag/examples/html_markup_smoke/html_markup_smoke.dag	MarkupNode	examples.html_markup_smoke	std.markup	pool-coincidence
dag/examples/html_markup_smoke/html_markup_smoke.dag	MarkupNode	examples.html_markup_smoke	std.markup	pool-coincidence
dag/examples/html_markup_smoke/html_markup_smoke.dag	ProcessExit	examples.html_markup_smoke	std.process	pool-coincidence
dag/examples/interp_test/interp_test.dag	LiveTreeDisposition	examples.interp_test	v2.std.live_tree	pool-coincidence
dag/examples/js_site/js_site.dag	Disposition	examples.js_site	std.disposition	pool-coincidence
dag/examples/js_site/js_site.dag	MarkupNode	examples.js_site	std.markup	pool-coincidence
dag/examples/js_site/js_site.dag	MarkupNode	examples.js_site	std.markup	pool-coincidence
dag/examples/js_site/js_site.dag	MarkupNode	examples.js_site	std.markup	pool-coincidence
dag/examples/js_site/js_site.dag	MarkupNode	examples.js_site	std.markup	pool-coincidence
dag/examples/js_site/js_site.dag	MarkupNode	examples.js_site	std.markup	pool-coincidence
dag/examples/js_site/js_site.dag	MarkupNode	examples.js_site	std.markup	pool-coincidence
dag/examples/js_site/js_site.dag	MarkupNode	examples.js_site	std.markup	pool-coincidence
dag/examples/js_site/js_site.dag	MarkupNode	examples.js_site	std.markup	pool-coincidence
dag/examples/js_site/js_site.dag	MarkupNode	examples.js_site	std.markup	pool-coincidence
dag/examples/js_site/js_site.dag	MarkupNode	examples.js_site	std.markup	pool-coincidence
dag/examples/js_site/js_site.dag	MarkupNode	examples.js_site	std.markup	pool-coincidence
dag/examples/js_site/js_site.dag	MarkupNode	examples.js_site	std.markup	pool-coincidence
dag/examples/js_site/js_site.dag	MarkupNode	examples.js_site	std.markup	pool-coincidence
dag/examples/js_site/js_site.dag	MarkupNode	examples.js_site	std.markup	pool-coincidence
dag/examples/js_site/js_site_emit.dag	HtmlEmitResult	examples.js_site_emit	extdeps.languages.html	pool-coincidence
dag/examples/js_site/js_site_emit.dag	JsSitePage	examples.js_site_emit	examples.js_site	pool-coincidence
dag/examples/js_site/js_site_emit.dag	JsSitePage	examples.js_site_emit	examples.js_site	pool-coincidence
dag/examples/js_site/js_site_emit.dag	JsSitePage	examples.js_site_emit	examples.js_site	pool-coincidence
dag/examples/js_site/js_site_emit.dag	JsSitePage	examples.js_site_emit	examples.js_site	pool-coincidence
dag/examples/js_site/js_site_emit.dag	JsSitePage	examples.js_site_emit	examples.js_site	pool-coincidence
dag/examples/js_site/js_site_emit.dag	JsSitePageId	examples.js_site_emit	examples.js_site	pool-coincidence
dag/examples/js_site/js_site_emit.dag	JsSitePageId	examples.js_site_emit	examples.js_site	pool-coincidence
dag/examples/js_site/js_site_emit.dag	JsSitePageId	examples.js_site_emit	examples.js_site	pool-coincidence
dag/examples/js_site/js_site_emit.dag	JsxEmitResult	examples.js_site_emit	extdeps.languages.react_jsx	pool-coincidence
dag/examples/js_site/js_site_emit.dag	ProcessExit	examples.js_site_emit	std.process	pool-coincidence
dag/extdeps/access/aws_iam.dag	ExternalAuthority	extdeps.access.aws_iam	extdeps.external_authority	pool-coincidence
dag/extdeps/access/aws_iam.dag	NonEmptyStr	extdeps.access.aws_iam	std.types	pool-coincidence
dag/extdeps/access/aws_iam.dag	NonEmptyStr	extdeps.access.aws_iam	std.types	pool-coincidence
dag/extdeps/access/aws_iam.dag	NonEmptyStr	extdeps.access.aws_iam	std.types	pool-coincidence
dag/extdeps/access/aws_iam.dag	NonEmptyStr	extdeps.access.aws_iam	std.types	pool-coincidence
dag/extdeps/access/aws_iam.dag	NonEmptyStr	extdeps.access.aws_iam	std.types	pool-coincidence
dag/extdeps/access/aws_iam.dag	NonEmptyStr	extdeps.access.aws_iam	std.types	pool-coincidence
dag/extdeps/access/aws_iam.dag	NonEmptyStr	extdeps.access.aws_iam	std.types	pool-coincidence
dag/extdeps/access/aws_iam.dag	NonEmptyStr	extdeps.access.aws_iam	std.types	pool-coincidence
dag/extdeps/access/aws_iam.dag	NonEmptyStr	extdeps.access.aws_iam	std.types	pool-coincidence
dag/extdeps/access/aws_iam.dag	NonEmptyStr	extdeps.access.aws_iam	std.types	pool-coincidence
dag/extdeps/access/aws_iam.dag	NonEmptyStr	extdeps.access.aws_iam	std.types	pool-coincidence
dag/extdeps/access/aws_iam.dag	NonEmptyStr	extdeps.access.aws_iam	std.types	pool-coincidence
dag/extdeps/access/posix.dag	ExternalAuthority	extdeps.access.posix	extdeps.external_authority	pool-coincidence
dag/extdeps/access/posix.dag	NonEmptyStr	extdeps.access.posix	std.types	pool-coincidence
dag/extdeps/access/rbac.dag	ExternalAuthority	extdeps.access.rbac	extdeps.external_authority	pool-coincidence
dag/extdeps/access/rbac.dag	NonEmptyStr	extdeps.access.rbac	std.types	pool-coincidence
dag/extdeps/access/rbac.dag	NonEmptyStr	extdeps.access.rbac	std.types	pool-coincidence
dag/extdeps/access/rbac.dag	NonEmptyStr	extdeps.access.rbac	std.types	pool-coincidence
dag/extdeps/access/rbac.dag	NonEmptyStr	extdeps.access.rbac	std.types	pool-coincidence
dag/extdeps/access/rbac.dag	NonEmptyStr	extdeps.access.rbac	std.types	pool-coincidence
dag/extdeps/access/rbac.dag	NonEmptyStr	extdeps.access.rbac	std.types	pool-coincidence
dag/extdeps/access/rbac.dag	NonEmptyStr	extdeps.access.rbac	std.types	pool-coincidence
dag/extdeps/access/rbac.dag	NonEmptyStr	extdeps.access.rbac	std.types	pool-coincidence
dag/extdeps/access/rbac.dag	NonEmptyStr	extdeps.access.rbac	std.types	pool-coincidence
dag/extdeps/access/rbac.dag	NonEmptyStr	extdeps.access.rbac	std.types	pool-coincidence
dag/extdeps/access/rbac.dag	NonEmptyStr	extdeps.access.rbac	std.types	pool-coincidence
dag/extdeps/access/zanzibar.dag	ExternalAuthority	extdeps.access.zanzibar	extdeps.external_authority	pool-coincidence
dag/extdeps/access/zanzibar.dag	NonEmptyStr	extdeps.access.zanzibar	std.types	pool-coincidence
dag/extdeps/access/zanzibar.dag	NonEmptyStr	extdeps.access.zanzibar	std.types	pool-coincidence
dag/extdeps/access/zanzibar.dag	NonEmptyStr	extdeps.access.zanzibar	std.types	pool-coincidence
dag/extdeps/access/zanzibar.dag	NonEmptyStr	extdeps.access.zanzibar	std.types	pool-coincidence
dag/extdeps/access/zanzibar.dag	NonEmptyStr	extdeps.access.zanzibar	std.types	pool-coincidence
dag/extdeps/access/zanzibar.dag	NonEmptyStr	extdeps.access.zanzibar	std.types	pool-coincidence
dag/extdeps/access/zanzibar.dag	NonEmptyStr	extdeps.access.zanzibar	std.types	pool-coincidence
dag/extdeps/access/zanzibar.dag	NonEmptyStr	extdeps.access.zanzibar	std.types	pool-coincidence
dag/extdeps/access/zanzibar.dag	NonEmptyStr	extdeps.access.zanzibar	std.types	pool-coincidence
dag/extdeps/access/zanzibar.dag	NonEmptyStr	extdeps.access.zanzibar	std.types	pool-coincidence
dag/extdeps/access/zanzibar.dag	NonEmptyStr	extdeps.access.zanzibar	std.types	pool-coincidence
dag/extdeps/access/zanzibar.dag	NonEmptyStr	extdeps.access.zanzibar	std.types	pool-coincidence
dag/extdeps/audit/cloudevents.dag	ExternalAuthority	extdeps.audit.cloudevents	extdeps.external_authority	pool-coincidence
dag/extdeps/audit/cloudevents.dag	NonEmptyStr	extdeps.audit.cloudevents	std.types	pool-coincidence
dag/extdeps/audit/cloudevents.dag	NonEmptyStr	extdeps.audit.cloudevents	std.types	pool-coincidence
dag/extdeps/audit/cloudevents.dag	NonEmptyStr	extdeps.audit.cloudevents	std.types	pool-coincidence
dag/extdeps/audit/cloudevents.dag	NonEmptyStr	extdeps.audit.cloudevents	std.types	pool-coincidence
dag/extdeps/audit/cloudevents.dag	NonEmptyStr	extdeps.audit.cloudevents	std.types	pool-coincidence
dag/extdeps/audit/cloudevents.dag	NonEmptyStr	extdeps.audit.cloudevents	std.types	pool-coincidence
dag/extdeps/audit/cloudevents.dag	NonEmptyStr	extdeps.audit.cloudevents	std.types	pool-coincidence
dag/extdeps/audit/cloudevents.dag	NonEmptyStr	extdeps.audit.cloudevents	std.types	pool-coincidence
dag/extdeps/audit/cloudevents.dag	NonEmptyStr	extdeps.audit.cloudevents	std.types	pool-coincidence
dag/extdeps/audit/cloudevents.dag	Timestamp	extdeps.audit.cloudevents	std.types	pool-coincidence
dag/extdeps/bmc.dag	BmcGroundedHostObservations	extdeps.bmc	extdeps.bmc.types	pool-coincidence
dag/extdeps/bmc.dag	BmcGroundedHostObservations	extdeps.bmc	extdeps.bmc.types	pool-coincidence
dag/extdeps/bmc.dag	BmcGroundedHostObservations	extdeps.bmc	extdeps.bmc.types	pool-coincidence
dag/extdeps/bmc.dag	BmcGroundedHostObservations	extdeps.bmc	extdeps.bmc.types	pool-coincidence
dag/extdeps/bmc.dag	BmcGroundedHostObservations	extdeps.bmc	extdeps.bmc.types	pool-coincidence
dag/extdeps/bmc.dag	BmcTelemetrySnapshot	extdeps.bmc	extdeps.bmc.types	pool-coincidence
dag/extdeps/bmc.dag	ByteSize	extdeps.bmc	std.measure	pool-coincidence
dag/extdeps/bmc.dag	ExternalAuthority	extdeps.bmc	extdeps.external_authority	pool-coincidence
dag/extdeps/bmc.dag	HardwareThreadCount	extdeps.bmc	std.measure	pool-coincidence
dag/extdeps/bmc.dag	NonEmptyStr	extdeps.bmc	std.types	pool-coincidence
dag/extdeps/bmc.dag	Watt	extdeps.bmc	std.measure	pool-coincidence
dag/extdeps/bmc/access.dag	ExternalAuthority	extdeps.bmc.access	extdeps.external_authority	pool-coincidence
dag/extdeps/bmc/access.dag	NonEmptyStr	extdeps.bmc.access	std.types	pool-coincidence
dag/extdeps/bmc/access.dag	Permission	extdeps.bmc.access	extdeps.access.rbac	pool-coincidence
dag/extdeps/bmc/access.dag	PermissionAssignment	extdeps.bmc.access	extdeps.access.rbac	pool-coincidence
dag/extdeps/bmc/access.dag	RbacPolicy	extdeps.bmc.access	extdeps.access.rbac	pool-coincidence
dag/extdeps/bmc/access.dag	RedfishAccountRole	extdeps.bmc.access	extdeps.bmc.types	pool-coincidence
dag/extdeps/bmc/access.dag	RedfishPrivilege	extdeps.bmc.access	extdeps.bmc.types	pool-coincidence
dag/extdeps/bmc/access.dag	RedfishPrivilege	extdeps.bmc.access	extdeps.bmc.types	pool-coincidence
dag/extdeps/bmc/capability.dag	BmcFirmwareFamily	extdeps.bmc.capability	std.bmc	pool-coincidence
dag/extdeps/bmc/capability.dag	ExternalAuthority	extdeps.bmc.capability	extdeps.external_authority	pool-coincidence
dag/extdeps/bmc/capability.dag	NonEmptyStr	extdeps.bmc.capability	std.types	pool-coincidence
dag/extdeps/bmc/http.dag	Disposition	extdeps.bmc.http	std.disposition	pool-coincidence
dag/extdeps/bmc/http.dag	ExternalAuthority	extdeps.bmc.http	extdeps.external_authority	pool-coincidence
dag/extdeps/bmc/http.dag	NonEmptyStr	extdeps.bmc.http	std.types	pool-coincidence
dag/extdeps/bmc/http.dag	NonEmptyStr	extdeps.bmc.http	std.types	pool-coincidence
dag/extdeps/bmc/http.dag	NonEmptyStr	extdeps.bmc.http	std.types	pool-coincidence
dag/extdeps/bmc/http.dag	NonEmptyStr	extdeps.bmc.http	std.types	pool-coincidence
dag/extdeps/bmc/http.dag	NonEmptyStr	extdeps.bmc.http	std.types	pool-coincidence
dag/extdeps/bmc/http.dag	NonEmptyStr	extdeps.bmc.http	std.types	pool-coincidence
dag/extdeps/bmc/http.dag	NonEmptyStr	extdeps.bmc.http	std.types	pool-coincidence
dag/extdeps/bmc/http.dag	NonEmptyStr	extdeps.bmc.http	std.types	pool-coincidence
dag/extdeps/bmc/http.dag	NonEmptyStr	extdeps.bmc.http	std.types	pool-coincidence
dag/extdeps/bmc/http.dag	NonEmptyStr	extdeps.bmc.http	std.types	pool-coincidence
dag/extdeps/bmc/http.dag	NonEmptyStr	extdeps.bmc.http	std.types	pool-coincidence
dag/extdeps/bmc/http.dag	NonEmptyStr	extdeps.bmc.http	std.types	pool-coincidence
dag/extdeps/bmc/http.dag	NonEmptyStr	extdeps.bmc.http	std.types	pool-coincidence
dag/extdeps/bmc/http.dag	NonEmptyStr	extdeps.bmc.http	std.types	pool-coincidence
dag/extdeps/bmc/http.dag	NonEmptyStr	extdeps.bmc.http	std.types	pool-coincidence
dag/extdeps/bmc/http.dag	NonEmptyStr	extdeps.bmc.http	std.types	pool-coincidence
dag/extdeps/bmc/http.dag	NonEmptyStr	extdeps.bmc.http	std.types	pool-coincidence
dag/extdeps/bmc/http.dag	NonEmptyStr	extdeps.bmc.http	std.types	pool-coincidence
dag/extdeps/bmc/http.dag	NonEmptyStr	extdeps.bmc.http	std.types	pool-coincidence
dag/extdeps/bmc/http.dag	NonEmptyStr	extdeps.bmc.http	std.types	pool-coincidence
dag/extdeps/bmc/http.dag	NonEmptyStr	extdeps.bmc.http	std.types	pool-coincidence
dag/extdeps/bmc/http.dag	NonEmptyStr	extdeps.bmc.http	std.types	pool-coincidence
dag/extdeps/bmc/http.dag	NonEmptyStr	extdeps.bmc.http	std.types	pool-coincidence
dag/extdeps/bmc/http.dag	NonEmptyStr	extdeps.bmc.http	std.types	pool-coincidence
dag/extdeps/bmc/openbmc.dag	BmcFirmwareFamily	extdeps.bmc.openbmc	std.bmc	pool-coincidence
dag/extdeps/bmc/openbmc.dag	BmcFirmwareFamily	extdeps.bmc.openbmc	std.bmc	pool-coincidence
dag/extdeps/bmc/openbmc.dag	BmcFirmwareFamily	extdeps.bmc.openbmc	std.bmc	pool-coincidence
dag/extdeps/bmc/openbmc.dag	BmcProtocol	extdeps.bmc.openbmc	std.bmc	pool-coincidence
dag/extdeps/bmc/openbmc.dag	BmcProtocol	extdeps.bmc.openbmc	std.bmc	pool-coincidence
dag/extdeps/bmc/openbmc.dag	ExternalAuthority	extdeps.bmc.openbmc	extdeps.external_authority	pool-coincidence
dag/extdeps/bmc/openbmc.dag	FactoryLogin	extdeps.bmc.openbmc	std.credentials	pool-coincidence
dag/extdeps/bmc/openbmc.dag	FactoryLogin	extdeps.bmc.openbmc	std.credentials	pool-coincidence
dag/extdeps/bmc/os_install_actuator_toolchain.dag	CliTool	extdeps.bmc.os_install_actuator_toolchain	extdeps.tools	pool-coincidence
dag/extdeps/bmc/os_install_actuator_toolchain.dag	ExternalAuthority	extdeps.bmc.os_install_actuator_toolchain	extdeps.external_authority	pool-coincidence
dag/extdeps/bmc/os_install_actuator_toolchain.dag	NonEmptyStr	extdeps.bmc.os_install_actuator_toolchain	std.types	pool-coincidence
dag/extdeps/bmc/os_install_actuator_toolchain.dag	NonEmptyStr	extdeps.bmc.os_install_actuator_toolchain	std.types	pool-coincidence
dag/extdeps/bmc/os_install_actuator_toolchain.dag	NonEmptyStr	extdeps.bmc.os_install_actuator_toolchain	std.types	pool-coincidence
dag/extdeps/bmc/redfish.dag	BmcGroundedHostObservations	extdeps.bmc.redfish	extdeps.bmc.types	pool-coincidence
dag/extdeps/bmc/redfish.dag	BmcTelemetrySnapshot	extdeps.bmc.redfish	extdeps.bmc.types	pool-coincidence
dag/extdeps/bmc/redfish.dag	BmcTelemetrySnapshot	extdeps.bmc.redfish	extdeps.bmc.types	pool-coincidence
dag/extdeps/bmc/redfish.dag	ByteSize	extdeps.bmc.redfish	std.measure	pool-coincidence
dag/extdeps/bmc/redfish.dag	ExternalAuthority	extdeps.bmc.redfish	extdeps.external_authority	pool-coincidence
dag/extdeps/bmc/redfish.dag	Gibibyte	extdeps.bmc.redfish	std.measure	pool-coincidence
dag/extdeps/bmc/redfish.dag	Gibibyte	extdeps.bmc.redfish	std.measure	pool-coincidence
dag/extdeps/bmc/redfish.dag	HardwareThreadCount	extdeps.bmc.redfish	std.measure	pool-coincidence
dag/extdeps/bmc/redfish.dag	HardwareThreadCount	extdeps.bmc.redfish	std.measure	pool-coincidence
dag/extdeps/bmc/redfish.dag	HardwareThreadCount	extdeps.bmc.redfish	std.measure	pool-coincidence
dag/extdeps/bmc/redfish.dag	HardwareThreadCount	extdeps.bmc.redfish	std.measure	pool-coincidence
dag/extdeps/bmc/redfish.dag	NonEmptyStr	extdeps.bmc.redfish	std.types	pool-coincidence
dag/extdeps/bmc/redfish.dag	NonEmptyStr	extdeps.bmc.redfish	std.types	pool-coincidence
dag/extdeps/bmc/redfish.dag	NonEmptyStr	extdeps.bmc.redfish	std.types	pool-coincidence
dag/extdeps/bmc/redfish.dag	NonEmptyStr	extdeps.bmc.redfish	std.types	pool-coincidence
dag/extdeps/bmc/redfish.dag	RedfishMemorySummary	extdeps.bmc.redfish	extdeps.bmc.types	pool-coincidence
dag/extdeps/bmc/redfish.dag	RedfishPowerControl	extdeps.bmc.redfish	extdeps.bmc.types	pool-coincidence
dag/extdeps/bmc/redfish.dag	RedfishPowerControl	extdeps.bmc.redfish	extdeps.bmc.types	pool-coincidence
dag/extdeps/bmc/redfish.dag	RedfishPowerState	extdeps.bmc.redfish	extdeps.bmc.types	pool-coincidence
dag/extdeps/bmc/redfish.dag	RedfishPowerSubsystem	extdeps.bmc.redfish	extdeps.bmc.types	pool-coincidence
dag/extdeps/bmc/redfish.dag	RedfishProcessorSummary	extdeps.bmc.redfish	extdeps.bmc.types	pool-coincidence
dag/extdeps/bmc/redfish.dag	RedfishSensorReading	extdeps.bmc.redfish	extdeps.bmc.types	pool-coincidence
dag/extdeps/bmc/redfish.dag	RedfishSystemInventory	extdeps.bmc.redfish	extdeps.bmc.types	pool-coincidence
dag/extdeps/bmc/redfish.dag	RedfishSystemInventory	extdeps.bmc.redfish	extdeps.bmc.types	pool-coincidence
dag/extdeps/bmc/redfish.dag	Watt	extdeps.bmc.redfish	std.measure	pool-coincidence
dag/extdeps/bmc/redfish.dag	Watt	extdeps.bmc.redfish	std.measure	pool-coincidence
dag/extdeps/bmc/redfish.dag	Watt	extdeps.bmc.redfish	std.measure	pool-coincidence
dag/extdeps/bmc/serial_console.dag	ByteSize	extdeps.bmc.serial_console	std.measure	pool-coincidence
dag/extdeps/bmc/serial_console.dag	Disposition	extdeps.bmc.serial_console	std.disposition	pool-coincidence
dag/extdeps/bmc/serial_console.dag	ExternalAuthority	extdeps.bmc.serial_console	extdeps.external_authority	pool-coincidence
dag/extdeps/bmc/serial_console.dag	ExternalAuthority	extdeps.bmc.serial_console	extdeps.external_authority	pool-coincidence
dag/extdeps/bmc/serial_console.dag	ExternalAuthority	extdeps.bmc.serial_console	extdeps.external_authority	pool-coincidence
dag/extdeps/bmc/serial_console.dag	ExternalAuthority	extdeps.bmc.serial_console	extdeps.external_authority	pool-coincidence
dag/extdeps/bmc/serial_console.dag	Milliseconds	extdeps.bmc.serial_console	std.types	pool-coincidence
dag/extdeps/bmc/serial_console.dag	NonEmptyStr	extdeps.bmc.serial_console	std.types	pool-coincidence
dag/extdeps/bmc/serial_console.dag	NonEmptyStr	extdeps.bmc.serial_console	std.types	pool-coincidence
dag/extdeps/bmc/serial_console.dag	NonEmptyStr	extdeps.bmc.serial_console	std.types	pool-coincidence
dag/extdeps/bmc/serial_console.dag	NonEmptyStr	extdeps.bmc.serial_console	std.types	pool-coincidence
dag/extdeps/bmc/serial_console.dag	NonEmptyStr	extdeps.bmc.serial_console	std.types	pool-coincidence
dag/extdeps/bmc/serial_console.dag	NonEmptyStr	extdeps.bmc.serial_console	std.types	pool-coincidence
dag/extdeps/bmc/serial_console.dag	NonEmptyStr	extdeps.bmc.serial_console	std.types	pool-coincidence
dag/extdeps/bmc/serial_console.dag	NonEmptyStr	extdeps.bmc.serial_console	std.types	pool-coincidence
dag/extdeps/bmc/serial_console.dag	Seconds	extdeps.bmc.serial_console	std.types	pool-coincidence
dag/extdeps/bmc/serial_console.dag	Seconds	extdeps.bmc.serial_console	std.types	pool-coincidence
dag/extdeps/bmc/types.dag	ByteSize	extdeps.bmc.types	std.measure	pool-coincidence
dag/extdeps/bmc/types.dag	ByteSize	extdeps.bmc.types	std.measure	pool-coincidence
dag/extdeps/bmc/types.dag	Celsius	extdeps.bmc.types	std.measure	pool-coincidence
dag/extdeps/bmc/types.dag	Celsius	extdeps.bmc.types	std.measure	pool-coincidence
dag/extdeps/bmc/types.dag	ExternalAuthority	extdeps.bmc.types	extdeps.external_authority	pool-coincidence
dag/extdeps/bmc/types.dag	HardwareThreadCount	extdeps.bmc.types	std.measure	pool-coincidence
dag/extdeps/bmc/types.dag	HardwareThreadCount	extdeps.bmc.types	std.measure	pool-coincidence
dag/extdeps/bmc/types.dag	HardwareThreadCount	extdeps.bmc.types	std.measure	pool-coincidence
dag/extdeps/bmc/types.dag	NonEmptyStr	extdeps.bmc.types	std.types	pool-coincidence
dag/extdeps/bmc/types.dag	NonEmptyStr	extdeps.bmc.types	std.types	pool-coincidence
dag/extdeps/bmc/types.dag	NonEmptyStr	extdeps.bmc.types	std.types	pool-coincidence
dag/extdeps/bmc/types.dag	NonEmptyStr	extdeps.bmc.types	std.types	pool-coincidence
dag/extdeps/bmc/types.dag	NonEmptyStr	extdeps.bmc.types	std.types	pool-coincidence
dag/extdeps/bmc/types.dag	NonEmptyStr	extdeps.bmc.types	std.types	pool-coincidence
dag/extdeps/bmc/types.dag	NonEmptyStr	extdeps.bmc.types	std.types	pool-coincidence
dag/extdeps/bmc/types.dag	NonEmptyStr	extdeps.bmc.types	std.types	pool-coincidence
dag/extdeps/bmc/types.dag	NonEmptyStr	extdeps.bmc.types	std.types	pool-coincidence
dag/extdeps/bmc/types.dag	NonEmptyStr	extdeps.bmc.types	std.types	pool-coincidence
dag/extdeps/bmc/types.dag	NonEmptyStr	extdeps.bmc.types	std.types	pool-coincidence
dag/extdeps/bmc/types.dag	NonEmptyStr	extdeps.bmc.types	std.types	pool-coincidence
dag/extdeps/bmc/types.dag	NonEmptyStr	extdeps.bmc.types	std.types	pool-coincidence
dag/extdeps/bmc/types.dag	NonEmptyStr	extdeps.bmc.types	std.types	pool-coincidence
dag/extdeps/bmc/types.dag	NonEmptyStr	extdeps.bmc.types	std.types	pool-coincidence
dag/extdeps/bmc/types.dag	NonEmptyStr	extdeps.bmc.types	std.types	pool-coincidence
dag/extdeps/bmc/types.dag	NonEmptyStr	extdeps.bmc.types	std.types	pool-coincidence
dag/extdeps/bmc/types.dag	NonEmptyStr	extdeps.bmc.types	std.types	pool-coincidence
dag/extdeps/bmc/types.dag	NonEmptyStr	extdeps.bmc.types	std.types	pool-coincidence
dag/extdeps/bmc/types.dag	NonEmptyStr	extdeps.bmc.types	std.types	pool-coincidence
dag/extdeps/bmc/types.dag	RevolutionsPerMinute	extdeps.bmc.types	std.measure	pool-coincidence
dag/extdeps/bmc/types.dag	Watt	extdeps.bmc.types	std.measure	pool-coincidence
dag/extdeps/bmc/types.dag	Watt	extdeps.bmc.types	std.measure	pool-coincidence
dag/extdeps/bmc/types.dag	Watt	extdeps.bmc.types	std.measure	pool-coincidence
dag/extdeps/bmc/types.dag	Watt	extdeps.bmc.types	std.measure	pool-coincidence
dag/extdeps/bmc/webui/nbd_proxy.dag	ByteSize	extdeps.bmc.webui.nbd_proxy	std.measure	pool-coincidence
dag/extdeps/bmc/webui/nbd_proxy.dag	ByteSize	extdeps.bmc.webui.nbd_proxy	std.measure	pool-coincidence
dag/extdeps/bmc/webui/nbd_proxy.dag	ExternalAuthority	extdeps.bmc.webui.nbd_proxy	extdeps.external_authority	pool-coincidence
dag/extdeps/bmc/webui/nbd_proxy.dag	ExternalAuthority	extdeps.bmc.webui.nbd_proxy	extdeps.external_authority	pool-coincidence
dag/extdeps/bmc/webui/nbd_proxy.dag	ExternalAuthority	extdeps.bmc.webui.nbd_proxy	extdeps.external_authority	pool-coincidence
dag/extdeps/bmc/webui/nbd_proxy.dag	NonEmptyStr	extdeps.bmc.webui.nbd_proxy	std.types	pool-coincidence
dag/extdeps/bmc/webui/nbd_proxy.dag	NonEmptyStr	extdeps.bmc.webui.nbd_proxy	std.types	pool-coincidence
dag/extdeps/bmc/webui/nbd_proxy.dag	PathParamBinding	extdeps.bmc.webui.nbd_proxy	std.http_path	pool-coincidence
dag/extdeps/bmc/webui/nbd_proxy.dag	PathTemplate	extdeps.bmc.webui.nbd_proxy	std.http_path	pool-coincidence
dag/extdeps/bmc/webui/nbd_proxy.dag	PathTemplate	extdeps.bmc.webui.nbd_proxy	std.http_path	pool-coincidence
dag/extdeps/bmc/webui/nbd_proxy.dag	PathTemplate	extdeps.bmc.webui.nbd_proxy	std.http_path	pool-coincidence
dag/extdeps/bmc/webui/nbd_proxy_serve.dag	Disposition	extdeps.bmc.webui.nbd_proxy_serve	std.disposition	pool-coincidence
dag/extdeps/bmc/webui/nbd_proxy_serve.dag	ExternalAuthority	extdeps.bmc.webui.nbd_proxy_serve	extdeps.external_authority	pool-coincidence
dag/extdeps/bmc/webui/nbd_proxy_serve.dag	NbdProxyWebsocatParams	extdeps.bmc.webui.nbd_proxy_serve	extdeps.bmc.virtual_media	pool-coincidence
dag/extdeps/bmc/webui/nbd_proxy_serve.dag	NonEmptyStr	extdeps.bmc.webui.nbd_proxy_serve	std.types	pool-coincidence
dag/extdeps/bmc/webui/nbd_proxy_serve.dag	NonEmptyStr	extdeps.bmc.webui.nbd_proxy_serve	std.types	pool-coincidence
dag/extdeps/bmc/webui/nbd_proxy_serve.dag	NonEmptyStr	extdeps.bmc.webui.nbd_proxy_serve	std.types	pool-coincidence
dag/extdeps/bmc/webui/nbd_proxy_serve.dag	NonEmptyStr	extdeps.bmc.webui.nbd_proxy_serve	std.types	pool-coincidence
dag/extdeps/bmc/webui/nbd_proxy_serve.dag	NonEmptyStr	extdeps.bmc.webui.nbd_proxy_serve	std.types	pool-coincidence
dag/extdeps/bmc/webui/nbd_proxy_serve.dag	NonEmptyStr	extdeps.bmc.webui.nbd_proxy_serve	std.types	pool-coincidence
dag/extdeps/bmc/webui/nbd_proxy_serve.dag	NonEmptyStr	extdeps.bmc.webui.nbd_proxy_serve	std.types	pool-coincidence
dag/extdeps/bmc/webui/nbd_proxy_serve.dag	NonEmptyStr	extdeps.bmc.webui.nbd_proxy_serve	std.types	pool-coincidence
dag/extdeps/bmc/webui/nbd_proxy_serve.dag	NonEmptyStr	extdeps.bmc.webui.nbd_proxy_serve	std.types	pool-coincidence
dag/extdeps/bmc/webui/nbd_proxy_serve.dag	NonEmptyStr	extdeps.bmc.webui.nbd_proxy_serve	std.types	pool-coincidence
dag/extdeps/bmc/webui/nbd_proxy_serve.dag	NonEmptyStr	extdeps.bmc.webui.nbd_proxy_serve	std.types	pool-coincidence
dag/extdeps/bmc/webui/nbd_proxy_serve.dag	NonEmptyStr	extdeps.bmc.webui.nbd_proxy_serve	std.types	pool-coincidence
dag/extdeps/bmc/webui/nbd_proxy_serve.dag	NonEmptyStr	extdeps.bmc.webui.nbd_proxy_serve	std.types	pool-coincidence
dag/extdeps/bmc/webui/nbd_proxy_serve.dag	NonEmptyStr	extdeps.bmc.webui.nbd_proxy_serve	std.types	pool-coincidence
dag/extdeps/bmc/webui/nbd_proxy_serve.dag	NonEmptyStr	extdeps.bmc.webui.nbd_proxy_serve	std.types	pool-coincidence
dag/extdeps/bmc/webui/nbd_proxy_serve.dag	NonEmptyStr	extdeps.bmc.webui.nbd_proxy_serve	std.types	pool-coincidence
dag/extdeps/bmc/webui/nbd_proxy_serve.dag	NonEmptyStr	extdeps.bmc.webui.nbd_proxy_serve	std.types	pool-coincidence
dag/extdeps/bmc/webui/nbd_proxy_serve.dag	NonEmptyStr	extdeps.bmc.webui.nbd_proxy_serve	std.types	pool-coincidence
dag/extdeps/bmc/webui/nbd_proxy_serve.dag	NonEmptyStr	extdeps.bmc.webui.nbd_proxy_serve	std.types	pool-coincidence
dag/extdeps/bmc/webui/nbd_proxy_serve.dag	NonEmptyStr	extdeps.bmc.webui.nbd_proxy_serve	std.types	pool-coincidence
dag/extdeps/bmc/webui/nbd_proxy_serve.dag	NonEmptyStr	extdeps.bmc.webui.nbd_proxy_serve	std.types	pool-coincidence
dag/extdeps/bmc/webui/nbd_proxy_serve.dag	NonEmptyStr	extdeps.bmc.webui.nbd_proxy_serve	std.types	pool-coincidence
dag/extdeps/bmc/webui/nbd_proxy_serve.dag	NonEmptyStr	extdeps.bmc.webui.nbd_proxy_serve	std.types	pool-coincidence
dag/extdeps/bmc/webui/nbd_proxy_serve.dag	NonEmptyStr	extdeps.bmc.webui.nbd_proxy_serve	std.types	pool-coincidence
dag/extdeps/bmc/webui/nbd_proxy_serve.dag	NonEmptyStr	extdeps.bmc.webui.nbd_proxy_serve	std.types	pool-coincidence
dag/extdeps/bmc/webui/nbd_proxy_serve.dag	VirtualMediaIntent	extdeps.bmc.webui.nbd_proxy_serve	extdeps.bmc.virtual_media	pool-coincidence
dag/extdeps/boards/asrock_rack.dag	BaseboardCatalogRow	extdeps.boards.asrock_rack	std.baseboard	pool-coincidence
dag/extdeps/boards/asrock_rack.dag	BmcCapability	extdeps.boards.asrock_rack	extdeps.bmc.capability	pool-coincidence
dag/extdeps/boards/asrock_rack.dag	BmcCapability	extdeps.boards.asrock_rack	extdeps.bmc.capability	pool-coincidence
dag/extdeps/boards/asrock_rack.dag	BmcFirmwareCapabilityRow	extdeps.boards.asrock_rack	extdeps.bmc.capability	pool-coincidence
dag/extdeps/boards/asrock_rack.dag	BmcFirmwareCapabilityRow	extdeps.boards.asrock_rack	extdeps.bmc.capability	pool-coincidence
dag/extdeps/boards/asrock_rack.dag	BmcFirmwareCapabilityRow	extdeps.boards.asrock_rack	extdeps.bmc.capability	pool-coincidence
dag/extdeps/boards/asrock_rack.dag	BmcFirmwareCapabilityRow	extdeps.boards.asrock_rack	extdeps.bmc.capability	pool-coincidence
dag/extdeps/boards/asrock_rack.dag	BmcwebNbdProxyEndpointVariant	extdeps.boards.asrock_rack	extdeps.bmc.webui.nbd_proxy	pool-coincidence
dag/extdeps/boards/asrock_rack.dag	BmcwebNbdProxyEndpointVariant	extdeps.boards.asrock_rack	extdeps.bmc.webui.nbd_proxy	pool-coincidence
dag/extdeps/boards/asrock_rack.dag	ExternalAuthority	extdeps.boards.asrock_rack	extdeps.external_authority	pool-coincidence
dag/extdeps/boards/asrock_rack.dag	ExternalAuthority	extdeps.boards.asrock_rack	extdeps.external_authority	pool-coincidence
dag/extdeps/boards/asrock_rack.dag	ExternalAuthority	extdeps.boards.asrock_rack	extdeps.external_authority	pool-coincidence
dag/extdeps/boards/asrock_rack.dag	ExternalAuthority	extdeps.boards.asrock_rack	extdeps.external_authority	pool-coincidence
dag/extdeps/boards/asrock_rack.dag	ExternalAuthority	extdeps.boards.asrock_rack	extdeps.external_authority	pool-coincidence
dag/extdeps/boards/asrock_rack.dag	NonEmptyStr	extdeps.boards.asrock_rack	std.types	pool-coincidence
dag/extdeps/boards/asrock_rack.dag	NonEmptyStr	extdeps.boards.asrock_rack	std.types	pool-coincidence
dag/extdeps/boards/asrock_rack.dag	NonEmptyStr	extdeps.boards.asrock_rack	std.types	pool-coincidence
dag/extdeps/boards/asrock_rack.dag	NonEmptyStr	extdeps.boards.asrock_rack	std.types	pool-coincidence
dag/extdeps/boards/asrock_rack.dag	NonEmptyStr	extdeps.boards.asrock_rack	std.types	pool-coincidence
dag/extdeps/boards/asrock_rack.dag	NonEmptyStr	extdeps.boards.asrock_rack	std.types	pool-coincidence
dag/extdeps/boards/asrock_rack.dag	NonEmptyStr	extdeps.boards.asrock_rack	std.types	pool-coincidence
dag/extdeps/boards/asrock_rack.dag	NonEmptyStr	extdeps.boards.asrock_rack	std.types	pool-coincidence
dag/extdeps/boards/asrock_rack.dag	NonEmptyStr	extdeps.boards.asrock_rack	std.types	pool-coincidence
dag/extdeps/boards/asrock_rack.dag	NonEmptyStr	extdeps.boards.asrock_rack	std.types	pool-coincidence
dag/extdeps/boards/asrock_rack.dag	NonEmptyStr	extdeps.boards.asrock_rack	std.types	pool-coincidence
dag/extdeps/boards/asrock_rack.dag	NonEmptyStr	extdeps.boards.asrock_rack	std.types	pool-coincidence
dag/extdeps/boards/asrock_rack.dag	NonEmptyStr	extdeps.boards.asrock_rack	std.types	pool-coincidence
dag/extdeps/boot/emit.dag	Elf64Ehdr	extdeps.boot.emit	extdeps.formats.elf.types	pool-coincidence
dag/extdeps/boot/emit.dag	Elf64Phdr	extdeps.boot.emit	extdeps.formats.elf.segments	pool-coincidence
dag/extdeps/boot/emit.dag	ElfIdent	extdeps.boot.emit	extdeps.formats.elf.types	pool-coincidence
dag/extdeps/boot/emit.dag	ExternalAuthority	extdeps.boot.emit	extdeps.external_authority	pool-coincidence
dag/extdeps/boot/emit.dag	FreestandingPayloadRef	extdeps.boot.emit	extdeps.boot.freestanding_payload	pool-coincidence
dag/extdeps/boot/emit.dag	NonEmptyStr	extdeps.boot.emit	std.types	pool-coincidence
dag/extdeps/boot/emit.dag	NonEmptyStr	extdeps.boot.emit	std.types	pool-coincidence
dag/extdeps/boot/framebuffer.dag	ExternalAuthority	extdeps.boot.framebuffer	extdeps.external_authority	pool-coincidence
dag/extdeps/boot/freestanding_payload.dag	EntryPoint	extdeps.boot.freestanding_payload	std.exec_format	pool-coincidence
dag/extdeps/boot/freestanding_payload.dag	EntryPoint	extdeps.boot.freestanding_payload	std.exec_format	pool-coincidence
dag/extdeps/boot/freestanding_payload.dag	EntryPoint	extdeps.boot.freestanding_payload	std.exec_format	pool-coincidence
dag/extdeps/boot/freestanding_payload.dag	ExternalAuthority	extdeps.boot.freestanding_payload	extdeps.external_authority	pool-coincidence
dag/extdeps/boot/freestanding_payload.dag	NonEmptyStr	extdeps.boot.freestanding_payload	std.types	pool-coincidence
dag/extdeps/boot/freestanding_payload.dag	NonEmptyStr	extdeps.boot.freestanding_payload	std.types	pool-coincidence
dag/extdeps/boot/freestanding_payload.dag	NonEmptyStr	extdeps.boot.freestanding_payload	std.types	pool-coincidence
dag/extdeps/boot/freestanding_witness.dag	ExternalAuthority	extdeps.boot.freestanding_witness	extdeps.external_authority	pool-coincidence
dag/extdeps/boot/freestanding_witness.dag	NonEmptyStr	extdeps.boot.freestanding_witness	std.types	pool-coincidence
dag/extdeps/boot/linux_x86_boot.dag	ExternalAuthority	extdeps.boot.linux_x86_boot	extdeps.external_authority	pool-coincidence
dag/extdeps/boot/linux_x86_boot.dag	FreestandingPayloadRef	extdeps.boot.linux_x86_boot	extdeps.boot.freestanding_payload	pool-coincidence
dag/extdeps/boot/linux_x86_boot.dag	NonEmptyStr	extdeps.boot.linux_x86_boot	std.types	pool-coincidence
dag/extdeps/browser/browser.dag	ExternalAuthority	extdeps.browser	extdeps.external_authority	pool-coincidence
dag/extdeps/browser/browser.dag	FilePath	extdeps.browser	std.types	pool-coincidence
dag/extdeps/browser/browser.dag	FilePath	extdeps.browser	std.types	pool-coincidence
dag/extdeps/browser/browser.dag	FilePath	extdeps.browser	std.types	pool-coincidence
dag/extdeps/browser/browser.dag	FilePath	extdeps.browser	std.types	pool-coincidence
dag/extdeps/clock/clock.dag	ExternalAuthority	extdeps.clock	extdeps.external_authority	pool-coincidence
dag/extdeps/clock/clock.dag	Timestamp	extdeps.clock	std.types	pool-coincidence
dag/extdeps/cloud/cloud.dag	AuthScheme	extdeps.cloud.cloud	std.types	pool-coincidence
dag/extdeps/cloud/cloud.dag	ExternalAuthority	extdeps.cloud.cloud	extdeps.external_authority	pool-coincidence
dag/extdeps/cloud/gcp/errors.dag	ExternalAuthority	extdeps.cloud.gcp.errors	extdeps.external_authority	pool-coincidence
dag/extdeps/cloud/gcp/errors.dag	NonEmptyStr	extdeps.cloud.gcp.errors	std.types	pool-coincidence
dag/extdeps/cloud/gcp/gcp.dag	ExternalAuthority	extdeps.cloud.gcp.gcp	extdeps.external_authority	pool-coincidence
dag/extdeps/cloud/gcp/gcp.dag	FilePath	extdeps.cloud.gcp.gcp	std.types	pool-coincidence
dag/extdeps/cloud/gcp/gcp.dag	FilePath	extdeps.cloud.gcp.gcp	std.types	pool-coincidence
dag/extdeps/cloud/gcp/gcp.dag	NonEmptyStr	extdeps.cloud.gcp.gcp	std.types	pool-coincidence
dag/extdeps/cloud/gcp/iam.dag	ExternalAuthority	extdeps.cloud.gcp.iam	extdeps.external_authority	pool-coincidence
dag/extdeps/cloud/gcp/iam.dag	GcpProjectId	extdeps.cloud.gcp.iam	extdeps.cloud.gcp.gcp	pool-coincidence
dag/extdeps/cloud/gcp/iam.dag	GcpProjectId	extdeps.cloud.gcp.iam	extdeps.cloud.gcp.gcp	pool-coincidence
dag/extdeps/cloud/gcp/iam.dag	NonEmptyStr	extdeps.cloud.gcp.iam	std.types	pool-coincidence
dag/extdeps/cloud/gcp/iam.dag	ServiceAccountEmail	extdeps.cloud.gcp.iam	extdeps.cloud.gcp.gcp	pool-coincidence
dag/extdeps/cloud/gcp/iam_admin.dag	ExternalAuthority	extdeps.cloud.gcp.iam_admin	extdeps.external_authority	pool-coincidence
dag/extdeps/cloud/gcp/iam_admin.dag	GcpProjectId	extdeps.cloud.gcp.iam_admin	extdeps.cloud.gcp.gcp	pool-coincidence
dag/extdeps/cloud/gcp/iam_admin.dag	GcpProjectId	extdeps.cloud.gcp.iam_admin	extdeps.cloud.gcp.gcp	pool-coincidence
dag/extdeps/cloud/gcp/iam_admin.dag	GcpProjectId	extdeps.cloud.gcp.iam_admin	extdeps.cloud.gcp.gcp	pool-coincidence
dag/extdeps/cloud/gcp/iam_admin.dag	NonEmptyStr	extdeps.cloud.gcp.iam_admin	std.types	pool-coincidence
dag/extdeps/cloud/gcp/iam_admin.dag	NonEmptyStr	extdeps.cloud.gcp.iam_admin	std.types	pool-coincidence
dag/extdeps/cloud/gcp/iam_admin.dag	NonEmptyStr	extdeps.cloud.gcp.iam_admin	std.types	pool-coincidence
dag/extdeps/cloud/gcp/iam_admin.dag	NonEmptyStr	extdeps.cloud.gcp.iam_admin	std.types	pool-coincidence
dag/extdeps/cloud/gcp/iam_admin.dag	NonEmptyStr	extdeps.cloud.gcp.iam_admin	std.types	pool-coincidence
dag/extdeps/cloud/gcp/iam_admin.dag	NonEmptyStr	extdeps.cloud.gcp.iam_admin	std.types	pool-coincidence
dag/extdeps/cloud/gcp/iam_admin.dag	NonEmptyStr	extdeps.cloud.gcp.iam_admin	std.types	pool-coincidence
dag/extdeps/cloud/gcp/iam_admin.dag	NonEmptyStr	extdeps.cloud.gcp.iam_admin	std.types	pool-coincidence
dag/extdeps/cloud/gcp/iam_admin.dag	ServiceAccountEmail	extdeps.cloud.gcp.iam_admin	extdeps.cloud.gcp.gcp	pool-coincidence
dag/extdeps/cloud/gcp/mock_corpus.dag	PublishedMockCase	extdeps.cloud.gcp.mock_corpus	std.hermetic_replay	pool-coincidence
dag/extdeps/cloud/gcp/mock_corpus.dag	PublishedMockCase	extdeps.cloud.gcp.mock_corpus	std.hermetic_replay	pool-coincidence
dag/extdeps/cloud/gcp/mock_corpus.dag	PublishedMockCase	extdeps.cloud.gcp.mock_corpus	std.hermetic_replay	pool-coincidence
dag/extdeps/cloud/gcp/mock_corpus.dag	PublishedMockCase	extdeps.cloud.gcp.mock_corpus	std.hermetic_replay	pool-coincidence
dag/extdeps/cloud/gcp/mock_corpus.dag	PublishedMockCase	extdeps.cloud.gcp.mock_corpus	std.hermetic_replay	pool-coincidence
dag/extdeps/cloud/gcp/mock_corpus.dag	PublishedMockCase	extdeps.cloud.gcp.mock_corpus	std.hermetic_replay	pool-coincidence
dag/extdeps/cloud/gcp/mock_corpus.dag	PublishedMockCase	extdeps.cloud.gcp.mock_corpus	std.hermetic_replay	pool-coincidence
dag/extdeps/cloud/gcp/mock_corpus.dag	PublishedMockCase	extdeps.cloud.gcp.mock_corpus	std.hermetic_replay	pool-coincidence
dag/extdeps/cloud/gcp/mock_corpus.dag	PublishedMockCase	extdeps.cloud.gcp.mock_corpus	std.hermetic_replay	pool-coincidence
dag/extdeps/cloud/gcp/mock_corpus.dag	PublishedMockCase	extdeps.cloud.gcp.mock_corpus	std.hermetic_replay	pool-coincidence
dag/extdeps/cloud/gcp/mock_corpus.dag	PublishedMockCase	extdeps.cloud.gcp.mock_corpus	std.hermetic_replay	pool-coincidence
dag/extdeps/cloud/gcp/mock_corpus.dag	PublishedMockCase	extdeps.cloud.gcp.mock_corpus	std.hermetic_replay	pool-coincidence
dag/extdeps/cloud/gcp/mock_corpus.dag	PublishedMockCase	extdeps.cloud.gcp.mock_corpus	std.hermetic_replay	pool-coincidence
dag/extdeps/cloud/gcp/mock_corpus.dag	PublishedMockCase	extdeps.cloud.gcp.mock_corpus	std.hermetic_replay	pool-coincidence
dag/extdeps/cloud/gcp/secret_manager.dag	ExternalAuthority	extdeps.cloud.gcp.secret_manager	extdeps.external_authority	pool-coincidence
dag/extdeps/cloud/gcp/secret_manager.dag	GcpBinding	extdeps.cloud.gcp.secret_manager	extdeps.cloud.gcp.iam	pool-coincidence
dag/extdeps/cloud/gcp/secret_manager.dag	GcpProjectId	extdeps.cloud.gcp.secret_manager	extdeps.cloud.gcp.gcp	pool-coincidence
dag/extdeps/cloud/gcp/secret_manager.dag	GcpProjectId	extdeps.cloud.gcp.secret_manager	extdeps.cloud.gcp.gcp	pool-coincidence
dag/extdeps/cloud/gcp/secret_manager.dag	GcpProjectId	extdeps.cloud.gcp.secret_manager	extdeps.cloud.gcp.gcp	pool-coincidence
dag/extdeps/cloud/gcp/secret_manager.dag	NonEmptyStr	extdeps.cloud.gcp.secret_manager	std.types	pool-coincidence
dag/extdeps/cloud/gcp/secret_manager.dag	NonEmptyStr	extdeps.cloud.gcp.secret_manager	std.types	pool-coincidence
dag/extdeps/cloud/gcp/secret_manager.dag	NonEmptyStr	extdeps.cloud.gcp.secret_manager	std.types	pool-coincidence
dag/extdeps/cloud/gcp/secret_manager.dag	NonEmptyStr	extdeps.cloud.gcp.secret_manager	std.types	pool-coincidence
dag/extdeps/cloud/gcp/secret_ref.dag	ContentHash	extdeps.cloud.gcp.secret_ref	std.types	pool-coincidence
dag/extdeps/cloud/gcp/secret_ref.dag	ExternalAuthority	extdeps.cloud.gcp.secret_ref	extdeps.external_authority	pool-coincidence
dag/extdeps/cloud/gcp/secret_ref.dag	GcpProjectId	extdeps.cloud.gcp.secret_ref	extdeps.cloud.gcp.gcp	pool-coincidence
dag/extdeps/cloud/gcp/secret_ref.dag	NonEmptyStr	extdeps.cloud.gcp.secret_ref	std.types	pool-coincidence
dag/extdeps/cloud/gcp/secret_ref.dag	NonEmptyStr	extdeps.cloud.gcp.secret_ref	std.types	pool-coincidence
dag/extdeps/cloud/gcp/serviceusage.dag	ExternalAuthority	extdeps.cloud.gcp.serviceusage	extdeps.external_authority	pool-coincidence
dag/extdeps/cloud/gcp/serviceusage.dag	GcpProjectId	extdeps.cloud.gcp.serviceusage	extdeps.cloud.gcp.gcp	pool-coincidence
dag/extdeps/cloud/gcp/sts.dag	ExternalAuthority	extdeps.cloud.gcp.sts	extdeps.external_authority	pool-coincidence
dag/extdeps/cloud/gcp/sts.dag	NonEmptyStr	extdeps.cloud.gcp.sts	std.types	pool-coincidence
dag/extdeps/cloud/gcp/sts.dag	NonEmptyStr	extdeps.cloud.gcp.sts	std.types	pool-coincidence
dag/extdeps/cloud/gcp/sts.dag	NonEmptyStr	extdeps.cloud.gcp.sts	std.types	pool-coincidence
dag/extdeps/cloud/gcp/sts.dag	NonEmptyStr	extdeps.cloud.gcp.sts	std.types	pool-coincidence
dag/extdeps/cloud/hetzner.dag	Architecture	extdeps.cloud.hetzner	extdeps.toolchain.types	pool-coincidence
dag/extdeps/cloud/hetzner.dag	ByteSize	extdeps.cloud.hetzner	std.measure	pool-coincidence
dag/extdeps/cloud/hetzner.dag	ByteSize	extdeps.cloud.hetzner	std.measure	pool-coincidence
dag/extdeps/cloud/hetzner.dag	CurrencyCode	extdeps.cloud.hetzner	std.currency	pool-coincidence
dag/extdeps/cloud/hetzner.dag	ExternalAuthority	extdeps.cloud.hetzner	extdeps.external_authority	pool-coincidence
dag/extdeps/cloud/hetzner.dag	HardwareThreadCount	extdeps.cloud.hetzner	std.measure	pool-coincidence
dag/extdeps/cloud/hetzner.dag	MoneyAmountMicro	extdeps.cloud.hetzner	std.measure	pool-coincidence
dag/extdeps/cloud/hetzner.dag	MoneyAmountMicro	extdeps.cloud.hetzner	std.measure	pool-coincidence
dag/extdeps/cloud/hetzner.dag	NonEmptyStr	extdeps.cloud.hetzner	std.types	pool-coincidence
dag/extdeps/cloud/ubicloud.dag	Architecture	extdeps.cloud.ubicloud	extdeps.toolchain.types	pool-coincidence
dag/extdeps/cloud/ubicloud.dag	ByteSize	extdeps.cloud.ubicloud	std.measure	pool-coincidence
dag/extdeps/cloud/ubicloud.dag	ByteSize	extdeps.cloud.ubicloud	std.measure	pool-coincidence
dag/extdeps/cloud/ubicloud.dag	ExternalAuthority	extdeps.cloud.ubicloud	extdeps.external_authority	pool-coincidence
dag/extdeps/cloud/ubicloud.dag	HardwareThreadCount	extdeps.cloud.ubicloud	std.measure	pool-coincidence
dag/extdeps/cloud/ubicloud.dag	NonEmptyStr	extdeps.cloud.ubicloud	std.types	pool-coincidence
dag/extdeps/communication/fidelity_carriers.dag	DecodeFidelity	extdeps.communication.fidelity_carriers	extdeps.communication.medium	pool-coincidence
dag/extdeps/communication/fidelity_carriers.dag	DecodeFidelity	extdeps.communication.fidelity_carriers	extdeps.communication.medium	pool-coincidence
dag/extdeps/communication/fidelity_carriers.dag	DecodeFidelity	extdeps.communication.fidelity_carriers	extdeps.communication.medium	pool-coincidence
dag/extdeps/communication/fidelity_carriers.dag	DecodeFidelity	extdeps.communication.fidelity_carriers	extdeps.communication.medium	pool-coincidence
dag/extdeps/communication/fidelity_carriers.dag	DecodeFidelity	extdeps.communication.fidelity_carriers	extdeps.communication.medium	pool-coincidence
dag/extdeps/communication/fidelity_carriers.dag	DecodeFidelity	extdeps.communication.fidelity_carriers	extdeps.communication.medium	pool-coincidence
dag/extdeps/communication/fidelity_carriers.dag	ExternalAuthority	extdeps.communication.fidelity_carriers	extdeps.external_authority	pool-coincidence
dag/extdeps/communication/medium.dag	ExternalAuthority	extdeps.communication.medium	extdeps.external_authority	pool-coincidence
dag/extdeps/communication/numerical_fidelity.dag	DecodeFidelity	extdeps.communication.numerical_fidelity	extdeps.communication.medium	pool-coincidence
dag/extdeps/communication/numerical_fidelity.dag	DecodeFidelity	extdeps.communication.numerical_fidelity	extdeps.communication.medium	pool-coincidence
dag/extdeps/communication/numerical_fidelity.dag	ExternalAuthority	extdeps.communication.numerical_fidelity	extdeps.external_authority	pool-coincidence
dag/extdeps/communication/numerical_fidelity.dag	NumericalContract	extdeps.communication.numerical_fidelity	std.numerical_contract	pool-coincidence
dag/extdeps/communication/numerical_fidelity.dag	NumericalContract	extdeps.communication.numerical_fidelity	std.numerical_contract	pool-coincidence
dag/extdeps/container/oci/descriptor.dag	ContentHash	extdeps.container.oci.descriptor	std.types	pool-coincidence
dag/extdeps/container/oci/descriptor.dag	ExternalAuthority	extdeps.container.oci.descriptor	extdeps.external_authority	pool-coincidence
dag/extdeps/container/oci/descriptor.dag	OciMediaType	extdeps.container.oci.descriptor	extdeps.container.oci.types	pool-coincidence
dag/extdeps/container/oci/image_config.dag	Architecture	extdeps.container.oci.image_config	extdeps.toolchain.types	pool-coincidence
dag/extdeps/container/oci/image_config.dag	ContainerExposedPort	extdeps.container.oci.image_config	extdeps.container.oci.types	pool-coincidence
dag/extdeps/container/oci/image_config.dag	ContainerExposedPort	extdeps.container.oci.image_config	extdeps.container.oci.types	pool-coincidence
dag/extdeps/container/oci/image_config.dag	ContainerExposedPort	extdeps.container.oci.image_config	extdeps.container.oci.types	pool-coincidence
dag/extdeps/container/oci/image_config.dag	ContainerPortProtocol	extdeps.container.oci.image_config	extdeps.container.oci.types	pool-coincidence
dag/extdeps/container/oci/image_config.dag	ContainerPortProtocol	extdeps.container.oci.image_config	extdeps.container.oci.types	pool-coincidence
dag/extdeps/container/oci/image_config.dag	ContentHash	extdeps.container.oci.image_config	std.types	pool-coincidence
dag/extdeps/container/oci/image_config.dag	ExternalAuthority	extdeps.container.oci.image_config	extdeps.external_authority	pool-coincidence
dag/extdeps/container/oci/image_config.dag	FilePath	extdeps.container.oci.image_config	std.types	pool-coincidence
dag/extdeps/container/oci/image_config.dag	NonEmptyStr	extdeps.container.oci.image_config	std.types	pool-coincidence
dag/extdeps/container/oci/image_config.dag	Os	extdeps.container.oci.image_config	extdeps.toolchain.types	pool-coincidence
dag/extdeps/container/oci/linux.dag	ExternalAuthority	extdeps.container.oci.linux	extdeps.external_authority	pool-coincidence
dag/extdeps/container/oci/linux.dag	FilePath	extdeps.container.oci.linux	std.types	pool-coincidence
dag/extdeps/container/oci/manifest.dag	DescriptorRejectReason	extdeps.container.oci.manifest	extdeps.container.oci.descriptor	pool-coincidence
dag/extdeps/container/oci/manifest.dag	ExternalAuthority	extdeps.container.oci.manifest	extdeps.external_authority	pool-coincidence
dag/extdeps/container/oci/manifest.dag	OciDescriptor	extdeps.container.oci.manifest	extdeps.container.oci.descriptor	pool-coincidence
dag/extdeps/container/oci/manifest.dag	OciDescriptor	extdeps.container.oci.manifest	extdeps.container.oci.descriptor	pool-coincidence
dag/extdeps/container/oci/manifest.dag	OciDescriptor	extdeps.container.oci.manifest	extdeps.container.oci.descriptor	pool-coincidence
dag/extdeps/container/oci/manifest.dag	OciDescriptor	extdeps.container.oci.manifest	extdeps.container.oci.descriptor	pool-coincidence
dag/extdeps/container/oci/manifest.dag	OciMediaType	extdeps.container.oci.manifest	extdeps.container.oci.types	pool-coincidence
dag/extdeps/container/oci/manifest.dag	OciMediaType	extdeps.container.oci.manifest	extdeps.container.oci.types	pool-coincidence
dag/extdeps/container/oci/manifest.dag	OciMediaType	extdeps.container.oci.manifest	extdeps.container.oci.types	pool-coincidence
dag/extdeps/container/oci/media_types.dag	ExternalAuthority	extdeps.container.oci.media_types	extdeps.external_authority	pool-coincidence
dag/extdeps/container/oci/media_types.dag	OciMediaType	extdeps.container.oci.media_types	extdeps.container.oci.types	pool-coincidence
dag/extdeps/container/oci/media_types.dag	OciMediaType	extdeps.container.oci.media_types	extdeps.container.oci.types	pool-coincidence
dag/extdeps/container/oci/media_types.dag	OciMediaType	extdeps.container.oci.media_types	extdeps.container.oci.types	pool-coincidence
dag/extdeps/container/oci/media_types.dag	OciMediaType	extdeps.container.oci.media_types	extdeps.container.oci.types	pool-coincidence
dag/extdeps/container/oci/media_types.dag	OciMediaType	extdeps.container.oci.media_types	extdeps.container.oci.types	pool-coincidence
dag/extdeps/container/oci/runtime_config.dag	ExternalAuthority	extdeps.container.oci.runtime_config	extdeps.external_authority	pool-coincidence
dag/extdeps/container/oci/runtime_config.dag	FilePath	extdeps.container.oci.runtime_config	std.types	pool-coincidence
dag/extdeps/container/oci/runtime_config.dag	FilePath	extdeps.container.oci.runtime_config	std.types	pool-coincidence
dag/extdeps/container/oci/runtime_config.dag	FilePath	extdeps.container.oci.runtime_config	std.types	pool-coincidence
dag/extdeps/container/oci/runtime_config.dag	LinuxPlatform	extdeps.container.oci.runtime_config	extdeps.container.oci.linux	pool-coincidence
dag/extdeps/container/oci/runtime_config.dag	OciRuntimeVersion	extdeps.container.oci.runtime_config	extdeps.container.oci.types	pool-coincidence
dag/extdeps/container/oci/runtime_config.dag	RuntimeMountKind	extdeps.container.oci.runtime_config	extdeps.container.oci.types	pool-coincidence
dag/extdeps/container/oci/runtime_config.dag	RuntimeMountSource	extdeps.container.oci.runtime_config	extdeps.container.oci.types	pool-coincidence
dag/extdeps/cpu.dag	Architecture	extdeps.cpu	extdeps.toolchain.types	pool-coincidence
dag/extdeps/cpu.dag	CpuFacts	extdeps.cpu	extdeps.cpu.types	pool-coincidence
dag/extdeps/cpu.dag	CpuFacts	extdeps.cpu	extdeps.cpu.types	pool-coincidence
dag/extdeps/cpu.dag	CpuFacts	extdeps.cpu	extdeps.cpu.types	pool-coincidence
dag/extdeps/cpu.dag	CpuFacts	extdeps.cpu	extdeps.cpu.types	pool-coincidence
dag/extdeps/cpu.dag	CpuFacts	extdeps.cpu	extdeps.cpu.types	pool-coincidence
dag/extdeps/cpu.dag	ExternalAuthority	extdeps.cpu	extdeps.external_authority	pool-coincidence
dag/extdeps/cpu.dag	Hardware	extdeps.cpu	extdeps.hardware	pool-coincidence
dag/extdeps/cpu.dag	HardwareThreadCount	extdeps.cpu	std.measure	pool-coincidence
dag/extdeps/cpu.dag	Hertz	extdeps.cpu	std.measure	pool-coincidence
dag/extdeps/cpu/amd.dag	CacheGeometryCitation	extdeps.cpu.amd	extdeps.cpu.types	pool-coincidence
dag/extdeps/cpu/amd.dag	CacheGeometryCitation	extdeps.cpu.amd	extdeps.cpu.types	pool-coincidence
dag/extdeps/cpu/amd.dag	CacheGeometryCitation	extdeps.cpu.amd	extdeps.cpu.types	pool-coincidence
dag/extdeps/cpu/amd.dag	CacheGeometryCitation	extdeps.cpu.amd	extdeps.cpu.types	pool-coincidence
dag/extdeps/cpu/amd.dag	CacheGeometryCitation	extdeps.cpu.amd	extdeps.cpu.types	pool-coincidence
dag/extdeps/cpu/amd.dag	CacheGeometryCitation	extdeps.cpu.amd	extdeps.cpu.types	pool-coincidence
dag/extdeps/cpu/amd.dag	CpuFacts	extdeps.cpu.amd	extdeps.cpu.types	pool-coincidence
dag/extdeps/cpu/amd.dag	CpuFacts	extdeps.cpu.amd	extdeps.cpu.types	pool-coincidence
dag/extdeps/cpu/amd.dag	CpuFacts	extdeps.cpu.amd	extdeps.cpu.types	pool-coincidence
dag/extdeps/cpu/amd.dag	CpuL1CacheGeometry	extdeps.cpu.amd	extdeps.cpu.types	pool-coincidence
dag/extdeps/cpu/amd.dag	CpuL1CacheGeometry	extdeps.cpu.amd	extdeps.cpu.types	pool-coincidence
dag/extdeps/cpu/amd.dag	CpuL2CacheGeometry	extdeps.cpu.amd	extdeps.cpu.types	pool-coincidence
dag/extdeps/cpu/amd.dag	CpuL2CacheGeometry	extdeps.cpu.amd	extdeps.cpu.types	pool-coincidence
dag/extdeps/cpu/amd.dag	CpuL3CacheGeometry	extdeps.cpu.amd	extdeps.cpu.types	pool-coincidence
dag/extdeps/cpu/amd.dag	CpuL3CacheGeometry	extdeps.cpu.amd	extdeps.cpu.types	pool-coincidence
dag/extdeps/cpu/amd.dag	CpuModelCatalogRow	extdeps.cpu.amd	extdeps.cpu.types	pool-coincidence
dag/extdeps/cpu/amd.dag	CpuModelCatalogRow	extdeps.cpu.amd	extdeps.cpu.types	pool-coincidence
dag/extdeps/cpu/amd.dag	CpuModelCatalogRow	extdeps.cpu.amd	extdeps.cpu.types	pool-coincidence
dag/extdeps/cpu/amd.dag	ExternalAuthority	extdeps.cpu.amd	extdeps.external_authority	pool-coincidence
dag/extdeps/cpu/amd.dag	ExternalAuthority	extdeps.cpu.amd	extdeps.external_authority	pool-coincidence
dag/extdeps/cpu/amd.dag	ExternalAuthority	extdeps.cpu.amd	extdeps.external_authority	pool-coincidence
dag/extdeps/cpu/amd.dag	ExternalAuthority	extdeps.cpu.amd	extdeps.external_authority	pool-coincidence
dag/extdeps/cpu/ampere.dag	ByteSize	extdeps.cpu.ampere	std.measure	pool-coincidence
dag/extdeps/cpu/ampere.dag	ByteSize	extdeps.cpu.ampere	std.measure	pool-coincidence
dag/extdeps/cpu/ampere.dag	ByteSize	extdeps.cpu.ampere	std.measure	pool-coincidence
dag/extdeps/cpu/ampere.dag	ByteSize	extdeps.cpu.ampere	std.measure	pool-coincidence
dag/extdeps/cpu/ampere.dag	ByteSize	extdeps.cpu.ampere	std.measure	pool-coincidence
dag/extdeps/cpu/ampere.dag	ByteSize	extdeps.cpu.ampere	std.measure	pool-coincidence
dag/extdeps/cpu/ampere.dag	ByteSize	extdeps.cpu.ampere	std.measure	pool-coincidence
dag/extdeps/cpu/ampere.dag	ByteSize	extdeps.cpu.ampere	std.measure	pool-coincidence
dag/extdeps/cpu/ampere.dag	CacheGeometryCitation	extdeps.cpu.ampere	extdeps.cpu.types	pool-coincidence
dag/extdeps/cpu/ampere.dag	CacheGeometryCitation	extdeps.cpu.ampere	extdeps.cpu.types	pool-coincidence
dag/extdeps/cpu/ampere.dag	CacheGeometryCitation	extdeps.cpu.ampere	extdeps.cpu.types	pool-coincidence
dag/extdeps/cpu/ampere.dag	CacheGeometryCitation	extdeps.cpu.ampere	extdeps.cpu.types	pool-coincidence
dag/extdeps/cpu/ampere.dag	CpuL1CacheGeometry	extdeps.cpu.ampere	extdeps.cpu.types	pool-coincidence
dag/extdeps/cpu/ampere.dag	CpuL2CacheGeometry	extdeps.cpu.ampere	extdeps.cpu.types	pool-coincidence
dag/extdeps/cpu/ampere.dag	CpuL3CacheGeometry	extdeps.cpu.ampere	extdeps.cpu.types	pool-coincidence
dag/extdeps/cpu/ampere.dag	CpuL3CacheGeometry	extdeps.cpu.ampere	extdeps.cpu.types	pool-coincidence
dag/extdeps/cpu/ampere.dag	CpuModelCatalogRow	extdeps.cpu.ampere	extdeps.cpu.types	pool-coincidence
dag/extdeps/cpu/ampere.dag	CpuModelCatalogRow	extdeps.cpu.ampere	extdeps.cpu.types	pool-coincidence
dag/extdeps/cpu/ampere.dag	ExternalAuthority	extdeps.cpu.ampere	extdeps.external_authority	pool-coincidence
dag/extdeps/cpu/ampere.dag	ExternalAuthority	extdeps.cpu.ampere	extdeps.external_authority	pool-coincidence
dag/extdeps/cpu/ampere.dag	ExternalAuthority	extdeps.cpu.ampere	extdeps.external_authority	pool-coincidence
dag/extdeps/cpu/machine_shape.dag	CpuModelCatalogRow	extdeps.cpu.machine_shape	extdeps.cpu.types	pool-coincidence
dag/extdeps/cpu/machine_shape.dag	CpuModelCatalogRow	extdeps.cpu.machine_shape	extdeps.cpu.types	pool-coincidence
dag/extdeps/cpu/machine_shape.dag	CpuModelCatalogRow	extdeps.cpu.machine_shape	extdeps.cpu.types	pool-coincidence
dag/extdeps/cpu/machine_shape.dag	CpuModelCatalogRow	extdeps.cpu.machine_shape	extdeps.cpu.types	pool-coincidence
dag/extdeps/cpu/machine_shape.dag	CpuModelCatalogRow	extdeps.cpu.machine_shape	extdeps.cpu.types	pool-coincidence
dag/extdeps/cpu/machine_shape.dag	DomainId	extdeps.cpu.machine_shape	std.machine_shape	pool-coincidence
dag/extdeps/cpu/machine_shape.dag	ExternalAuthority	extdeps.cpu.machine_shape	extdeps.external_authority	pool-coincidence
dag/extdeps/cpu/machine_shape.dag	LevelId	extdeps.cpu.machine_shape	std.machine_shape	pool-coincidence
dag/extdeps/cpu/machine_shape.dag	LevelId	extdeps.cpu.machine_shape	std.machine_shape	pool-coincidence
dag/extdeps/cpu/machine_shape.dag	LevelId	extdeps.cpu.machine_shape	std.machine_shape	pool-coincidence
dag/extdeps/cpu/machine_shape.dag	LevelId	extdeps.cpu.machine_shape	std.machine_shape	pool-coincidence
dag/extdeps/cpu/machine_shape.dag	LevelId	extdeps.cpu.machine_shape	std.machine_shape	pool-coincidence
dag/extdeps/cpu/machine_shape.dag	LevelId	extdeps.cpu.machine_shape	std.machine_shape	pool-coincidence
dag/extdeps/cpu/machine_shape.dag	LevelId	extdeps.cpu.machine_shape	std.machine_shape	pool-coincidence
dag/extdeps/cpu/machine_shape.dag	LevelId	extdeps.cpu.machine_shape	std.machine_shape	pool-coincidence
dag/extdeps/cpu/machine_shape.dag	LevelId	extdeps.cpu.machine_shape	std.machine_shape	pool-coincidence
dag/extdeps/cpu/machine_shape.dag	MachineShapeConstruction	extdeps.cpu.machine_shape	std.machine_shape	pool-coincidence
dag/extdeps/cpu/machine_shape.dag	MemoryLevel	extdeps.cpu.machine_shape	std.machine_shape	pool-coincidence
dag/extdeps/cpu/machine_shape.dag	MemoryLevel	extdeps.cpu.machine_shape	std.machine_shape	pool-coincidence
dag/extdeps/cpu/machine_shape.dag	MemoryLevel	extdeps.cpu.machine_shape	std.machine_shape	pool-coincidence
dag/extdeps/cpu/machine_shape.dag	MemoryShape	extdeps.cpu.machine_shape	std.machine_shape	pool-coincidence
dag/extdeps/cpu/types.dag	Architecture	extdeps.cpu.types	extdeps.toolchain.types	pool-coincidence
dag/extdeps/cpu/types.dag	ByteSize	extdeps.cpu.types	std.measure	pool-coincidence
dag/extdeps/cpu/types.dag	ByteSize	extdeps.cpu.types	std.measure	pool-coincidence
dag/extdeps/cpu/types.dag	ByteSize	extdeps.cpu.types	std.measure	pool-coincidence
dag/extdeps/cpu/types.dag	ByteSize	extdeps.cpu.types	std.measure	pool-coincidence
dag/extdeps/cpu/types.dag	ByteSize	extdeps.cpu.types	std.measure	pool-coincidence
dag/extdeps/cpu/types.dag	ByteSize	extdeps.cpu.types	std.measure	pool-coincidence
dag/extdeps/cpu/types.dag	ByteSize	extdeps.cpu.types	std.measure	pool-coincidence
dag/extdeps/cpu/types.dag	ExternalAuthority	extdeps.cpu.types	extdeps.external_authority	pool-coincidence
dag/extdeps/cpu/types.dag	ExternalAuthority	extdeps.cpu.types	extdeps.external_authority	pool-coincidence
dag/extdeps/cpu/types.dag	Hardware	extdeps.cpu.types	extdeps.hardware	pool-coincidence
dag/extdeps/cpu/types.dag	HardwareThreadCount	extdeps.cpu.types	std.measure	pool-coincidence
dag/extdeps/cpu/types.dag	Hertz	extdeps.cpu.types	std.measure	pool-coincidence
dag/extdeps/cpu/types.dag	Hertz	extdeps.cpu.types	std.measure	pool-coincidence
dag/extdeps/cpu/types.dag	NonEmptyStr	extdeps.cpu.types	std.types	pool-coincidence
dag/extdeps/cpu/types.dag	NonEmptyStr	extdeps.cpu.types	std.types	pool-coincidence
dag/extdeps/cpu/types.dag	NonEmptyStr	extdeps.cpu.types	std.types	pool-coincidence
dag/extdeps/cpu/types.dag	Watt	extdeps.cpu.types	std.measure	pool-coincidence
dag/extdeps/cron/cron.dag	ExternalAuthority	extdeps.cron	extdeps.external_authority	pool-coincidence
dag/extdeps/cron/mock_corpus.dag	PublishedMockCase	extdeps.cron.mock_corpus	std.hermetic_replay	pool-coincidence
dag/extdeps/cron/mock_corpus.dag	PublishedMockCase	extdeps.cron.mock_corpus	std.hermetic_replay	pool-coincidence
dag/extdeps/cron/mock_corpus.dag	PublishedMockCase	extdeps.cron.mock_corpus	std.hermetic_replay	pool-coincidence
dag/extdeps/ctrl/gunbc_pin.dag	ExternalAuthority	extdeps.ctrl.gunbc_pin	extdeps.external_authority	pool-coincidence
dag/extdeps/diagnostic/edac.dag	ExternalAuthority	extdeps.diagnostic.edac	extdeps.external_authority	pool-coincidence
dag/extdeps/diagnostic/ipmi.dag	ExternalAuthority	extdeps.diagnostic.ipmi	extdeps.external_authority	pool-coincidence
dag/extdeps/diagnostic/ipmi.dag	NonEmptyStr	extdeps.diagnostic.ipmi	std.types	pool-coincidence
dag/extdeps/diagnostic/ipmi.dag	NonEmptyStr	extdeps.diagnostic.ipmi	std.types	pool-coincidence
dag/extdeps/diagnostic/ipmi.dag	NonEmptyStr	extdeps.diagnostic.ipmi	std.types	pool-coincidence
dag/extdeps/diagnostic/mock_corpus.dag	PublishedMockCase	extdeps.diagnostic.mock_corpus	std.hermetic_replay	pool-coincidence
dag/extdeps/diagnostic/mock_corpus.dag	PublishedMockCase	extdeps.diagnostic.mock_corpus	std.hermetic_replay	pool-coincidence
dag/extdeps/diagnostic/mock_corpus.dag	PublishedMockCase	extdeps.diagnostic.mock_corpus	std.hermetic_replay	pool-coincidence
dag/extdeps/diagnostic/mock_corpus.dag	PublishedMockCase	extdeps.diagnostic.mock_corpus	std.hermetic_replay	pool-coincidence
dag/extdeps/diagnostic/mock_corpus.dag	PublishedMockCase	extdeps.diagnostic.mock_corpus	std.hermetic_replay	pool-coincidence
dag/extdeps/diagnostic/mock_corpus.dag	PublishedMockCase	extdeps.diagnostic.mock_corpus	std.hermetic_replay	pool-coincidence
dag/extdeps/diagnostic/mock_corpus.dag	PublishedMockCase	extdeps.diagnostic.mock_corpus	std.hermetic_replay	pool-coincidence
dag/extdeps/diagnostic/mock_corpus.dag	PublishedMockCase	extdeps.diagnostic.mock_corpus	std.hermetic_replay	pool-coincidence
dag/extdeps/diagnostic/mock_corpus.dag	PublishedMockCase	extdeps.diagnostic.mock_corpus	std.hermetic_replay	pool-coincidence
dag/extdeps/diagnostic/mock_corpus.dag	PublishedMockCase	extdeps.diagnostic.mock_corpus	std.hermetic_replay	pool-coincidence
dag/extdeps/diagnostic/mock_corpus.dag	PublishedMockCase	extdeps.diagnostic.mock_corpus	std.hermetic_replay	pool-coincidence
dag/extdeps/diagnostic/mock_corpus.dag	PublishedMockCase	extdeps.diagnostic.mock_corpus	std.hermetic_replay	pool-coincidence
dag/extdeps/diagnostic/mock_corpus.dag	PublishedMockCase	extdeps.diagnostic.mock_corpus	std.hermetic_replay	pool-coincidence
dag/extdeps/diagnostic/mock_corpus.dag	PublishedMockCase	extdeps.diagnostic.mock_corpus	std.hermetic_replay	pool-coincidence
dag/extdeps/diagnostic/ssh.dag	ExternalAuthority	extdeps.diagnostic.ssh	extdeps.external_authority	pool-coincidence
dag/extdeps/diagnostic/ssh.dag	NonEmptyStr	extdeps.diagnostic.ssh	std.types	pool-coincidence
dag/extdeps/diagnostic/ssh.dag	NonEmptyStr	extdeps.diagnostic.ssh	std.types	pool-coincidence
dag/extdeps/diagnostic/ssh.dag	NonEmptyStr	extdeps.diagnostic.ssh	std.types	pool-coincidence
dag/extdeps/diagnostic/ssh.dag	NonEmptyStr	extdeps.diagnostic.ssh	std.types	pool-coincidence
dag/extdeps/diagnostic/ssh.dag	NonEmptyStr	extdeps.diagnostic.ssh	std.types	pool-coincidence
dag/extdeps/diagnostic/ssh.dag	NonEmptyStr	extdeps.diagnostic.ssh	std.types	pool-coincidence
dag/extdeps/diagnostic/ssh.dag	NonEmptyStr	extdeps.diagnostic.ssh	std.types	pool-coincidence
dag/extdeps/diagnostic/ssh.dag	NonEmptyStr	extdeps.diagnostic.ssh	std.types	pool-coincidence
dag/extdeps/diagnostic/ssh.dag	NonEmptyStr	extdeps.diagnostic.ssh	std.types	pool-coincidence
dag/extdeps/entropy/entropy.dag	Disposition	extdeps.entropy	std.disposition	pool-coincidence
dag/extdeps/entropy/entropy.dag	Disposition	extdeps.entropy	std.disposition	pool-coincidence
dag/extdeps/entropy/entropy.dag	Disposition	extdeps.entropy	std.disposition	pool-coincidence
dag/extdeps/entropy/entropy.dag	ExternalAuthority	extdeps.entropy	extdeps.external_authority	pool-coincidence
dag/extdeps/filesystem/filesystem_io.dag	ExternalAuthority	extdeps.filesystem.filesystem_io	extdeps.external_authority	pool-coincidence
dag/extdeps/filesystem/mock_corpus.dag	PublishedMockCase	extdeps.filesystem.mock_corpus	std.hermetic_replay	pool-coincidence
dag/extdeps/filesystem/mock_corpus.dag	PublishedMockCase	extdeps.filesystem.mock_corpus	std.hermetic_replay	pool-coincidence
dag/extdeps/filesystem/mock_corpus.dag	PublishedMockCase	extdeps.filesystem.mock_corpus	std.hermetic_replay	pool-coincidence
dag/extdeps/filesystem/ntfs.dag	EntryKind	extdeps.filesystem.ntfs	std.filesystem.types	pool-coincidence
dag/extdeps/filesystem/ntfs.dag	ExternalAuthority	extdeps.filesystem.ntfs	extdeps.external_authority	pool-coincidence
dag/extdeps/filesystem/posix.dag	EntryKind	extdeps.filesystem.posix	std.filesystem.types	pool-coincidence
dag/extdeps/filesystem/posix.dag	ExternalAuthority	extdeps.filesystem.posix	extdeps.external_authority	pool-coincidence
dag/extdeps/formats/elf/encode.dag	Elf64Ehdr	extdeps.formats.elf.encode	extdeps.formats.elf.types	pool-coincidence
dag/extdeps/formats/elf/encode.dag	Elf64Phdr	extdeps.formats.elf.encode	extdeps.formats.elf.segments	pool-coincidence
dag/extdeps/formats/elf/encode.dag	ElfClass	extdeps.formats.elf.encode	extdeps.formats.elf.primitives	pool-coincidence
dag/extdeps/formats/elf/encode.dag	ElfDataEncoding	extdeps.formats.elf.encode	extdeps.formats.elf.primitives	pool-coincidence
dag/extdeps/formats/elf/encode.dag	ElfFileType	extdeps.formats.elf.encode	extdeps.formats.elf.primitives	pool-coincidence
dag/extdeps/formats/elf/encode.dag	ElfIdent	extdeps.formats.elf.encode	extdeps.formats.elf.types	pool-coincidence
dag/extdeps/formats/elf/encode.dag	ElfMachine	extdeps.formats.elf.encode	extdeps.formats.elf.primitives	pool-coincidence
dag/extdeps/formats/elf/encode.dag	ElfSegmentType	extdeps.formats.elf.encode	extdeps.formats.elf.primitives	pool-coincidence
dag/extdeps/formats/elf/encode.dag	ExternalAuthority	extdeps.formats.elf.encode	extdeps.external_authority	pool-coincidence
dag/extdeps/formats/elf/hello_static_witness.dag	ExternalAuthority	extdeps.formats.elf.hello_static_witness	extdeps.external_authority	pool-coincidence
dag/extdeps/formats/elf/primitives.dag	ExecutableFormat	extdeps.formats.elf.primitives	std.exec_format	pool-coincidence
dag/extdeps/formats/elf/primitives.dag	ExternalAuthority	extdeps.formats.elf.primitives	extdeps.external_authority	pool-coincidence
dag/extdeps/formats/elf/relocation.dag	ExternalAuthority	extdeps.formats.elf.relocation	extdeps.external_authority	pool-coincidence
dag/extdeps/formats/elf/sections.dag	ExternalAuthority	extdeps.formats.elf.sections	extdeps.external_authority	pool-coincidence
dag/extdeps/formats/elf/segments.dag	ElfSegmentType	extdeps.formats.elf.segments	extdeps.formats.elf.primitives	pool-coincidence
dag/extdeps/formats/elf/segments.dag	ElfSegmentType	extdeps.formats.elf.segments	extdeps.formats.elf.primitives	pool-coincidence
dag/extdeps/formats/elf/segments.dag	ExternalAuthority	extdeps.formats.elf.segments	extdeps.external_authority	pool-coincidence
dag/extdeps/formats/elf/segments.dag	LoadSegment	extdeps.formats.elf.segments	std.exec_format	pool-coincidence
dag/extdeps/formats/elf/segments.dag	SegmentPermission	extdeps.formats.elf.segments	std.exec_format	pool-coincidence
dag/extdeps/formats/elf/types.dag	ElfClass	extdeps.formats.elf.types	extdeps.formats.elf.primitives	pool-coincidence
dag/extdeps/formats/elf/types.dag	ElfClass	extdeps.formats.elf.types	extdeps.formats.elf.primitives	pool-coincidence
dag/extdeps/formats/elf/types.dag	ElfClass	extdeps.formats.elf.types	extdeps.formats.elf.primitives	pool-coincidence
dag/extdeps/formats/elf/types.dag	ElfDataEncoding	extdeps.formats.elf.types	extdeps.formats.elf.primitives	pool-coincidence
dag/extdeps/formats/elf/types.dag	ElfDataEncoding	extdeps.formats.elf.types	extdeps.formats.elf.primitives	pool-coincidence
dag/extdeps/formats/elf/types.dag	ElfFileType	extdeps.formats.elf.types	extdeps.formats.elf.primitives	pool-coincidence
dag/extdeps/formats/elf/types.dag	ElfFileType	extdeps.formats.elf.types	extdeps.formats.elf.primitives	pool-coincidence
dag/extdeps/formats/elf/types.dag	ElfMachine	extdeps.formats.elf.types	extdeps.formats.elf.primitives	pool-coincidence
dag/extdeps/formats/elf/types.dag	ElfMachine	extdeps.formats.elf.types	extdeps.formats.elf.primitives	pool-coincidence
dag/extdeps/formats/elf/types.dag	EntryPoint	extdeps.formats.elf.types	std.exec_format	pool-coincidence
dag/extdeps/formats/elf/types.dag	ExternalAuthority	extdeps.formats.elf.types	extdeps.external_authority	pool-coincidence
dag/extdeps/git/git.dag	CommitSha	extdeps.git	std.types	pool-coincidence
dag/extdeps/git/git.dag	CommitSha	extdeps.git	std.types	pool-coincidence
dag/extdeps/git/git.dag	CommitSha	extdeps.git	std.types	pool-coincidence
dag/extdeps/git/git.dag	CommitSha	extdeps.git	std.types	pool-coincidence
dag/extdeps/git/git.dag	Email	extdeps.git	std.types	pool-coincidence
dag/extdeps/git/git.dag	ExternalAuthority	extdeps.git	extdeps.external_authority	pool-coincidence
dag/extdeps/git/git.dag	ExternalAuthority	extdeps.git	extdeps.external_authority	pool-coincidence
dag/extdeps/git/git.dag	FilePath	extdeps.git	std.types	pool-coincidence
dag/extdeps/git/git.dag	FilePath	extdeps.git	std.types	pool-coincidence
dag/extdeps/git/git.dag	FilePath	extdeps.git	std.types	pool-coincidence
dag/extdeps/git/git.dag	FilePath	extdeps.git	std.types	pool-coincidence
dag/extdeps/git/git.dag	FilePath	extdeps.git	std.types	pool-coincidence
dag/extdeps/git/git.dag	FilePath	extdeps.git	std.types	pool-coincidence
dag/extdeps/git/git.dag	FilePath	extdeps.git	std.types	pool-coincidence
dag/extdeps/git/git.dag	FilePath	extdeps.git	std.types	pool-coincidence
dag/extdeps/git/git.dag	FilePath	extdeps.git	std.types	pool-coincidence
dag/extdeps/git/git.dag	FilePath	extdeps.git	std.types	pool-coincidence
dag/extdeps/git/git.dag	FilePath	extdeps.git	std.types	pool-coincidence
dag/extdeps/git/git.dag	FilePath	extdeps.git	std.types	pool-coincidence
dag/extdeps/git/git.dag	FilePath	extdeps.git	std.types	pool-coincidence
dag/extdeps/git/git.dag	FilePath	extdeps.git	std.types	pool-coincidence
dag/extdeps/git/git.dag	FilePath	extdeps.git	std.types	pool-coincidence
dag/extdeps/git/git.dag	FilePath	extdeps.git	std.types	pool-coincidence
dag/extdeps/git/git.dag	FilePath	extdeps.git	std.types	pool-coincidence
dag/extdeps/git/git.dag	FilePath	extdeps.git	std.types	pool-coincidence
dag/extdeps/git/git.dag	FilePath	extdeps.git	std.types	pool-coincidence
dag/extdeps/git/git.dag	GitRef	extdeps.git	std.types	pool-coincidence
dag/extdeps/git/git.dag	GitRef	extdeps.git	std.types	pool-coincidence
dag/extdeps/git/git.dag	GitRef	extdeps.git	std.types	pool-coincidence
dag/extdeps/git/git.dag	GitRef	extdeps.git	std.types	pool-coincidence
dag/extdeps/git/git.dag	GitRef	extdeps.git	std.types	pool-coincidence
dag/extdeps/git/git.dag	GitRef	extdeps.git	std.types	pool-coincidence
dag/extdeps/git/git.dag	GitRef	extdeps.git	std.types	pool-coincidence
dag/extdeps/git/git.dag	GitRef	extdeps.git	std.types	pool-coincidence
dag/extdeps/git/git.dag	GitRef	extdeps.git	std.types	pool-coincidence
dag/extdeps/git/git.dag	GitRef	extdeps.git	std.types	pool-coincidence
dag/extdeps/git/git.dag	GitRef	extdeps.git	std.types	pool-coincidence
dag/extdeps/git/git.dag	GitRef	extdeps.git	std.types	pool-coincidence
dag/extdeps/git/git.dag	GitRef	extdeps.git	std.types	pool-coincidence
dag/extdeps/git/git.dag	GitRef	extdeps.git	std.types	pool-coincidence
dag/extdeps/git/git.dag	GitRef	extdeps.git	std.types	pool-coincidence
dag/extdeps/git/git.dag	GitRef	extdeps.git	std.types	pool-coincidence
dag/extdeps/git/git.dag	GitRef	extdeps.git	std.types	pool-coincidence
dag/extdeps/git/git.dag	GitRef	extdeps.git	std.types	pool-coincidence
dag/extdeps/git/git.dag	GitRef	extdeps.git	std.types	pool-coincidence
dag/extdeps/git/git.dag	GitRef	extdeps.git	std.types	pool-coincidence
dag/extdeps/git/git.dag	NonEmptyStr	extdeps.git	std.types	pool-coincidence
dag/extdeps/git/git.dag	NonEmptyStr	extdeps.git	std.types	pool-coincidence
dag/extdeps/git/git.dag	NonEmptyStr	extdeps.git	std.types	pool-coincidence
dag/extdeps/git/git.dag	Percent	extdeps.git	std.measure	pool-coincidence
dag/extdeps/git/git.dag	Percent	extdeps.git	std.measure	pool-coincidence
dag/extdeps/git/git.dag	Timestamp	extdeps.git	std.types	pool-coincidence
dag/extdeps/git/gitignore.dag	ExternalAuthority	extdeps.gitignore	extdeps.external_authority	pool-coincidence
dag/extdeps/pricing/hetzner_dedicated.dag	CpuFacts	extdeps.pricing.hetzner_dedicated	extdeps.cpu.types	pool-coincidence
dag/extdeps/render/terminal.dag	std.render.RenderFrame	extdeps.render.terminal	std.render	listed-import
dag/extdeps/render/terminal.dag	std.render.RenderFrame	extdeps.render.terminal	std.render	listed-import
dag/extdeps/render/terminal.dag	std.render.RenderFrame	extdeps.render.terminal	std.render	listed-import
dag/extdeps/render/terminal.dag	std.render.RenderFrame	extdeps.render.terminal	std.render	listed-import
dag/extdeps/render/terminal.dag	std.render.RenderFrame	extdeps.render.terminal	std.render	listed-import
dag/extdeps/sec/issuer/chemed.dag	NonEmptyStr	extdeps.sec.issuer.chemed	std.types	pool-coincidence
dag/extdeps/sec/issuer/gitlab.dag	NonEmptyStr	extdeps.sec.issuer.gitlab	std.types	pool-coincidence
dag/extdeps/sec/issuer/rollins.dag	NonEmptyStr	extdeps.sec.issuer.rollins	std.types	pool-coincidence
dag/gunbc/accelerator_demo_eval.dag	AcceleratorDemoProgram	gunbc.accelerator_demo_eval	gunbc.accelerator_demo_program	pool-coincidence
dag/gunbc/accelerator_demo_eval.dag	ElementwiseArrayOp	gunbc.accelerator_demo_eval	gunbc.accelerator_demo_program	pool-coincidence
dag/gunbc/accelerator_demo_float_eval.dag	AcceleratorDemoProgram	gunbc.accelerator_demo_float_eval	gunbc.accelerator_demo_program	pool-coincidence
dag/gunbc/accelerator_demo_float_eval.dag	ElementwiseArrayOp	gunbc.accelerator_demo_float_eval	gunbc.accelerator_demo_program	pool-coincidence
dag/gunbc/accelerator_demo_gpu.dag	DecodeFidelity	gunbc.accelerator_demo_gpu	extdeps.communication.medium	pool-coincidence
dag/gunbc/accelerator_demo_gpu.dag	DecodeFidelity	gunbc.accelerator_demo_gpu	extdeps.communication.medium	pool-coincidence
dag/gunbc/accelerator_demo_gpu.dag	DecodeFidelity	gunbc.accelerator_demo_gpu	extdeps.communication.medium	pool-coincidence
dag/gunbc/accelerator_demo_gpu.dag	GpuModelCatalogRow	gunbc.accelerator_demo_gpu	extdeps.gpu.types	pool-coincidence
dag/gunbc/accelerator_demo_gpu.dag	GpuModelCatalogRow	gunbc.accelerator_demo_gpu	extdeps.gpu.types	pool-coincidence
dag/gunbc/accelerator_demo_gpu.dag	GpuModelCatalogRow	gunbc.accelerator_demo_gpu	extdeps.gpu.types	pool-coincidence
dag/gunbc/accelerator_demo_gpu.dag	GpuModelCatalogRow	gunbc.accelerator_demo_gpu	extdeps.gpu.types	pool-coincidence
dag/gunbc/accelerator_demo_gpu.dag	NonEmptyStr	gunbc.accelerator_demo_gpu	std.types	pool-coincidence
dag/gunbc/accelerator_demo_gpu.dag	NumericalContract	gunbc.accelerator_demo_gpu	std.numerical_contract	pool-coincidence
dag/gunbc/accelerator_demo_gpu.dag	NumericalContract	gunbc.accelerator_demo_gpu	std.numerical_contract	pool-coincidence
dag/gunbc/accelerator_demo_gpu.dag	NumericalContract	gunbc.accelerator_demo_gpu	std.numerical_contract	pool-coincidence
dag/gunbc/accelerator_demo_gpu.dag	NumericalContract	gunbc.accelerator_demo_gpu	std.numerical_contract	pool-coincidence
dag/gunbc/accelerator_demo_gpu.dag	NumericalContract	gunbc.accelerator_demo_gpu	std.numerical_contract	pool-coincidence
dag/gunbc/accelerator_demo_plan.dag	DecodeFidelity	gunbc.accelerator_demo_plan	extdeps.communication.medium	pool-coincidence
dag/gunbc/accelerator_demo_plan.dag	DecodeFidelity	gunbc.accelerator_demo_plan	extdeps.communication.medium	pool-coincidence
dag/gunbc/accelerator_demo_plan.dag	Nano	gunbc.accelerator_demo_plan		pool-coincidence
dag/gunbc/accelerator_demo_plan.dag	Nano	gunbc.accelerator_demo_plan		pool-coincidence
dag/gunbc/accelerator_demo_plan.dag	Nano	gunbc.accelerator_demo_plan		pool-coincidence
dag/gunbc/accelerator_demo_plan.dag	Nano	gunbc.accelerator_demo_plan		pool-coincidence
dag/gunbc/accelerator_demo_plan.dag	Nano	gunbc.accelerator_demo_plan		pool-coincidence
dag/gunbc/accelerator_demo_plan.dag	Nano	gunbc.accelerator_demo_plan		pool-coincidence
dag/gunbc/accelerator_demo_plan.dag	Nano	gunbc.accelerator_demo_plan		pool-coincidence
dag/gunbc/accelerator_demo_plan.dag	Nano	gunbc.accelerator_demo_plan		pool-coincidence
dag/gunbc/accelerator_demo_plan.dag	NonEmptyStr	gunbc.accelerator_demo_plan	std.types	pool-coincidence
dag/gunbc/accelerator_demo_plan.dag	NumericalContract	gunbc.accelerator_demo_plan	std.numerical_contract	pool-coincidence
dag/gunbc/accelerator_demo_plan.dag	NumericalContract	gunbc.accelerator_demo_plan	std.numerical_contract	pool-coincidence
dag/gunbc/accelerator_demo_plan.dag	NumericalContract	gunbc.accelerator_demo_plan	std.numerical_contract	pool-coincidence
dag/gunbc/accelerator_demo_plan.dag	Placement	gunbc.accelerator_demo_plan	std.realization	pool-coincidence
dag/gunbc/accelerator_demo_plan.dag	Placement	gunbc.accelerator_demo_plan	std.realization	pool-coincidence
dag/gunbc/accelerator_demo_plan.dag	extdeps.communication.numerical_fidelity.LoweringRefusalReason	gunbc.accelerator_demo_plan	extdeps.communication.numerical_fidelity	definer-resolvable
dag/gunbc/accelerator_demo_plan.dag	extdeps.gpu.types.AcceleratorFacts	gunbc.accelerator_demo_plan	extdeps.gpu.types	definer-resolvable
dag/gunbc/accelerator_demo_plan.dag	std.realization_schedule.Schedule	gunbc.accelerator_demo_plan	std.realization_schedule	definer-resolvable
dag/gunbc/accelerator_demo_plan.dag	std.realization_schedule.Schedule	gunbc.accelerator_demo_plan	std.realization_schedule	definer-resolvable
dag/gunbc/accelerator_demo_realize.dag	AcceleratorDemoProgram	gunbc.accelerator_demo_realize	gunbc.accelerator_demo_program	pool-coincidence
dag/gunbc/accelerator_demo_realize.dag	AcceleratorDemoProgram	gunbc.accelerator_demo_realize	gunbc.accelerator_demo_program	pool-coincidence
dag/gunbc/accelerator_demo_realize.dag	AcceleratorDemoProgram	gunbc.accelerator_demo_realize	gunbc.accelerator_demo_program	pool-coincidence
dag/gunbc/accelerator_demo_realize.dag	AcceleratorDemoProgram	gunbc.accelerator_demo_realize	gunbc.accelerator_demo_program	pool-coincidence
dag/gunbc/accelerator_demo_realize.dag	AcceleratorDemoProgram	gunbc.accelerator_demo_realize	gunbc.accelerator_demo_program	pool-coincidence
dag/gunbc/accelerator_demo_realize.dag	AcceleratorRefusalReason	gunbc.accelerator_demo_realize	gunbc.accelerator_demo_plan	pool-coincidence
dag/gunbc/accelerator_demo_realize.dag	FmaContractionPolicy	gunbc.accelerator_demo_realize	std.numerical_contract	pool-coincidence
dag/gunbc/accelerator_demo_realize.dag	FmaContractionPolicy	gunbc.accelerator_demo_realize	std.numerical_contract	pool-coincidence
dag/gunbc/accelerator_demo_realize.dag	NumericalContract	gunbc.accelerator_demo_realize	std.numerical_contract	pool-coincidence
dag/gunbc/accelerator_demo_realize.dag	NumericalContract	gunbc.accelerator_demo_realize	std.numerical_contract	pool-coincidence
dag/gunbc/accelerator_demo_recognizer.dag	AcceleratorDemoProgram	gunbc.accelerator_demo_recognizer	gunbc.accelerator_demo_program	pool-coincidence
dag/gunbc/accelerator_demo_recognizer.dag	AcceleratorDemoProgram	gunbc.accelerator_demo_recognizer	gunbc.accelerator_demo_program	pool-coincidence
dag/gunbc/accelerator_demo_recognizer.dag	AcceleratorRecognitionOutcome	gunbc.accelerator_demo_recognizer	gunbc.accelerator_demo_plan	pool-coincidence
dag/gunbc/accelerator_demo_recognizer.dag	AcceleratorRecognitionOutcome	gunbc.accelerator_demo_recognizer	gunbc.accelerator_demo_plan	pool-coincidence
dag/gunbc/accelerator_demo_recognizer.dag	NumericalContract	gunbc.accelerator_demo_recognizer	std.numerical_contract	pool-coincidence
dag/gunbc/accelerator_demo_render.dag	AcceleratorDemoProgram	gunbc.accelerator_demo_render	gunbc.accelerator_demo_program	pool-coincidence
dag/gunbc/accelerator_demo_render.dag	AcceleratorDemoProgram	gunbc.accelerator_demo_render	gunbc.accelerator_demo_program	pool-coincidence
dag/gunbc/accelerator_demo_render.dag	AcceleratorDemoProgram	gunbc.accelerator_demo_render	gunbc.accelerator_demo_program	pool-coincidence
dag/gunbc/accelerator_demo_render.dag	AcceleratorDemoProgram	gunbc.accelerator_demo_render	gunbc.accelerator_demo_program	pool-coincidence
dag/gunbc/accelerator_demo_render.dag	AcceleratorDemoProgram	gunbc.accelerator_demo_render	gunbc.accelerator_demo_program	pool-coincidence
dag/gunbc/accelerator_demo_render.dag	AcceleratorRecognitionOutcome	gunbc.accelerator_demo_render	gunbc.accelerator_demo_plan	pool-coincidence
dag/gunbc/accelerator_demo_render.dag	AcceleratorRecognitionOutcome	gunbc.accelerator_demo_render	gunbc.accelerator_demo_plan	pool-coincidence
dag/gunbc/accelerator_demo_render.dag	AcceleratorRefusalReason	gunbc.accelerator_demo_render	gunbc.accelerator_demo_plan	pool-coincidence
dag/gunbc/accelerator_demo_render.dag	DecodeFidelity	gunbc.accelerator_demo_render	extdeps.communication.medium	pool-coincidence
dag/gunbc/accelerator_demo_render.dag	DecodeFidelity	gunbc.accelerator_demo_render	extdeps.communication.medium	pool-coincidence
dag/gunbc/accelerator_demo_render.dag	Nano	gunbc.accelerator_demo_render		pool-coincidence
dag/gunbc/accelerator_demo_render.dag	NonEmptyStr	gunbc.accelerator_demo_render	std.types	pool-coincidence
dag/gunbc/accelerator_demo_render.dag	NumericalContract	gunbc.accelerator_demo_render	std.numerical_contract	pool-coincidence
dag/gunbc/accelerator_demo_render.dag	NumericalContract	gunbc.accelerator_demo_render	std.numerical_contract	pool-coincidence
dag/gunbc/accelerator_demo_render.dag	NumericalContract	gunbc.accelerator_demo_render	std.numerical_contract	pool-coincidence
dag/gunbc/accelerator_demo_render.dag	Placement	gunbc.accelerator_demo_render	std.realization	pool-coincidence
dag/gunbc/accelerator_demo_render.dag	Placement	gunbc.accelerator_demo_render	std.realization	pool-coincidence
dag/gunbc/assimilate/bmc_bootstrap_provision.dag	GcpBinding	gunbc.assimilate.bmc_bootstrap_provision	extdeps.cloud.gcp.iam	pool-coincidence
dag/gunbc/assimilate/bmc_bootstrap_provision.dag	GcpService	gunbc.assimilate.bmc_bootstrap_provision	extdeps.cloud.gcp.gcp	pool-coincidence
dag/gunbc/assimilate/bmc_bootstrap_provision.dag	ServiceAccountEmail	gunbc.assimilate.bmc_bootstrap_provision	extdeps.cloud.gcp.gcp	pool-coincidence
dag/gunbc/assimilate/bmc_bootstrap_provision.dag	std.resources.Network	gunbc.assimilate.bmc_bootstrap_provision	std.resources	definer-resolvable
dag/gunbc/assimilate/bmc_wif_canary_bootstrap.dag	GcpService	gunbc.assimilate.bmc_wif_canary_bootstrap	extdeps.cloud.gcp.gcp	pool-coincidence
dag/gunbc/assimilate/bmc_wif_canary_bootstrap.dag	ServiceAccountEmail	gunbc.assimilate.bmc_wif_canary_bootstrap	extdeps.cloud.gcp.gcp	pool-coincidence
dag/gunbc/assimilate/bmc_wif_canary_bootstrap.dag	std.resources.Network	gunbc.assimilate.bmc_wif_canary_bootstrap	std.resources	definer-resolvable
dag/gunbc/auth/credentials.dag	GcpOAuth2AccessTokenStrategy	gunbc.auth.credentials	extdeps.cloud.gcp.gcp	pool-coincidence
dag/gunbc/auth/credentials.dag	NonEmptyStr	gunbc.auth.credentials	std.types	pool-coincidence
dag/gunbc/auth/credentials.dag	NonEmptyStr	gunbc.auth.credentials	std.types	pool-coincidence
dag/gunbc/auth/credentials.dag	NonEmptyStr	gunbc.auth.credentials	std.types	pool-coincidence
dag/gunbc/auth/credentials.dag	std.resources.Network	gunbc.auth.credentials	std.resources	definer-resolvable
dag/gunbc/auth/credentials.dag	std.resources.Network	gunbc.auth.credentials	std.resources	definer-resolvable
dag/gunbc/auth/credentials.dag	std.resources.Network	gunbc.auth.credentials	std.resources	definer-resolvable
dag/gunbc/auth/credentials.dag	std.types.FilePath	gunbc.auth.credentials	std.types	definer-resolvable
dag/gunbc/auth/credentials.dag	std.types.FilePath	gunbc.auth.credentials	std.types	definer-resolvable
dag/gunbc/auth/optional_impersonation.dag	ServiceAccountEmail	gunbc.auth.optional_impersonation	extdeps.cloud.gcp.gcp	pool-coincidence
dag/gunbc/auth/patterns.dag	AccessToken	gunbc.auth.patterns	std.types	pool-coincidence
dag/gunbc/auth/patterns.dag	AccessToken	gunbc.auth.patterns	std.types	pool-coincidence
dag/gunbc/auth/patterns.dag	AuthScheme	gunbc.auth.patterns	std.types	pool-coincidence
dag/gunbc/auth/patterns.dag	GcpProjectId	gunbc.auth.patterns	extdeps.cloud.gcp.gcp	pool-coincidence
dag/gunbc/auth/patterns.dag	GitHubActionsRuntime	gunbc.auth.patterns	extdeps.github.actions	pool-coincidence
dag/gunbc/auth/patterns.dag	GitHubActionsRuntime	gunbc.auth.patterns	extdeps.github.actions	pool-coincidence
dag/gunbc/auth/patterns.dag	LocalDevRuntime	gunbc.auth.patterns	extdeps.runtime.local	pool-coincidence
dag/gunbc/auth/patterns.dag	MetadataRuntime	gunbc.auth.patterns	extdeps.cloud.gcp.sts	pool-coincidence
dag/gunbc/auth/patterns.dag	NonEmptyStr	gunbc.auth.patterns	std.types	pool-coincidence
dag/gunbc/auth/patterns.dag	NonEmptyStr	gunbc.auth.patterns	std.types	pool-coincidence
dag/gunbc/auth/patterns.dag	NonEmptyStr	gunbc.auth.patterns	std.types	pool-coincidence
dag/gunbc/auth/patterns.dag	NonEmptyStr	gunbc.auth.patterns	std.types	pool-coincidence
dag/gunbc/auth/patterns.dag	ServiceAccountEmail	gunbc.auth.patterns	extdeps.cloud.gcp.gcp	pool-coincidence
dag/gunbc/auth/patterns.dag	std.resources.Network	gunbc.auth.patterns	std.resources	definer-resolvable
dag/gunbc/auth/patterns.dag	std.resources.Network	gunbc.auth.patterns	std.resources	definer-resolvable
dag/gunbc/auth/patterns.dag	std.resources.Network	gunbc.auth.patterns	std.resources	definer-resolvable
dag/gunbc/bootstrap.dag	ContentHash	gunbc.bootstrap	std.types	pool-coincidence
dag/gunbc/bootstrap.dag	ContentHash	gunbc.bootstrap	std.types	pool-coincidence
dag/gunbc/bootstrap.dag	NonEmptyStr	gunbc.bootstrap	std.types	pool-coincidence
dag/gunbc/bootstrap.dag	NonEmptyStr	gunbc.bootstrap	std.types	pool-coincidence
dag/gunbc/bootstrap.dag	NonEmptyStr	gunbc.bootstrap	std.types	pool-coincidence
dag/gunbc/bootstrap.dag	NonEmptyStr	gunbc.bootstrap	std.types	pool-coincidence
dag/gunbc/bootstrap.dag	NonEmptyStr	gunbc.bootstrap	std.types	pool-coincidence
dag/gunbc/bootstrap.dag	NonEmptyStr	gunbc.bootstrap	std.types	pool-coincidence
dag/gunbc/bootstrap.dag	NonEmptyStr	gunbc.bootstrap	std.types	pool-coincidence
dag/gunbc/bootstrap.dag	std.types.FilePath	gunbc.bootstrap	std.types	definer-resolvable
dag/gunbc/bootstrap.dag	std.types.FilePath	gunbc.bootstrap	std.types	definer-resolvable
dag/gunbc/ci_budget_tree.dag	BudgetChild	gunbc.ci_budget_tree	product.budget_tree	pool-coincidence
dag/gunbc/ci_budget_tree.dag	BudgetChild	gunbc.ci_budget_tree	product.budget_tree	pool-coincidence
dag/gunbc/ci_budget_tree.dag	BudgetClaim	gunbc.ci_budget_tree	product.budget_tree	pool-coincidence
dag/gunbc/ci_budget_tree.dag	BudgetNode	gunbc.ci_budget_tree	product.budget_tree	pool-coincidence
dag/gunbc/ci_budget_tree.dag	BudgetNode	gunbc.ci_budget_tree	product.budget_tree	pool-coincidence
dag/gunbc/ci_budget_tree.dag	BudgetNode	gunbc.ci_budget_tree	product.budget_tree	pool-coincidence
dag/gunbc/ci_budget_tree.dag	BudgetNode	gunbc.ci_budget_tree	product.budget_tree	pool-coincidence
dag/gunbc/ci_budget_tree.dag	BudgetNode	gunbc.ci_budget_tree	product.budget_tree	pool-coincidence
dag/gunbc/ci_budget_tree.dag	BudgetNode	gunbc.ci_budget_tree	product.budget_tree	pool-coincidence
dag/gunbc/ci_budget_tree.dag	BudgetNode	gunbc.ci_budget_tree	product.budget_tree	pool-coincidence
dag/gunbc/ci_budget_tree.dag	BudgetNode	gunbc.ci_budget_tree	product.budget_tree	pool-coincidence
dag/gunbc/ci_budget_tree.dag	ByteSize	gunbc.ci_budget_tree	std.measure	pool-coincidence
dag/gunbc/ci_budget_tree.dag	ByteSize	gunbc.ci_budget_tree	std.measure	pool-coincidence
dag/gunbc/ci_budget_tree.dag	ByteSize	gunbc.ci_budget_tree	std.measure	pool-coincidence
dag/gunbc/ci_budget_tree.dag	ByteSize	gunbc.ci_budget_tree	std.measure	pool-coincidence
dag/gunbc/ci_budget_tree.dag	ByteSize	gunbc.ci_budget_tree	std.measure	pool-coincidence
dag/gunbc/ci_budget_tree.dag	ByteSize	gunbc.ci_budget_tree	std.measure	pool-coincidence
dag/gunbc/ci_budget_tree.dag	ByteSize	gunbc.ci_budget_tree	std.measure	pool-coincidence
dag/gunbc/ci_budget_tree.dag	ByteSize	gunbc.ci_budget_tree	std.measure	pool-coincidence
dag/gunbc/ci_budget_tree.dag	ByteSize	gunbc.ci_budget_tree	std.measure	pool-coincidence
dag/gunbc/ci_budget_tree.dag	ByteSize	gunbc.ci_budget_tree	std.measure	pool-coincidence
dag/gunbc/ci_budget_tree.dag	ByteSize	gunbc.ci_budget_tree	std.measure	pool-coincidence
dag/gunbc/ci_budget_tree.dag	ByteSize	gunbc.ci_budget_tree	std.measure	pool-coincidence
dag/gunbc/ci_budget_tree.dag	ByteSize	gunbc.ci_budget_tree	std.measure	pool-coincidence
dag/gunbc/ci_budget_tree.dag	ByteSize	gunbc.ci_budget_tree	std.measure	pool-coincidence
dag/gunbc/ci_budget_tree.dag	ByteSize	gunbc.ci_budget_tree	std.measure	pool-coincidence
dag/gunbc/ci_budget_tree.dag	ByteSize	gunbc.ci_budget_tree	std.measure	pool-coincidence
dag/gunbc/ci_budget_tree.dag	ByteSize	gunbc.ci_budget_tree	std.measure	pool-coincidence
dag/gunbc/ci_budget_tree.dag	ComputeOffer	gunbc.ci_budget_tree	gunbc.ci_fleet	pool-coincidence
dag/gunbc/ci_budget_tree.dag	ComputeOffer	gunbc.ci_budget_tree	gunbc.ci_fleet	pool-coincidence
dag/gunbc/ci_budget_tree.dag	ComputeOffer	gunbc.ci_budget_tree	gunbc.ci_fleet	pool-coincidence
dag/gunbc/ci_budget_tree.dag	ComputeOffer	gunbc.ci_budget_tree	gunbc.ci_fleet	pool-coincidence
dag/gunbc/ci_budget_tree.dag	ComputeOffer	gunbc.ci_budget_tree	gunbc.ci_fleet	pool-coincidence
dag/gunbc/ci_budget_tree.dag	ComputeOffer	gunbc.ci_budget_tree	gunbc.ci_fleet	pool-coincidence
dag/gunbc/ci_budget_tree.dag	ComputeOffer	gunbc.ci_budget_tree	gunbc.ci_fleet	pool-coincidence
dag/gunbc/ci_budget_tree.dag	ComputeOffer	gunbc.ci_budget_tree	gunbc.ci_fleet	pool-coincidence
dag/gunbc/ci_budget_tree.dag	Disposition	gunbc.ci_budget_tree	std.disposition	pool-coincidence
dag/gunbc/ci_budget_tree.dag	Memory	gunbc.ci_budget_tree		pool-coincidence
dag/gunbc/ci_budget_tree.dag	One	gunbc.ci_budget_tree		pool-coincidence
dag/gunbc/ci_input_envelope.dag	Count	gunbc.ci_input_envelope		pool-coincidence
dag/gunbc/ci_input_envelope.dag	Disposition	gunbc.ci_input_envelope	std.disposition	pool-coincidence
dag/gunbc/ci_input_envelope.dag	One	gunbc.ci_input_envelope		pool-coincidence
dag/gunbc/ci_input_envelope.dag	std.nat.Nat	gunbc.ci_input_envelope	v2.std.nat	definer-resolvable
dag/gunbc/ci_materialization_gate.dag	FrameDemand	gunbc.ci_materialization_gate	std.materialization_ladder	pool-coincidence
dag/gunbc/ci_materialization_gate.dag	LadderVerdict	gunbc.ci_materialization_gate	std.materialization_ladder	pool-coincidence
dag/gunbc/ci_materialization_gate.dag	LadderVerdict	gunbc.ci_materialization_gate	std.materialization_ladder	pool-coincidence
dag/gunbc/ci_materialization_gate.dag	LadderVerdict	gunbc.ci_materialization_gate	std.materialization_ladder	pool-coincidence
dag/gunbc/ci_materialization_gate.dag	LadderVerdict	gunbc.ci_materialization_gate	std.materialization_ladder	pool-coincidence
dag/gunbc/ci_materialization_gate.dag	LadderVerdict	gunbc.ci_materialization_gate	std.materialization_ladder	pool-coincidence
dag/gunbc/ci_oom_reclassify.dag	FloorFailureClass	gunbc.ci_oom_reclassify	gunbc.ci_failure_class	pool-coincidence
dag/gunbc/ci_oom_reclassify.dag	FloorFailureClass	gunbc.ci_oom_reclassify	gunbc.ci_failure_class	pool-coincidence
dag/gunbc/ci_oom_reclassify.dag	FloorOutcome	gunbc.ci_oom_reclassify	gunbc.ci_failure_class	pool-coincidence
dag/gunbc/ci_oom_reclassify.dag	FloorOutcome	gunbc.ci_oom_reclassify	gunbc.ci_failure_class	pool-coincidence
dag/gunbc/ci_render.dag	Line	gunbc.ci_render	std.render	pool-coincidence
dag/gunbc/ci_render.dag	Line	gunbc.ci_render	std.render	pool-coincidence
dag/gunbc/ci_render.dag	Line	gunbc.ci_render	std.render	pool-coincidence
dag/gunbc/ci_render.dag	Line	gunbc.ci_render	std.render	pool-coincidence
dag/gunbc/ci_render.dag	Line	gunbc.ci_render	std.render	pool-coincidence
dag/gunbc/ci_render.dag	Line	gunbc.ci_render	std.render	pool-coincidence
dag/gunbc/ci_render.dag	Line	gunbc.ci_render	std.render	pool-coincidence
dag/gunbc/ci_render.dag	Nanosecond	gunbc.ci_render	std.measure	pool-coincidence
dag/gunbc/ci_render.dag	Nanosecond	gunbc.ci_render	std.measure	pool-coincidence
dag/gunbc/ci_render.dag	Nanosecond	gunbc.ci_render	std.measure	pool-coincidence
dag/gunbc/ci_render.dag	Nanosecond	gunbc.ci_render	std.measure	pool-coincidence
dag/gunbc/ci_render.dag	Nanosecond	gunbc.ci_render	std.measure	pool-coincidence
dag/gunbc/ci_render.dag	Nanosecond	gunbc.ci_render	std.measure	pool-coincidence
dag/gunbc/ci_render.dag	Nanosecond	gunbc.ci_render	std.measure	pool-coincidence
dag/gunbc/ci_render.dag	Nanosecond	gunbc.ci_render	std.measure	pool-coincidence
dag/gunbc/ci_render.dag	Nanosecond	gunbc.ci_render	std.measure	pool-coincidence
dag/gunbc/ci_render.dag	Nanosecond	gunbc.ci_render	std.measure	pool-coincidence
dag/gunbc/ci_render.dag	Nanosecond	gunbc.ci_render	std.measure	pool-coincidence
dag/gunbc/ci_render.dag	Nanosecond	gunbc.ci_render	std.measure	pool-coincidence
dag/gunbc/ci_render.dag	RenderCapability	gunbc.ci_render	std.render	pool-coincidence
dag/gunbc/ci_render.dag	Span	gunbc.ci_render	std.render	pool-coincidence
dag/gunbc/ci_render.dag	Span	gunbc.ci_render	std.render	pool-coincidence
dag/gunbc/ci_render.dag	Span	gunbc.ci_render	std.render	pool-coincidence
dag/gunbc/ci_render.dag	SymbolId	gunbc.ci_render	std.symbols	pool-coincidence
dag/gunbc/ci_render.dag	Tier	gunbc.ci_render	std.symbols	pool-coincidence
dag/gunbc/ci_render.dag	Tier	gunbc.ci_render	std.symbols	pool-coincidence
dag/gunbc/ci_render.dag	Tier	gunbc.ci_render	std.symbols	pool-coincidence
dag/gunbc/ci_render.dag	Tier	gunbc.ci_render	std.symbols	pool-coincidence
dag/gunbc/ci_render.dag	Tier	gunbc.ci_render	std.symbols	pool-coincidence
dag/gunbc/ci_render.dag	Tier	gunbc.ci_render	std.symbols	pool-coincidence
dag/gunbc/ci_render.dag	Tier	gunbc.ci_render	std.symbols	pool-coincidence
dag/gunbc/ci_render.dag	Tier	gunbc.ci_render	std.symbols	pool-coincidence
dag/gunbc/ci_render.dag	Tier	gunbc.ci_render	std.symbols	pool-coincidence
dag/gunbc/ci_render.dag	Tier	gunbc.ci_render	std.symbols	pool-coincidence
dag/gunbc/ci_render.dag	std.render.RenderFrame	gunbc.ci_render	std.render	definer-resolvable
dag/gunbc/ci_render.dag	std.render.RenderFrame	gunbc.ci_render	std.render	definer-resolvable
dag/gunbc/ci_render.dag	std.render.RenderFrame	gunbc.ci_render	std.render	definer-resolvable
dag/gunbc/ci_render.dag	std.render.RenderFrame	gunbc.ci_render	std.render	definer-resolvable
dag/gunbc/ci_render.dag	std.render.RenderFrame	gunbc.ci_render	std.render	definer-resolvable
dag/gunbc/cli_run_workspace_root_scaffold.dag	Disposition	gunbc.cli_run_workspace_root_scaffold	std.disposition	pool-coincidence
dag/gunbc/cli_run_workspace_root_scaffold.dag	Disposition	gunbc.cli_run_workspace_root_scaffold	std.disposition	pool-coincidence
dag/gunbc/code_change_workflow.dag	CommitSha	gunbc.code_change_workflow	std.types	pool-coincidence
dag/gunbc/code_change_workflow.dag	CommitSha	gunbc.code_change_workflow	std.types	pool-coincidence
dag/gunbc/code_change_workflow.dag	CommitSha	gunbc.code_change_workflow	std.types	pool-coincidence
dag/gunbc/code_change_workflow.dag	MergeReadinessTally	gunbc.code_change_workflow	gunbc.review_verdict	pool-coincidence
dag/gunbc/code_change_workflow.dag	MergeReadinessTally	gunbc.code_change_workflow	gunbc.review_verdict	pool-coincidence
dag/gunbc/code_change_workflow.dag	MergeReadinessVerdict	gunbc.code_change_workflow	gunbc.pr_digests	pool-coincidence
dag/gunbc/code_change_workflow.dag	MergeReadinessVerdict	gunbc.code_change_workflow	gunbc.pr_digests	pool-coincidence
dag/gunbc/code_change_workflow.dag	NonEmptyStr	gunbc.code_change_workflow	std.types	pool-coincidence
dag/gunbc/code_change_workflow.dag	ProcessNodeId	gunbc.code_change_workflow	gunbc.process_algebra	pool-coincidence
dag/gunbc/code_change_workflow.dag	Timestamp	gunbc.code_change_workflow	std.types	pool-coincidence
dag/gunbc/code_change_workflow.dag	Timestamp	gunbc.code_change_workflow	std.types	pool-coincidence
dag/gunbc/code_change_workflow.dag	Timestamp	gunbc.code_change_workflow	std.types	pool-coincidence
dag/gunbc/code_change_workflow.dag	Timestamp	gunbc.code_change_workflow	std.types	pool-coincidence
dag/gunbc/code_change_workflow.dag	extdeps.github.pulls.PullRequest	gunbc.code_change_workflow	extdeps.github.pulls	definer-resolvable
dag/gunbc/code_change_workflow.dag	extdeps.github.pulls.PullRequest	gunbc.code_change_workflow	extdeps.github.pulls	definer-resolvable
dag/gunbc/code_change_workflow.dag	extdeps.github.pulls.PullRequest	gunbc.code_change_workflow	extdeps.github.pulls	definer-resolvable
dag/gunbc/code_change_workflow.dag	extdeps.github.pulls.PullRequest	gunbc.code_change_workflow	extdeps.github.pulls	definer-resolvable
dag/gunbc/deployed_intent_v0.dag	ComputeHost	gunbc.deployed_intent_v0	gunbc.fleet_intent	pool-coincidence
dag/gunbc/deployed_intent_v0.dag	ComputeHost	gunbc.deployed_intent_v0	gunbc.fleet_intent	pool-coincidence
dag/gunbc/deployed_intent_v0.dag	ComputeHost	gunbc.deployed_intent_v0	gunbc.fleet_intent	pool-coincidence
dag/gunbc/deployed_intent_v0.dag	Disposition	gunbc.deployed_intent_v0	std.disposition	pool-coincidence
dag/gunbc/deployed_intent_v0.dag	Disposition	gunbc.deployed_intent_v0	std.disposition	pool-coincidence
dag/gunbc/deployed_intent_v0.dag	HostIdentity	gunbc.deployed_intent_v0	product.placement_supply	pool-coincidence
dag/gunbc/deployed_intent_v0.dag	HostIdentity	gunbc.deployed_intent_v0	product.placement_supply	pool-coincidence
dag/gunbc/deployed_intent_v0.dag	HostIdentity	gunbc.deployed_intent_v0	product.placement_supply	pool-coincidence
dag/gunbc/deployed_intent_v0.dag	HostIdentityObservation	gunbc.deployed_intent_v0	gunbc.host_identity_observation	pool-coincidence
dag/gunbc/deployed_intent_v0.dag	HostIdentityObservation	gunbc.deployed_intent_v0	gunbc.host_identity_observation	pool-coincidence
dag/gunbc/deployed_intent_v0.dag	HostIdentityObservationRow	gunbc.deployed_intent_v0	gunbc.host_identity_observation	pool-coincidence
dag/gunbc/design_argument.dag	Argument	gunbc.design_argument	std.syllogism	pool-coincidence
dag/gunbc/design_argument.dag	Argument	gunbc.design_argument	std.syllogism	pool-coincidence
dag/gunbc/design_argument.dag	Axiom	gunbc.design_argument	std.syllogism	pool-coincidence
dag/gunbc/design_argument.dag	Proposition	gunbc.design_argument	std.syllogism	pool-coincidence
dag/gunbc/design_argument.dag	Proposition	gunbc.design_argument	std.syllogism	pool-coincidence
dag/gunbc/design_argument.dag	Proposition	gunbc.design_argument	std.syllogism	pool-coincidence
dag/gunbc/digest_render.dag	NonEmptyStr	gunbc.digest_render	std.types	pool-coincidence
dag/gunbc/digest_render.dag	PullRequestState	gunbc.digest_render	extdeps.github.pulls	pool-coincidence
dag/gunbc/digest_render.dag	PullRequestState	gunbc.digest_render	extdeps.github.pulls	pool-coincidence
dag/gunbc/digest_render.dag	PullReview	gunbc.digest_render	extdeps.github.pulls	pool-coincidence
dag/gunbc/digest_render.dag	PullReview	gunbc.digest_render	extdeps.github.pulls	pool-coincidence
dag/gunbc/digest_render.dag	ReviewState	gunbc.digest_render	extdeps.github.pulls	pool-coincidence
dag/gunbc/digest_render.dag	extdeps.github.pulls.PullRequest	gunbc.digest_render	extdeps.github.pulls	definer-resolvable
dag/gunbc/digest_render.dag	extdeps.github.pulls.PullRequest	gunbc.digest_render	extdeps.github.pulls	definer-resolvable
dag/gunbc/digest_render.dag	extdeps.github.pulls.PullRequest	gunbc.digest_render	extdeps.github.pulls	definer-resolvable
dag/gunbc/file_access.dag	NonEmptyStr	gunbc.file_access	std.types	pool-coincidence
dag/gunbc/file_access.dag	NonEmptyStr	gunbc.file_access	std.types	pool-coincidence
dag/gunbc/file_access.dag	NonEmptyStr	gunbc.file_access	std.types	pool-coincidence
dag/gunbc/file_access.dag	ObservationVerdict	gunbc.file_access	std.upsert_decision	pool-coincidence
dag/gunbc/fleet_converge_cli.dag	ConvergeVerdict	gunbc.fleet_converge_cli	gunbc.host_converge	pool-coincidence
dag/gunbc/fleet_converge_cli.dag	Disposition	gunbc.fleet_converge_cli	std.disposition	pool-coincidence
dag/gunbc/fleet_converge_cli.dag	HostConverge	gunbc.fleet_converge_cli	gunbc.host_converge	pool-coincidence
dag/gunbc/fleet_converge_cli.dag	HostConverge	gunbc.fleet_converge_cli	gunbc.host_converge	pool-coincidence
dag/gunbc/fleet_converge_cli.dag	HostConverge	gunbc.fleet_converge_cli	gunbc.host_converge	pool-coincidence
dag/gunbc/fleet_converge_cli.dag	HostEffectIntent	gunbc.fleet_converge_cli	gunbc.host_effect	pool-coincidence
dag/gunbc/fleet_converge_cli.dag	HostIdentity	gunbc.fleet_converge_cli	product.placement_supply	pool-coincidence
dag/gunbc/fleet_converge_cli.dag	HostIdentity	gunbc.fleet_converge_cli	product.placement_supply	pool-coincidence
dag/gunbc/fleet_converge_cli.dag	HostIdentity	gunbc.fleet_converge_cli	product.placement_supply	pool-coincidence
dag/gunbc/fleet_converge_cli.dag	HostIdentity	gunbc.fleet_converge_cli	product.placement_supply	pool-coincidence
dag/gunbc/fleet_converge_cli.dag	RunnerMemoryCapVerifyRunResult	gunbc.fleet_converge_cli	gunbc.host_runner_memory_cap_verify	pool-coincidence
dag/gunbc/fleet_show_effective_read.dag	ByteSize	gunbc.fleet_show_effective_read	std.measure	pool-coincidence
dag/gunbc/fleet_show_effective_read.dag	ConvergeTarget	gunbc.fleet_show_effective_read	gunbc.host_converge	pool-coincidence
dag/gunbc/fleet_show_effective_read.dag	ConvergeVerdict	gunbc.fleet_show_effective_read	gunbc.host_converge	pool-coincidence
dag/gunbc/fleet_show_effective_read.dag	ConvergeVerdict	gunbc.fleet_show_effective_read	gunbc.host_converge	pool-coincidence
dag/gunbc/fleet_show_effective_read.dag	ConvergeVerdict	gunbc.fleet_show_effective_read	gunbc.host_converge	pool-coincidence
dag/gunbc/fleet_show_effective_read.dag	ConvergeVerdict	gunbc.fleet_show_effective_read	gunbc.host_converge	pool-coincidence
dag/gunbc/fleet_show_effective_read.dag	Disposition	gunbc.fleet_show_effective_read	std.disposition	pool-coincidence
dag/gunbc/fleet_show_effective_read.dag	Disposition	gunbc.fleet_show_effective_read	std.disposition	pool-coincidence
dag/gunbc/fleet_show_effective_read.dag	HostEffectTransport	gunbc.fleet_show_effective_read	gunbc.host_effect	pool-coincidence
dag/gunbc/fleet_show_effective_read.dag	HostIdentity	gunbc.fleet_show_effective_read	product.placement_supply	pool-coincidence
dag/gunbc/fleet_show_effective_read.dag	HostIdentity	gunbc.fleet_show_effective_read	product.placement_supply	pool-coincidence
dag/gunbc/fleet_show_effective_read.dag	HostIdentity	gunbc.fleet_show_effective_read	product.placement_supply	pool-coincidence
dag/gunbc/fleet_show_effective_read.dag	HostIdentity	gunbc.fleet_show_effective_read	product.placement_supply	pool-coincidence
dag/gunbc/fleet_show_effective_read.dag	HostIdentity	gunbc.fleet_show_effective_read	product.placement_supply	pool-coincidence
dag/gunbc/fleet_show_effective_read.dag	HostIdentity	gunbc.fleet_show_effective_read	product.placement_supply	pool-coincidence
dag/gunbc/fleet_show_effective_read.dag	HostIdentity	gunbc.fleet_show_effective_read	product.placement_supply	pool-coincidence
dag/gunbc/fleet_show_effective_read.dag	HostIdentity	gunbc.fleet_show_effective_read	product.placement_supply	pool-coincidence
dag/gunbc/fleet_show_effective_read.dag	HostIdentity	gunbc.fleet_show_effective_read	product.placement_supply	pool-coincidence
dag/gunbc/fleet_show_effective_read.dag	HostIdentity	gunbc.fleet_show_effective_read	product.placement_supply	pool-coincidence
dag/gunbc/fleet_show_effective_read.dag	HostIdentity	gunbc.fleet_show_effective_read	product.placement_supply	pool-coincidence
dag/gunbc/fleet_show_effective_read.dag	HostIdentity	gunbc.fleet_show_effective_read	product.placement_supply	pool-coincidence
dag/gunbc/fleet_show_effective_read.dag	NodeControlPlane	gunbc.fleet_show_effective_read	gunbc.host_effect	pool-coincidence
dag/gunbc/fleet_show_effective_read.dag	NonEmptyStr	gunbc.fleet_show_effective_read	std.types	pool-coincidence
dag/gunbc/fleet_show_effective_read.dag	NonEmptyStr	gunbc.fleet_show_effective_read	std.types	pool-coincidence
dag/gunbc/fleet_show_effective_read.dag	NonEmptyStr	gunbc.fleet_show_effective_read	std.types	pool-coincidence
dag/gunbc/fleet_show_effective_read.dag	NonEmptyStr	gunbc.fleet_show_effective_read	std.types	pool-coincidence
dag/gunbc/fleet_show_effective_read.dag	NonEmptyStr	gunbc.fleet_show_effective_read	std.types	pool-coincidence
dag/gunbc/fleet_show_effective_read.dag	NonEmptyStr	gunbc.fleet_show_effective_read	std.types	pool-coincidence
dag/gunbc/fleet_show_effective_read.dag	NonEmptyStr	gunbc.fleet_show_effective_read	std.types	pool-coincidence
dag/gunbc/fleet_show_effective_read.dag	NonEmptyStr	gunbc.fleet_show_effective_read	std.types	pool-coincidence
dag/gunbc/fleet_show_effective_read.dag	NonEmptyStr	gunbc.fleet_show_effective_read	std.types	pool-coincidence
dag/gunbc/fleet_show_effective_read.dag	NonEmptyStr	gunbc.fleet_show_effective_read	std.types	pool-coincidence
dag/gunbc/fleet_show_effective_read.dag	NonEmptyStr	gunbc.fleet_show_effective_read	std.types	pool-coincidence
dag/gunbc/fleet_show_effective_read.dag	NonEmptyStr	gunbc.fleet_show_effective_read	std.types	pool-coincidence
dag/gunbc/fleet_show_effective_read.dag	NonEmptyStr	gunbc.fleet_show_effective_read	std.types	pool-coincidence
dag/gunbc/fleet_show_effective_read.dag	NonEmptyStr	gunbc.fleet_show_effective_read	std.types	pool-coincidence
dag/gunbc/fleet_show_effective_read.dag	NonEmptyStr	gunbc.fleet_show_effective_read	std.types	pool-coincidence
dag/gunbc/fleet_show_effective_read.dag	NonEmptyStr	gunbc.fleet_show_effective_read	std.types	pool-coincidence
dag/gunbc/fleet_show_effective_read.dag	NonEmptyStr	gunbc.fleet_show_effective_read	std.types	pool-coincidence
dag/gunbc/fleet_show_effective_read.dag	NonEmptyStr	gunbc.fleet_show_effective_read	std.types	pool-coincidence
dag/gunbc/fleet_show_effective_read.dag	NonEmptyStr	gunbc.fleet_show_effective_read	std.types	pool-coincidence
dag/gunbc/fleet_show_effective_read.dag	NonEmptyStr	gunbc.fleet_show_effective_read	std.types	pool-coincidence
dag/gunbc/fleet_show_effective_read.dag	NonEmptyStr	gunbc.fleet_show_effective_read	std.types	pool-coincidence
dag/gunbc/fleet_show_effective_read.dag	NonEmptyStr	gunbc.fleet_show_effective_read	std.types	pool-coincidence
dag/gunbc/fleet_show_effective_read.dag	NonEmptyStr	gunbc.fleet_show_effective_read	std.types	pool-coincidence
dag/gunbc/fleet_show_effective_read.dag	NonEmptyStr	gunbc.fleet_show_effective_read	std.types	pool-coincidence
dag/gunbc/fleet_show_effective_read.dag	Percent	gunbc.fleet_show_effective_read	std.measure	pool-coincidence
dag/gunbc/fleet_show_effective_read.dag	Percent	gunbc.fleet_show_effective_read	std.measure	pool-coincidence
dag/gunbc/fleet_show_effective_read.dag	RunnerSliceCapEffectiveness	gunbc.fleet_show_effective_read	gunbc.ci_floor_measurement	pool-coincidence
dag/gunbc/fleet_show_effective_read.dag	RunnerSliceCapEffectiveness	gunbc.fleet_show_effective_read	gunbc.ci_floor_measurement	pool-coincidence
dag/gunbc/fleet_show_effective_read.dag	RunnerSliceCapEffectiveness	gunbc.fleet_show_effective_read	gunbc.ci_floor_measurement	pool-coincidence
dag/gunbc/fleet_show_effective_read.dag	RunnerSliceCapEffectiveness	gunbc.fleet_show_effective_read	gunbc.ci_floor_measurement	pool-coincidence
dag/gunbc/fleet_show_effective_read.dag	RunnerSliceCapEffectiveness	gunbc.fleet_show_effective_read	gunbc.ci_floor_measurement	pool-coincidence
dag/gunbc/fleet_show_effective_read.dag	RunnerUnitLiveReadRow	gunbc.fleet_show_effective_read	gunbc.runner_unit_live_read	pool-coincidence
dag/gunbc/fleet_show_effective_read.dag	RunnerUnitLiveReadRow	gunbc.fleet_show_effective_read	gunbc.runner_unit_live_read	pool-coincidence
dag/gunbc/fleet_show_effective_read.dag	RunnerUnitLiveReadRow	gunbc.fleet_show_effective_read	gunbc.runner_unit_live_read	pool-coincidence
dag/gunbc/fleet_show_effective_read.dag	RunnerUnitLiveReadRow	gunbc.fleet_show_effective_read	gunbc.runner_unit_live_read	pool-coincidence
dag/gunbc/fleet_show_effective_read.dag	RunnerUnitLiveReadRow	gunbc.fleet_show_effective_read	gunbc.runner_unit_live_read	pool-coincidence
dag/gunbc/fleet_show_effective_read.dag	RunnerUnitLiveReadRow	gunbc.fleet_show_effective_read	gunbc.runner_unit_live_read	pool-coincidence
dag/gunbc/fleet_show_effective_read.dag	RunnerUnitLiveReadRow	gunbc.fleet_show_effective_read	gunbc.runner_unit_live_read	pool-coincidence
dag/gunbc/fleet_show_effective_read.dag	RunnerUnitLiveReadRow	gunbc.fleet_show_effective_read	gunbc.runner_unit_live_read	pool-coincidence
dag/gunbc/fleet_show_effective_read.dag	RunnerUnitLiveReadRow	gunbc.fleet_show_effective_read	gunbc.runner_unit_live_read	pool-coincidence
dag/gunbc/fleet_show_effective_read.dag	RunnerUnitLiveReadRow	gunbc.fleet_show_effective_read	gunbc.runner_unit_live_read	pool-coincidence
dag/gunbc/fleet_show_effective_read.dag	RunnerUnitLiveReadRow	gunbc.fleet_show_effective_read	gunbc.runner_unit_live_read	pool-coincidence
dag/gunbc/fleet_show_effective_read.dag	RunnerUnitMemoryLiveRead	gunbc.fleet_show_effective_read	gunbc.runner_unit_live_read	pool-coincidence
dag/gunbc/fleet_show_effective_read.dag	RunnerUnitMemoryLiveRead	gunbc.fleet_show_effective_read	gunbc.runner_unit_live_read	pool-coincidence
dag/gunbc/fleet_show_effective_read.dag	RunnerUnitMemoryLiveRead	gunbc.fleet_show_effective_read	gunbc.runner_unit_live_read	pool-coincidence
dag/gunbc/fleet_show_effective_read.dag	RunnerUnitMemoryLiveRead	gunbc.fleet_show_effective_read	gunbc.runner_unit_live_read	pool-coincidence
dag/gunbc/fleet_show_effective_read.dag	SystemdCgroupMemoryLimit	gunbc.fleet_show_effective_read	extdeps.os.systemd	pool-coincidence
dag/gunbc/floor_materialization.dag	CacheProvider	gunbc.floor_materialization	std.materialization_ladder	pool-coincidence
dag/gunbc/floor_materialization.dag	CacheProvider	gunbc.floor_materialization	std.materialization_ladder	pool-coincidence
dag/gunbc/floor_materialization.dag	CacheProvider	gunbc.floor_materialization	std.materialization_ladder	pool-coincidence
dag/gunbc/floor_materialization.dag	CacheProvider	gunbc.floor_materialization	std.materialization_ladder	pool-coincidence
dag/gunbc/floor_materialization.dag	CacheProvider	gunbc.floor_materialization	std.materialization_ladder	pool-coincidence
dag/gunbc/floor_materialization.dag	CacheProvider	gunbc.floor_materialization	std.materialization_ladder	pool-coincidence
dag/gunbc/floor_materialization.dag	Gate	gunbc.floor_materialization	gunbc.ci_gate	pool-coincidence
dag/gunbc/floor_materialization.dag	Gate	gunbc.floor_materialization	gunbc.ci_gate	pool-coincidence
dag/gunbc/floor_materialization.dag	Gate	gunbc.floor_materialization	gunbc.ci_gate	pool-coincidence
dag/gunbc/floor_materialization.dag	Gate	gunbc.floor_materialization	gunbc.ci_gate	pool-coincidence
dag/gunbc/floor_materialization.dag	Gate	gunbc.floor_materialization	gunbc.ci_gate	pool-coincidence
dag/gunbc/floor_materialization.dag	Gate	gunbc.floor_materialization	gunbc.ci_gate	pool-coincidence
dag/gunbc/floor_materialization.dag	ScheduleWitnessEntry	gunbc.floor_materialization	std.realization_schedule	pool-coincidence
dag/gunbc/floor_materialization.dag	ScheduleWitnessEntry	gunbc.floor_materialization	std.realization_schedule	pool-coincidence
dag/gunbc/floor_materialization.dag	ScheduleWitnessEntry	gunbc.floor_materialization	std.realization_schedule	pool-coincidence
dag/gunbc/floor_materialization.dag	ScheduleWitnessEntry	gunbc.floor_materialization	std.realization_schedule	pool-coincidence
dag/gunbc/floor_materialization.dag	ScheduleWitnessEntry	gunbc.floor_materialization	std.realization_schedule	pool-coincidence
dag/gunbc/floor_materialization.dag	ValueMaterialization	gunbc.floor_materialization	std.materialization_ladder	pool-coincidence
dag/gunbc/floor_materialization.dag	ValueMaterialization	gunbc.floor_materialization	std.materialization_ladder	pool-coincidence
dag/gunbc/floor_materialization.dag	ValueMaterialization	gunbc.floor_materialization	std.materialization_ladder	pool-coincidence
dag/gunbc/floor_materialization.dag	ValueMaterialization	gunbc.floor_materialization	std.materialization_ladder	pool-coincidence
dag/gunbc/floor_materialization.dag	ValueUsage	gunbc.floor_materialization	std.materialization_ladder	pool-coincidence
dag/gunbc/floor_materialization.dag	ValueUsage	gunbc.floor_materialization	std.materialization_ladder	pool-coincidence
dag/gunbc/floor_materialization.dag	std.materialization_ladder.Frame	gunbc.floor_materialization	std.materialization_ladder	definer-resolvable
dag/gunbc/gha_yaml_fold_pilot.dag	extdeps.github.actions.Job	gunbc.gha_yaml_fold_pilot	extdeps.github.actions	definer-resolvable
dag/gunbc/gunbhub_serve_html.dag	MarkupNode	gunbc.gunbhub_serve_html	std.markup	pool-coincidence
dag/gunbc/hand_lens_host_bridge_scaffold_index.dag	Disposition	gunbc.hand_lens_host_bridge_scaffold_index	std.disposition	pool-coincidence
dag/gunbc/hand_lens_host_bridge_scaffold_index.dag	Disposition	gunbc.hand_lens_host_bridge_scaffold_index	std.disposition	pool-coincidence
dag/gunbc/hand_lens_host_bridge_scaffold_watchdog.dag	Disposition	gunbc.hand_lens_host_bridge_scaffold_watchdog	std.disposition	pool-coincidence
dag/gunbc/host_converge_delta.dag	ConvergeKnob	gunbc.host_converge_delta	gunbc.host_converge	pool-coincidence
dag/gunbc/host_converge_delta.dag	ConvergeKnob	gunbc.host_converge_delta	gunbc.host_converge	pool-coincidence
dag/gunbc/host_converge_delta.dag	ConvergeKnob	gunbc.host_converge_delta	gunbc.host_converge	pool-coincidence
dag/gunbc/host_converge_delta.dag	ConvergeKnob	gunbc.host_converge_delta	gunbc.host_converge	pool-coincidence
dag/gunbc/host_converge_delta.dag	ConvergeKnob	gunbc.host_converge_delta	gunbc.host_converge	pool-coincidence
dag/gunbc/host_converge_delta.dag	ConvergeKnob	gunbc.host_converge_delta	gunbc.host_converge	pool-coincidence
dag/gunbc/host_converge_delta.dag	ConvergeKnob	gunbc.host_converge_delta	gunbc.host_converge	pool-coincidence
dag/gunbc/host_converge_delta.dag	ConvergeKnob	gunbc.host_converge_delta	gunbc.host_converge	pool-coincidence
dag/gunbc/host_converge_delta.dag	ConvergeKnob	gunbc.host_converge_delta	gunbc.host_converge	pool-coincidence
dag/gunbc/host_converge_delta.dag	ConvergeKnob	gunbc.host_converge_delta	gunbc.host_converge	pool-coincidence
dag/gunbc/host_converge_delta.dag	ConvergeKnob	gunbc.host_converge_delta	gunbc.host_converge	pool-coincidence
dag/gunbc/host_converge_delta.dag	ConvergeKnob	gunbc.host_converge_delta	gunbc.host_converge	pool-coincidence
dag/gunbc/host_converge_delta.dag	ConvergeKnob	gunbc.host_converge_delta	gunbc.host_converge	pool-coincidence
dag/gunbc/host_converge_delta.dag	ConvergeKnob	gunbc.host_converge_delta	gunbc.host_converge	pool-coincidence
dag/gunbc/host_converge_delta.dag	ConvergeKnob	gunbc.host_converge_delta	gunbc.host_converge	pool-coincidence
dag/gunbc/host_converge_delta.dag	ConvergeKnob	gunbc.host_converge_delta	gunbc.host_converge	pool-coincidence
dag/gunbc/host_converge_delta.dag	ConvergeKnob	gunbc.host_converge_delta	gunbc.host_converge	pool-coincidence
dag/gunbc/host_converge_delta.dag	ConvergeKnob	gunbc.host_converge_delta	gunbc.host_converge	pool-coincidence
dag/gunbc/host_converge_delta.dag	ConvergeKnob	gunbc.host_converge_delta	gunbc.host_converge	pool-coincidence
dag/gunbc/host_converge_delta.dag	ConvergeKnob	gunbc.host_converge_delta	gunbc.host_converge	pool-coincidence
dag/gunbc/host_converge_delta.dag	ConvergeKnob	gunbc.host_converge_delta	gunbc.host_converge	pool-coincidence
dag/gunbc/host_converge_delta.dag	ConvergeKnob	gunbc.host_converge_delta	gunbc.host_converge	pool-coincidence
dag/gunbc/host_converge_delta.dag	ConvergeKnob	gunbc.host_converge_delta	gunbc.host_converge	pool-coincidence
dag/gunbc/host_converge_delta.dag	ConvergeKnob	gunbc.host_converge_delta	gunbc.host_converge	pool-coincidence
dag/gunbc/host_converge_delta.dag	ConvergeKnob	gunbc.host_converge_delta	gunbc.host_converge	pool-coincidence
dag/gunbc/host_converge_delta.dag	ConvergeSlice	gunbc.host_converge_delta	gunbc.host_converge	pool-coincidence
dag/gunbc/host_converge_delta.dag	Disposition	gunbc.host_converge_delta	std.disposition	pool-coincidence
dag/gunbc/host_converge_delta.dag	HostConverge	gunbc.host_converge_delta	gunbc.host_converge	pool-coincidence
dag/gunbc/host_identity_access.dag	ComputeHost	gunbc.host_identity_access	gunbc.fleet_intent	pool-coincidence
dag/gunbc/host_identity_access.dag	DeployAccess	gunbc.host_identity_access	gunbc.ci_deploy_access	pool-coincidence
dag/gunbc/host_identity_access.dag	DeployAccess	gunbc.host_identity_access	gunbc.ci_deploy_access	pool-coincidence
dag/gunbc/host_identity_access.dag	DeployAccess	gunbc.host_identity_access	gunbc.ci_deploy_access	pool-coincidence
dag/gunbc/host_identity_access.dag	DeployAccess	gunbc.host_identity_access	gunbc.ci_deploy_access	pool-coincidence
dag/gunbc/host_identity_access.dag	NonEmptyStr	gunbc.host_identity_access	std.types	pool-coincidence
dag/gunbc/host_identity_access.dag	NonEmptyStr	gunbc.host_identity_access	std.types	pool-coincidence
dag/gunbc/host_identity_access.dag	NonEmptyStr	gunbc.host_identity_access	std.types	pool-coincidence
dag/gunbc/host_identity_access.dag	NonEmptyStr	gunbc.host_identity_access	std.types	pool-coincidence
dag/gunbc/host_identity_access.dag	NonEmptyStr	gunbc.host_identity_access	std.types	pool-coincidence
dag/gunbc/host_identity_access.dag	NonEmptyStr	gunbc.host_identity_access	std.types	pool-coincidence
dag/gunbc/host_identity_adopt.dag	ComputeHost	gunbc.host_identity_adopt	gunbc.fleet_intent	pool-coincidence
dag/gunbc/host_identity_adopt.dag	ComputeHost	gunbc.host_identity_adopt	gunbc.fleet_intent	pool-coincidence
dag/gunbc/host_identity_adopt.dag	ContentHash	gunbc.host_identity_adopt	std.types	pool-coincidence
dag/gunbc/host_identity_adopt.dag	ContentHash	gunbc.host_identity_adopt	std.types	pool-coincidence
dag/gunbc/host_identity_adopt.dag	DeployedIntentV0	gunbc.host_identity_adopt	gunbc.deployed_intent_v0	pool-coincidence
dag/gunbc/host_identity_adopt.dag	Disposition	gunbc.host_identity_adopt	std.disposition	pool-coincidence
dag/gunbc/host_identity_adopt.dag	Disposition	gunbc.host_identity_adopt	std.disposition	pool-coincidence
dag/gunbc/host_identity_adopt.dag	HostEffectTransport	gunbc.host_identity_adopt	gunbc.host_effect	pool-coincidence
dag/gunbc/host_identity_adopt.dag	HostEffectTransport	gunbc.host_identity_adopt	gunbc.host_effect	pool-coincidence
dag/gunbc/host_identity_adopt.dag	HostEffectTransport	gunbc.host_identity_adopt	gunbc.host_effect	pool-coincidence
dag/gunbc/host_identity_adopt.dag	HostEffectTransport	gunbc.host_identity_adopt	gunbc.host_effect	pool-coincidence
dag/gunbc/host_identity_adopt.dag	HostEffectTransport	gunbc.host_identity_adopt	gunbc.host_effect	pool-coincidence
dag/gunbc/host_identity_adopt.dag	HostIdentity	gunbc.host_identity_adopt	product.placement_supply	pool-coincidence
dag/gunbc/host_identity_adopt.dag	HostIdentity	gunbc.host_identity_adopt	product.placement_supply	pool-coincidence
dag/gunbc/host_identity_adopt.dag	HostIdentity	gunbc.host_identity_adopt	product.placement_supply	pool-coincidence
dag/gunbc/host_identity_adopt.dag	HostIdentityKnobKey	gunbc.host_identity_adopt	gunbc.host_identity_knob	pool-coincidence
dag/gunbc/host_identity_adopt.dag	HostIdentityObservation	gunbc.host_identity_adopt	gunbc.host_identity_observation	pool-coincidence
dag/gunbc/host_identity_adopt.dag	NodeControlPlane	gunbc.host_identity_adopt	gunbc.host_effect	pool-coincidence
dag/gunbc/host_identity_adopt.dag	NodeControlPlane	gunbc.host_identity_adopt	gunbc.host_effect	pool-coincidence
dag/gunbc/host_identity_adopt.dag	NodeControlPlane	gunbc.host_identity_adopt	gunbc.host_effect	pool-coincidence
dag/gunbc/host_identity_adopt.dag	NonEmptyStr	gunbc.host_identity_adopt	std.types	pool-coincidence
dag/gunbc/host_identity_adopt.dag	NonEmptyStr	gunbc.host_identity_adopt	std.types	pool-coincidence
dag/gunbc/host_identity_adopt.dag	NonEmptyStr	gunbc.host_identity_adopt	std.types	pool-coincidence
dag/gunbc/host_identity_adopt.dag	NonEmptyStr	gunbc.host_identity_adopt	std.types	pool-coincidence
dag/gunbc/host_identity_adopt.dag	NonEmptyStr	gunbc.host_identity_adopt	std.types	pool-coincidence
dag/gunbc/host_identity_adopt.dag	NonEmptyStr	gunbc.host_identity_adopt	std.types	pool-coincidence
dag/gunbc/host_identity_adopt.dag	NonEmptyStr	gunbc.host_identity_adopt	std.types	pool-coincidence
dag/gunbc/host_identity_adopt.dag	NonEmptyStr	gunbc.host_identity_adopt	std.types	pool-coincidence
dag/gunbc/host_identity_adopt.dag	NonEmptyStr	gunbc.host_identity_adopt	std.types	pool-coincidence
dag/gunbc/host_identity_adopt.dag	NonEmptyStr	gunbc.host_identity_adopt	std.types	pool-coincidence
dag/gunbc/host_identity_adopt.dag	NonEmptyStr	gunbc.host_identity_adopt	std.types	pool-coincidence
dag/gunbc/host_identity_adopt.dag	ProcessExit	gunbc.host_identity_adopt	std.process	pool-coincidence
dag/gunbc/host_identity_adopt.dag	ProcessExit	gunbc.host_identity_adopt	std.process	pool-coincidence
dag/gunbc/host_identity_adopt.dag	ProcessExit	gunbc.host_identity_adopt	std.process	pool-coincidence
dag/gunbc/host_identity_adopt.dag	ProcessExit	gunbc.host_identity_adopt	std.process	pool-coincidence
dag/gunbc/host_identity_assimilation.dag	ComputeHost	gunbc.host_identity_assimilation	gunbc.fleet_intent	pool-coincidence
dag/gunbc/host_identity_assimilation.dag	ContentHash	gunbc.host_identity_assimilation	std.types	pool-coincidence
dag/gunbc/host_identity_assimilation.dag	ContentHash	gunbc.host_identity_assimilation	std.types	pool-coincidence
dag/gunbc/host_identity_assimilation.dag	DeployAccess	gunbc.host_identity_assimilation	gunbc.ci_deploy_access	pool-coincidence
dag/gunbc/host_identity_assimilation.dag	DeployedIntentV0	gunbc.host_identity_assimilation	gunbc.deployed_intent_v0	pool-coincidence
dag/gunbc/host_identity_assimilation.dag	DeployedIntentV0	gunbc.host_identity_assimilation	gunbc.deployed_intent_v0	pool-coincidence
dag/gunbc/host_identity_assimilation.dag	DeployedIntentV1	gunbc.host_identity_assimilation	gunbc.deployed_intent_v1	pool-coincidence
dag/gunbc/host_identity_assimilation.dag	DeployedIntentV1	gunbc.host_identity_assimilation	gunbc.deployed_intent_v1	pool-coincidence
dag/gunbc/host_identity_assimilation.dag	DeployedIntentV1	gunbc.host_identity_assimilation	gunbc.deployed_intent_v1	pool-coincidence
dag/gunbc/host_identity_assimilation.dag	Disposition	gunbc.host_identity_assimilation	std.disposition	pool-coincidence
dag/gunbc/host_identity_assimilation.dag	DnsLabel	gunbc.host_identity_assimilation	extdeps.dns.domain_name	pool-coincidence
dag/gunbc/host_identity_assimilation.dag	HostEffectTransport	gunbc.host_identity_assimilation	gunbc.host_effect	pool-coincidence
dag/gunbc/host_identity_assimilation.dag	HostEffectTransport	gunbc.host_identity_assimilation	gunbc.host_effect	pool-coincidence
dag/gunbc/host_identity_assimilation.dag	HostEffectTransport	gunbc.host_identity_assimilation	gunbc.host_effect	pool-coincidence
dag/gunbc/host_identity_assimilation.dag	HostIdentity	gunbc.host_identity_assimilation	product.placement_supply	pool-coincidence
dag/gunbc/host_identity_assimilation.dag	HostIdentity	gunbc.host_identity_assimilation	product.placement_supply	pool-coincidence
dag/gunbc/host_identity_assimilation.dag	HostIdentityKnobKey	gunbc.host_identity_assimilation	gunbc.host_identity_knob	pool-coincidence
dag/gunbc/host_identity_assimilation.dag	HostIdentityLeafVerdict	gunbc.host_identity_assimilation	gunbc.host_identity_knob	pool-coincidence
dag/gunbc/host_identity_assimilation.dag	HostIdentityLeafVerdict	gunbc.host_identity_assimilation	gunbc.host_identity_knob	pool-coincidence
dag/gunbc/host_identity_assimilation.dag	HostIdentityObservation	gunbc.host_identity_assimilation	gunbc.host_identity_observation	pool-coincidence
dag/gunbc/host_identity_assimilation.dag	NodeControlPlane	gunbc.host_identity_assimilation	gunbc.host_effect	pool-coincidence
dag/gunbc/host_identity_assimilation.dag	NonEmptyStr	gunbc.host_identity_assimilation	std.types	pool-coincidence
dag/gunbc/host_identity_assimilation.dag	NonEmptyStr	gunbc.host_identity_assimilation	std.types	pool-coincidence
dag/gunbc/host_identity_assimilation.dag	NonEmptyStr	gunbc.host_identity_assimilation	std.types	pool-coincidence
dag/gunbc/host_identity_assimilation.dag	NonEmptyStr	gunbc.host_identity_assimilation	std.types	pool-coincidence
dag/gunbc/host_identity_assimilation.dag	NonEmptyStr	gunbc.host_identity_assimilation	std.types	pool-coincidence
dag/gunbc/host_identity_assimilation.dag	ProcessExit	gunbc.host_identity_assimilation	std.process	pool-coincidence
dag/gunbc/host_identity_assimilation.dag	ProcessExit	gunbc.host_identity_assimilation	std.process	pool-coincidence
dag/gunbc/host_identity_assimilation.dag	ProcessExit	gunbc.host_identity_assimilation	std.process	pool-coincidence
dag/gunbc/host_identity_knob.dag	HostIdentity	gunbc.host_identity_knob	product.placement_supply	pool-coincidence
dag/gunbc/host_identity_knob.dag	HostIdentity	gunbc.host_identity_knob	product.placement_supply	pool-coincidence
dag/gunbc/host_identity_observation.dag	Disposition	gunbc.host_identity_observation	std.disposition	pool-coincidence
dag/gunbc/host_identity_observation.dag	HostEffectEvidence	gunbc.host_identity_observation	gunbc.host_effect	pool-coincidence
dag/gunbc/host_identity_observation.dag	HostEffectEvidence	gunbc.host_identity_observation	gunbc.host_effect	pool-coincidence
dag/gunbc/host_identity_observation.dag	HostEffectIntent	gunbc.host_identity_observation	gunbc.host_effect	pool-coincidence
dag/gunbc/host_identity_observation.dag	HostEffectIntent	gunbc.host_identity_observation	gunbc.host_effect	pool-coincidence
dag/gunbc/host_identity_observation.dag	HostEffectTransport	gunbc.host_identity_observation	gunbc.host_effect	pool-coincidence
dag/gunbc/host_identity_observation.dag	NodeControlPlane	gunbc.host_identity_observation	gunbc.host_effect	pool-coincidence
dag/gunbc/host_identity_observation.dag	NonEmptyStr	gunbc.host_identity_observation	std.types	pool-coincidence
dag/gunbc/host_identity_observation.dag	NonEmptyStr	gunbc.host_identity_observation	std.types	pool-coincidence
dag/gunbc/host_identity_observation.dag	NonEmptyStr	gunbc.host_identity_observation	std.types	pool-coincidence
dag/gunbc/host_identity_observation.dag	NonEmptyStr	gunbc.host_identity_observation	std.types	pool-coincidence
dag/gunbc/host_standup.dag	BmcCredentialProbeResult	gunbc.host_standup	gunbc.bmc_onboarding	pool-coincidence
dag/gunbc/host_standup.dag	BmcCredentialProbeResult	gunbc.host_standup	gunbc.bmc_onboarding	pool-coincidence
dag/gunbc/host_standup.dag	ConvergePolicy	gunbc.host_standup	gunbc.host_converge	pool-coincidence
dag/gunbc/host_standup.dag	DeclarationRef	gunbc.host_standup	std.decl_ref	pool-coincidence
dag/gunbc/host_standup.dag	DeclarationRef	gunbc.host_standup	std.decl_ref	pool-coincidence
dag/gunbc/host_standup.dag	DeclarationRef	gunbc.host_standup	std.decl_ref	pool-coincidence
dag/gunbc/host_standup.dag	DeclarationRef	gunbc.host_standup	std.decl_ref	pool-coincidence
dag/gunbc/host_standup.dag	DeclarationRef	gunbc.host_standup	std.decl_ref	pool-coincidence
dag/gunbc/host_standup.dag	DeclarationRef	gunbc.host_standup	std.decl_ref	pool-coincidence
dag/gunbc/host_standup.dag	DeclarationRef	gunbc.host_standup	std.decl_ref	pool-coincidence
dag/gunbc/host_standup.dag	DeclarationRef	gunbc.host_standup	std.decl_ref	pool-coincidence
dag/gunbc/host_standup.dag	DeclarationRef	gunbc.host_standup	std.decl_ref	pool-coincidence
dag/gunbc/host_standup.dag	Disposition	gunbc.host_standup	std.disposition	pool-coincidence
dag/gunbc/host_standup.dag	Disposition	gunbc.host_standup	std.disposition	pool-coincidence
dag/gunbc/host_standup.dag	Disposition	gunbc.host_standup	std.disposition	pool-coincidence
dag/gunbc/host_standup.dag	HostIdentity	gunbc.host_standup	product.placement_supply	pool-coincidence
dag/gunbc/host_standup.dag	IdempotencyEvidence	gunbc.host_standup	std.effects	pool-coincidence
dag/gunbc/host_standup.dag	IdempotencyEvidence	gunbc.host_standup	std.effects	pool-coincidence
dag/gunbc/host_standup.dag	IdempotencyEvidence	gunbc.host_standup	std.effects	pool-coincidence
dag/gunbc/host_standup.dag	IdempotencyEvidence	gunbc.host_standup	std.effects	pool-coincidence
dag/gunbc/host_standup.dag	NonEmptyStr	gunbc.host_standup	std.types	pool-coincidence
dag/gunbc/host_standup.dag	NonEmptyStr	gunbc.host_standup	std.types	pool-coincidence
dag/gunbc/host_standup.dag	NonEmptyStr	gunbc.host_standup	std.types	pool-coincidence
dag/gunbc/host_standup.dag	NonEmptyStr	gunbc.host_standup	std.types	pool-coincidence
dag/gunbc/host_standup.dag	NonEmptyStr	gunbc.host_standup	std.types	pool-coincidence
dag/gunbc/host_standup.dag	NonEmptyStr	gunbc.host_standup	std.types	pool-coincidence
dag/gunbc/host_standup.dag	ObservationVerdict	gunbc.host_standup	std.upsert_decision	pool-coincidence
dag/gunbc/host_standup.dag	ObservationVerdict	gunbc.host_standup	std.upsert_decision	pool-coincidence
dag/gunbc/host_standup_assimilation_deduction.dag	Cr1000aDhcpLeaseTable	gunbc.host_standup_assimilation_deduction	extdeps.router.verizon_cr1000a	pool-coincidence
dag/gunbc/host_standup_assimilation_deduction.dag	Disposition	gunbc.host_standup_assimilation_deduction	std.disposition	pool-coincidence
dag/gunbc/host_standup_assimilation_deduction.dag	EffectStallBudget	gunbc.host_standup_assimilation_deduction	std.temporal_effect	pool-coincidence
dag/gunbc/host_standup_assimilation_deduction.dag	HostIdentity	gunbc.host_standup_assimilation_deduction	product.placement_supply	pool-coincidence
dag/gunbc/host_standup_assimilation_deduction.dag	HostIdentity	gunbc.host_standup_assimilation_deduction	product.placement_supply	pool-coincidence
dag/gunbc/host_standup_assimilation_deduction.dag	KvmObservedScreen	gunbc.host_standup_assimilation_deduction	gunbc.os_install_deduction	pool-coincidence
dag/gunbc/host_standup_assimilation_deduction.dag	KvmObservedScreen	gunbc.host_standup_assimilation_deduction	gunbc.os_install_deduction	pool-coincidence
dag/gunbc/host_standup_assimilation_deduction.dag	Millisecond	gunbc.host_standup_assimilation_deduction	std.measure	pool-coincidence
dag/gunbc/host_standup_assimilation_deduction.dag	Millisecond	gunbc.host_standup_assimilation_deduction	std.measure	pool-coincidence
dag/gunbc/host_standup_assimilation_deduction.dag	Millisecond	gunbc.host_standup_assimilation_deduction	std.measure	pool-coincidence
dag/gunbc/host_standup_assimilation_deduction.dag	Millisecond	gunbc.host_standup_assimilation_deduction	std.measure	pool-coincidence
dag/gunbc/host_standup_assimilation_deduction.dag	Millisecond	gunbc.host_standup_assimilation_deduction	std.measure	pool-coincidence
dag/gunbc/host_standup_assimilation_deduction.dag	Millisecond	gunbc.host_standup_assimilation_deduction	std.measure	pool-coincidence
dag/gunbc/host_standup_assimilation_deduction.dag	Milliseconds	gunbc.host_standup_assimilation_deduction	std.types	pool-coincidence
dag/gunbc/host_standup_assimilation_deduction.dag	NonEmptyStr	gunbc.host_standup_assimilation_deduction	std.types	pool-coincidence
dag/gunbc/host_standup_assimilation_deduction.dag	NonEmptyStr	gunbc.host_standup_assimilation_deduction	std.types	pool-coincidence
dag/gunbc/host_standup_assimilation_deduction.dag	NonEmptyStr	gunbc.host_standup_assimilation_deduction	std.types	pool-coincidence
dag/gunbc/host_standup_assimilation_deduction.dag	NonEmptyStr	gunbc.host_standup_assimilation_deduction	std.types	pool-coincidence
dag/gunbc/host_standup_assimilation_deduction.dag	NonEmptyStr	gunbc.host_standup_assimilation_deduction	std.types	pool-coincidence
dag/gunbc/host_standup_assimilation_deduction.dag	NonEmptyStr	gunbc.host_standup_assimilation_deduction	std.types	pool-coincidence
dag/gunbc/host_standup_assimilation_deduction.dag	NonEmptyStr	gunbc.host_standup_assimilation_deduction	std.types	pool-coincidence
dag/gunbc/host_standup_assimilation_deduction.dag	NonEmptyStr	gunbc.host_standup_assimilation_deduction	std.types	pool-coincidence
dag/gunbc/host_standup_assimilation_deduction.dag	NonEmptyStr	gunbc.host_standup_assimilation_deduction	std.types	pool-coincidence
dag/gunbc/host_standup_assimilation_deduction.dag	NonEmptyStr	gunbc.host_standup_assimilation_deduction	std.types	pool-coincidence
dag/gunbc/host_standup_assimilation_deduction.dag	NonEmptyStr	gunbc.host_standup_assimilation_deduction	std.types	pool-coincidence
dag/gunbc/host_standup_assimilation_deduction.dag	ObservationVerdict	gunbc.host_standup_assimilation_deduction	std.upsert_decision	pool-coincidence
dag/gunbc/host_standup_assimilation_deduction.dag	ObservationVerdict	gunbc.host_standup_assimilation_deduction	std.upsert_decision	pool-coincidence
dag/gunbc/host_standup_assimilation_deduction.dag	ObservationVerdict	gunbc.host_standup_assimilation_deduction	std.upsert_decision	pool-coincidence
dag/gunbc/host_standup_assimilation_deduction.dag	ObservationVerdict	gunbc.host_standup_assimilation_deduction	std.upsert_decision	pool-coincidence
dag/gunbc/host_standup_assimilation_deduction.dag	ObservationVerdict	gunbc.host_standup_assimilation_deduction	std.upsert_decision	pool-coincidence
dag/gunbc/host_standup_assimilation_deduction.dag	ObservationVerdict	gunbc.host_standup_assimilation_deduction	std.upsert_decision	pool-coincidence
dag/gunbc/host_standup_assimilation_deduction.dag	ObservationVerdict	gunbc.host_standup_assimilation_deduction	std.upsert_decision	pool-coincidence
dag/gunbc/host_standup_assimilation_deduction.dag	RedfishBootSourceOverrideMode	gunbc.host_standup_assimilation_deduction	extdeps.bmc.types	pool-coincidence
dag/gunbc/host_standup_assimilation_deduction.dag	RedfishBootSourceOverrideMode	gunbc.host_standup_assimilation_deduction	extdeps.bmc.types	pool-coincidence
dag/gunbc/host_standup_assimilation_deduction.dag	StallBudgetVerdict	gunbc.host_standup_assimilation_deduction	std.temporal_effect	pool-coincidence
dag/gunbc/host_standup_assimilation_deduction.dag	StallBudgetVerdict	gunbc.host_standup_assimilation_deduction	std.temporal_effect	pool-coincidence
dag/gunbc/host_standup_assimilation_deduction.dag	StallBudgetVerdict	gunbc.host_standup_assimilation_deduction	std.temporal_effect	pool-coincidence
dag/gunbc/host_standup_assimilation_deduction.dag	StallBudgetVerdict	gunbc.host_standup_assimilation_deduction	std.temporal_effect	pool-coincidence
dag/gunbc/host_standup_assimilation_deduction.dag	StallBudgetVerdict	gunbc.host_standup_assimilation_deduction	std.temporal_effect	pool-coincidence
dag/gunbc/idea_pr_spine.dag	ReduceVerdict	gunbc.idea_pr_spine	std.reducible	pool-coincidence
dag/gunbc/idea_pr_spine.dag	ReduceVerdict	gunbc.idea_pr_spine	std.reducible	pool-coincidence
dag/gunbc/idea_pr_spine.dag	ReduceVerdict	gunbc.idea_pr_spine	std.reducible	pool-coincidence
dag/gunbc/idea_pr_spine.dag	ReduceVerdict	gunbc.idea_pr_spine	std.reducible	pool-coincidence
dag/gunbc/idea_pr_spine.dag	ReviewProvider	gunbc.idea_pr_spine	gunbc.review_verdict	pool-coincidence
dag/gunbc/idea_pr_spine.dag	ReviewVerdict	gunbc.idea_pr_spine	gunbc.review_verdict	pool-coincidence
dag/gunbc/install_media.dag	ObservationVerdict	gunbc.install_media	std.upsert_decision	pool-coincidence
dag/gunbc/parse_allowlist.dag	std.types.FilePath	gunbc.parse_allowlist	std.types	definer-resolvable
dag/gunbc/plans/branch_merge_admission_model.dag	MarkdownBlock	gunbc.plans.branch_merge_admission_model	std.markdown	pool-coincidence
dag/gunbc/plans/branch_merge_admission_model.dag	MarkdownBlock	gunbc.plans.branch_merge_admission_model	std.markdown	pool-coincidence
dag/gunbc/plans/branch_merge_admission_model.dag	MarkdownBlock	gunbc.plans.branch_merge_admission_model	std.markdown	pool-coincidence
dag/gunbc/plans/branch_merge_admission_model.dag	MarkdownBlock	gunbc.plans.branch_merge_admission_model	std.markdown	pool-coincidence
dag/gunbc/plans/branch_merge_admission_model.dag	MarkdownBlock	gunbc.plans.branch_merge_admission_model	std.markdown	pool-coincidence
dag/gunbc/plans/branch_merge_admission_model.dag	MarkdownBlock	gunbc.plans.branch_merge_admission_model	std.markdown	pool-coincidence
dag/gunbc/plans/branch_merge_admission_model.dag	MarkdownBlock	gunbc.plans.branch_merge_admission_model	std.markdown	pool-coincidence
dag/gunbc/plans/branch_merge_admission_model.dag	MarkdownBlock	gunbc.plans.branch_merge_admission_model	std.markdown	pool-coincidence
dag/gunbc/plans/branch_merge_admission_model.dag	MarkdownBlock	gunbc.plans.branch_merge_admission_model	std.markdown	pool-coincidence
dag/gunbc/plans/branch_merge_admission_model.dag	Plan	gunbc.plans.branch_merge_admission_model	gunbc.plan	pool-coincidence
dag/gunbc/plans/commit_workflow.dag	MarkdownBlock	gunbc.plans.commit_workflow	std.markdown	pool-coincidence
dag/gunbc/plans/commit_workflow.dag	Plan	gunbc.plans.commit_workflow	gunbc.plan	pool-coincidence
dag/gunbc/plans/merge_admission_gate_shape_proposal.dag	MarkdownBlock	gunbc.plans.merge_admission_gate_shape_proposal	std.markdown	pool-coincidence
dag/gunbc/plans/merge_admission_gate_shape_proposal.dag	MarkdownBlock	gunbc.plans.merge_admission_gate_shape_proposal	std.markdown	pool-coincidence
dag/gunbc/plans/merge_admission_gate_shape_proposal.dag	MarkdownBlock	gunbc.plans.merge_admission_gate_shape_proposal	std.markdown	pool-coincidence
dag/gunbc/plans/merge_admission_gate_shape_proposal.dag	MarkdownBlock	gunbc.plans.merge_admission_gate_shape_proposal	std.markdown	pool-coincidence
dag/gunbc/plans/merge_admission_gate_shape_proposal.dag	Plan	gunbc.plans.merge_admission_gate_shape_proposal	gunbc.plan	pool-coincidence
dag/gunbc/pr_digests.dag	GitHubErrorShape	gunbc.pr_digests	extdeps.github.errors	pool-coincidence
dag/gunbc/pr_digests.dag	NonEmptyStr	gunbc.pr_digests	std.types	pool-coincidence
dag/gunbc/pr_digests.dag	PullReview	gunbc.pr_digests	extdeps.github.pulls	pool-coincidence
dag/gunbc/pr_digests.dag	PullReview	gunbc.pr_digests	extdeps.github.pulls	pool-coincidence
dag/gunbc/pr_digests.dag	ReviewComment	gunbc.pr_digests	extdeps.github.pulls	pool-coincidence
dag/gunbc/pr_digests.dag	extdeps.github.pulls.PullRequest	gunbc.pr_digests	extdeps.github.pulls	definer-resolvable
dag/gunbc/pr_digests.dag	extdeps.github.pulls.PullRequest	gunbc.pr_digests	extdeps.github.pulls	definer-resolvable
dag/gunbc/pr_digests.dag	extdeps.github.pulls.PullRequest	gunbc.pr_digests	extdeps.github.pulls	definer-resolvable
dag/gunbc/review_verdict.dag	ArtifactId	gunbc.review_verdict	std.types	pool-coincidence
dag/gunbc/review_verdict.dag	ArtifactId	gunbc.review_verdict	std.types	pool-coincidence
dag/gunbc/review_verdict.dag	ArtifactId	gunbc.review_verdict	std.types	pool-coincidence
dag/gunbc/review_verdict.dag	ArtifactId	gunbc.review_verdict	std.types	pool-coincidence
dag/gunbc/review_verdict.dag	CommitSha	gunbc.review_verdict	std.types	pool-coincidence
dag/gunbc/review_verdict.dag	CommitSha	gunbc.review_verdict	std.types	pool-coincidence
dag/gunbc/review_verdict.dag	CommitSha	gunbc.review_verdict	std.types	pool-coincidence
dag/gunbc/review_verdict.dag	CommitSha	gunbc.review_verdict	std.types	pool-coincidence
dag/gunbc/review_verdict.dag	CommitSha	gunbc.review_verdict	std.types	pool-coincidence
dag/gunbc/review_verdict.dag	ContentHash	gunbc.review_verdict	std.types	pool-coincidence
dag/gunbc/review_verdict.dag	NonEmptyStr	gunbc.review_verdict	std.types	pool-coincidence
dag/gunbc/review_verdict.dag	NonEmptyStr	gunbc.review_verdict	std.types	pool-coincidence
dag/gunbc/review_verdict.dag	NonEmptyStr	gunbc.review_verdict	std.types	pool-coincidence
dag/gunbc/review_verdict.dag	NonEmptyStr	gunbc.review_verdict	std.types	pool-coincidence
dag/gunbc/review_verdict.dag	NonEmptyStr	gunbc.review_verdict	std.types	pool-coincidence
dag/gunbc/review_verdict.dag	NonEmptyStr	gunbc.review_verdict	std.types	pool-coincidence
dag/gunbc/review_verdict.dag	NonEmptyStr	gunbc.review_verdict	std.types	pool-coincidence
dag/gunbc/review_verdict.dag	NonEmptyStr	gunbc.review_verdict	std.types	pool-coincidence
dag/gunbc/review_verdict.dag	NonEmptyStr	gunbc.review_verdict	std.types	pool-coincidence
dag/gunbc/review_verdict.dag	NonEmptyStr	gunbc.review_verdict	std.types	pool-coincidence
dag/gunbc/review_verdict.dag	ReviewState	gunbc.review_verdict	extdeps.github.pulls	pool-coincidence
dag/gunbc/review_verdict.dag	ReviewState	gunbc.review_verdict	extdeps.github.pulls	pool-coincidence
dag/gunbc/review_verdict.dag	Timestamp	gunbc.review_verdict	std.types	pool-coincidence
dag/gunbc/review_verdict.dag	Timestamp	gunbc.review_verdict	std.types	pool-coincidence
dag/gunbc/runner_unit_live_read.dag	ByteSize	gunbc.runner_unit_live_read	std.measure	pool-coincidence
dag/gunbc/runner_unit_live_read.dag	ByteSize	gunbc.runner_unit_live_read	std.measure	pool-coincidence
dag/gunbc/runner_unit_live_read.dag	ByteSize	gunbc.runner_unit_live_read	std.measure	pool-coincidence
dag/gunbc/runner_unit_live_read.dag	ConvergeTarget	gunbc.runner_unit_live_read	gunbc.host_converge	pool-coincidence
dag/gunbc/runner_unit_live_read.dag	ConvergeTarget	gunbc.runner_unit_live_read	gunbc.host_converge	pool-coincidence
dag/gunbc/runner_unit_live_read.dag	ConvergeVerdict	gunbc.runner_unit_live_read	gunbc.host_converge	pool-coincidence
dag/gunbc/runner_unit_live_read.dag	ConvergeVerdict	gunbc.runner_unit_live_read	gunbc.host_converge	pool-coincidence
dag/gunbc/runner_unit_live_read.dag	ConvergeVerdict	gunbc.runner_unit_live_read	gunbc.host_converge	pool-coincidence
dag/gunbc/runner_unit_live_read.dag	Disposition	gunbc.runner_unit_live_read	std.disposition	pool-coincidence
dag/gunbc/runner_unit_live_read.dag	Disposition	gunbc.runner_unit_live_read	std.disposition	pool-coincidence
dag/gunbc/runner_unit_live_read.dag	Disposition	gunbc.runner_unit_live_read	std.disposition	pool-coincidence
dag/gunbc/runner_unit_live_read.dag	NonEmptyStr	gunbc.runner_unit_live_read	std.types	pool-coincidence
dag/gunbc/runner_unit_live_read.dag	NonEmptyStr	gunbc.runner_unit_live_read	std.types	pool-coincidence
dag/gunbc/runner_unit_live_read.dag	NonEmptyStr	gunbc.runner_unit_live_read	std.types	pool-coincidence
dag/gunbc/runner_unit_live_read.dag	NonEmptyStr	gunbc.runner_unit_live_read	std.types	pool-coincidence
dag/gunbc/runner_unit_live_read.dag	RunnerSliceCapEffectiveness	gunbc.runner_unit_live_read	gunbc.ci_floor_measurement	pool-coincidence
dag/gunbc/runner_unit_live_read.dag	SystemdCgroupMemoryLimit	gunbc.runner_unit_live_read	extdeps.os.systemd	pool-coincidence
dag/gunbc/runner_unit_live_read.dag	SystemdCgroupMemoryLimit	gunbc.runner_unit_live_read	extdeps.os.systemd	pool-coincidence
dag/gunbc/runner_unit_live_read.dag	SystemdCgroupMemoryLimit	gunbc.runner_unit_live_read	extdeps.os.systemd	pool-coincidence
dag/gunbc/runner_unit_live_read.dag	SystemdCgroupMemoryLimit	gunbc.runner_unit_live_read	extdeps.os.systemd	pool-coincidence
dag/gunbc/runner_unit_live_read.dag	SystemdCgroupMemoryLimit	gunbc.runner_unit_live_read	extdeps.os.systemd	pool-coincidence
dag/gunbc/runner_unit_live_read.dag	SystemdCgroupMemoryLimit	gunbc.runner_unit_live_read	extdeps.os.systemd	pool-coincidence
dag/gunbc/runner_unit_live_read.dag	SystemdCgroupMemoryLimit	gunbc.runner_unit_live_read	extdeps.os.systemd	pool-coincidence
dag/gunbc/runner_unit_live_read.dag	SystemdCgroupMemoryLimit	gunbc.runner_unit_live_read	extdeps.os.systemd	pool-coincidence
dag/gunbc/srv3_boot_once_cd.dag	BmcCredentialResolution	gunbc.srv3_boot_once_cd	gunbc.srv3_bmc_credential_resolve	pool-coincidence
dag/gunbc/srv3_boot_once_cd.dag	Disposition	gunbc.srv3_boot_once_cd	std.disposition	pool-coincidence
dag/gunbc/srv3_boot_once_cd.dag	NonEmptyStr	gunbc.srv3_boot_once_cd	std.types	pool-coincidence
dag/gunbc/srv3_boot_once_cd.dag	NonEmptyStr	gunbc.srv3_boot_once_cd	std.types	pool-coincidence
dag/gunbc/srv3_boot_once_cd.dag	NonEmptyStr	gunbc.srv3_boot_once_cd	std.types	pool-coincidence
dag/gunbc/srv3_boot_once_cd.dag	NonEmptyStr	gunbc.srv3_boot_once_cd	std.types	pool-coincidence
dag/gunbc/srv3_boot_once_cd.dag	ProcessExit	gunbc.srv3_boot_once_cd	std.process	pool-coincidence
dag/gunbc/srv3_boot_once_cd.dag	ProcessExit	gunbc.srv3_boot_once_cd	std.process	pool-coincidence
dag/gunbc/srv3_boot_once_cd.dag	ProcessExit	gunbc.srv3_boot_once_cd	std.process	pool-coincidence
dag/gunbc/srv3_boot_once_cd.dag	ProcessExit	gunbc.srv3_boot_once_cd	std.process	pool-coincidence
dag/gunbc/srv3_boot_once_cd.dag	RedfishBootSourceOverrideEnabled	gunbc.srv3_boot_once_cd	extdeps.bmc.types	pool-coincidence
dag/gunbc/srv3_boot_once_cd.dag	RedfishBootSourceOverrideMode	gunbc.srv3_boot_once_cd	extdeps.bmc.types	pool-coincidence
dag/gunbc/srv3_boot_once_cd.dag	RedfishBootSourceOverrideMode	gunbc.srv3_boot_once_cd	extdeps.bmc.types	pool-coincidence
dag/gunbc/srv3_boot_once_cd.dag	RedfishBootSourceOverrideMode	gunbc.srv3_boot_once_cd	extdeps.bmc.types	pool-coincidence
dag/gunbc/srv3_boot_once_cd.dag	RedfishBootSourceOverrideTarget	gunbc.srv3_boot_once_cd	extdeps.bmc.types	pool-coincidence
dag/gunbc/srv3_boot_once_cd.dag	RedfishResetType	gunbc.srv3_boot_once_cd	extdeps.bmc.types	pool-coincidence
dag/gunbc/srv3_boot_once_cd.dag	WorkflowApprovalState	gunbc.srv3_boot_once_cd	gunbc.workflow_escalation	pool-coincidence
dag/gunbc/srv3_boot_once_cd.dag	std.resources.Network	gunbc.srv3_boot_once_cd	std.resources	definer-resolvable
dag/gunbc/srv3_boot_once_cd.dag	std.resources.Network	gunbc.srv3_boot_once_cd	std.resources	definer-resolvable
dag/gunbc/srv3_boot_once_cd.dag	std.resources.Network	gunbc.srv3_boot_once_cd	std.resources	definer-resolvable
dag/gunbc/srv3_boot_once_cd.dag	std.resources.Network	gunbc.srv3_boot_once_cd	std.resources	definer-resolvable
dag/gunbc/srv3_host_effect_apply.dag	DeployAccess	gunbc.srv3_host_effect_apply	gunbc.ci_deploy_access	pool-coincidence
dag/gunbc/srv3_host_effect_apply.dag	HostEffect	gunbc.srv3_host_effect_apply	gunbc.host_effect	pool-coincidence
dag/gunbc/srv3_host_effect_apply.dag	HostEffectEvidence	gunbc.srv3_host_effect_apply	gunbc.host_effect	pool-coincidence
dag/gunbc/srv3_host_effect_apply.dag	HostEffectEvidence	gunbc.srv3_host_effect_apply	gunbc.host_effect	pool-coincidence
dag/gunbc/srv3_host_effect_apply.dag	HostEffectEvidence	gunbc.srv3_host_effect_apply	gunbc.host_effect	pool-coincidence
dag/gunbc/srv3_host_effect_apply.dag	HostEffectEvidence	gunbc.srv3_host_effect_apply	gunbc.host_effect	pool-coincidence
dag/gunbc/srv3_host_effect_apply.dag	HostEffectEvidence	gunbc.srv3_host_effect_apply	gunbc.host_effect	pool-coincidence
dag/gunbc/srv3_host_effect_apply.dag	HostEffectEvidence	gunbc.srv3_host_effect_apply	gunbc.host_effect	pool-coincidence
dag/gunbc/srv3_host_effect_apply.dag	HostEffectEvidence	gunbc.srv3_host_effect_apply	gunbc.host_effect	pool-coincidence
dag/gunbc/srv3_host_effect_apply.dag	HostEffectEvidence	gunbc.srv3_host_effect_apply	gunbc.host_effect	pool-coincidence
dag/gunbc/srv3_host_effect_apply.dag	HostEffectEvidence	gunbc.srv3_host_effect_apply	gunbc.host_effect	pool-coincidence
dag/gunbc/srv3_host_effect_apply.dag	HostEffectEvidence	gunbc.srv3_host_effect_apply	gunbc.host_effect	pool-coincidence
dag/gunbc/srv3_host_effect_apply.dag	HostEffectEvidence	gunbc.srv3_host_effect_apply	gunbc.host_effect	pool-coincidence
dag/gunbc/srv3_host_effect_apply.dag	HostEffectEvidence	gunbc.srv3_host_effect_apply	gunbc.host_effect	pool-coincidence
dag/gunbc/srv3_host_effect_apply.dag	HostEffectEvidence	gunbc.srv3_host_effect_apply	gunbc.host_effect	pool-coincidence
dag/gunbc/srv3_host_effect_apply.dag	HostEffectEvidence	gunbc.srv3_host_effect_apply	gunbc.host_effect	pool-coincidence
dag/gunbc/srv3_host_effect_apply.dag	HostEffectEvidence	gunbc.srv3_host_effect_apply	gunbc.host_effect	pool-coincidence
dag/gunbc/srv3_host_effect_apply.dag	HostEffectEvidence	gunbc.srv3_host_effect_apply	gunbc.host_effect	pool-coincidence
dag/gunbc/srv3_host_effect_apply.dag	HostEffectEvidence	gunbc.srv3_host_effect_apply	gunbc.host_effect	pool-coincidence
dag/gunbc/srv3_host_effect_apply.dag	HostEffectIntent	gunbc.srv3_host_effect_apply	gunbc.host_effect	pool-coincidence
dag/gunbc/srv3_host_effect_apply.dag	HostEffectIntent	gunbc.srv3_host_effect_apply	gunbc.host_effect	pool-coincidence
dag/gunbc/srv3_host_effect_apply.dag	HostEffectIntent	gunbc.srv3_host_effect_apply	gunbc.host_effect	pool-coincidence
dag/gunbc/srv3_host_effect_apply.dag	HostEffectIntent	gunbc.srv3_host_effect_apply	gunbc.host_effect	pool-coincidence
dag/gunbc/srv3_host_effect_apply.dag	HostEffectIntent	gunbc.srv3_host_effect_apply	gunbc.host_effect	pool-coincidence
dag/gunbc/srv3_host_effect_apply.dag	HostEffectIntent	gunbc.srv3_host_effect_apply	gunbc.host_effect	pool-coincidence
dag/gunbc/srv3_host_effect_apply.dag	HostEffectIntent	gunbc.srv3_host_effect_apply	gunbc.host_effect	pool-coincidence
dag/gunbc/srv3_host_effect_apply.dag	HostEffectIntent	gunbc.srv3_host_effect_apply	gunbc.host_effect	pool-coincidence
dag/gunbc/srv3_host_effect_apply.dag	HostEffectIntent	gunbc.srv3_host_effect_apply	gunbc.host_effect	pool-coincidence
dag/gunbc/srv3_host_effect_apply.dag	HostEffectIntent	gunbc.srv3_host_effect_apply	gunbc.host_effect	pool-coincidence
dag/gunbc/srv3_host_effect_apply.dag	HostEffectIntent	gunbc.srv3_host_effect_apply	gunbc.host_effect	pool-coincidence
dag/gunbc/srv3_host_effect_apply.dag	HostEffectIntent	gunbc.srv3_host_effect_apply	gunbc.host_effect	pool-coincidence
dag/gunbc/srv3_host_effect_apply.dag	HostEffectIntent	gunbc.srv3_host_effect_apply	gunbc.host_effect	pool-coincidence
dag/gunbc/srv3_host_effect_apply.dag	HostEffectIntent	gunbc.srv3_host_effect_apply	gunbc.host_effect	pool-coincidence
dag/gunbc/srv3_host_effect_apply.dag	HostEffectIntent	gunbc.srv3_host_effect_apply	gunbc.host_effect	pool-coincidence
dag/gunbc/srv3_host_effect_apply.dag	HostEffectIntent	gunbc.srv3_host_effect_apply	gunbc.host_effect	pool-coincidence
dag/gunbc/srv3_host_effect_apply.dag	HostEffectIntent	gunbc.srv3_host_effect_apply	gunbc.host_effect	pool-coincidence
dag/gunbc/srv3_host_effect_apply.dag	NodeControlPlane	gunbc.srv3_host_effect_apply	gunbc.host_effect	pool-coincidence
dag/gunbc/srv3_host_effect_apply.dag	ProcessExit	gunbc.srv3_host_effect_apply	std.process	pool-coincidence
dag/gunbc/srv3_host_effect_apply.dag	ProcessExit	gunbc.srv3_host_effect_apply	std.process	pool-coincidence
dag/gunbc/srv3_install_media_fetch.dag	KeySource	gunbc.srv3_install_media_fetch	std.effects	listed-import
dag/gunbc/srv3_os_install_actuate.dag	BmcCredentialResolution	gunbc.srv3_os_install_actuate	gunbc.srv3_bmc_credential_resolve	pool-coincidence
dag/gunbc/srv3_os_install_actuate.dag	BmcCredentialResolution	gunbc.srv3_os_install_actuate	gunbc.srv3_bmc_credential_resolve	pool-coincidence
dag/gunbc/srv3_os_install_actuate.dag	Disposition	gunbc.srv3_os_install_actuate	std.disposition	pool-coincidence
dag/gunbc/srv3_os_install_actuate.dag	Disposition	gunbc.srv3_os_install_actuate	std.disposition	pool-coincidence
dag/gunbc/srv3_os_install_actuate.dag	NonEmptyStr	gunbc.srv3_os_install_actuate	std.types	pool-coincidence
dag/gunbc/srv3_os_install_actuate.dag	ProcessExit	gunbc.srv3_os_install_actuate	std.process	pool-coincidence
dag/gunbc/srv3_os_install_actuate.dag	ProcessExit	gunbc.srv3_os_install_actuate	std.process	pool-coincidence
dag/gunbc/srv3_os_install_actuate.dag	ProcessExit	gunbc.srv3_os_install_actuate	std.process	pool-coincidence
dag/gunbc/srv3_os_install_actuate.dag	std.resources.Network	gunbc.srv3_os_install_actuate	std.resources	definer-resolvable
dag/gunbc/srv3_os_install_actuate.dag	std.resources.Network	gunbc.srv3_os_install_actuate	std.resources	definer-resolvable
dag/gunbc/srv3_os_install_actuate.dag	std.resources.Network	gunbc.srv3_os_install_actuate	std.resources	definer-resolvable
dag/gunbc/srv3_os_install_reconcile.dag	ContentHash	gunbc.srv3_os_install_reconcile	std.types	pool-coincidence
dag/gunbc/srv3_os_install_reconcile.dag	ContentHash	gunbc.srv3_os_install_reconcile	std.types	pool-coincidence
dag/gunbc/srv3_os_install_reconcile.dag	DeductionRuntimeHint	gunbc.srv3_os_install_reconcile	gunbc.srv3_os_install_reconcile_types	pool-coincidence
dag/gunbc/srv3_os_install_reconcile.dag	Disposition	gunbc.srv3_os_install_reconcile	std.disposition	pool-coincidence
dag/gunbc/srv3_os_install_reconcile.dag	DurableApprovalGrant	gunbc.srv3_os_install_reconcile	std.temporal_effect	pool-coincidence
dag/gunbc/srv3_os_install_reconcile.dag	DurableApprovalGrant	gunbc.srv3_os_install_reconcile	std.temporal_effect	pool-coincidence
dag/gunbc/srv3_os_install_reconcile.dag	DurableApprovalGrant	gunbc.srv3_os_install_reconcile	std.temporal_effect	pool-coincidence
dag/gunbc/srv3_os_install_reconcile.dag	DurableApprovalGrant	gunbc.srv3_os_install_reconcile	std.temporal_effect	pool-coincidence
dag/gunbc/srv3_os_install_reconcile.dag	DurableApprovalGrant	gunbc.srv3_os_install_reconcile	std.temporal_effect	pool-coincidence
dag/gunbc/srv3_os_install_reconcile.dag	DurableApprovalGrant	gunbc.srv3_os_install_reconcile	std.temporal_effect	pool-coincidence
dag/gunbc/srv3_os_install_reconcile.dag	EffectAttemptIntent	gunbc.srv3_os_install_reconcile	std.temporal_effect	pool-coincidence
dag/gunbc/srv3_os_install_reconcile.dag	HeldLease	gunbc.srv3_os_install_reconcile	std.temporal_effect	pool-coincidence
dag/gunbc/srv3_os_install_reconcile.dag	HeldLease	gunbc.srv3_os_install_reconcile	std.temporal_effect	pool-coincidence
dag/gunbc/srv3_os_install_reconcile.dag	HeldLease	gunbc.srv3_os_install_reconcile	std.temporal_effect	pool-coincidence
dag/gunbc/srv3_os_install_reconcile.dag	HeldLease	gunbc.srv3_os_install_reconcile	std.temporal_effect	pool-coincidence
dag/gunbc/srv3_os_install_reconcile.dag	HeldLeaseObservedState	gunbc.srv3_os_install_reconcile	std.temporal_effect	pool-coincidence
dag/gunbc/srv3_os_install_reconcile.dag	KvmObservedScreen	gunbc.srv3_os_install_reconcile	gunbc.os_install_deduction	pool-coincidence
dag/gunbc/srv3_os_install_reconcile.dag	KvmOperatorAttestation	gunbc.srv3_os_install_reconcile	gunbc.os_install_deduction	pool-coincidence
dag/gunbc/srv3_os_install_reconcile.dag	NbdServeObservation	gunbc.srv3_os_install_reconcile	gunbc.srv3_os_install_diagnostic	pool-coincidence
dag/gunbc/srv3_os_install_reconcile.dag	NbdServeObservation	gunbc.srv3_os_install_reconcile	gunbc.srv3_os_install_diagnostic	pool-coincidence
dag/gunbc/srv3_os_install_reconcile.dag	NextStepPlan	gunbc.srv3_os_install_reconcile	std.temporal_effect	pool-coincidence
dag/gunbc/srv3_os_install_reconcile.dag	NextStepPlan	gunbc.srv3_os_install_reconcile	std.temporal_effect	pool-coincidence
dag/gunbc/srv3_os_install_reconcile.dag	NextStepPlan	gunbc.srv3_os_install_reconcile	std.temporal_effect	pool-coincidence
dag/gunbc/srv3_os_install_reconcile.dag	NonEmptyStr	gunbc.srv3_os_install_reconcile	std.types	pool-coincidence
dag/gunbc/srv3_os_install_reconcile.dag	NonEmptyStr	gunbc.srv3_os_install_reconcile	std.types	pool-coincidence
dag/gunbc/srv3_os_install_reconcile.dag	NonEmptyStr	gunbc.srv3_os_install_reconcile	std.types	pool-coincidence
dag/gunbc/srv3_os_install_reconcile.dag	NonEmptyStr	gunbc.srv3_os_install_reconcile	std.types	pool-coincidence
dag/gunbc/srv3_os_install_reconcile.dag	NonEmptyStr	gunbc.srv3_os_install_reconcile	std.types	pool-coincidence
dag/gunbc/srv3_os_install_reconcile.dag	NonEmptyStr	gunbc.srv3_os_install_reconcile	std.types	pool-coincidence
dag/gunbc/srv3_os_install_reconcile.dag	NonEmptyStr	gunbc.srv3_os_install_reconcile	std.types	pool-coincidence
dag/gunbc/srv3_os_install_reconcile.dag	NonEmptyStr	gunbc.srv3_os_install_reconcile	std.types	pool-coincidence
dag/gunbc/srv3_os_install_reconcile.dag	NonEmptyStr	gunbc.srv3_os_install_reconcile	std.types	pool-coincidence
dag/gunbc/srv3_os_install_reconcile.dag	NonEmptyStr	gunbc.srv3_os_install_reconcile	std.types	pool-coincidence
dag/gunbc/srv3_os_install_reconcile.dag	NonEmptyStr	gunbc.srv3_os_install_reconcile	std.types	pool-coincidence
dag/gunbc/srv3_os_install_reconcile.dag	NonEmptyStr	gunbc.srv3_os_install_reconcile	std.types	pool-coincidence
dag/gunbc/srv3_os_install_reconcile.dag	NonEmptyStr	gunbc.srv3_os_install_reconcile	std.types	pool-coincidence
dag/gunbc/srv3_os_install_reconcile.dag	NonEmptyStr	gunbc.srv3_os_install_reconcile	std.types	pool-coincidence
dag/gunbc/srv3_os_install_reconcile.dag	NonEmptyStr	gunbc.srv3_os_install_reconcile	std.types	pool-coincidence
dag/gunbc/srv3_os_install_reconcile.dag	OsInstallAttemptIntent	gunbc.srv3_os_install_reconcile	gunbc.srv3_os_install_diagnostic	pool-coincidence
dag/gunbc/srv3_os_install_reconcile.dag	OsInstallPreflightVerdict	gunbc.srv3_os_install_reconcile	gunbc.os_install_deduction	pool-coincidence
dag/gunbc/srv3_os_install_reconcile.dag	PriorStepReceipt	gunbc.srv3_os_install_reconcile	std.temporal_effect	pool-coincidence
dag/gunbc/srv3_os_install_reconcile.dag	PriorStepReceipt	gunbc.srv3_os_install_reconcile	std.temporal_effect	pool-coincidence
dag/gunbc/srv3_os_install_reconcile.dag	PriorStepReceipt	gunbc.srv3_os_install_reconcile	std.temporal_effect	pool-coincidence
dag/gunbc/srv3_os_install_reconcile.dag	RedfishBootObservation	gunbc.srv3_os_install_reconcile	gunbc.srv3_os_install_diagnostic	pool-coincidence
dag/gunbc/srv3_os_install_reconcile.dag	RedfishBootObservation	gunbc.srv3_os_install_reconcile	gunbc.srv3_os_install_diagnostic	pool-coincidence
dag/gunbc/srv3_os_install_reconcile.dag	Srv3InstallDebugObservation	gunbc.srv3_os_install_reconcile	gunbc.srv3_os_install_diagnostic	pool-coincidence
dag/gunbc/srv3_os_install_reconcile.dag	Srv3InstallDebugObservation	gunbc.srv3_os_install_reconcile	gunbc.srv3_os_install_diagnostic	pool-coincidence
dag/gunbc/srv3_os_install_reconcile.dag	Srv3InstallDebugObservation	gunbc.srv3_os_install_reconcile	gunbc.srv3_os_install_diagnostic	pool-coincidence
dag/gunbc/srv3_os_install_reconcile.dag	Srv3InstallDebugObservation	gunbc.srv3_os_install_reconcile	gunbc.srv3_os_install_diagnostic	pool-coincidence
dag/gunbc/srv3_os_install_reconcile.dag	Srv3InstallDebugObservation	gunbc.srv3_os_install_reconcile	gunbc.srv3_os_install_diagnostic	pool-coincidence
dag/gunbc/srv3_os_install_reconcile.dag	Srv3InstallDebugObservation	gunbc.srv3_os_install_reconcile	gunbc.srv3_os_install_diagnostic	pool-coincidence
dag/gunbc/srv3_os_install_reconcile.dag	Srv3InstallDebugObservation	gunbc.srv3_os_install_reconcile	gunbc.srv3_os_install_diagnostic	pool-coincidence
dag/gunbc/srv3_os_install_reconcile.dag	Srv3InstallDebugObservation	gunbc.srv3_os_install_reconcile	gunbc.srv3_os_install_diagnostic	pool-coincidence
dag/gunbc/srv3_os_install_reconcile.dag	Srv3InstallDebugObservation	gunbc.srv3_os_install_reconcile	gunbc.srv3_os_install_diagnostic	pool-coincidence
dag/gunbc/srv3_os_install_reconcile.dag	Srv3InstallDebugObservation	gunbc.srv3_os_install_reconcile	gunbc.srv3_os_install_diagnostic	pool-coincidence
dag/gunbc/srv3_os_install_reconcile.dag	Srv3InstallDebugObservation	gunbc.srv3_os_install_reconcile	gunbc.srv3_os_install_diagnostic	pool-coincidence
dag/gunbc/srv3_os_install_reconcile.dag	Srv3InstallDebugObservation	gunbc.srv3_os_install_reconcile	gunbc.srv3_os_install_diagnostic	pool-coincidence
dag/gunbc/srv3_os_install_reconcile.dag	Srv3InstallDebugObservation	gunbc.srv3_os_install_reconcile	gunbc.srv3_os_install_diagnostic	pool-coincidence
dag/gunbc/srv3_os_install_reconcile.dag	Srv3InstallDiagnostic	gunbc.srv3_os_install_reconcile	gunbc.srv3_os_install_diagnostic	pool-coincidence
dag/gunbc/srv3_os_install_reconcile.dag	Srv3InstallDiagnostic	gunbc.srv3_os_install_reconcile	gunbc.srv3_os_install_diagnostic	pool-coincidence
dag/gunbc/srv3_os_install_reconcile.dag	Srv3InstallDiagnostic	gunbc.srv3_os_install_reconcile	gunbc.srv3_os_install_diagnostic	pool-coincidence
dag/gunbc/srv3_os_install_reconcile.dag	Srv3InstallDiagnostic	gunbc.srv3_os_install_reconcile	gunbc.srv3_os_install_diagnostic	pool-coincidence
dag/gunbc/srv3_os_install_reconcile.dag	Srv3InstallReconcileResult	gunbc.srv3_os_install_reconcile	gunbc.srv3_os_install_reconcile_types	pool-coincidence
dag/gunbc/srv3_os_install_reconcile.dag	Srv3InstallReconcileResult	gunbc.srv3_os_install_reconcile	gunbc.srv3_os_install_reconcile_types	pool-coincidence
dag/gunbc/srv3_os_install_reconcile.dag	TargetDiskState	gunbc.srv3_os_install_reconcile	gunbc.os_install_deduction	pool-coincidence
dag/gunbc/srv3_os_install_reconcile.dag	Timestamp	gunbc.srv3_os_install_reconcile	std.types	pool-coincidence
dag/gunbc/srv3_os_install_reconcile.dag	Timestamp	gunbc.srv3_os_install_reconcile	std.types	pool-coincidence
dag/gunbc/srv3_os_install_reconcile.dag	Timestamp	gunbc.srv3_os_install_reconcile	std.types	pool-coincidence
dag/gunbc/srv3_os_install_reconcile.dag	Timestamp	gunbc.srv3_os_install_reconcile	std.types	pool-coincidence
dag/gunbc/srv3_os_install_reconcile.dag	Timestamp	gunbc.srv3_os_install_reconcile	std.types	pool-coincidence
dag/gunbc/srv3_os_install_reconcile.dag	WorkflowApprovalState	gunbc.srv3_os_install_reconcile	gunbc.workflow_escalation	pool-coincidence
dag/gunbc/srv3_os_install_reconcile_apply.dag	Disposition	gunbc.srv3_os_install_reconcile_apply	std.disposition	pool-coincidence
dag/gunbc/srv3_os_install_reconcile_apply.dag	NonEmptyStr	gunbc.srv3_os_install_reconcile_apply	std.types	pool-coincidence
dag/gunbc/srv3_os_install_reconcile_apply.dag	NonEmptyStr	gunbc.srv3_os_install_reconcile_apply	std.types	pool-coincidence
dag/gunbc/srv3_os_install_reconcile_apply.dag	NonEmptyStr	gunbc.srv3_os_install_reconcile_apply	std.types	pool-coincidence
dag/gunbc/srv3_os_install_reconcile_apply.dag	ProcessExit	gunbc.srv3_os_install_reconcile_apply	std.process	pool-coincidence
dag/gunbc/srv3_os_install_reconcile_apply.dag	ProcessExit	gunbc.srv3_os_install_reconcile_apply	std.process	pool-coincidence
dag/gunbc/srv3_os_install_reconcile_apply.dag	Timestamp	gunbc.srv3_os_install_reconcile_apply	std.types	pool-coincidence
dag/gunbc/srv3_os_install_reconcile_apply.dag	Timestamp	gunbc.srv3_os_install_reconcile_apply	std.types	pool-coincidence
dag/gunbc/srv3_os_install_reconcile_apply.dag	std.resources.Network	gunbc.srv3_os_install_reconcile_apply	std.resources	definer-resolvable
dag/gunbc/srv3_os_install_reconcile_dry_run.dag	Disposition	gunbc.srv3_os_install_reconcile_dry_run	std.disposition	pool-coincidence
dag/gunbc/srv3_os_install_reconcile_dry_run.dag	NonEmptyStr	gunbc.srv3_os_install_reconcile_dry_run	std.types	pool-coincidence
dag/gunbc/srv3_os_install_reconcile_dry_run.dag	NonEmptyStr	gunbc.srv3_os_install_reconcile_dry_run	std.types	pool-coincidence
dag/gunbc/srv3_os_install_reconcile_dry_run.dag	NonEmptyStr	gunbc.srv3_os_install_reconcile_dry_run	std.types	pool-coincidence
dag/gunbc/srv3_os_install_reconcile_dry_run.dag	NonEmptyStr	gunbc.srv3_os_install_reconcile_dry_run	std.types	pool-coincidence
dag/gunbc/srv3_os_install_reconcile_dry_run.dag	NonEmptyStr	gunbc.srv3_os_install_reconcile_dry_run	std.types	pool-coincidence
dag/gunbc/srv3_os_install_reconcile_dry_run.dag	NonEmptyStr	gunbc.srv3_os_install_reconcile_dry_run	std.types	pool-coincidence
dag/gunbc/srv3_os_install_reconcile_dry_run.dag	ProcessExit	gunbc.srv3_os_install_reconcile_dry_run	std.process	pool-coincidence
dag/gunbc/srv3_os_install_reconcile_record_approval.dag	Disposition	gunbc.srv3_os_install_reconcile_record_approval	std.disposition	pool-coincidence
dag/gunbc/srv3_os_install_reconcile_record_approval.dag	ProcessExit	gunbc.srv3_os_install_reconcile_record_approval	std.process	pool-coincidence
dag/gunbc/srv3_seeded_install_media.dag	ComputeHost	gunbc.srv3_seeded_install_media	gunbc.fleet_intent	pool-coincidence
dag/gunbc/srv3_seeded_install_media.dag	Disposition	gunbc.srv3_seeded_install_media	std.disposition	pool-coincidence
dag/gunbc/srv3_seeded_install_media.dag	Disposition	gunbc.srv3_seeded_install_media	std.disposition	pool-coincidence
dag/gunbc/srv3_seeded_install_media.dag	Disposition	gunbc.srv3_seeded_install_media	std.disposition	pool-coincidence
dag/gunbc/srv3_seeded_install_media.dag	Disposition	gunbc.srv3_seeded_install_media	std.disposition	pool-coincidence
dag/gunbc/srv3_seeded_install_media.dag	Disposition	gunbc.srv3_seeded_install_media	std.disposition	pool-coincidence
dag/gunbc/srv3_seeded_install_media.dag	ProcessExit	gunbc.srv3_seeded_install_media	std.process	pool-coincidence
dag/gunbc/srv3_seeded_install_media.dag	ProcessExit	gunbc.srv3_seeded_install_media	std.process	pool-coincidence
dag/gunbc/srv3_seeded_install_media.dag	std.resources.Network	gunbc.srv3_seeded_install_media	std.resources	definer-resolvable
dag/gunbc/srv3_seeded_install_media.dag	std.resources.Network	gunbc.srv3_seeded_install_media	std.resources	definer-resolvable
dag/gunbc/srv3_sol_console_capture.dag	Disposition	gunbc.srv3_sol_console_capture	std.disposition	pool-coincidence
dag/gunbc/srv3_sol_console_capture.dag	ProcessExit	gunbc.srv3_sol_console_capture	std.process	pool-coincidence
dag/gunbc/srv4_uefi_observed.dag	NonEmptyStr	gunbc.srv4_uefi_observed	std.types	listed-import
dag/gunbc/tailscale_acl_emit.dag	JsonKeyValue	gunbc.tailscale_acl_emit	extdeps.languages.json.emit	pool-coincidence
dag/gunbc/tailscale_acl_emit.dag	JsonValue	gunbc.tailscale_acl_emit	extdeps.languages.json.emit	pool-coincidence
dag/gunbc/tailscale_acl_emit.dag	JsonValue	gunbc.tailscale_acl_emit	extdeps.languages.json.emit	pool-coincidence
dag/gunbc/tailscale_acl_emit.dag	JsonValue	gunbc.tailscale_acl_emit	extdeps.languages.json.emit	pool-coincidence
dag/gunbc/tailscale_acl_emit.dag	JsonValue	gunbc.tailscale_acl_emit	extdeps.languages.json.emit	pool-coincidence
dag/gunbc/tailscale_acl_emit.dag	JsonValue	gunbc.tailscale_acl_emit	extdeps.languages.json.emit	pool-coincidence
dag/gunbc/tailscale_acl_emit.dag	JsonValue	gunbc.tailscale_acl_emit	extdeps.languages.json.emit	pool-coincidence
dag/gunbc/tailscale_acl_emit.dag	NonEmptyStr	gunbc.tailscale_acl_emit	std.types	pool-coincidence
dag/gunbc/tailscale_acl_emit.dag	TailscaleAclPolicy	gunbc.tailscale_acl_emit	extdeps.tailscale.acl	pool-coincidence
dag/gunbc/tailscale_acl_emit.dag	TailscaleAclSelector	gunbc.tailscale_acl_emit	extdeps.tailscale.acl	pool-coincidence
dag/gunbc/tailscale_acl_emit.dag	TailscaleGrant	gunbc.tailscale_acl_emit	extdeps.tailscale.acl	pool-coincidence
dag/gunbc/tailscale_acl_emit.dag	TailscaleNodeAttr	gunbc.tailscale_acl_emit	extdeps.tailscale.acl	pool-coincidence
dag/gunbc/tailscale_acl_emit.dag	TailscaleSshRule	gunbc.tailscale_acl_emit	extdeps.tailscale.acl	pool-coincidence
dag/gunbc/tailscale_acl_emit.dag	TailscaleTagOwnerRow	gunbc.tailscale_acl_emit	extdeps.tailscale.acl	pool-coincidence
dag/gunbc/tailscale_acl_phase2_credential.dag	DeclarationRef	gunbc.tailscale_acl_phase2_credential	std.decl_ref	pool-coincidence
dag/gunbc/tailscale_acl_phase2_credential.dag	DeclarationRef	gunbc.tailscale_acl_phase2_credential	std.decl_ref	pool-coincidence
dag/gunbc/tailscale_acl_phase2_credential.dag	DeclarationRef	gunbc.tailscale_acl_phase2_credential	std.decl_ref	pool-coincidence
dag/gunbc/tailscale_acl_phase2_credential.dag	DeclarationRef	gunbc.tailscale_acl_phase2_credential	std.decl_ref	pool-coincidence
dag/gunbc/tailscale_acl_phase2_credential.dag	Disposition	gunbc.tailscale_acl_phase2_credential	std.disposition	pool-coincidence
dag/gunbc/tailscale_acl_phase2_credential.dag	GcpOAuth2AccessTokenStrategy	gunbc.tailscale_acl_phase2_credential	extdeps.cloud.gcp.gcp	pool-coincidence
dag/gunbc/tailscale_acl_phase2_credential.dag	NonEmptyStr	gunbc.tailscale_acl_phase2_credential	std.types	pool-coincidence
dag/gunbc/tailscale_acl_phase2_credential.dag	NonEmptyStr	gunbc.tailscale_acl_phase2_credential	std.types	pool-coincidence
dag/gunbc/tailscale_acl_phase2_credential.dag	NonEmptyStr	gunbc.tailscale_acl_phase2_credential	std.types	pool-coincidence
dag/gunbc/tailscale_acl_phase2_credential.dag	NonEmptyStr	gunbc.tailscale_acl_phase2_credential	std.types	pool-coincidence
dag/gunbc/tailscale_acl_phase2_credential.dag	Second	gunbc.tailscale_acl_phase2_credential	std.measure	pool-coincidence
dag/gunbc/tailscale_acl_phase2_credential.dag	Second	gunbc.tailscale_acl_phase2_credential	std.measure	pool-coincidence
dag/gunbc/tailscale_acl_phase2_credential.dag	Second	gunbc.tailscale_acl_phase2_credential	std.measure	pool-coincidence
dag/gunbc/tailscale_acl_phase2_credential.dag	Second	gunbc.tailscale_acl_phase2_credential	std.measure	pool-coincidence
dag/gunbc/tailscale_acl_phase2_credential.dag	Second	gunbc.tailscale_acl_phase2_credential	std.measure	pool-coincidence
dag/gunbc/tailscale_acl_phase2_credential.dag	Second	gunbc.tailscale_acl_phase2_credential	std.measure	pool-coincidence
dag/gunbc/tailscale_acl_phase2_credential.dag	Second	gunbc.tailscale_acl_phase2_credential	std.measure	pool-coincidence
dag/gunbc/tailscale_acl_phase2_credential.dag	Second	gunbc.tailscale_acl_phase2_credential	std.measure	pool-coincidence
dag/gunbc/tailscale_acl_phase2_credential.dag	Second	gunbc.tailscale_acl_phase2_credential	std.measure	pool-coincidence
dag/gunbc/tailscale_acl_phase2_credential.dag	Second	gunbc.tailscale_acl_phase2_credential	std.measure	pool-coincidence
dag/gunbc/tailscale_acl_phase2_credential.dag	Second	gunbc.tailscale_acl_phase2_credential	std.measure	pool-coincidence
dag/gunbc/tailscale_acl_phase2_credential.dag	Second	gunbc.tailscale_acl_phase2_credential	std.measure	pool-coincidence
dag/gunbc/tailscale_acl_phase2_credential.dag	SecretAccessBinding	gunbc.tailscale_acl_phase2_credential	gunbc.assimilate.bmc_token_federation	pool-coincidence
dag/gunbc/tailscale_acl_phase2_credential.dag	SecretAccessBinding	gunbc.tailscale_acl_phase2_credential	gunbc.assimilate.bmc_token_federation	pool-coincidence
dag/gunbc/tailscale_acl_phase2_credential.dag	SecretAccessBinding	gunbc.tailscale_acl_phase2_credential	gunbc.assimilate.bmc_token_federation	pool-coincidence
dag/gunbc/tailscale_acl_phase2_credential.dag	SecretAccessBinding	gunbc.tailscale_acl_phase2_credential	gunbc.assimilate.bmc_token_federation	pool-coincidence
dag/gunbc/tailscale_acl_phase2_credential.dag	TailscaleAclPolicy	gunbc.tailscale_acl_phase2_credential	extdeps.tailscale.acl	pool-coincidence
dag/gunbc/tailscale_acl_phase2_credential.dag	std.resources.Network	gunbc.tailscale_acl_phase2_credential	std.resources	definer-resolvable
dag/gunbc/tools/bmc_first_contact.dag	NonEmptyStr	gunbc.tools.bmc_first_contact	std.types	pool-coincidence
dag/gunbc/tools/bmc_first_contact.dag	ProcessExit	gunbc.tools.bmc_first_contact	std.process	pool-coincidence
dag/gunbc/tools/bmc_first_contact.dag	std.resources.Network	gunbc.tools.bmc_first_contact	std.resources	definer-resolvable
dag/gunbc/tools/bmc_onboard_validate.dag	ProcessExit	gunbc.tools.bmc_onboard_validate	std.process	pool-coincidence
dag/gunbc/tools/bmc_onboard_validate.dag	std.resources.Network	gunbc.tools.bmc_onboard_validate	std.resources	definer-resolvable
dag/gunbc/tools/bmc_read_telemetry.dag	NonEmptyStr	gunbc.tools.bmc_read_telemetry	std.types	pool-coincidence
dag/gunbc/tools/bmc_read_telemetry.dag	NonEmptyStr	gunbc.tools.bmc_read_telemetry	std.types	pool-coincidence
dag/gunbc/tools/bmc_read_telemetry.dag	ProcessExit	gunbc.tools.bmc_read_telemetry	std.process	pool-coincidence
dag/gunbc/tools/bmc_read_telemetry.dag	std.resources.Network	gunbc.tools.bmc_read_telemetry	std.resources	definer-resolvable
dag/gunbc/tools/card_intake.dag	CredentialSource	gunbc.tools.card_intake	std.credentials	pool-coincidence
dag/gunbc/tools/card_intake.dag	CredentialSource	gunbc.tools.card_intake	std.credentials	pool-coincidence
dag/gunbc/tools/card_intake.dag	CredentialSource	gunbc.tools.card_intake	std.credentials	pool-coincidence
dag/gunbc/tools/card_intake.dag	Disposition	gunbc.tools.card_intake	std.disposition	pool-coincidence
dag/gunbc/tools/card_intake.dag	NonEmptyStr	gunbc.tools.card_intake	std.types	pool-coincidence
dag/gunbc/tools/card_intake.dag	std.types.FilePath	gunbc.tools.card_intake	std.types	definer-resolvable
dag/gunbc/tools/card_intake.dag	std.types.FilePath	gunbc.tools.card_intake	std.types	definer-resolvable
dag/gunbc/tools/card_intake.dag	std.types.FilePath	gunbc.tools.card_intake	std.types	definer-resolvable
dag/gunbc/tools/ebay_listing.dag	ConditionEnum	gunbc.tools.ebay_listing	extdeps.ebay.inventory	pool-coincidence
dag/gunbc/tools/ebay_listing.dag	CredentialSource	gunbc.tools.ebay_listing	std.credentials	pool-coincidence
dag/gunbc/tools/ebay_listing.dag	CredentialSource	gunbc.tools.ebay_listing	std.credentials	pool-coincidence
dag/gunbc/tools/ebay_listing.dag	CredentialSource	gunbc.tools.ebay_listing	std.credentials	pool-coincidence
dag/gunbc/tools/ebay_listing.dag	CurrencyCode	gunbc.tools.ebay_listing	std.currency	pool-coincidence
dag/gunbc/tools/ebay_listing.dag	EbayOfferDetailsWithKeys	gunbc.tools.ebay_listing	extdeps.ebay.inventory	pool-coincidence
dag/gunbc/tools/ebay_listing.dag	FormatTypeEnum	gunbc.tools.ebay_listing	extdeps.ebay.inventory	pool-coincidence
dag/gunbc/tools/ebay_listing.dag	InventoryItem	gunbc.tools.ebay_listing	extdeps.ebay.inventory	pool-coincidence
dag/gunbc/tools/ebay_listing.dag	MarketplaceEnum	gunbc.tools.ebay_listing	extdeps.ebay.ebay	pool-coincidence
dag/gunbc/tools/ebay_listing.dag	NonEmptyStr	gunbc.tools.ebay_listing	std.types	pool-coincidence
dag/gunbc/tools/ebay_listing.dag	NonEmptyStr	gunbc.tools.ebay_listing	std.types	pool-coincidence
dag/gunbc/tools/ebay_listing.dag	NonEmptyStr	gunbc.tools.ebay_listing	std.types	pool-coincidence
dag/gunbc/tools/ebay_listing.dag	NonEmptyStr	gunbc.tools.ebay_listing	std.types	pool-coincidence
dag/gunbc/tools/ebay_listing.dag	NonEmptyStr	gunbc.tools.ebay_listing	std.types	pool-coincidence
dag/gunbc/tools/ebay_listing.dag	NonEmptyStr	gunbc.tools.ebay_listing	std.types	pool-coincidence
dag/gunbc/tools/ebay_listing.dag	NonEmptyStr	gunbc.tools.ebay_listing	std.types	pool-coincidence
dag/gunbc/tools/grounding_confirm.dag	AnthropicChatMessage	gunbc.tools.grounding_confirm	extdeps.llm.anthropic	pool-coincidence
dag/gunbc/tools/review.dag	AnthropicChatMessage	gunbc.tools.review	extdeps.llm.anthropic	pool-coincidence
dag/gunbc/tools/review.dag	CommitSha	gunbc.tools.review	std.types	pool-coincidence
dag/gunbc/tools/review.dag	CronSchedule	gunbc.tools.review	extdeps.cron.schedule_model	pool-coincidence
dag/gunbc/tools/review.dag	PullReview	gunbc.tools.review	extdeps.github.pulls	pool-coincidence
dag/gunbc/tools/review_codex.dag	CredentialSource	gunbc.tools.review_codex	std.credentials	pool-coincidence
dag/gunbc/tools/review_codex.dag	CredentialSource	gunbc.tools.review_codex	std.credentials	pool-coincidence
dag/gunbc/tools/review_codex.dag	CronSchedule	gunbc.tools.review_codex	extdeps.cron.schedule_model	pool-coincidence
dag/gunbc/tools/review_codex.dag	PullReview	gunbc.tools.review_codex	extdeps.github.pulls	pool-coincidence
dag/product/compute_fabric.dag	HardwareThreadCount	product.compute_fabric	std.measure	pool-coincidence
dag/product/compute_fabric.dag	NonEmptyStr	product.compute_fabric	std.types	pool-coincidence
dag/product/compute_fabric.dag	NonEmptyStr	product.compute_fabric	std.types	pool-coincidence
dag/product/compute_fabric.dag	NonEmptyStr	product.compute_fabric	std.types	pool-coincidence
dag/product/compute_fabric.dag	NonEmptyStr	product.compute_fabric	std.types	pool-coincidence
dag/product/compute_fabric.dag	NonEmptyStr	product.compute_fabric	std.types	pool-coincidence
dag/product/hardware_selection.dag	AxisComparison	product.hardware_selection	std.pareto	pool-coincidence
dag/product/hardware_selection.dag	Bandwidth	product.hardware_selection	std.measure	pool-coincidence
dag/product/hardware_selection.dag	Bandwidth	product.hardware_selection	std.measure	pool-coincidence
dag/product/hardware_selection.dag	ByteSize	product.hardware_selection	std.measure	pool-coincidence
dag/product/hardware_selection.dag	ByteSize	product.hardware_selection	std.measure	pool-coincidence
dag/product/hardware_selection.dag	CpuModelCatalogRow	product.hardware_selection	extdeps.cpu.types	pool-coincidence
dag/product/hardware_selection.dag	CpuSocket	product.hardware_selection	extdeps.cpu.types	pool-coincidence
dag/product/hardware_selection.dag	DominanceVerdict	product.hardware_selection	std.pareto	pool-coincidence
dag/product/hardware_selection.dag	DramModuleCatalogRow	product.hardware_selection	extdeps.memory.types	pool-coincidence
dag/product/hardware_selection.dag	DramModuleCatalogRow	product.hardware_selection	extdeps.memory.types	pool-coincidence
dag/product/hardware_selection.dag	DramModuleCatalogRow	product.hardware_selection	extdeps.memory.types	pool-coincidence
dag/product/hardware_selection.dag	JedecDdrGenerationCatalogRow	product.hardware_selection	extdeps.memory.types	pool-coincidence
dag/product/hardware_selection.dag	Milli	product.hardware_selection		pool-coincidence
dag/product/hardware_selection.dag	MoneyAmountMicro	product.hardware_selection	std.measure	pool-coincidence
dag/product/hardware_selection.dag	MoneyAmountMicro	product.hardware_selection	std.measure	pool-coincidence
dag/product/hardware_selection.dag	MoneyAmountMicro	product.hardware_selection	std.measure	pool-coincidence
dag/product/hardware_selection.dag	MoneyAmountMicro	product.hardware_selection	std.measure	pool-coincidence
dag/product/hardware_selection.dag	MoneyAmountMicro	product.hardware_selection	std.measure	pool-coincidence
dag/product/hardware_selection.dag	MoneyAmountMicro	product.hardware_selection	std.measure	pool-coincidence
dag/product/hardware_selection.dag	MoneyAmountMicro	product.hardware_selection	std.measure	pool-coincidence
dag/product/hardware_selection.dag	NonEmptyStr	product.hardware_selection	std.types	pool-coincidence
dag/product/hardware_selection.dag	NonEmptyStr	product.hardware_selection	std.types	pool-coincidence
dag/product/hardware_selection.dag	NonEmptyStr	product.hardware_selection	std.types	pool-coincidence
dag/product/hardware_selection.dag	Power	product.hardware_selection		pool-coincidence
dag/product/hardware_selection.dag	Watt	product.hardware_selection	std.measure	pool-coincidence
dag/product/hardware_selection.dag	Watt	product.hardware_selection	std.measure	pool-coincidence
dag/product/hardware_selection.dag	Watt	product.hardware_selection	std.measure	pool-coincidence
dag/product/hardware_selection.dag	Watt	product.hardware_selection	std.measure	pool-coincidence
dag/product/hardware_selection.dag	Watt	product.hardware_selection	std.measure	pool-coincidence
dag/product/hardware_selection.dag	Watt	product.hardware_selection	std.measure	pool-coincidence
dag/product/hardware_selection.dag	std.nat.Nat	product.hardware_selection	v2.std.nat	definer-resolvable
dag/product/hardware_selection.dag	std.nat.Nat	product.hardware_selection	v2.std.nat	definer-resolvable
dag/product/hardware_selection.dag	std.nat.Nat	product.hardware_selection	v2.std.nat	definer-resolvable
dag/shared/dag_util.dag	StageResult	shared.dag_util	std.types	pool-coincidence
dag/shared/dag_util.dag	StageResult	shared.dag_util	std.types	pool-coincidence
dag/shared/dag_util.dag	StageResult	shared.dag_util	std.types	pool-coincidence
dag/shared/dag_util.dag	StageResult	shared.dag_util	std.types	pool-coincidence
dag/shared/dag_util.dag	StageResult	shared.dag_util	std.types	pool-coincidence
dag/shared/dag_util.dag	StageResult	shared.dag_util	std.types	pool-coincidence
dag/shared/dag_util.dag	Summary	shared.dag_util	std.types	pool-coincidence
dag/shared/dag_util.dag	Summary	shared.dag_util	std.types	pool-coincidence
dag/std/behavioral.dag	std.determinism.Determinism	std.behavioral	std.determinism	definer-resolvable
dag/std/determinism.dag	DeclarationRef	std.determinism	std.decl_ref	pool-coincidence
dag/std/determinism.dag	DeclarationRef	std.determinism	std.decl_ref	pool-coincidence
dag/std/determinism.dag	std.perturbation.PerturbationVerdict	std.determinism	std.perturbation	definer-resolvable
dag/std/effect_grant.dag	KeySource	std.effect_grant	std.effects	listed-import
dag/std/fermi.dag	FermiDepth	std.fermi	std.types	pool-coincidence
dag/std/fermi.dag	FermiDepth	std.fermi	std.types	pool-coincidence
dag/std/fermi.dag	FermiDepth	std.fermi	std.types	pool-coincidence
dag/std/fermi.dag	FermiDepth	std.fermi	std.types	pool-coincidence
dag/std/fermi.dag	FermiDepth	std.fermi	std.types	pool-coincidence
dag/std/fermi.dag	FermiDepth	std.fermi	std.types	pool-coincidence
dag/std/fermi.dag	FermiDepth	std.fermi	std.types	pool-coincidence
dag/std/fermi.dag	FermiDepth	std.fermi	std.types	pool-coincidence
dag/std/fermi.dag	FermiDepth	std.fermi	std.types	pool-coincidence
dag/std/fermi.dag	FermiDepth	std.fermi	std.types	pool-coincidence
dag/std/fermi.dag	FermiDepth	std.fermi	std.types	pool-coincidence
dag/std/fermi.dag	FermiDepth	std.fermi	std.types	pool-coincidence
dag/std/fermi.dag	FermiDepth	std.fermi	std.types	pool-coincidence
dag/std/fermi.dag	FermiDepth	std.fermi	std.types	pool-coincidence
dag/std/fermi.dag	FermiDepth	std.fermi	std.types	pool-coincidence
dag/std/fermi.dag	FermiDepth	std.fermi	std.types	pool-coincidence
dag/std/fermi.dag	FermiDepth	std.fermi	std.types	pool-coincidence
dag/std/fermi.dag	FermiDepth	std.fermi	std.types	pool-coincidence
dag/std/fermi.dag	FermiDepth	std.fermi	std.types	pool-coincidence
dag/std/fermi.dag	FermiDepth	std.fermi	std.types	pool-coincidence
dag/std/fermi.dag	FermiDepth	std.fermi	std.types	pool-coincidence
dag/std/fermi.dag	FermiDepth	std.fermi	std.types	pool-coincidence
dag/std/fermi.dag	FermiDepth	std.fermi	std.types	pool-coincidence
dag/std/fermi.dag	Milliseconds	std.fermi	std.types	pool-coincidence
dag/std/fermi.dag	Milliseconds	std.fermi	std.types	pool-coincidence
dag/std/measure.dag	Count	std.measure		pool-coincidence
dag/std/measure.dag	Count	std.measure		pool-coincidence
dag/std/measure.dag	Count	std.measure		pool-coincidence
dag/std/measure.dag	Currency	std.measure		pool-coincidence
dag/std/measure.dag	Currency	std.measure		pool-coincidence
dag/std/measure.dag	DataRate	std.measure		pool-coincidence
dag/std/measure.dag	Dimensionless	std.measure		pool-coincidence
dag/std/measure.dag	Dimensionless	std.measure		pool-coincidence
dag/std/measure.dag	Energy	std.measure		pool-coincidence
dag/std/measure.dag	Frequency	std.measure		pool-coincidence
dag/std/measure.dag	Gibi	std.measure		pool-coincidence
dag/std/measure.dag	Information	std.measure		pool-coincidence
dag/std/measure.dag	Kibi	std.measure		pool-coincidence
dag/std/measure.dag	Mebi	std.measure		pool-coincidence
dag/std/measure.dag	Memory	std.measure		pool-coincidence
dag/std/measure.dag	Memory	std.measure		pool-coincidence
dag/std/measure.dag	Memory	std.measure		pool-coincidence
dag/std/measure.dag	Memory	std.measure		pool-coincidence
dag/std/measure.dag	Micro	std.measure		pool-coincidence
dag/std/measure.dag	Micro	std.measure		pool-coincidence
dag/std/measure.dag	Milli	std.measure		pool-coincidence
dag/std/measure.dag	Milli	std.measure		pool-coincidence
dag/std/measure.dag	Nano	std.measure		pool-coincidence
dag/std/measure.dag	One	std.measure		pool-coincidence
dag/std/measure.dag	One	std.measure		pool-coincidence
dag/std/measure.dag	One	std.measure		pool-coincidence
dag/std/measure.dag	One	std.measure		pool-coincidence
dag/std/measure.dag	One	std.measure		pool-coincidence
dag/std/measure.dag	One	std.measure		pool-coincidence
dag/std/measure.dag	One	std.measure		pool-coincidence
dag/std/measure.dag	One	std.measure		pool-coincidence
dag/std/measure.dag	One	std.measure		pool-coincidence
dag/std/measure.dag	One	std.measure		pool-coincidence
dag/std/measure.dag	One	std.measure		pool-coincidence
dag/std/measure.dag	One	std.measure		pool-coincidence
dag/std/measure.dag	One	std.measure		pool-coincidence
dag/std/measure.dag	Power	std.measure		pool-coincidence
dag/std/measure.dag	RotationalSpeed	std.measure		pool-coincidence
dag/std/measure.dag	Sixty	std.measure		pool-coincidence
dag/std/measure.dag	Time	std.measure		pool-coincidence
dag/std/measure.dag	Time	std.measure		pool-coincidence
dag/std/measure.dag	Time	std.measure		pool-coincidence
dag/std/measure.dag	Time	std.measure		pool-coincidence
dag/std/measure.dag	Time	std.measure		pool-coincidence
dag/std/measure.dag	Time	std.measure		pool-coincidence
dag/std/numerical_contract.dag	std.approximate_field.RoundingMode	std.numerical_contract	std.approximate_field	definer-resolvable
dag/std/numerical_contract.dag	std.approximate_field.RoundingMode	std.numerical_contract	std.approximate_field	definer-resolvable
dag/std/os.dag	MacosDistributionCatalogRow	std.os	std.os.types	pool-coincidence
dag/std/os.dag	OperatingSystemSurface	std.os	std.os.types	pool-coincidence
dag/std/os.dag	OperatingSystemSurface	std.os	std.os.types	pool-coincidence
dag/std/os.dag	OperatingSystemSurface	std.os	std.os.types	pool-coincidence
dag/std/os.dag	UbuntuDistributionCatalogRow	std.os	std.os.types	pool-coincidence
dag/std/os.dag	WindowsDistributionCatalogRow	std.os	std.os.types	pool-coincidence
dag/std/os/invocation.dag	CallingConvention	std.os.invocation	std.abi	pool-coincidence
dag/std/os/invocation.dag	NonEmptyStr	std.os.invocation	std.types	pool-coincidence
dag/std/os/invocation.dag	NonEmptyStr	std.os.invocation	std.types	pool-coincidence
dag/std/os/invocation.dag	NonEmptyStr	std.os.invocation	std.types	pool-coincidence
dag/std/syllogism.dag	CallGraph	std.syllogism	std.graph	pool-coincidence
dag/std/syllogism.dag	GraphEdge	std.syllogism	std.graph	pool-coincidence
dag/std/unicode.dag	Char	std.unicode	std.types	pool-coincidence
dag/std/unicode.dag	Char	std.unicode	std.types	pool-coincidence
dag/std/unicode.dag	Char	std.unicode	std.types	pool-coincidence
dag/std/unicode.dag	Char	std.unicode	std.types	pool-coincidence
dag/std/workflow_recursive.dag	ReduceVerdict	std.workflow_recursive	std.reducible	pool-coincidence
dag/std/workflow_recursive.dag	ReduceVerdict	std.workflow_recursive	std.reducible	pool-coincidence
dag/std/workflow_recursive.dag	ReduceVerdict	std.workflow_recursive	std.reducible	pool-coincidence
dag/std/workflow_recursive.dag	ReduceVerdict	std.workflow_recursive	std.reducible	pool-coincidence
dag/test/claim/accelerator_demo_execution_witness_test.dag	v2.std.live_tree.LiveTreeDisposition	test.claim.accelerator_demo_execution_witness	v2.std.live_tree	definer-resolvable
dag/test/claim/accelerator_demo_gpu_witness_test.dag	v2.std.live_tree.LiveTreeDisposition	test.claim.accelerator_demo_gpu_witness	v2.std.live_tree	definer-resolvable
dag/test/claim/accelerator_demo_model_witness_test.dag	v2.std.live_tree.LiveTreeDisposition	test.claim.accelerator_demo_model_witness	v2.std.live_tree	definer-resolvable
dag/test/claim/access_iam_validation_test.dag	product.network_topology.NetworkLocality	test.claim.access_iam_validation	product.network_topology	definer-resolvable
dag/test/claim/access_iam_validation_test.dag	product.network_topology.NetworkLocality	test.claim.access_iam_validation	product.network_topology	definer-resolvable
dag/test/claim/access_iam_validation_test.dag	std.access.AccessDecision	test.claim.access_iam_validation	std.access	definer-resolvable
dag/test/claim/access_iam_validation_test.dag	std.access.AccessDecision	test.claim.access_iam_validation	std.access	definer-resolvable
dag/test/claim/access_iam_validation_test.dag	std.access.AccessDecision	test.claim.access_iam_validation	std.access	definer-resolvable
dag/test/claim/access_iam_validation_test.dag	std.types.NonEmptyStr	test.claim.access_iam_validation	std.types	definer-resolvable
dag/test/claim/access_iam_validation_test.dag	std.types.NonEmptyStr	test.claim.access_iam_validation	std.types	definer-resolvable
dag/test/claim/access_iam_validation_test.dag	std.types.NonEmptyStr	test.claim.access_iam_validation	std.types	definer-resolvable
dag/test/claim/access_iam_validation_test.dag	std.types.NonEmptyStr	test.claim.access_iam_validation	std.types	definer-resolvable
dag/test/claim/access_iam_validation_test.dag	std.types.NonEmptyStr	test.claim.access_iam_validation	std.types	definer-resolvable
dag/test/claim/access_iam_validation_test.dag	v2.std.live_tree.LiveTreeDisposition	test.claim.access_iam_validation	v2.std.live_tree	definer-resolvable
dag/test/claim/access_layer_extension_witness_test.dag	extdeps.access.posix.PosixUser	test.claim.access_layer_extension_witness	extdeps.access.posix	definer-resolvable
dag/test/claim/access_layer_extension_witness_test.dag	extdeps.access.posix.PosixUser	test.claim.access_layer_extension_witness	extdeps.access.posix	definer-resolvable
dag/test/claim/access_layer_extension_witness_test.dag	extdeps.access.rbac.RbacPolicy	test.claim.access_layer_extension_witness	extdeps.access.rbac	definer-resolvable
dag/test/claim/access_layer_extension_witness_test.dag	std.types.NonEmptyStr	test.claim.access_layer_extension_witness	std.types	definer-resolvable
dag/test/claim/access_layer_extension_witness_test.dag	std.types.NonEmptyStr	test.claim.access_layer_extension_witness	std.types	definer-resolvable
dag/test/claim/access_layer_extension_witness_test.dag	v2.std.live_tree.LiveTreeDisposition	test.claim.access_layer_extension_witness	v2.std.live_tree	definer-resolvable
dag/test/claim/access_validation_test.dag	AccessDecision	test.claim.access_validation	std.access	pool-coincidence
dag/test/claim/access_validation_test.dag	AccessDecision	test.claim.access_validation	std.access	pool-coincidence
dag/test/claim/access_validation_test.dag	AccessDecision	test.claim.access_validation	std.access	pool-coincidence
dag/test/claim/access_validation_test.dag	AccessDecision	test.claim.access_validation	std.access	pool-coincidence
dag/test/claim/access_validation_test.dag	FilePermissions	test.claim.access_validation	extdeps.access.posix	pool-coincidence
dag/test/claim/access_validation_test.dag	FilePermissions	test.claim.access_validation	extdeps.access.posix	pool-coincidence
dag/test/claim/access_validation_test.dag	FilePermissions	test.claim.access_validation	extdeps.access.posix	pool-coincidence
dag/test/claim/access_validation_test.dag	FilePermissions	test.claim.access_validation	extdeps.access.posix	pool-coincidence
dag/test/claim/access_validation_test.dag	LiveTreeDisposition	test.claim.access_validation	v2.std.live_tree	pool-coincidence
dag/test/claim/access_validation_test.dag	NonEmptyStr	test.claim.access_validation	std.types	pool-coincidence
dag/test/claim/access_validation_test.dag	NonEmptyStr	test.claim.access_validation	std.types	pool-coincidence
dag/test/claim/access_validation_test.dag	NonEmptyStr	test.claim.access_validation	std.types	pool-coincidence
dag/test/claim/access_validation_test.dag	NonEmptyStr	test.claim.access_validation	std.types	pool-coincidence
dag/test/claim/access_validation_test.dag	NonEmptyStr	test.claim.access_validation	std.types	pool-coincidence
dag/test/claim/access_validation_test.dag	NonEmptyStr	test.claim.access_validation	std.types	pool-coincidence
dag/test/claim/access_validation_test.dag	Permission	test.claim.access_validation	extdeps.access.rbac	pool-coincidence
dag/test/claim/access_validation_test.dag	Permission	test.claim.access_validation	extdeps.access.rbac	pool-coincidence
dag/test/claim/access_validation_test.dag	Permission	test.claim.access_validation	extdeps.access.rbac	pool-coincidence
dag/test/claim/access_validation_test.dag	PermissionBits	test.claim.access_validation	extdeps.access.posix	pool-coincidence
dag/test/claim/access_validation_test.dag	PermissionBits	test.claim.access_validation	extdeps.access.posix	pool-coincidence
dag/test/claim/access_validation_test.dag	RbacPolicy	test.claim.access_validation	extdeps.access.rbac	pool-coincidence
dag/test/claim/access_validation_test.dag	RbacPolicy	test.claim.access_validation	extdeps.access.rbac	pool-coincidence
dag/test/claim/access_validation_test.dag	RbacPolicy	test.claim.access_validation	extdeps.access.rbac	pool-coincidence
dag/test/claim/access_validation_test.dag	RbacPolicy	test.claim.access_validation	extdeps.access.rbac	pool-coincidence
dag/test/claim/asrock_live_probe_witness_test.dag	LiveTreeDisposition	test.claim.asrock_live_probe	v2.std.live_tree	pool-coincidence
dag/test/claim/asrock_live_probe_witness_test.dag	NonEmptyStr	test.claim.asrock_live_probe	std.types	pool-coincidence
dag/test/claim/base64_rfc4648_witness_test.dag	LiveTreeDisposition	test.claim.base64_rfc4648_witness	v2.std.live_tree	pool-coincidence
dag/test/claim/base64_rfc4648_witness_test.dag	std.integer.UInt8	test.claim.base64_rfc4648_witness	v2.std.integer	definer-resolvable
dag/test/claim/bmc_auth_runtime_secret_seam_test.dag	LiveTreeDisposition	test.claim.bmc_auth_runtime_secret_seam	v2.std.live_tree	pool-coincidence
dag/test/claim/bmc_bootstrap_provision_witness_test.dag	GcpBinding	test.claim.bmc_bootstrap_provision_witness	extdeps.cloud.gcp.iam	pool-coincidence
dag/test/claim/bmc_bootstrap_provision_witness_test.dag	LiveTreeDisposition	test.claim.bmc_bootstrap_provision_witness	v2.std.live_tree	pool-coincidence
dag/test/claim/bmc_capability_solve_witness_test.dag	LiveTreeDisposition	test.claim.bmc_capability_solve	v2.std.live_tree	pool-coincidence
dag/test/claim/bmc_factory_credential_witness_test.dag	BaseboardManufacturer	test.claim.bmc_factory_credential	std.baseboard	pool-coincidence
dag/test/claim/bmc_factory_credential_witness_test.dag	BmcProtocol	test.claim.bmc_factory_credential	std.bmc	pool-coincidence
dag/test/claim/bmc_factory_credential_witness_test.dag	FactoryLogin	test.claim.bmc_factory_credential	std.credentials	pool-coincidence
dag/test/claim/bmc_factory_credential_witness_test.dag	LiveTreeDisposition	test.claim.bmc_factory_credential	v2.std.live_tree	pool-coincidence
dag/test/claim/bmc_factory_credential_witness_test.dag	ServerBaseboard	test.claim.bmc_factory_credential	std.baseboard	pool-coincidence
dag/test/claim/bmc_onboard_body_witness_test.dag	LiveTreeDisposition	test.claim.bmc_onboard_body_witness	v2.std.live_tree	pool-coincidence
dag/test/claim/bmc_onboarding_lifecycle_witness_test.dag	BmcCredentialPosture	test.claim.bmc_onboarding_lifecycle	gunbc.bmc_onboarding	pool-coincidence
dag/test/claim/bmc_onboarding_lifecycle_witness_test.dag	BmcCredentialPosture	test.claim.bmc_onboarding_lifecycle	gunbc.bmc_onboarding	pool-coincidence
dag/test/claim/bmc_onboarding_lifecycle_witness_test.dag	BmcLifecycleState	test.claim.bmc_onboarding_lifecycle	gunbc.bmc_onboarding	pool-coincidence
dag/test/claim/bmc_onboarding_lifecycle_witness_test.dag	BmcLifecycleState	test.claim.bmc_onboarding_lifecycle	gunbc.bmc_onboarding	pool-coincidence
dag/test/claim/bmc_onboarding_lifecycle_witness_test.dag	BmcLifecycleState	test.claim.bmc_onboarding_lifecycle	gunbc.bmc_onboarding	pool-coincidence
dag/test/claim/bmc_onboarding_lifecycle_witness_test.dag	BmcLifecycleState	test.claim.bmc_onboarding_lifecycle	gunbc.bmc_onboarding	pool-coincidence
dag/test/claim/bmc_onboarding_lifecycle_witness_test.dag	BmcOnboardingPhase	test.claim.bmc_onboarding_lifecycle	gunbc.bmc_onboarding	pool-coincidence
dag/test/claim/bmc_onboarding_lifecycle_witness_test.dag	BmcOnboardingPhase	test.claim.bmc_onboarding_lifecycle	gunbc.bmc_onboarding	pool-coincidence
dag/test/claim/bmc_onboarding_lifecycle_witness_test.dag	BmcOnboardingPhase	test.claim.bmc_onboarding_lifecycle	gunbc.bmc_onboarding	pool-coincidence
dag/test/claim/bmc_onboarding_lifecycle_witness_test.dag	BmcOnboardingPhase	test.claim.bmc_onboarding_lifecycle	gunbc.bmc_onboarding	pool-coincidence
dag/test/claim/bmc_onboarding_lifecycle_witness_test.dag	BmcOnboardingPhase	test.claim.bmc_onboarding_lifecycle	gunbc.bmc_onboarding	pool-coincidence
dag/test/claim/bmc_onboarding_lifecycle_witness_test.dag	LiveTreeDisposition	test.claim.bmc_onboarding_lifecycle	v2.std.live_tree	pool-coincidence
dag/test/claim/bmc_redfish_grounding_witness_test.dag	BmcTelemetrySnapshot	test.claim.bmc_redfish_grounding	extdeps.bmc.types	pool-coincidence
dag/test/claim/bmc_redfish_grounding_witness_test.dag	BmcTelemetrySnapshot	test.claim.bmc_redfish_grounding	extdeps.bmc.types	pool-coincidence
dag/test/claim/bmc_redfish_grounding_witness_test.dag	LiveTreeDisposition	test.claim.bmc_redfish_grounding	v2.std.live_tree	pool-coincidence
dag/test/claim/bmc_redfish_grounding_witness_test.dag	RedfishChassisSensorCollection	test.claim.bmc_redfish_grounding	extdeps.bmc.types	pool-coincidence
dag/test/claim/bmc_redfish_grounding_witness_test.dag	RedfishPowerSubsystem	test.claim.bmc_redfish_grounding	extdeps.bmc.types	pool-coincidence
dag/test/claim/bmc_redfish_grounding_witness_test.dag	RedfishSystemInventory	test.claim.bmc_redfish_grounding	extdeps.bmc.types	pool-coincidence
dag/test/claim/bmc_token_federation_witness_test.dag	LiveTreeDisposition	test.claim.bmc_token_federation_witness	v2.std.live_tree	pool-coincidence
dag/test/claim/bmc_token_federation_witness_test.dag	SecretAccessBinding	test.claim.bmc_token_federation_witness	gunbc.assimilate.bmc_token_federation	pool-coincidence
dag/test/claim/bmc_wif_delegation_chain_witness_test.dag	CredentialDelegationStep	test.claim.bmc_wif_delegation_chain_witness	gunbc.assimilate.bmc_wif_delegation_chain	pool-coincidence
dag/test/claim/bmc_wif_delegation_chain_witness_test.dag	LiveTreeDisposition	test.claim.bmc_wif_delegation_chain_witness	v2.std.live_tree	pool-coincidence
dag/test/claim/budget_tree_witness_test.dag	BudgetClaim	test.claim.budget_tree_witness	product.budget_tree	pool-coincidence
dag/test/claim/budget_tree_witness_test.dag	BudgetClaim	test.claim.budget_tree_witness	product.budget_tree	pool-coincidence
dag/test/claim/budget_tree_witness_test.dag	BudgetNode	test.claim.budget_tree_witness	product.budget_tree	pool-coincidence
dag/test/claim/budget_tree_witness_test.dag	BudgetNode	test.claim.budget_tree_witness	product.budget_tree	pool-coincidence
dag/test/claim/budget_tree_witness_test.dag	BudgetNode	test.claim.budget_tree_witness	product.budget_tree	pool-coincidence
dag/test/claim/budget_tree_witness_test.dag	BudgetNode	test.claim.budget_tree_witness	product.budget_tree	pool-coincidence
dag/test/claim/budget_tree_witness_test.dag	BudgetPriority	test.claim.budget_tree_witness	product.budget_tree	pool-coincidence
dag/test/claim/budget_tree_witness_test.dag	BudgetReconciliation	test.claim.budget_tree_witness	product.budget_tree	pool-coincidence
dag/test/claim/budget_tree_witness_test.dag	BudgetReconciliation	test.claim.budget_tree_witness	product.budget_tree	pool-coincidence
dag/test/claim/budget_tree_witness_test.dag	BudgetReconciliation	test.claim.budget_tree_witness	product.budget_tree	pool-coincidence
dag/test/claim/budget_tree_witness_test.dag	LiveTreeDisposition	test.claim.budget_tree_witness	v2.std.live_tree	pool-coincidence
dag/test/claim/budget_tree_witness_test.dag	Memory	test.claim.budget_tree_witness		pool-coincidence
dag/test/claim/budget_tree_witness_test.dag	One	test.claim.budget_tree_witness		pool-coincidence
dag/test/claim/budget_tree_witness_test.dag	std.nat.Nat	test.claim.budget_tree_witness	v2.std.nat	definer-resolvable
dag/test/claim/budget_tree_witness_test.dag	std.nat.Nat	test.claim.budget_tree_witness	v2.std.nat	definer-resolvable
dag/test/claim/budget_tree_witness_test.dag	std.nat.Nat	test.claim.budget_tree_witness	v2.std.nat	definer-resolvable
dag/test/claim/budget_tree_witness_test.dag	std.nat.Nat	test.claim.budget_tree_witness	v2.std.nat	definer-resolvable
dag/test/claim/builtin_get_resolver_test.dag	LiveTreeDisposition	test.claim.builtin_get_resolver	v2.std.live_tree	pool-coincidence
dag/test/claim/cache_key_completeness_test.dag	CatalogKeyDerivationFacts	test.claim.cache_key_completeness	extdeps.cache.types	pool-coincidence
dag/test/claim/cache_key_completeness_test.dag	CatalogKeyDerivationFacts	test.claim.cache_key_completeness	extdeps.cache.types	pool-coincidence
dag/test/claim/cache_key_completeness_test.dag	CatalogKeyDerivationFacts	test.claim.cache_key_completeness	extdeps.cache.types	pool-coincidence
dag/test/claim/cache_key_completeness_test.dag	CatalogKeyDerivationFacts	test.claim.cache_key_completeness	extdeps.cache.types	pool-coincidence
dag/test/claim/cache_key_completeness_test.dag	LiveTreeDisposition	test.claim.cache_key_completeness	v2.std.live_tree	pool-coincidence
dag/test/claim/cache_layer_planner_test.dag	CacheDeploymentBackends	test.claim.cache_layer_planner	std.cache_interface	pool-coincidence
dag/test/claim/cache_layer_planner_test.dag	CacheDeploymentBackends	test.claim.cache_layer_planner	std.cache_interface	pool-coincidence
dag/test/claim/cache_layer_planner_test.dag	CostAccount	test.claim.cache_layer_planner	std.realization_schedule	pool-coincidence
dag/test/claim/cache_layer_planner_test.dag	CostAccount	test.claim.cache_layer_planner	std.realization_schedule	pool-coincidence
dag/test/claim/cache_layer_planner_test.dag	LiveTreeDisposition	test.claim.cache_layer_planner	v2.std.live_tree	pool-coincidence
dag/test/claim/cache_purity_verdict_test.dag	CachePurityViolation	test.claim.cache_purity_verdict	extdeps.realization.cache_purity	pool-coincidence
dag/test/claim/cache_purity_verdict_test.dag	LiveTreeDisposition	test.claim.cache_purity_verdict	v2.std.live_tree	pool-coincidence
dag/test/claim/card_intake_risk_witness_test.dag	LiveTreeDisposition	test.claim.card_intake_risk_witness	v2.std.live_tree	pool-coincidence
dag/test/claim/cargo_target_path_witness_test.dag	CargoTarget	test.claim.cargo_target_path	extdeps.cargo	pool-coincidence
dag/test/claim/cargo_target_path_witness_test.dag	FilePathParts	test.claim.cargo_target_path	std.types	pool-coincidence
dag/test/claim/cargo_target_path_witness_test.dag	LiveTreeDisposition	test.claim.cargo_target_path	v2.std.live_tree	pool-coincidence
dag/test/claim/cargo_version_witness_test.dag	CargoVersionRequirement	test.claim.cargo_version	extdeps.cargo_version	pool-coincidence
dag/test/claim/cargo_version_witness_test.dag	LiveTreeDisposition	test.claim.cargo_version	v2.std.live_tree	pool-coincidence
dag/test/claim/ci_budget_tree_witness_test.dag	LiveTreeDisposition	test.claim.ci_budget_tree_witness	v2.std.live_tree	pool-coincidence
dag/test/claim/ci_deploy_target_host_witness_test.dag	LiveTreeDisposition	test.claim.ci_deploy_target_host_witness	v2.std.live_tree	pool-coincidence
dag/test/claim/ci_exclusion_proof_test.dag	LiveTreeDisposition	test.claim.ci_exclusion_proof	v2.std.live_tree	pool-coincidence
dag/test/claim/ci_failure_class_witness_test.dag	FloorFailureClass	test.claim.ci_failure_class_witness	gunbc.ci_failure_class	pool-coincidence
dag/test/claim/ci_failure_class_witness_test.dag	FloorFailureClass	test.claim.ci_failure_class_witness	gunbc.ci_failure_class	pool-coincidence
dag/test/claim/ci_failure_class_witness_test.dag	FloorOutcome	test.claim.ci_failure_class_witness	gunbc.ci_failure_class	pool-coincidence
dag/test/claim/ci_failure_class_witness_test.dag	FloorOutcome	test.claim.ci_failure_class_witness	gunbc.ci_failure_class	pool-coincidence
dag/test/claim/ci_failure_class_witness_test.dag	InfraSignature	test.claim.ci_failure_class_witness	gunbc.ci_failure_class	pool-coincidence
dag/test/claim/ci_failure_class_witness_test.dag	InfraSignature	test.claim.ci_failure_class_witness	gunbc.ci_failure_class	pool-coincidence
dag/test/claim/ci_failure_class_witness_test.dag	InfraSignature	test.claim.ci_failure_class_witness	gunbc.ci_failure_class	pool-coincidence
dag/test/claim/ci_failure_class_witness_test.dag	LiveTreeDisposition	test.claim.ci_failure_class_witness	v2.std.live_tree	pool-coincidence
dag/test/claim/ci_oom_reclassify_witness_test.dag	ClusteringEvidence	test.claim.ci_oom_reclassify_witness	gunbc.ci_oom_reclassify	pool-coincidence
dag/test/claim/ci_oom_reclassify_witness_test.dag	FloorOutcome	test.claim.ci_oom_reclassify_witness	gunbc.ci_failure_class	pool-coincidence
dag/test/claim/ci_oom_reclassify_witness_test.dag	FloorOutcome	test.claim.ci_oom_reclassify_witness	gunbc.ci_failure_class	pool-coincidence
dag/test/claim/ci_oom_reclassify_witness_test.dag	FloorOutcome	test.claim.ci_oom_reclassify_witness	gunbc.ci_failure_class	pool-coincidence
dag/test/claim/ci_oom_reclassify_witness_test.dag	LiveTreeDisposition	test.claim.ci_oom_reclassify_witness	v2.std.live_tree	pool-coincidence
dag/test/claim/ci_oom_reclassify_witness_test.dag	OomKillObservation	test.claim.ci_oom_reclassify_witness	gunbc.ci_oom_reclassify	pool-coincidence
dag/test/claim/ci_oom_reclassify_witness_test.dag	OomKillObservation	test.claim.ci_oom_reclassify_witness	gunbc.ci_oom_reclassify	pool-coincidence
dag/test/claim/ci_oom_reclassify_witness_test.dag	OomKillObservation	test.claim.ci_oom_reclassify_witness	gunbc.ci_oom_reclassify	pool-coincidence
dag/test/claim/ci_render_histogram_width_test.dag	LiveTreeDisposition	test.claim.ci_render_histogram_width	v2.std.live_tree	pool-coincidence
dag/test/claim/ci_render_histogram_width_test.dag	RenderCapability	test.claim.ci_render_histogram_width	std.render	pool-coincidence
dag/test/claim/ci_render_histogram_width_test.dag	std.render.RenderFrame	test.claim.ci_render_histogram_width	std.render	definer-resolvable
dag/test/claim/ci_render_histogram_width_test.dag	std.render.RenderFrame	test.claim.ci_render_histogram_width	std.render	definer-resolvable
dag/test/claim/ci_render_slowest_hot_style_test.dag	LiveTreeDisposition	test.claim.ci_render_slowest_hot_style	v2.std.live_tree	pool-coincidence
dag/test/claim/ci_runner_seam_witness_test.dag	LiveTreeDisposition	test.claim.ci_runner_seam_witness	v2.std.live_tree	pool-coincidence
dag/test/claim/ci_yaml_parse_witness.dag	ProcessExit	test.claim.ci_yaml_parse_witness	std.process	pool-coincidence
dag/test/claim/ci_yaml_serializer_witness_test.dag	LiveTreeDisposition	test.claim.ci_yaml_serializer_witness	v2.std.live_tree	pool-coincidence
dag/test/claim/code_change_workflow_witness_test.dag	CodeChangeActiveStage	test.claim.code_change_workflow_witness_test	gunbc.code_change_workflow	pool-coincidence
dag/test/claim/code_change_workflow_witness_test.dag	CodeChangeBinding	test.claim.code_change_workflow_witness_test	gunbc.code_change_workflow	pool-coincidence
dag/test/claim/code_change_workflow_witness_test.dag	CodeChangeFacts	test.claim.code_change_workflow_witness_test	gunbc.code_change_workflow	pool-coincidence
dag/test/claim/code_change_workflow_witness_test.dag	CodeChangeFacts	test.claim.code_change_workflow_witness_test	gunbc.code_change_workflow	pool-coincidence
dag/test/claim/code_change_workflow_witness_test.dag	CodeChangeGithubPrContext	test.claim.code_change_workflow_witness_test	gunbc.code_change_workflow	pool-coincidence
dag/test/claim/code_change_workflow_witness_test.dag	CodeChangeTerminalStage	test.claim.code_change_workflow_witness_test	gunbc.code_change_workflow	pool-coincidence
dag/test/claim/code_change_workflow_witness_test.dag	CommitSha	test.claim.code_change_workflow_witness_test	std.types	pool-coincidence
dag/test/claim/code_change_workflow_witness_test.dag	LiveTreeDisposition	test.claim.code_change_workflow_witness_test	v2.std.live_tree	pool-coincidence
dag/test/claim/code_change_workflow_witness_test.dag	MergeReadinessTally	test.claim.code_change_workflow_witness_test	gunbc.review_verdict	pool-coincidence
dag/test/claim/code_change_workflow_witness_test.dag	MergeReadinessTally	test.claim.code_change_workflow_witness_test	gunbc.review_verdict	pool-coincidence
dag/test/claim/code_change_workflow_witness_test.dag	MergeReadinessTally	test.claim.code_change_workflow_witness_test	gunbc.review_verdict	pool-coincidence
dag/test/claim/code_change_workflow_witness_test.dag	MergeReadinessTally	test.claim.code_change_workflow_witness_test	gunbc.review_verdict	pool-coincidence
dag/test/claim/code_change_workflow_witness_test.dag	MergeReadinessTally	test.claim.code_change_workflow_witness_test	gunbc.review_verdict	pool-coincidence
dag/test/claim/code_change_workflow_witness_test.dag	NonEmptyStr	test.claim.code_change_workflow_witness_test	std.types	pool-coincidence
dag/test/claim/code_change_workflow_witness_test.dag	NonEmptyStr	test.claim.code_change_workflow_witness_test	std.types	pool-coincidence
dag/test/claim/code_change_workflow_witness_test.dag	NonEmptyStr	test.claim.code_change_workflow_witness_test	std.types	pool-coincidence
dag/test/claim/code_change_workflow_witness_test.dag	ProcessNodeId	test.claim.code_change_workflow_witness_test	gunbc.process_algebra	pool-coincidence
dag/test/claim/code_change_workflow_witness_test.dag	PullRequestState	test.claim.code_change_workflow_witness_test	extdeps.github.pulls	pool-coincidence
dag/test/claim/code_change_workflow_witness_test.dag	PullRequestState	test.claim.code_change_workflow_witness_test	extdeps.github.pulls	pool-coincidence
dag/test/claim/code_change_workflow_witness_test.dag	Timestamp	test.claim.code_change_workflow_witness_test	std.types	pool-coincidence
dag/test/claim/code_change_workflow_witness_test.dag	Timestamp	test.claim.code_change_workflow_witness_test	std.types	pool-coincidence
dag/test/claim/code_change_workflow_witness_test.dag	Timestamp	test.claim.code_change_workflow_witness_test	std.types	pool-coincidence
dag/test/claim/code_change_workflow_witness_test.dag	extdeps.github.pulls.PullRequest	test.claim.code_change_workflow_witness_test	extdeps.github.pulls	definer-resolvable
dag/test/claim/compile_source_model_witness_test.dag	LiveTreeDisposition	test.claim.compile_source_model_witness	v2.std.live_tree	pool-coincidence
dag/test/claim/compile_source_model_witness_test.dag	SourceRootRole	test.claim.compile_source_model_witness	gunbc.compile_source_model	pool-coincidence
dag/test/claim/compile_source_model_witness_test.dag	SourceRootRole	test.claim.compile_source_model_witness	gunbc.compile_source_model	pool-coincidence
dag/test/claim/computation_demand_duplication_witness_test.dag	LiveTreeDisposition	test.claim.computation_demand_duplication_witness	v2.std.live_tree	pool-coincidence
dag/test/claim/computation_demand_duplication_witness_test.dag	v2.lens.duplicate_computation.ComputationDemandFact	test.claim.computation_demand_duplication_witness	v2.lens.duplicate_computation	definer-resolvable
dag/test/claim/computation_demand_duplication_witness_test.dag	v2.lens.duplicate_computation.ReplicationIntent	test.claim.computation_demand_duplication_witness	v2.lens.duplicate_computation	definer-resolvable
dag/test/claim/computation_demand_duplication_witness_test.dag	v2.lens.duplicate_computation.TypedArgvInvocation	test.claim.computation_demand_duplication_witness	v2.lens.duplicate_computation	definer-resolvable
dag/test/claim/compute_fabric_resource_witness_test.dag	LiveTreeDisposition	test.claim.compute_fabric_resource_witness	v2.std.live_tree	pool-coincidence
dag/test/claim/config_record_emit_test.dag	LayoutProtocol	test.claim.config_record_emit_witness	std.layout	pool-coincidence
dag/test/claim/config_record_emit_test.dag	LiveTreeDisposition	test.claim.config_record_emit_witness	v2.std.live_tree	pool-coincidence
dag/test/claim/config_record_emit_test.dag	SerialField	test.claim.config_record_emit_witness	std.languages	pool-coincidence
dag/test/claim/config_record_emit_test.dag	SerialField	test.claim.config_record_emit_witness	std.languages	pool-coincidence
dag/test/claim/config_record_emit_test.dag	SerializationKnobs	test.claim.config_record_emit_witness	std.languages	pool-coincidence
dag/test/claim/config_record_emit_test.dag	SerializationKnobs	test.claim.config_record_emit_witness	std.languages	pool-coincidence
dag/test/claim/config_record_emit_test.dag	SerializationKnobs	test.claim.config_record_emit_witness	std.languages	pool-coincidence
dag/test/claim/contracts_placement_test.dag	LiveTreeDisposition	test.claim.contracts_placement	v2.std.live_tree	pool-coincidence
dag/test/claim/cost_estimate_float_witness_test.dag	LiveTreeDisposition	test.claim.cost_estimate_float_witness_test	v2.std.live_tree	pool-coincidence
dag/test/claim/cr1000a_dhcp_lease_naming_witness_test.dag	Cr1000aDhcpLeaseRow	test.claim.cr1000a_dhcp_lease_naming	extdeps.router.verizon_cr1000a	pool-coincidence
dag/test/claim/cr1000a_dhcp_lease_naming_witness_test.dag	Cr1000aDhcpLeaseRow	test.claim.cr1000a_dhcp_lease_naming	extdeps.router.verizon_cr1000a	pool-coincidence
dag/test/claim/cr1000a_dhcp_lease_naming_witness_test.dag	DnsLabel	test.claim.cr1000a_dhcp_lease_naming	extdeps.dns.domain_name	pool-coincidence
dag/test/claim/cr1000a_dhcp_lease_naming_witness_test.dag	HostName	test.claim.cr1000a_dhcp_lease_naming	extdeps.dns.domain_name	pool-coincidence
dag/test/claim/cr1000a_dhcp_lease_naming_witness_test.dag	Ipv4Address	test.claim.cr1000a_dhcp_lease_naming	extdeps.dhcp.v4	pool-coincidence
dag/test/claim/cr1000a_dhcp_lease_naming_witness_test.dag	Ipv4Address	test.claim.cr1000a_dhcp_lease_naming	extdeps.dhcp.v4	pool-coincidence
dag/test/claim/cr1000a_dhcp_lease_naming_witness_test.dag	LiveTreeDisposition	test.claim.cr1000a_dhcp_lease_naming	v2.std.live_tree	pool-coincidence
dag/test/claim/cr1000a_dhcp_lease_naming_witness_test.dag	MacAddress	test.claim.cr1000a_dhcp_lease_naming	extdeps.dhcp.v4	pool-coincidence
dag/test/claim/cr1000a_dhcp_lease_naming_witness_test.dag	MacAddress	test.claim.cr1000a_dhcp_lease_naming	extdeps.dhcp.v4	pool-coincidence
dag/test/claim/cr1000a_dhcp_lease_naming_witness_test.dag	NonEmptyStr	test.claim.cr1000a_dhcp_lease_naming	std.types	pool-coincidence
dag/test/claim/cr1000a_dhcp_lease_naming_witness_test.dag	NonEmptyStr	test.claim.cr1000a_dhcp_lease_naming	std.types	pool-coincidence
dag/test/claim/cron_tag_witness_test.dag	LiveTreeDisposition	test.claim.cron_tag_witness_test	v2.std.live_tree	pool-coincidence
dag/test/claim/crosstree_probe_test.dag	LiveTreeDisposition	test.claim.crosstree_probe	v2.std.live_tree	pool-coincidence
dag/test/claim/crosstree_probe_test.dag	std.access.AccessDecision	test.claim.crosstree_probe	std.access	definer-resolvable
dag/test/claim/crosstree_probe_test.dag	v2.std.lens_verdict.LensVerdict	test.claim.crosstree_probe	v2.std.lens_verdict	definer-resolvable
dag/test/claim/dag_collect_fingerprint_witness_test.dag	LiveTreeDisposition	test.claim.dag_collect_fingerprint_witness_test	v2.std.live_tree	pool-coincidence
dag/test/claim/dag_compile_clean_perturb_receipts_test.dag	LiveTreeDisposition	test.claim.dag_compile_clean_perturb_receipts	v2.std.live_tree	pool-coincidence
dag/test/claim/dag_compile_clean_seam_witness_test.dag	LiveTreeDisposition	test.claim.dag_compile_clean_seam_witness	v2.std.live_tree	pool-coincidence
dag/test/claim/dag_compile_clean_shard_a_witness_test.dag	LiveTreeDisposition	test.claim.dag_compile_clean_shard_a_witness	v2.std.live_tree	pool-coincidence
dag/test/claim/deploy_access_privilege_witness_test.dag	LiveTreeDisposition	test.claim.deploy_access_privilege_witness	v2.std.live_tree	pool-coincidence
dag/test/claim/deploy_access_privilege_witness_test.dag	NodeControlPlane	test.claim.deploy_access_privilege_witness	gunbc.host_effect	pool-coincidence
dag/test/claim/deploy_mutation_gate_witness_test.dag	DeployTargetHostObservation	test.claim.deploy_mutation_gate_witness	gunbc.ci_deploy_target_host	pool-coincidence
dag/test/claim/deploy_mutation_gate_witness_test.dag	DeployTargetHostObservation	test.claim.deploy_mutation_gate_witness	gunbc.ci_deploy_target_host	pool-coincidence
dag/test/claim/deploy_mutation_gate_witness_test.dag	LiveTreeDisposition	test.claim.deploy_mutation_gate_witness	v2.std.live_tree	pool-coincidence
dag/test/claim/descent_evidence_lattice_witness_test.dag	DescentEvidence	test.claim.descent_evidence_lattice	std.termination	pool-coincidence
dag/test/claim/descent_evidence_lattice_witness_test.dag	DescentEvidence	test.claim.descent_evidence_lattice	std.termination	pool-coincidence
dag/test/claim/descent_evidence_lattice_witness_test.dag	DescentEvidence	test.claim.descent_evidence_lattice	std.termination	pool-coincidence
dag/test/claim/descent_evidence_lattice_witness_test.dag	DescentEvidence	test.claim.descent_evidence_lattice	std.termination	pool-coincidence
dag/test/claim/descent_evidence_lattice_witness_test.dag	LiveTreeDisposition	test.claim.descent_evidence_lattice	v2.std.live_tree	pool-coincidence
dag/test/claim/design_argument_witness_test.dag	Argument	test.claim.design_argument_witness	std.syllogism	pool-coincidence
dag/test/claim/design_argument_witness_test.dag	Argument	test.claim.design_argument_witness	std.syllogism	pool-coincidence
dag/test/claim/design_argument_witness_test.dag	Argument	test.claim.design_argument_witness	std.syllogism	pool-coincidence
dag/test/claim/design_argument_witness_test.dag	Argument	test.claim.design_argument_witness	std.syllogism	pool-coincidence
dag/test/claim/design_argument_witness_test.dag	LiveTreeDisposition	test.claim.design_argument_witness	v2.std.live_tree	pool-coincidence
dag/test/claim/dhcp_v4_mac_pinned_witness_test.dag	LiveTreeDisposition	test.claim.dhcp_v4_mac_pinned_witness	v2.std.live_tree	pool-coincidence
dag/test/claim/diagnostic_redfish_witness.dag	NonEmptyStr	test.claim.diagnostic_redfish_witness	std.types	pool-coincidence
dag/test/claim/diagnostic_redfish_witness.dag	NonEmptyStr	test.claim.diagnostic_redfish_witness	std.types	pool-coincidence
dag/test/claim/diagnostic_redfish_witness.dag	NonEmptyStr	test.claim.diagnostic_redfish_witness	std.types	pool-coincidence
dag/test/claim/docker_container_stats_witness_test.dag	ContainerConfig	test.claim.docker_container_stats_witness	extdeps.docker.container_inspect	pool-coincidence
dag/test/claim/docker_container_stats_witness_test.dag	ContainerInspect	test.claim.docker_container_stats_witness	extdeps.docker.container_inspect	pool-coincidence
dag/test/claim/docker_container_stats_witness_test.dag	ContainerStateDetail	test.claim.docker_container_stats_witness	extdeps.docker.container_inspect	pool-coincidence
dag/test/claim/docker_container_stats_witness_test.dag	ContainerStats	test.claim.docker_container_stats_witness	extdeps.docker.container_stats	pool-coincidence
dag/test/claim/docker_container_stats_witness_test.dag	CpuStats	test.claim.docker_container_stats_witness	extdeps.docker.container_stats	pool-coincidence
dag/test/claim/docker_container_stats_witness_test.dag	CpuUsage	test.claim.docker_container_stats_witness	extdeps.docker.container_stats	pool-coincidence
dag/test/claim/docker_container_stats_witness_test.dag	HostConfig	test.claim.docker_container_stats_witness	extdeps.docker.container_inspect	pool-coincidence
dag/test/claim/docker_container_stats_witness_test.dag	LiveTreeDisposition	test.claim.docker_container_stats_witness	v2.std.live_tree	pool-coincidence
dag/test/claim/docker_container_stats_witness_test.dag	NetworkSettings	test.claim.docker_container_stats_witness	extdeps.docker.container_inspect	pool-coincidence
dag/test/claim/docker_container_stats_witness_test.dag	NetworkStats	test.claim.docker_container_stats_witness	extdeps.docker.container_stats	pool-coincidence
dag/test/claim/docker_container_stats_witness_test.dag	Networks	test.claim.docker_container_stats_witness	extdeps.docker.container_stats	pool-coincidence
dag/test/claim/docker_container_stats_witness_test.dag	PidStats	test.claim.docker_container_stats_witness	extdeps.docker.container_stats	pool-coincidence
dag/test/claim/docker_container_stats_witness_test.dag	extdeps.docker.container_stats.MemoryStats	test.claim.docker_container_stats_witness	extdeps.docker.container_stats	definer-resolvable
dag/test/claim/domain_name_parse_witness_test.dag	LiveTreeDisposition	test.claim.domain_name_parse	v2.std.live_tree	pool-coincidence
dag/test/claim/ebay_listing_witness_test.dag	LiveTreeDisposition	test.claim.ebay_listing_witness	v2.std.live_tree	pool-coincidence
dag/test/claim/effects_rest_transport_parse_witness_test.dag	LiveTreeDisposition	test.claim.effects_rest_transport_parse_witness_test	v2.std.live_tree	pool-coincidence
dag/test/claim/emit_host_gate_witness_test.dag	LiveTreeDisposition	test.claim.emit_host_gate_witness	v2.std.live_tree	pool-coincidence
dag/test/claim/env_freshness_witness.dag	NonEmptyStr	test.claim.env_freshness_witness	std.types	pool-coincidence
dag/test/claim/extdeps_anemia_grounding_witness_test.dag	CommitSha	test.claim.extdeps_anemia_grounding_witness	std.types	pool-coincidence
dag/test/claim/extdeps_anemia_grounding_witness_test.dag	Email	test.claim.extdeps_anemia_grounding_witness	std.types	pool-coincidence
dag/test/claim/extdeps_anemia_grounding_witness_test.dag	GitRef	test.claim.extdeps_anemia_grounding_witness	std.types	pool-coincidence
dag/test/claim/extdeps_anemia_grounding_witness_test.dag	LiveTreeDisposition	test.claim.extdeps_anemia_grounding_witness	v2.std.live_tree	pool-coincidence
dag/test/claim/extdeps_anemia_grounding_witness_test.dag	std.types.FilePath	test.claim.extdeps_anemia_grounding_witness	std.types	definer-resolvable
dag/test/claim/extdeps_git_diff_name_status_witness_test.dag	GitDiffStatusEntry	test.claim.extdeps_git_diff_name_status_witness	extdeps.git	pool-coincidence
dag/test/claim/extdeps_git_diff_name_status_witness_test.dag	LiveTreeDisposition	test.claim.extdeps_git_diff_name_status_witness	v2.std.live_tree	pool-coincidence
dag/test/claim/extdeps_git_versioning_witness_test.dag	LiveTreeDisposition	test.claim.extdeps_git_versioning_witness	v2.std.live_tree	pool-coincidence
dag/test/claim/extdeps_github_errors_url_grounding_witness_test.dag	LiveTreeDisposition	test.claim.extdeps_github_errors_url_grounding_witness	v2.std.live_tree	pool-coincidence
dag/test/claim/extdeps_github_errors_url_grounding_witness_test.dag	NonEmptyStr	test.claim.extdeps_github_errors_url_grounding_witness	std.types	pool-coincidence
dag/test/claim/extdeps_llm_type_grounding_witness_test.dag	LiveTreeDisposition	test.claim.extdeps_llm_type_grounding_witness	v2.std.live_tree	pool-coincidence
dag/test/claim/extdeps_round2_grounding_witness_test.dag	LiveTreeDisposition	test.claim.extdeps_round2_grounding_witness	v2.std.live_tree	pool-coincidence
dag/test/claim/extdeps_version_semver_witness_test.dag	LiveTreeDisposition	test.claim.extdeps_version_semver	v2.std.live_tree	pool-coincidence
dag/test/claim/extdeps_version_semver_witness_test.dag	SemVerConstraint	test.claim.extdeps_version_semver	extdeps.version.semver	pool-coincidence
dag/test/claim/extdeps_version_semver_witness_test.dag	SemVerConstraint	test.claim.extdeps_version_semver	extdeps.version.semver	pool-coincidence
dag/test/claim/extdeps_version_semver_witness_test.dag	SemVerIdentity	test.claim.extdeps_version_semver	extdeps.version.semver	pool-coincidence
dag/test/claim/extdeps_version_semver_witness_test.dag	SemVerIdentity	test.claim.extdeps_version_semver	extdeps.version.semver	pool-coincidence
dag/test/claim/extdeps_version_semver_witness_test.dag	SemVerVersion	test.claim.extdeps_version_semver	extdeps.version.semver	pool-coincidence
dag/test/claim/extdeps_version_semver_witness_test.dag	SemVerVersion	test.claim.extdeps_version_semver	extdeps.version.semver	pool-coincidence
dag/test/claim/extdeps_version_semver_witness_test.dag	SemVerVersion	test.claim.extdeps_version_semver	extdeps.version.semver	pool-coincidence
dag/test/claim/extdeps_version_semver_witness_test.dag	SemVerVersion	test.claim.extdeps_version_semver	extdeps.version.semver	pool-coincidence
dag/test/claim/extdeps_version_semver_witness_test.dag	SemVerVersion	test.claim.extdeps_version_semver	extdeps.version.semver	pool-coincidence
dag/test/claim/extdeps_version_witness_test.dag	LiveTreeDisposition	test.claim.extdeps_version_base	v2.std.live_tree	pool-coincidence
dag/test/claim/extdeps_version_witness_test.dag	VersionConstraint	test.claim.extdeps_version_base	extdeps.version	pool-coincidence
dag/test/claim/extdeps_version_witness_test.dag	VersionIdentity	test.claim.extdeps_version_base	extdeps.version	pool-coincidence
dag/test/claim/extdeps_version_witness_test.dag	VersionIdentity	test.claim.extdeps_version_base	extdeps.version	pool-coincidence
dag/test/claim/extdeps_version_witness_test.dag	std.algebra.Ordering	test.claim.extdeps_version_base	std.algebra	definer-resolvable
dag/test/claim/filesystem_entry_kind_witness_test.dag	EntryKind	test.claim.filesystem_entry_kind_witness	std.filesystem.types	pool-coincidence
dag/test/claim/filesystem_entry_kind_witness_test.dag	EntryKind	test.claim.filesystem_entry_kind_witness	std.filesystem.types	pool-coincidence
dag/test/claim/filesystem_entry_kind_witness_test.dag	EntryKind	test.claim.filesystem_entry_kind_witness	std.filesystem.types	pool-coincidence
dag/test/claim/filesystem_entry_kind_witness_test.dag	LiveTreeDisposition	test.claim.filesystem_entry_kind_witness	v2.std.live_tree	pool-coincidence
dag/test/claim/filesystem_write_closure_scale_witness.dag	ResourceHandle	test.claim.filesystem_write_closure_scale_witness	std.resources	pool-coincidence
dag/test/claim/fleet_converge_apply_witness_test.dag	HostConverge	test.claim.fleet_converge_apply_witness	gunbc.host_converge	pool-coincidence
dag/test/claim/fleet_converge_apply_witness_test.dag	LiveTreeDisposition	test.claim.fleet_converge_apply_witness	v2.std.live_tree	pool-coincidence
dag/test/claim/fleet_converge_cli_witness_test.dag	LiveTreeDisposition	test.claim.fleet_converge_cli_witness	v2.std.live_tree	pool-coincidence
dag/test/claim/fleet_intent_network_witness_test.dag	LiveTreeDisposition	test.claim.fleet_intent_network	v2.std.live_tree	pool-coincidence
dag/test/claim/fleet_intent_storage_witness_test.dag	LiveTreeDisposition	test.claim.fleet_intent_storage	v2.std.live_tree	pool-coincidence
dag/test/claim/fleet_show_effective_read_witness_test.dag	LiveTreeDisposition	test.claim.fleet_show_effective_read_witness	v2.std.live_tree	pool-coincidence
dag/test/claim/fleet_show_effective_read_witness_test.dag	NonEmptyStr	test.claim.fleet_show_effective_read_witness	std.types	pool-coincidence
dag/test/claim/fleet_show_effective_read_witness_test.dag	NonEmptyStr	test.claim.fleet_show_effective_read_witness	std.types	pool-coincidence
dag/test/claim/fleet_show_effective_read_witness_test.dag	NonEmptyStr	test.claim.fleet_show_effective_read_witness	std.types	pool-coincidence
dag/test/claim/floor_skip_discovery_witness_test.dag	LiveTreeDisposition	test.claim.floor_skip_discovery_witness_test	v2.std.live_tree	pool-coincidence
dag/test/claim/gcp_oauth_access_token_witness.dag	GcpOAuth2AccessTokenStrategy	test.claim.gcp_oauth_access_token_witness	extdeps.cloud.gcp.gcp	pool-coincidence
dag/test/claim/gcp_oauth_access_token_witness.dag	std.types.FilePath	test.claim.gcp_oauth_access_token_witness	std.types	definer-resolvable
dag/test/claim/gcp_oauth_access_token_witness.dag	std.types.FilePath	test.claim.gcp_oauth_access_token_witness	std.types	definer-resolvable
dag/test/claim/gha_expression_roundtrip_test.dag	Expression	test.claim.gha_expression_roundtrip	extdeps.github.expressions	pool-coincidence
dag/test/claim/gha_expression_roundtrip_test.dag	Expression	test.claim.gha_expression_roundtrip	extdeps.github.expressions	pool-coincidence
dag/test/claim/gha_expression_roundtrip_test.dag	Expression	test.claim.gha_expression_roundtrip	extdeps.github.expressions	pool-coincidence
dag/test/claim/gha_expression_roundtrip_test.dag	Expression	test.claim.gha_expression_roundtrip	extdeps.github.expressions	pool-coincidence
dag/test/claim/gha_expression_roundtrip_test.dag	Expression	test.claim.gha_expression_roundtrip	extdeps.github.expressions	pool-coincidence
dag/test/claim/gha_expression_roundtrip_test.dag	ExpressionSpellings	test.claim.gha_expression_roundtrip	extdeps.github.expressions	pool-coincidence
dag/test/claim/gha_expression_roundtrip_test.dag	ExpressionSpellings	test.claim.gha_expression_roundtrip	extdeps.github.expressions	pool-coincidence
dag/test/claim/gha_expression_roundtrip_test.dag	ExpressionSpellings	test.claim.gha_expression_roundtrip	extdeps.github.expressions	pool-coincidence
dag/test/claim/gha_expression_roundtrip_test.dag	ExpressionSpellings	test.claim.gha_expression_roundtrip	extdeps.github.expressions	pool-coincidence
dag/test/claim/gha_expression_roundtrip_test.dag	ExpressionSpellings	test.claim.gha_expression_roundtrip	extdeps.github.expressions	pool-coincidence
dag/test/claim/gha_expression_roundtrip_test.dag	ExpressionTemplate	test.claim.gha_expression_roundtrip	extdeps.github.expressions	pool-coincidence
dag/test/claim/gha_expression_roundtrip_test.dag	LiveTreeDisposition	test.claim.gha_expression_roundtrip	v2.std.live_tree	pool-coincidence
dag/test/claim/github_checks_witness_test.dag	CheckOutput	test.claim.github_checks_witness	extdeps.github.checks	pool-coincidence
dag/test/claim/github_checks_witness_test.dag	CheckRun	test.claim.github_checks_witness	extdeps.github.checks	pool-coincidence
dag/test/claim/github_checks_witness_test.dag	CheckRun	test.claim.github_checks_witness	extdeps.github.checks	pool-coincidence
dag/test/claim/github_checks_witness_test.dag	CheckRunList	test.claim.github_checks_witness	extdeps.github.checks	pool-coincidence
dag/test/claim/github_checks_witness_test.dag	LiveTreeDisposition	test.claim.github_checks_witness	v2.std.live_tree	pool-coincidence
dag/test/claim/github_merge_state_witness_test.dag	LiveTreeDisposition	test.claim.github_merge_state_witness	v2.std.live_tree	pool-coincidence
dag/test/claim/github_merge_state_witness_test.dag	MergeStateStatus	test.claim.github_merge_state_witness	extdeps.github.merge_state	pool-coincidence
dag/test/claim/github_merge_state_witness_test.dag	MergeStateStatus	test.claim.github_merge_state_witness	extdeps.github.merge_state	pool-coincidence
dag/test/claim/github_mergeable_state_witness_test.dag	LiveTreeDisposition	test.claim.github_mergeable_state_witness	v2.std.live_tree	pool-coincidence
dag/test/claim/github_workflow_runs_witness_test.dag	LiveTreeDisposition	test.claim.github_workflow_runs_witness	v2.std.live_tree	pool-coincidence
dag/test/claim/github_workflow_runs_witness_test.dag	WorkflowRun	test.claim.github_workflow_runs_witness	extdeps.github.workflow_runs	pool-coincidence
dag/test/claim/github_workflow_runs_witness_test.dag	WorkflowRunList	test.claim.github_workflow_runs_witness	extdeps.github.workflow_runs	pool-coincidence
dag/test/claim/gitignore_gate_test.dag	LiveTreeDisposition	test.claim.gitignore_gate	v2.std.live_tree	pool-coincidence
dag/test/claim/go_module_versioning_witness_test.dag	GoMvsProperty	test.claim.go_module_versioning_witness	extdeps.languages.go.module	pool-coincidence
dag/test/claim/go_module_versioning_witness_test.dag	LiveTreeDisposition	test.claim.go_module_versioning_witness	v2.std.live_tree	pool-coincidence
dag/test/claim/grounded_principal_witness_test.dag	DeployTargetHostObservation	test.claim.grounded_principal_witness	gunbc.ci_deploy_target_host	pool-coincidence
dag/test/claim/grounded_principal_witness_test.dag	LiveTreeDisposition	test.claim.grounded_principal_witness	v2.std.live_tree	pool-coincidence
dag/test/claim/grounded_principal_witness_test.dag	NonEmptyStr	test.claim.grounded_principal_witness	std.types	pool-coincidence
dag/test/claim/grounded_principal_witness_test.dag	NonEmptyStr	test.claim.grounded_principal_witness	std.types	pool-coincidence
dag/test/claim/grounded_principal_witness_test.dag	NonEmptyStr	test.claim.grounded_principal_witness	std.types	pool-coincidence
dag/test/claim/grounded_principal_witness_test.dag	NonEmptyStr	test.claim.grounded_principal_witness	std.types	pool-coincidence
dag/test/claim/grounded_principal_witness_test.dag	NonEmptyStr	test.claim.grounded_principal_witness	std.types	pool-coincidence
dag/test/claim/grounded_principal_witness_test.dag	NonEmptyStr	test.claim.grounded_principal_witness	std.types	pool-coincidence
dag/test/claim/grounded_principal_witness_test.dag	NonEmptyStr	test.claim.grounded_principal_witness	std.types	pool-coincidence
dag/test/claim/grounded_principal_witness_test.dag	NonEmptyStr	test.claim.grounded_principal_witness	std.types	pool-coincidence
dag/test/claim/grounded_principal_witness_test.dag	NonEmptyStr	test.claim.grounded_principal_witness	std.types	pool-coincidence
dag/test/claim/gunbhub_react_browse_witness_test.dag	LiveTreeDisposition	test.claim.gunbhub_react_browse_witness	v2.std.live_tree	pool-coincidence
dag/test/claim/gunbhub_serve_witness_test.dag	LiveTreeDisposition	test.claim.gunbhub_serve_witness	v2.std.live_tree	pool-coincidence
dag/test/claim/gunbhub_serve_witness_test.dag	MarkupNode	test.claim.gunbhub_serve_witness	std.markup	pool-coincidence
dag/test/claim/hand_lens_host_bridge_scaffold_watchdog_test.dag	LiveTreeDisposition	test.claim.hand_lens_host_bridge_scaffold_watchdog	v2.std.live_tree	pool-coincidence
dag/test/claim/hardware_selection_witness_test.dag	ByteSize	test.claim.hardware_selection	std.measure	pool-coincidence
dag/test/claim/hardware_selection_witness_test.dag	CpuCandidate	test.claim.hardware_selection	product.hardware_selection	pool-coincidence
dag/test/claim/hardware_selection_witness_test.dag	CpuCandidate	test.claim.hardware_selection	product.hardware_selection	pool-coincidence
dag/test/claim/hardware_selection_witness_test.dag	CpuCandidate	test.claim.hardware_selection	product.hardware_selection	pool-coincidence
dag/test/claim/hardware_selection_witness_test.dag	CpuModelCatalogRow	test.claim.hardware_selection	extdeps.cpu.types	pool-coincidence
dag/test/claim/hardware_selection_witness_test.dag	DramModuleCatalogRow	test.claim.hardware_selection	extdeps.memory.types	pool-coincidence
dag/test/claim/hardware_selection_witness_test.dag	DramModuleCatalogRow	test.claim.hardware_selection	extdeps.memory.types	pool-coincidence
dag/test/claim/hardware_selection_witness_test.dag	DramModuleCatalogRow	test.claim.hardware_selection	extdeps.memory.types	pool-coincidence
dag/test/claim/hardware_selection_witness_test.dag	DramModuleCatalogRow	test.claim.hardware_selection	extdeps.memory.types	pool-coincidence
dag/test/claim/hardware_selection_witness_test.dag	HardwareAxes	test.claim.hardware_selection	product.hardware_selection	pool-coincidence
dag/test/claim/hardware_selection_witness_test.dag	HardwareAxes	test.claim.hardware_selection	product.hardware_selection	pool-coincidence
dag/test/claim/hardware_selection_witness_test.dag	HardwareAxes	test.claim.hardware_selection	product.hardware_selection	pool-coincidence
dag/test/claim/hardware_selection_witness_test.dag	HardwareAxes	test.claim.hardware_selection	product.hardware_selection	pool-coincidence
dag/test/claim/hardware_selection_witness_test.dag	LiveTreeDisposition	test.claim.hardware_selection	v2.std.live_tree	pool-coincidence
dag/test/claim/hardware_selection_witness_test.dag	MemoryConfig	test.claim.hardware_selection	product.hardware_selection	pool-coincidence
dag/test/claim/hardware_selection_witness_test.dag	MemoryConfig	test.claim.hardware_selection	product.hardware_selection	pool-coincidence
dag/test/claim/hardware_selection_witness_test.dag	MemoryConfig	test.claim.hardware_selection	product.hardware_selection	pool-coincidence
dag/test/claim/hardware_selection_witness_test.dag	MemoryConfig	test.claim.hardware_selection	product.hardware_selection	pool-coincidence
dag/test/claim/hardware_selection_witness_test.dag	Motherboard	test.claim.hardware_selection	product.hardware_selection	pool-coincidence
dag/test/claim/hardware_selection_witness_test.dag	Platform	test.claim.hardware_selection	product.hardware_selection	pool-coincidence
dag/test/claim/hardware_selection_witness_test.dag	PsuModel	test.claim.hardware_selection	product.hardware_selection	pool-coincidence
dag/test/claim/hardware_selection_witness_test.dag	SystemConfig	test.claim.hardware_selection	product.hardware_selection	pool-coincidence
dag/test/claim/hermetic_fixture_realization_test.dag	ContentHash	test.claim.hermetic_fixture_realization	std.types	pool-coincidence
dag/test/claim/hermetic_fixture_realization_test.dag	LiveTreeDisposition	test.claim.hermetic_fixture_realization	v2.std.live_tree	pool-coincidence
dag/test/claim/hetzner_cost_quote_witness_test.dag	LiveTreeDisposition	test.claim.hetzner_cost_quote_witness	v2.std.live_tree	pool-coincidence
dag/test/claim/hetzner_cost_quote_witness_test.dag	std.nat.Nat	test.claim.hetzner_cost_quote_witness	v2.std.nat	definer-resolvable
dag/test/claim/host_allocation_conservation_test.dag	LiveTreeDisposition	test.claim.host_allocation_conservation	v2.std.live_tree	pool-coincidence
dag/test/claim/host_build_cache_provision_design_witness_test.dag	LiveTreeDisposition	test.claim.host_build_cache_provision_design	v2.std.live_tree	pool-coincidence
dag/test/claim/host_converge_delta_witness_test.dag	ConvergeKnob	test.claim.host_converge_delta_witness	gunbc.host_converge	pool-coincidence
dag/test/claim/host_converge_delta_witness_test.dag	ConvergeKnob	test.claim.host_converge_delta_witness	gunbc.host_converge	pool-coincidence
dag/test/claim/host_converge_delta_witness_test.dag	ConvergeKnob	test.claim.host_converge_delta_witness	gunbc.host_converge	pool-coincidence
dag/test/claim/host_converge_delta_witness_test.dag	ConvergeKnobKey	test.claim.host_converge_delta_witness	gunbc.host_converge_delta	pool-coincidence
dag/test/claim/host_converge_delta_witness_test.dag	ConvergeKnobKey	test.claim.host_converge_delta_witness	gunbc.host_converge_delta	pool-coincidence
dag/test/claim/host_converge_delta_witness_test.dag	LiveTreeDisposition	test.claim.host_converge_delta_witness	v2.std.live_tree	pool-coincidence
dag/test/claim/host_converge_delta_witness_test.dag	RunnerHostDeployment	test.claim.host_converge_delta_witness	gunbc.ci_runner_placement	pool-coincidence
dag/test/claim/host_converge_realize_witness_test.dag	ConvergeKnob	test.claim.host_converge_realize_witness	gunbc.host_converge	pool-coincidence
dag/test/claim/host_converge_realize_witness_test.dag	LiveTreeDisposition	test.claim.host_converge_realize_witness	v2.std.live_tree	pool-coincidence
dag/test/claim/host_effect_apply_witness_test.dag	ConvergeDirective	test.claim.host_effect_apply_witness	gunbc.host_effect_realize	pool-coincidence
dag/test/claim/host_effect_apply_witness_test.dag	ConvergeDirective	test.claim.host_effect_apply_witness	gunbc.host_effect_realize	pool-coincidence
dag/test/claim/host_effect_apply_witness_test.dag	ConvergeDirective	test.claim.host_effect_apply_witness	gunbc.host_effect_realize	pool-coincidence
dag/test/claim/host_effect_apply_witness_test.dag	HostConverge	test.claim.host_effect_apply_witness	gunbc.host_converge	pool-coincidence
dag/test/claim/host_effect_apply_witness_test.dag	IdempotencyEvidence	test.claim.host_effect_apply_witness	std.effects	pool-coincidence
dag/test/claim/host_effect_apply_witness_test.dag	LiveTreeDisposition	test.claim.host_effect_apply_witness	v2.std.live_tree	pool-coincidence
dag/test/claim/host_effect_apply_witness_test.dag	NodeControlPlane	test.claim.host_effect_apply_witness	gunbc.host_effect	pool-coincidence
dag/test/claim/host_effect_apply_witness_test.dag	NodeControlPlane	test.claim.host_effect_apply_witness	gunbc.host_effect	pool-coincidence
dag/test/claim/host_effect_apply_witness_test.dag	NonEmptyStr	test.claim.host_effect_apply_witness	std.types	pool-coincidence
dag/test/claim/host_effect_apply_witness_test.dag	NonEmptyStr	test.claim.host_effect_apply_witness	std.types	pool-coincidence
dag/test/claim/host_hygiene_liveness_test.dag	LiveTreeDisposition	test.claim.host_hygiene_liveness	v2.std.live_tree	pool-coincidence
dag/test/claim/host_hygiene_liveness_test.dag	NonEmptyStr	test.claim.host_hygiene_liveness	std.types	pool-coincidence
dag/test/claim/host_hygiene_liveness_test.dag	NonEmptyStr	test.claim.host_hygiene_liveness	std.types	pool-coincidence
dag/test/claim/host_hygiene_liveness_test.dag	NonEmptyStr	test.claim.host_hygiene_liveness	std.types	pool-coincidence
dag/test/claim/host_hygiene_liveness_test.dag	Second	test.claim.host_hygiene_liveness	std.measure	pool-coincidence
dag/test/claim/host_hygiene_liveness_test.dag	SlotListeningObservation	test.claim.host_hygiene_liveness	gunbc.host_hygiene_liveness	pool-coincidence
dag/test/claim/host_hygiene_liveness_test.dag	SlotListeningObservation	test.claim.host_hygiene_liveness	gunbc.host_hygiene_liveness	pool-coincidence
dag/test/claim/host_hygiene_liveness_test.dag	SlotListeningObservation	test.claim.host_hygiene_liveness	gunbc.host_hygiene_liveness	pool-coincidence
dag/test/claim/host_hygiene_reaper_test.dag	LiveTreeDisposition	test.claim.host_hygiene_reaper	v2.std.live_tree	pool-coincidence
dag/test/claim/host_hygiene_reaper_test.dag	NonEmptyStr	test.claim.host_hygiene_reaper	std.types	pool-coincidence
dag/test/claim/host_hygiene_reaper_test.dag	NonEmptyStr	test.claim.host_hygiene_reaper	std.types	pool-coincidence
dag/test/claim/host_hygiene_reaper_test.dag	NonEmptyStr	test.claim.host_hygiene_reaper	std.types	pool-coincidence
dag/test/claim/host_hygiene_reaper_test.dag	NonEmptyStr	test.claim.host_hygiene_reaper	std.types	pool-coincidence
dag/test/claim/host_hygiene_reaper_test.dag	NonEmptyStr	test.claim.host_hygiene_reaper	std.types	pool-coincidence
dag/test/claim/host_hygiene_reaper_test.dag	ResidualSlotObservation	test.claim.host_hygiene_reaper	gunbc.host_hygiene_reaper	pool-coincidence
dag/test/claim/host_hygiene_reaper_test.dag	ResidualSlotObservation	test.claim.host_hygiene_reaper	gunbc.host_hygiene_reaper	pool-coincidence
dag/test/claim/host_hygiene_reaper_test.dag	ResidualSlotObservation	test.claim.host_hygiene_reaper	gunbc.host_hygiene_reaper	pool-coincidence
dag/test/claim/host_hygiene_reaper_test.dag	ResidualSlotObservation	test.claim.host_hygiene_reaper	gunbc.host_hygiene_reaper	pool-coincidence
dag/test/claim/host_hygiene_reaper_test.dag	ResidualSlotObservation	test.claim.host_hygiene_reaper	gunbc.host_hygiene_reaper	pool-coincidence
dag/test/claim/host_identity_observation_witness_test.dag	DnsLabel	test.claim.host_identity_observation_witness	extdeps.dns.domain_name	pool-coincidence
dag/test/claim/host_identity_observation_witness_test.dag	DnsLabel	test.claim.host_identity_observation_witness	extdeps.dns.domain_name	pool-coincidence
dag/test/claim/host_identity_observation_witness_test.dag	DnsLabel	test.claim.host_identity_observation_witness	extdeps.dns.domain_name	pool-coincidence
dag/test/claim/host_identity_observation_witness_test.dag	DnsLabel	test.claim.host_identity_observation_witness	extdeps.dns.domain_name	pool-coincidence
dag/test/claim/host_identity_observation_witness_test.dag	LiveTreeDisposition	test.claim.host_identity_observation_witness	v2.std.live_tree	pool-coincidence
dag/test/claim/host_identity_observation_witness_test.dag	NodeControlPlane	test.claim.host_identity_observation_witness	gunbc.host_effect	pool-coincidence
dag/test/claim/host_identity_observation_witness_test.dag	NonEmptyStr	test.claim.host_identity_observation_witness	std.types	pool-coincidence
dag/test/claim/host_standup_assimilation_deduction_witness_test.dag	LiveTreeDisposition	test.claim.host_standup_assimilation_deduction	v2.std.live_tree	pool-coincidence
dag/test/claim/host_standup_assimilation_deduction_witness_test.dag	Millisecond	test.claim.host_standup_assimilation_deduction	std.measure	pool-coincidence
dag/test/claim/host_standup_spine_witness_test.dag	HostStandupStep	test.claim.host_standup_spine	gunbc.host_standup	pool-coincidence
dag/test/claim/host_standup_spine_witness_test.dag	LiveTreeDisposition	test.claim.host_standup_spine	v2.std.live_tree	pool-coincidence
dag/test/claim/html_emit_witness_test.dag	LiveTreeDisposition	test.claim.html_emit_witness	v2.std.live_tree	pool-coincidence
dag/test/claim/html_emit_witness_test.dag	MarkupNode	test.claim.html_emit_witness	std.markup	pool-coincidence
dag/test/claim/html_emit_witness_test.dag	MarkupNode	test.claim.html_emit_witness	std.markup	pool-coincidence
dag/test/claim/html_emit_witness_test.dag	MarkupNode	test.claim.html_emit_witness	std.markup	pool-coincidence
dag/test/claim/html_emit_witness_test.dag	MarkupNode	test.claim.html_emit_witness	std.markup	pool-coincidence
dag/test/claim/html_emit_witness_test.dag	MarkupNode	test.claim.html_emit_witness	std.markup	pool-coincidence
dag/test/claim/html_markup_xss_witness_test.dag	LiveTreeDisposition	test.claim.html_markup_xss_witness	v2.std.live_tree	pool-coincidence
dag/test/claim/html_markup_xss_witness_test.dag	MarkupNode	test.claim.html_markup_xss_witness	std.markup	pool-coincidence
dag/test/claim/html_roundtrip_test.dag	LiveTreeDisposition	test.claim.html_roundtrip	v2.std.live_tree	pool-coincidence
dag/test/claim/html_roundtrip_test.dag	MarkupBracket	test.claim.html_roundtrip	std.markup	pool-coincidence
dag/test/claim/html_roundtrip_test.dag	MarkupNode	test.claim.html_roundtrip	std.markup	pool-coincidence
dag/test/claim/html_roundtrip_test.dag	MarkupNode	test.claim.html_roundtrip	std.markup	pool-coincidence
dag/test/claim/html_roundtrip_test.dag	MarkupNode	test.claim.html_roundtrip	std.markup	pool-coincidence
dag/test/claim/html_roundtrip_test.dag	MarkupNode	test.claim.html_roundtrip	std.markup	pool-coincidence
dag/test/claim/input_envelope_admission_test.dag	InputEnvelope	test.claim.input_envelope_admission	gunbc.ci_input_envelope	pool-coincidence
dag/test/claim/input_envelope_admission_test.dag	LiveTreeDisposition	test.claim.input_envelope_admission	v2.std.live_tree	pool-coincidence
dag/test/claim/interp_recorded_fixture_witness_test.dag	LiveTreeDisposition	test.claim.interp_recorded_fixture_witness_test	v2.std.live_tree	pool-coincidence
dag/test/claim/interpreter_kernel_model_witness_test.dag	LiveTreeDisposition	test.claim.interpreter_kernel_model_witness	v2.std.live_tree	pool-coincidence
dag/test/claim/jedec_ddr_generation_witness_test.dag	DramModuleCatalogRow	test.claim.jedec_ddr_generation	extdeps.memory.types	pool-coincidence
dag/test/claim/jedec_ddr_generation_witness_test.dag	DramModuleCatalogRow	test.claim.jedec_ddr_generation	extdeps.memory.types	pool-coincidence
dag/test/claim/jedec_ddr_generation_witness_test.dag	LiveTreeDisposition	test.claim.jedec_ddr_generation	v2.std.live_tree	pool-coincidence
dag/test/claim/js_site_emit_test.dag	JsSitePage	test.claim.js_site_emit	examples.js_site	pool-coincidence
dag/test/claim/js_site_emit_test.dag	LiveTreeDisposition	test.claim.js_site_emit	v2.std.live_tree	pool-coincidence
dag/test/claim/json_emit_corpus_witness.dag	ProcessExit	test.claim.json_emit_corpus_witness	std.process	pool-coincidence
dag/test/claim/json_emit_witness_test.dag	LiveTreeDisposition	test.claim.json_emit_witness	v2.std.live_tree	pool-coincidence
dag/test/claim/keyed_delta_fold_witness_test.dag	LiveTreeDisposition	test.claim.keyed_delta_fold_witness	v2.std.live_tree	pool-coincidence
dag/test/claim/layout_render_witness_test.dag	Doc	test.claim.layout_render_witness	std.layout	pool-coincidence
dag/test/claim/layout_render_witness_test.dag	Doc	test.claim.layout_render_witness	std.layout	pool-coincidence
dag/test/claim/layout_render_witness_test.dag	LayoutProtocol	test.claim.layout_render_witness	std.layout	pool-coincidence
dag/test/claim/layout_render_witness_test.dag	LayoutProtocol	test.claim.layout_render_witness	std.layout	pool-coincidence
dag/test/claim/layout_render_witness_test.dag	LiveTreeDisposition	test.claim.layout_render_witness	v2.std.live_tree	pool-coincidence
dag/test/claim/lens_verdict_witness_test.dag	LiveTreeDisposition	test.claim.lens_verdict_witness	v2.std.live_tree	pool-coincidence
dag/test/claim/lens_verdict_witness_test.dag	v2.std.lens_verdict.LensVerdict	test.claim.lens_verdict_witness	v2.std.lens_verdict	definer-resolvable
dag/test/claim/lens_verdict_witness_test.dag	v2.std.lens_verdict.LensVerdict	test.claim.lens_verdict_witness	v2.std.lens_verdict	definer-resolvable
dag/test/claim/lens_verdict_witness_test.dag	v2.std.lens_verdict.LensVerdict	test.claim.lens_verdict_witness	v2.std.lens_verdict	definer-resolvable
dag/test/claim/live_deploy/emit_test.dag	NonEmptyStr	test.claim.live_deploy.emit	std.types	listed-import
dag/test/claim/live_deploy/emit_test.dag	NonEmptyStr	test.claim.live_deploy.emit	std.types	listed-import
dag/test/claim/long/import_closure_live_test.dag	LiveTreeDisposition	test.claim.long.import_closure_live	v2.std.live_tree	pool-coincidence
dag/test/claim/long/inert_lens_hygiene_witness_test.dag	LiveTreeDisposition	test.claim.long.inert_lens_hygiene_witness	v2.std.live_tree	pool-coincidence
dag/test/claim/long/reference_closure_equivalence_test.dag	Disposition	test.claim.long.reference_closure_equivalence	std.disposition	pool-coincidence
dag/test/claim/map_lookup_dual_dispatch_witness_test.dag	LiveTreeDisposition	test.claim.map_lookup_dual_dispatch_witness_test	v2.std.live_tree	pool-coincidence
dag/test/claim/markdown_inline_render_test.dag	LiveTreeDisposition	test.claim.markdown_inline_render	v2.std.live_tree	pool-coincidence
dag/test/claim/markdown_inline_render_test.dag	MarkupNode	test.claim.markdown_inline_render	std.markup	pool-coincidence
dag/test/claim/markdown_markup_xss_witness_test.dag	LiveTreeDisposition	test.claim.markdown_markup_xss_witness	v2.std.live_tree	pool-coincidence
dag/test/claim/markdown_markup_xss_witness_test.dag	MarkdownDocument	test.claim.markdown_markup_xss_witness	std.markdown	pool-coincidence
dag/test/claim/markdown_markup_xss_witness_test.dag	MarkdownDocument	test.claim.markdown_markup_xss_witness	std.markdown	pool-coincidence
dag/test/claim/markdown_markup_xss_witness_test.dag	MarkdownDocument	test.claim.markdown_markup_xss_witness	std.markdown	pool-coincidence
dag/test/claim/markdown_roundtrip_test.dag	LiveTreeDisposition	test.claim.markdown_roundtrip	v2.std.live_tree	pool-coincidence
dag/test/claim/markdown_roundtrip_test.dag	MarkdownDocument	test.claim.markdown_roundtrip	std.markdown	pool-coincidence
dag/test/claim/markdown_roundtrip_test.dag	MarkdownDocument	test.claim.markdown_roundtrip	std.markdown	pool-coincidence
dag/test/claim/markdown_roundtrip_test.dag	MarkdownSpellings	test.claim.markdown_roundtrip	extdeps.languages.markdown	pool-coincidence
dag/test/claim/markdown_roundtrip_test.dag	MarkdownSpellings	test.claim.markdown_roundtrip	extdeps.languages.markdown	pool-coincidence
dag/test/claim/markdown_roundtrip_test.dag	MarkdownSpellings	test.claim.markdown_roundtrip	extdeps.languages.markdown	pool-coincidence
dag/test/claim/markdown_source_emit_test.dag	LiveTreeDisposition	test.claim.markdown_source_emit	v2.std.live_tree	pool-coincidence
dag/test/claim/markdown_source_emit_test.dag	MarkdownDocument	test.claim.markdown_source_emit	std.markdown	pool-coincidence
dag/test/claim/markdown_source_emit_test.dag	MarkdownDocument	test.claim.markdown_source_emit	std.markdown	pool-coincidence
dag/test/claim/markdown_source_emit_test.dag	MarkdownDocument	test.claim.markdown_source_emit	std.markdown	pool-coincidence
dag/test/claim/markdown_source_emit_test.dag	MarkdownSpellings	test.claim.markdown_source_emit	extdeps.languages.markdown	pool-coincidence
dag/test/claim/markup_medium_convergence_test.dag	LiveTreeDisposition	test.claim.markup_medium_convergence	v2.std.live_tree	pool-coincidence
dag/test/claim/markup_medium_convergence_test.dag	MarkdownDocument	test.claim.markup_medium_convergence	std.markdown	pool-coincidence
dag/test/claim/markup_medium_convergence_test.dag	MarkdownDocument	test.claim.markup_medium_convergence	std.markdown	pool-coincidence
dag/test/claim/markup_medium_convergence_test.dag	MarkupMedium	test.claim.markup_medium_convergence	std.markup	pool-coincidence
dag/test/claim/markup_medium_convergence_test.dag	MarkupMedium	test.claim.markup_medium_convergence	std.markup	pool-coincidence
dag/test/claim/markup_medium_convergence_test.dag	MarkupMedium	test.claim.markup_medium_convergence	std.markup	pool-coincidence
dag/test/claim/markup_medium_convergence_test.dag	MarkupNode	test.claim.markup_medium_convergence	std.markup	pool-coincidence
dag/test/claim/markup_medium_convergence_test.dag	MarkupNode	test.claim.markup_medium_convergence	std.markup	pool-coincidence
dag/test/claim/markup_medium_convergence_test.dag	MarkupNode	test.claim.markup_medium_convergence	std.markup	pool-coincidence
dag/test/claim/markup_serializer_witness_test.dag	Fragment	test.claim.markup_serializer_witness	std.markup	pool-coincidence
dag/test/claim/markup_serializer_witness_test.dag	Fragment	test.claim.markup_serializer_witness	std.markup	pool-coincidence
dag/test/claim/markup_serializer_witness_test.dag	Fragment	test.claim.markup_serializer_witness	std.markup	pool-coincidence
dag/test/claim/markup_serializer_witness_test.dag	Fragment	test.claim.markup_serializer_witness	std.markup	pool-coincidence
dag/test/claim/markup_serializer_witness_test.dag	LiveTreeDisposition	test.claim.markup_serializer_witness	v2.std.live_tree	pool-coincidence
dag/test/claim/materialization_ladder_witness_test.dag	AccessMode	test.claim.materialization_ladder_witness	std.materialization_ladder	pool-coincidence
dag/test/claim/materialization_ladder_witness_test.dag	CacheProvider	test.claim.materialization_ladder_witness	std.materialization_ladder	pool-coincidence
dag/test/claim/materialization_ladder_witness_test.dag	CacheProvider	test.claim.materialization_ladder_witness	std.materialization_ladder	pool-coincidence
dag/test/claim/materialization_ladder_witness_test.dag	CacheProvider	test.claim.materialization_ladder_witness	std.materialization_ladder	pool-coincidence
dag/test/claim/materialization_ladder_witness_test.dag	CacheProvider	test.claim.materialization_ladder_witness	std.materialization_ladder	pool-coincidence
dag/test/claim/materialization_ladder_witness_test.dag	DemandNature	test.claim.materialization_ladder_witness	std.materialization_ladder	pool-coincidence
dag/test/claim/materialization_ladder_witness_test.dag	FrameDemand	test.claim.materialization_ladder_witness	std.materialization_ladder	pool-coincidence
dag/test/claim/materialization_ladder_witness_test.dag	FrameDemand	test.claim.materialization_ladder_witness	std.materialization_ladder	pool-coincidence
dag/test/claim/materialization_ladder_witness_test.dag	FrameDemand	test.claim.materialization_ladder_witness	std.materialization_ladder	pool-coincidence
dag/test/claim/materialization_ladder_witness_test.dag	FrameDemand	test.claim.materialization_ladder_witness	std.materialization_ladder	pool-coincidence
dag/test/claim/materialization_ladder_witness_test.dag	FrameDemand	test.claim.materialization_ladder_witness	std.materialization_ladder	pool-coincidence
dag/test/claim/materialization_ladder_witness_test.dag	FrameDemand	test.claim.materialization_ladder_witness	std.materialization_ladder	pool-coincidence
dag/test/claim/materialization_ladder_witness_test.dag	FrameDemand	test.claim.materialization_ladder_witness	std.materialization_ladder	pool-coincidence
dag/test/claim/materialization_ladder_witness_test.dag	FrameDemand	test.claim.materialization_ladder_witness	std.materialization_ladder	pool-coincidence
dag/test/claim/materialization_ladder_witness_test.dag	LadderVerdict	test.claim.materialization_ladder_witness	std.materialization_ladder	pool-coincidence
dag/test/claim/materialization_ladder_witness_test.dag	LiveTreeDisposition	test.claim.materialization_ladder_witness	v2.std.live_tree	pool-coincidence
dag/test/claim/materialization_ladder_witness_test.dag	ValueConsumerEdge	test.claim.materialization_ladder_witness	std.materialization_ladder	pool-coincidence
dag/test/claim/materialization_ladder_witness_test.dag	ValueConsumerEdge	test.claim.materialization_ladder_witness	std.materialization_ladder	pool-coincidence
dag/test/claim/materialization_ladder_witness_test.dag	ValueUsage	test.claim.materialization_ladder_witness	std.materialization_ladder	pool-coincidence
dag/test/claim/materialization_ladder_witness_test.dag	std.materialization_ladder.Frame	test.claim.materialization_ladder_witness	std.materialization_ladder	definer-resolvable
dag/test/claim/materialization_ladder_witness_test.dag	std.materialization_ladder.Frame	test.claim.materialization_ladder_witness	std.materialization_ladder	definer-resolvable
dag/test/claim/materialization_ladder_witness_test.dag	std.materialization_ladder.Frame	test.claim.materialization_ladder_witness	std.materialization_ladder	definer-resolvable
dag/test/claim/materialization_ladder_witness_test.dag	std.materialization_ladder.Frame	test.claim.materialization_ladder_witness	std.materialization_ladder	definer-resolvable
dag/test/claim/materialization_ladder_witness_test.dag	std.materialization_ladder.Frame	test.claim.materialization_ladder_witness	std.materialization_ladder	definer-resolvable
dag/test/claim/materialization_ladder_witness_test.dag	std.materialization_ladder.Frame	test.claim.materialization_ladder_witness	std.materialization_ladder	definer-resolvable
dag/test/claim/measure_lifted_algebra_test.dag	LiveTreeDisposition	test.claim.measure_lifted_algebra	v2.std.live_tree	pool-coincidence
dag/test/claim/measure_magnitude_carrier_test.dag	ElectricPotential	test.claim.measure_magnitude_carrier		pool-coincidence
dag/test/claim/measure_magnitude_carrier_test.dag	ElectricPotential	test.claim.measure_magnitude_carrier		pool-coincidence
dag/test/claim/measure_magnitude_carrier_test.dag	LiveTreeDisposition	test.claim.measure_magnitude_carrier	v2.std.live_tree	pool-coincidence
dag/test/claim/measure_magnitude_carrier_test.dag	Micro	test.claim.measure_magnitude_carrier		pool-coincidence
dag/test/claim/measure_magnitude_carrier_test.dag	Micro	test.claim.measure_magnitude_carrier		pool-coincidence
dag/test/claim/medium_fidelity_witness_test.dag	DecodeFidelity	test.claim.medium_fidelity	extdeps.communication.medium	pool-coincidence
dag/test/claim/medium_fidelity_witness_test.dag	LiveTreeDisposition	test.claim.medium_fidelity	v2.std.live_tree	pool-coincidence
dag/test/claim/memory_scale_factor_derivation_test.dag	LiveTreeDisposition	test.claim.memory_scale_factor_derivation	v2.std.live_tree	pool-coincidence
dag/test/claim/memory_scale_factor_derivation_test.dag	Scale	test.claim.memory_scale_factor_derivation	std.measure	pool-coincidence
dag/test/claim/memory_scale_factor_derivation_test.dag	std.nat.Nat	test.claim.memory_scale_factor_derivation	v2.std.nat	definer-resolvable
dag/test/claim/merge_admission_actuator_witness_test.dag	ContentHash	test.claim.merge_admission_actuator_witness	std.types	pool-coincidence
dag/test/claim/merge_admission_actuator_witness_test.dag	ContentHash	test.claim.merge_admission_actuator_witness	std.types	pool-coincidence
dag/test/claim/merge_admission_actuator_witness_test.dag	ContentHash	test.claim.merge_admission_actuator_witness	std.types	pool-coincidence
dag/test/claim/merge_admission_actuator_witness_test.dag	ContentHash	test.claim.merge_admission_actuator_witness	std.types	pool-coincidence
dag/test/claim/merge_admission_actuator_witness_test.dag	LiveTreeDisposition	test.claim.merge_admission_actuator_witness	v2.std.live_tree	pool-coincidence
dag/test/claim/merge_admission_actuator_witness_test.dag	MergeAdmissionReceipt	test.claim.merge_admission_actuator_witness	gunbc.merge_admission	pool-coincidence
dag/test/claim/merge_admission_deployed_gate_control_test.dag	ContentHash	test.claim.merge_admission_deployed_gate_control	std.types	pool-coincidence
dag/test/claim/merge_admission_deployed_gate_control_test.dag	ContentHash	test.claim.merge_admission_deployed_gate_control	std.types	pool-coincidence
dag/test/claim/merge_admission_deployed_gate_control_test.dag	ContentHash	test.claim.merge_admission_deployed_gate_control	std.types	pool-coincidence
dag/test/claim/merge_admission_deployed_gate_control_test.dag	LiveTreeDisposition	test.claim.merge_admission_deployed_gate_control	v2.std.live_tree	pool-coincidence
dag/test/claim/merge_admission_deployed_gate_control_test.dag	MergeAdmissionReceipt	test.claim.merge_admission_deployed_gate_control	gunbc.merge_admission	pool-coincidence
dag/test/claim/merge_admission_enforcement_witness_test.dag	ContentHash	test.claim.merge_admission_enforcement_witness	std.types	pool-coincidence
dag/test/claim/merge_admission_enforcement_witness_test.dag	ContentHash	test.claim.merge_admission_enforcement_witness	std.types	pool-coincidence
dag/test/claim/merge_admission_enforcement_witness_test.dag	ContentHash	test.claim.merge_admission_enforcement_witness	std.types	pool-coincidence
dag/test/claim/merge_admission_enforcement_witness_test.dag	ContentHash	test.claim.merge_admission_enforcement_witness	std.types	pool-coincidence
dag/test/claim/merge_admission_enforcement_witness_test.dag	LiveTreeDisposition	test.claim.merge_admission_enforcement_witness	v2.std.live_tree	pool-coincidence
dag/test/claim/merge_admission_enforcement_witness_test.dag	MergeAdmissionReceipt	test.claim.merge_admission_enforcement_witness	gunbc.merge_admission	pool-coincidence
dag/test/claim/merge_admission_enforcement_witness_test.dag	MergeAdmissionReceipt	test.claim.merge_admission_enforcement_witness	gunbc.merge_admission	pool-coincidence
dag/test/claim/merge_admission_enforcement_witness_test.dag	MergeAdmissionReceipt	test.claim.merge_admission_enforcement_witness	gunbc.merge_admission	pool-coincidence
dag/test/claim/merge_admission_enforcement_witness_test.dag	MergeAdmissionReceipt	test.claim.merge_admission_enforcement_witness	gunbc.merge_admission	pool-coincidence
dag/test/claim/merge_admission_producer_witness_test.dag	ContentHash	test.claim.merge_admission_producer_witness	std.types	pool-coincidence
dag/test/claim/merge_admission_producer_witness_test.dag	ContentHash	test.claim.merge_admission_producer_witness	std.types	pool-coincidence
dag/test/claim/merge_admission_producer_witness_test.dag	LiveTreeDisposition	test.claim.merge_admission_producer_witness	v2.std.live_tree	pool-coincidence
dag/test/claim/merge_admission_producer_witness_test.dag	MergeAdmissionReceipt	test.claim.merge_admission_producer_witness	gunbc.merge_admission	pool-coincidence
dag/test/claim/merge_admission_producer_witness_test.dag	MergeAdmissionReceipt	test.claim.merge_admission_producer_witness	gunbc.merge_admission	pool-coincidence
dag/test/claim/merge_admission_witness_test.dag	AdmissionPolicy	test.claim.merge_admission_witness	gunbc.merge_admission	pool-coincidence
dag/test/claim/merge_admission_witness_test.dag	AdmissionPolicy	test.claim.merge_admission_witness	gunbc.merge_admission	pool-coincidence
dag/test/claim/merge_admission_witness_test.dag	CommitCheckEnrollment	test.claim.merge_admission_witness	gunbc.commit_workflow	pool-coincidence
dag/test/claim/merge_admission_witness_test.dag	ContentHash	test.claim.merge_admission_witness	std.types	pool-coincidence
dag/test/claim/merge_admission_witness_test.dag	ContentHash	test.claim.merge_admission_witness	std.types	pool-coincidence
dag/test/claim/merge_admission_witness_test.dag	ContentHash	test.claim.merge_admission_witness	std.types	pool-coincidence
dag/test/claim/merge_admission_witness_test.dag	ContentHash	test.claim.merge_admission_witness	std.types	pool-coincidence
dag/test/claim/merge_admission_witness_test.dag	LiveTreeDisposition	test.claim.merge_admission_witness	v2.std.live_tree	pool-coincidence
dag/test/claim/merge_admission_witness_test.dag	MergeAdmissionReceipt	test.claim.merge_admission_witness	gunbc.merge_admission	pool-coincidence
dag/test/claim/module_graph/conformance_imports_only.dag	Symbol	test.claim.module_graph.conformance_imports_only	v2.std.node	pool-coincidence
dag/test/claim/module_graph/conformance_imports_only.dag	Symbol	test.claim.module_graph.conformance_imports_only	v2.std.node	pool-coincidence
dag/test/claim/module_graph/conformance_imports_only.dag	Symbol	test.claim.module_graph.conformance_imports_only	v2.std.node	pool-coincidence
dag/test/claim/module_graph/conformance_imports_only.dag	Symbol	test.claim.module_graph.conformance_imports_only	v2.std.node	pool-coincidence
dag/test/claim/nbd_proxy_endpoint_witness_test.dag	LiveTreeDisposition	test.claim.nbd_proxy_endpoint	v2.std.live_tree	pool-coincidence
dag/test/claim/nbd_proxy_serve_transport_witness_test.dag	LiveTreeDisposition	test.claim.nbd_proxy_serve_transport	v2.std.live_tree	pool-coincidence
dag/test/claim/nbd_proxy_serve_transport_witness_test.dag	NonEmptyStr	test.claim.nbd_proxy_serve_transport	std.types	pool-coincidence
dag/test/claim/nbd_proxy_serve_transport_witness_test.dag	NonEmptyStr	test.claim.nbd_proxy_serve_transport	std.types	pool-coincidence
dag/test/claim/nbd_proxy_virtual_media_install_witness_test.dag	LiveTreeDisposition	test.claim.nbd_proxy_virtual_media_install	v2.std.live_tree	pool-coincidence
dag/test/claim/node_http_server_emit_test.dag	LiveTreeDisposition	test.claim.node_http_server_emit	v2.std.live_tree	pool-coincidence
dag/test/claim/non_fold_residue_witness_test.dag	LiveTreeDisposition	test.claim.non_fold_residue_witness	v2.std.live_tree	pool-coincidence
dag/test/claim/observability_channel_routing_witness_test.dag	LiveTreeDisposition	test.claim.observability_channel_routing	v2.std.live_tree	pool-coincidence
dag/test/claim/oomd_install_grounding_witness_test.dag	LiveTreeDisposition	test.claim.oomd_install_grounding_witness	v2.std.live_tree	pool-coincidence
dag/test/claim/oomd_install_grounding_witness_test.dag	OomdEffectiveRead	test.claim.oomd_install_grounding_witness	gunbc.oomd_install	pool-coincidence
dag/test/claim/oomd_install_grounding_witness_test.dag	OomdEffectiveRead	test.claim.oomd_install_grounding_witness	gunbc.oomd_install	pool-coincidence
dag/test/claim/oomd_install_grounding_witness_test.dag	OomdEffectiveRead	test.claim.oomd_install_grounding_witness	gunbc.oomd_install	pool-coincidence
dag/test/claim/oomd_install_grounding_witness_test.dag	OomdEffectiveRead	test.claim.oomd_install_grounding_witness	gunbc.oomd_install	pool-coincidence
dag/test/claim/oomd_install_grounding_witness_test.dag	OomdEffectiveRead	test.claim.oomd_install_grounding_witness	gunbc.oomd_install	pool-coincidence
dag/test/claim/oomd_install_grounding_witness_test.dag	OomdEffectiveRead	test.claim.oomd_install_grounding_witness	gunbc.oomd_install	pool-coincidence
dag/test/claim/oomd_install_grounding_witness_test.dag	OomdEffectiveRead	test.claim.oomd_install_grounding_witness	gunbc.oomd_install	pool-coincidence
dag/test/claim/oomd_install_grounding_witness_test.dag	OomdEffectiveRead	test.claim.oomd_install_grounding_witness	gunbc.oomd_install	pool-coincidence
dag/test/claim/oomd_install_grounding_witness_test.dag	OomdEffectiveRead	test.claim.oomd_install_grounding_witness	gunbc.oomd_install	pool-coincidence
dag/test/claim/oomd_install_grounding_witness_test.dag	OomdEffectiveRead	test.claim.oomd_install_grounding_witness	gunbc.oomd_install	pool-coincidence
dag/test/claim/oomd_install_grounding_witness_test.dag	OomdEffectiveRead	test.claim.oomd_install_grounding_witness	gunbc.oomd_install	pool-coincidence
dag/test/claim/oomd_install_grounding_witness_test.dag	OomdEffectiveRead	test.claim.oomd_install_grounding_witness	gunbc.oomd_install	pool-coincidence
dag/test/claim/oomd_install_grounding_witness_test.dag	OomdEffectiveRead	test.claim.oomd_install_grounding_witness	gunbc.oomd_install	pool-coincidence
dag/test/claim/oomd_install_grounding_witness_test.dag	OomdEffectiveRead	test.claim.oomd_install_grounding_witness	gunbc.oomd_install	pool-coincidence
dag/test/claim/oomd_install_grounding_witness_test.dag	OomdEffectiveRead	test.claim.oomd_install_grounding_witness	gunbc.oomd_install	pool-coincidence
dag/test/claim/oomd_install_grounding_witness_test.dag	OomdEnforcementEvidence	test.claim.oomd_install_grounding_witness	gunbc.ci_floor_measurement	pool-coincidence
dag/test/claim/oomd_install_grounding_witness_test.dag	OomdEnforcementEvidence	test.claim.oomd_install_grounding_witness	gunbc.ci_floor_measurement	pool-coincidence
dag/test/claim/oomd_install_grounding_witness_test.dag	OomdGroundingThresholds	test.claim.oomd_install_grounding_witness	gunbc.oomd_install	pool-coincidence
dag/test/claim/oomd_install_grounding_witness_test.dag	OomdGroundingThresholds	test.claim.oomd_install_grounding_witness	gunbc.oomd_install	pool-coincidence
dag/test/claim/oomd_install_grounding_witness_test.dag	SliceMembershipSignal	test.claim.oomd_install_grounding_witness	gunbc.oomd_install	pool-coincidence
dag/test/claim/oomd_install_grounding_witness_test.dag	SliceMembershipSignal	test.claim.oomd_install_grounding_witness	gunbc.oomd_install	pool-coincidence
dag/test/claim/oomd_install_grounding_witness_test.dag	SliceMembershipSignal	test.claim.oomd_install_grounding_witness	gunbc.oomd_install	pool-coincidence
dag/test/claim/oomd_install_grounding_witness_test.dag	SliceMembershipSignal	test.claim.oomd_install_grounding_witness	gunbc.oomd_install	pool-coincidence
dag/test/claim/oomd_install_grounding_witness_test.dag	SliceMembershipSignal	test.claim.oomd_install_grounding_witness	gunbc.oomd_install	pool-coincidence
dag/test/claim/os_free_witness_test.dag	LiveTreeDisposition	test.claim.os_free_witness	v2.std.live_tree	pool-coincidence
dag/test/claim/os_install_actuator_selection_witness_test.dag	LiveTreeDisposition	test.claim.os_install_actuator_selection	v2.std.live_tree	pool-coincidence
dag/test/claim/os_install_actuator_toolchain_grant_witness_test.dag	LiveTreeDisposition	test.claim.os_install_actuator_toolchain_grant	v2.std.live_tree	pool-coincidence
dag/test/claim/os_install_deduction_witness_test.dag	LiveTreeDisposition	test.claim.os_install_deduction	v2.std.live_tree	pool-coincidence
dag/test/claim/os_install_deduction_witness_test.dag	NonEmptyStr	test.claim.os_install_deduction	std.types	pool-coincidence
dag/test/claim/os_install_deduction_witness_test.dag	NonEmptyStr	test.claim.os_install_deduction	std.types	pool-coincidence
dag/test/claim/os_install_deduction_witness_test.dag	NonEmptyStr	test.claim.os_install_deduction	std.types	pool-coincidence
dag/test/claim/os_install_deduction_witness_test.dag	UbuntuAutoinstallPayload	test.claim.os_install_deduction	extdeps.os.ubuntu_autoinstall	pool-coincidence
dag/test/claim/os_install_deduction_witness_test.dag	UbuntuAutoinstallPayload	test.claim.os_install_deduction	extdeps.os.ubuntu_autoinstall	pool-coincidence
dag/test/claim/os_proc_meminfo_witness_test.dag	LiveTreeDisposition	test.claim.os_proc_meminfo_witness	v2.std.live_tree	pool-coincidence
dag/test/claim/os_proc_meminfo_witness_test.dag	NonEmptyStr	test.claim.os_proc_meminfo_witness	std.types	pool-coincidence
dag/test/claim/output_policy_witness_test.dag	ExpectedOutcome	test.claim.output_policy_witness	gunbc.output_policy	pool-coincidence
dag/test/claim/output_policy_witness_test.dag	LiveTreeDisposition	test.claim.output_policy_witness	v2.std.live_tree	pool-coincidence
dag/test/claim/output_policy_witness_test.dag	ObservedOutcome	test.claim.output_policy_witness	gunbc.output_policy	pool-coincidence
dag/test/claim/output_policy_witness_test.dag	OutputDecision	test.claim.output_policy_witness	gunbc.output_policy	pool-coincidence
dag/test/claim/output_policy_witness_test.dag	StreamDisposition	test.claim.output_policy_witness	gunbc.output_policy	pool-coincidence
dag/test/claim/output_policy_witness_test.dag	StreamDisposition	test.claim.output_policy_witness	gunbc.output_policy	pool-coincidence
dag/test/claim/output_policy_witness_test.dag	StreamDisposition	test.claim.output_policy_witness	gunbc.output_policy	pool-coincidence
dag/test/claim/output_policy_witness_test.dag	Verbosity	test.claim.output_policy_witness	gunbc.output_policy	pool-coincidence
dag/test/claim/output_policy_witness_test.dag	Verbosity	test.claim.output_policy_witness	gunbc.output_policy	pool-coincidence
dag/test/claim/output_policy_witness_test.dag	Verbosity	test.claim.output_policy_witness	gunbc.output_policy	pool-coincidence
dag/test/claim/output_policy_witness_test.dag	Verbosity	test.claim.output_policy_witness	gunbc.output_policy	pool-coincidence
dag/test/claim/pareto_dominance_witness_test.dag	AxisComparison	test.claim.pareto_dominance	std.pareto	pool-coincidence
dag/test/claim/pareto_dominance_witness_test.dag	DominanceVerdict	test.claim.pareto_dominance	std.pareto	pool-coincidence
dag/test/claim/pareto_dominance_witness_test.dag	LiveTreeDisposition	test.claim.pareto_dominance	v2.std.live_tree	pool-coincidence
dag/test/claim/parse_test.dag	LiveTreeDisposition	test.claim.parse_test	v2.std.live_tree	pool-coincidence
dag/test/claim/perturbation_kernel_test.dag	LiveTreeDisposition	test.claim.perturbation_kernel	v2.std.live_tree	pool-coincidence
dag/test/claim/perturbation_kernel_test.dag	PerturbationReading	test.claim.perturbation_kernel	std.perturbation	pool-coincidence
dag/test/claim/plan_lens_witness_test.dag	LiveTreeDisposition	test.claim.plan_lens_witness	v2.std.live_tree	pool-coincidence
dag/test/claim/plan_lens_witness_test.dag	Plan	test.claim.plan_lens_witness	gunbc.plan	pool-coincidence
dag/test/claim/plan_lens_witness_test.dag	Plan	test.claim.plan_lens_witness	gunbc.plan	pool-coincidence
dag/test/claim/plan_lens_witness_test.dag	Plan	test.claim.plan_lens_witness	gunbc.plan	pool-coincidence
dag/test/claim/plan_lens_witness_test.dag	Plan	test.claim.plan_lens_witness	gunbc.plan	pool-coincidence
dag/test/claim/power_watt_witness_test.dag	LiveTreeDisposition	test.claim.power_watt	v2.std.live_tree	pool-coincidence
dag/test/claim/power_watt_witness_test.dag	Watt	test.claim.power_watt	std.measure	pool-coincidence
dag/test/claim/power_watt_witness_test.dag	Watt	test.claim.power_watt	std.measure	pool-coincidence
dag/test/claim/power_watt_witness_test.dag	Watt	test.claim.power_watt	std.measure	pool-coincidence
dag/test/claim/python_pep440_version_witness_test.dag	LiveTreeDisposition	test.claim.python_pep440_version_witness	v2.std.live_tree	pool-coincidence
dag/test/claim/python_pep440_version_witness_test.dag	Pep440ReleaseSegments	test.claim.python_pep440_version_witness	extdeps.version.pep440	pool-coincidence
dag/test/claim/python_pep440_version_witness_test.dag	Pep440ReleaseSegments	test.claim.python_pep440_version_witness	extdeps.version.pep440	pool-coincidence
dag/test/claim/python_pep440_version_witness_test.dag	Pep440ReleaseSegments	test.claim.python_pep440_version_witness	extdeps.version.pep440	pool-coincidence
dag/test/claim/python_pep440_version_witness_test.dag	Pep440ReleaseSegments	test.claim.python_pep440_version_witness	extdeps.version.pep440	pool-coincidence
dag/test/claim/python_pep440_version_witness_test.dag	Pep440Version	test.claim.python_pep440_version_witness	extdeps.version.pep440	pool-coincidence
dag/test/claim/python_pep440_version_witness_test.dag	Pep440Version	test.claim.python_pep440_version_witness	extdeps.version.pep440	pool-coincidence
dag/test/claim/python_pep440_version_witness_test.dag	Pep440Version	test.claim.python_pep440_version_witness	extdeps.version.pep440	pool-coincidence
dag/test/claim/python_pep440_version_witness_test.dag	Pep440Version	test.claim.python_pep440_version_witness	extdeps.version.pep440	pool-coincidence
dag/test/claim/python_pep440_version_witness_test.dag	Pep440Version	test.claim.python_pep440_version_witness	extdeps.version.pep440	pool-coincidence
dag/test/claim/python_pep440_version_witness_test.dag	Pep440Version	test.claim.python_pep440_version_witness	extdeps.version.pep440	pool-coincidence
dag/test/claim/random_bytes_csprng_witness_test.dag	LiveTreeDisposition	test.claim.random_bytes_csprng_witness	v2.std.live_tree	pool-coincidence
dag/test/claim/random_bytes_csprng_witness_test.dag	std.integer.UInt8	test.claim.random_bytes_csprng_witness	v2.std.integer	definer-resolvable
dag/test/claim/react_jsx_emit_test.dag	LiveTreeDisposition	test.claim.react_jsx_emit	v2.std.live_tree	pool-coincidence
dag/test/claim/realization_reconcile_witness_test.dag	LiveTreeDisposition	test.claim.realization_reconcile_witness	v2.std.live_tree	pool-coincidence
dag/test/claim/realization_reconcile_witness_test.dag	Materialization	test.claim.realization_reconcile_witness	std.realization	pool-coincidence
dag/test/claim/realization_reconcile_witness_test.dag	RealizedStep	test.claim.realization_reconcile_witness	std.realization	pool-coincidence
dag/test/claim/realization_reconcile_witness_test.dag	RealizedStep	test.claim.realization_reconcile_witness	std.realization	pool-coincidence
dag/test/claim/realization_scale_agnostic_test.dag	LiveTreeDisposition	test.claim.realization_scale_agnostic	v2.std.live_tree	pool-coincidence
dag/test/claim/realization_scale_agnostic_test.dag	Milli	test.claim.realization_scale_agnostic		pool-coincidence
dag/test/claim/realization_scale_agnostic_test.dag	Time	test.claim.realization_scale_agnostic		pool-coincidence
dag/test/claim/realization_scale_agnostic_test.dag	std.nat.Nat	test.claim.realization_scale_agnostic	v2.std.nat	definer-resolvable
dag/test/claim/realization_scale_agnostic_test.dag	std.nat.Nat	test.claim.realization_scale_agnostic	v2.std.nat	definer-resolvable
dag/test/claim/realization_schedule_critical_path_test.dag	LiveTreeDisposition	test.claim.realization_schedule_critical_path	v2.std.live_tree	pool-coincidence
dag/test/claim/realization_schedule_witness_test.dag	ContentHash	test.claim.realization_schedule_witness	std.types	pool-coincidence
dag/test/claim/realization_schedule_witness_test.dag	LiveTreeDisposition	test.claim.realization_schedule_witness	v2.std.live_tree	pool-coincidence
dag/test/claim/realization_schedule_witness_test.dag	RealizationPlan	test.claim.realization_schedule_witness	std.realization_schedule	pool-coincidence
dag/test/claim/realization_schedule_witness_test.dag	Runnable	test.claim.realization_schedule_witness	std.realization_schedule	pool-coincidence
dag/test/claim/realization_schedule_witness_test.dag	Runnable	test.claim.realization_schedule_witness	std.realization_schedule	pool-coincidence
dag/test/claim/realization_schedule_witness_test.dag	Runnable	test.claim.realization_schedule_witness	std.realization_schedule	pool-coincidence
dag/test/claim/realization_width_witness_test.dag	HardwareThreadCount	test.claim.realization_width_witness	std.measure	pool-coincidence
dag/test/claim/realization_width_witness_test.dag	HardwareThreadCount	test.claim.realization_width_witness	std.measure	pool-coincidence
dag/test/claim/realization_width_witness_test.dag	LiveTreeDisposition	test.claim.realization_width_witness	v2.std.live_tree	pool-coincidence
dag/test/claim/realization_width_witness_test.dag	Nano	test.claim.realization_width_witness		pool-coincidence
dag/test/claim/realization_width_witness_test.dag	Nano	test.claim.realization_width_witness		pool-coincidence
dag/test/claim/realization_witness_test.dag	LiveTreeDisposition	test.claim.realization_witness	v2.std.live_tree	pool-coincidence
dag/test/claim/realize_kernel_test.dag	CacheInterfaceId	test.claim.realize_kernel	std.cache_identity	pool-coincidence
dag/test/claim/realize_kernel_test.dag	ContentHash	test.claim.realize_kernel	std.types	pool-coincidence
dag/test/claim/realize_kernel_test.dag	ContentHash	test.claim.realize_kernel	std.types	pool-coincidence
dag/test/claim/realize_kernel_test.dag	ContentHash	test.claim.realize_kernel	std.types	pool-coincidence
dag/test/claim/realize_kernel_test.dag	ContentHash	test.claim.realize_kernel	std.types	pool-coincidence
dag/test/claim/realize_kernel_test.dag	ContentHash	test.claim.realize_kernel	std.types	pool-coincidence
dag/test/claim/realize_kernel_test.dag	ExecutionReceiptDigest	test.claim.realize_kernel	std.cache_identity	pool-coincidence
dag/test/claim/realize_kernel_test.dag	LiveTreeDisposition	test.claim.realize_kernel	v2.std.live_tree	pool-coincidence
dag/test/claim/reconcile_in_process_cache_test.dag	ContentHash	test.claim.reconcile_in_process_cache	std.types	pool-coincidence
dag/test/claim/reconcile_in_process_cache_test.dag	LiveTreeDisposition	test.claim.reconcile_in_process_cache	v2.std.live_tree	pool-coincidence
dag/test/claim/render_glyphs_ansi_witness_test.dag	LiveTreeDisposition	test.claim.render_glyphs_ansi_witness	v2.std.live_tree	pool-coincidence
dag/test/claim/render_repeat_string_witness_test.dag	LiveTreeDisposition	test.claim.render_repeat_string_witness_test	v2.std.live_tree	pool-coincidence
dag/test/claim/render_surface_witness_test.dag	Document	test.claim.render_surface_witness	std.render	pool-coincidence
dag/test/claim/render_surface_witness_test.dag	LiveTreeDisposition	test.claim.render_surface_witness	v2.std.live_tree	pool-coincidence
dag/test/claim/render_surface_witness_test.dag	RenderCapability	test.claim.render_surface_witness	std.render	pool-coincidence
dag/test/claim/render_surface_witness_test.dag	Span	test.claim.render_surface_witness	std.render	pool-coincidence
dag/test/claim/render_surface_witness_test.dag	std.render.RenderFrame	test.claim.render_surface_witness	std.render	definer-resolvable
dag/test/claim/resolution_divergence_silent_pick_gate_witness_test.dag	LiveTreeDisposition	test.claim.resolution_divergence_silent_pick_gate_witness_test	v2.std.live_tree	pool-coincidence
dag/test/claim/resource_namespace_upsert_witness_test.dag	FileTreeScope	test.claim.resource_namespace_upsert	gunbc.file_access	pool-coincidence
dag/test/claim/resource_namespace_upsert_witness_test.dag	LiveTreeDisposition	test.claim.resource_namespace_upsert	v2.std.live_tree	pool-coincidence
dag/test/claim/resource_namespace_upsert_witness_test.dag	NonEmptyStr	test.claim.resource_namespace_upsert	std.types	pool-coincidence
dag/test/claim/resource_namespace_upsert_witness_test.dag	NonEmptyStr	test.claim.resource_namespace_upsert	std.types	pool-coincidence
dag/test/claim/resource_namespace_upsert_witness_test.dag	NonEmptyStr	test.claim.resource_namespace_upsert	std.types	pool-coincidence
dag/test/claim/resource_namespace_upsert_witness_test.dag	NonEmptyStr	test.claim.resource_namespace_upsert	std.types	pool-coincidence
dag/test/claim/resource_namespace_upsert_witness_test.dag	NonEmptyStr	test.claim.resource_namespace_upsert	std.types	pool-coincidence
dag/test/claim/resource_namespace_upsert_witness_test.dag	NonEmptyStr	test.claim.resource_namespace_upsert	std.types	pool-coincidence
dag/test/claim/resource_namespace_upsert_witness_test.dag	NonEmptyStr	test.claim.resource_namespace_upsert	std.types	pool-coincidence
dag/test/claim/resource_namespace_upsert_witness_test.dag	NonEmptyStr	test.claim.resource_namespace_upsert	std.types	pool-coincidence
dag/test/claim/resource_namespace_upsert_witness_test.dag	NonEmptyStr	test.claim.resource_namespace_upsert	std.types	pool-coincidence
dag/test/claim/resource_namespace_upsert_witness_test.dag	NonEmptyStr	test.claim.resource_namespace_upsert	std.types	pool-coincidence
dag/test/claim/resource_namespace_upsert_witness_test.dag	NonEmptyStr	test.claim.resource_namespace_upsert	std.types	pool-coincidence
dag/test/claim/resource_namespace_upsert_witness_test.dag	NonEmptyStr	test.claim.resource_namespace_upsert	std.types	pool-coincidence
dag/test/claim/resource_namespace_upsert_witness_test.dag	NonEmptyStr	test.claim.resource_namespace_upsert	std.types	pool-coincidence
dag/test/claim/resource_namespace_upsert_witness_test.dag	ProcessPortScope	test.claim.resource_namespace_upsert	gunbc.session_lease	pool-coincidence
dag/test/claim/reviewer_source_witness_test.dag	LiveTreeDisposition	test.claim.reviewer_source_witness_test	v2.std.live_tree	pool-coincidence
dag/test/claim/reviewer_source_witness_test.dag	NonEmptyStr	test.claim.reviewer_source_witness_test	std.types	pool-coincidence
dag/test/claim/reviewer_source_witness_test.dag	NonEmptyStr	test.claim.reviewer_source_witness_test	std.types	pool-coincidence
dag/test/claim/reviewer_source_witness_test.dag	NonEmptyStr	test.claim.reviewer_source_witness_test	std.types	pool-coincidence
dag/test/claim/reviewer_source_witness_test.dag	NonEmptyStr	test.claim.reviewer_source_witness_test	std.types	pool-coincidence
dag/test/claim/reviewer_source_witness_test.dag	ProcessExit	test.claim.reviewer_source_witness_test	std.process	pool-coincidence
dag/test/claim/roadmap_authority_test.dag	LiveTreeDisposition	test.claim.roadmap_authority	v2.std.live_tree	pool-coincidence
dag/test/claim/roadmap_gate_test.dag	LiveTreeDisposition	test.claim.roadmap_gate	v2.std.live_tree	pool-coincidence
dag/test/claim/roadmap_gate_test.dag	RoadmapDocument	test.claim.roadmap_gate	gunbc.roadmap_document	pool-coincidence
dag/test/claim/roadmap_gate_test.dag	RoadmapNode	test.claim.roadmap_gate	gunbc.roadmap_model	pool-coincidence
dag/test/claim/roadmap_gate_test.dag	RoadmapNode	test.claim.roadmap_gate	gunbc.roadmap_model	pool-coincidence
dag/test/claim/roadmap_page_witness_test.dag	LiveTreeDisposition	test.claim.roadmap_page_witness	v2.std.live_tree	pool-coincidence
dag/test/claim/roadmap_page_witness_test.dag	MarkupNode	test.claim.roadmap_page_witness	std.markup	pool-coincidence
dag/test/claim/roadmap_page_witness_test.dag	MarkupNode	test.claim.roadmap_page_witness	std.markup	pool-coincidence
dag/test/claim/roadmap_page_witness_test.dag	MarkupNode	test.claim.roadmap_page_witness	std.markup	pool-coincidence
dag/test/claim/roadmap_page_witness_test.dag	RoadmapNode	test.claim.roadmap_page_witness	gunbc.roadmap_model	pool-coincidence
dag/test/claim/roadmap_page_witness_test.dag	RoadmapNode	test.claim.roadmap_page_witness	gunbc.roadmap_model	pool-coincidence
dag/test/claim/roadmap_page_witness_test.dag	RoadmapNode	test.claim.roadmap_page_witness	gunbc.roadmap_model	pool-coincidence
dag/test/claim/roadmap_page_witness_test.dag	RoadmapNode	test.claim.roadmap_page_witness	gunbc.roadmap_model	pool-coincidence
dag/test/claim/roadmap_page_witness_test.dag	RoadmapNode	test.claim.roadmap_page_witness	gunbc.roadmap_model	pool-coincidence
dag/test/claim/roadmap_site_healthz_json_parse_witness.dag	ProcessExit	test.claim.roadmap_site_healthz_json_parse_witness	std.process	pool-coincidence
dag/test/claim/roadmap_status_test.dag	DriftVerdict	test.claim.roadmap_status	gunbc.roadmap_status	pool-coincidence
dag/test/claim/roadmap_status_test.dag	DriftVerdict	test.claim.roadmap_status	gunbc.roadmap_status	pool-coincidence
dag/test/claim/roadmap_status_test.dag	DriftVerdict	test.claim.roadmap_status	gunbc.roadmap_status	pool-coincidence
dag/test/claim/roadmap_status_test.dag	GitHubUser	test.claim.roadmap_status	extdeps.github.github	pool-coincidence
dag/test/claim/roadmap_status_test.dag	LiveTreeDisposition	test.claim.roadmap_status	v2.std.live_tree	pool-coincidence
dag/test/claim/roadmap_status_test.dag	PullRequestRef	test.claim.roadmap_status	extdeps.github.pulls	pool-coincidence
dag/test/claim/roadmap_status_test.dag	RoadmapItem	test.claim.roadmap_status	gunbc.roadmap_status	pool-coincidence
dag/test/claim/roadmap_status_test.dag	RoadmapItem	test.claim.roadmap_status	gunbc.roadmap_status	pool-coincidence
dag/test/claim/roadmap_status_test.dag	extdeps.github.pulls.PullRequest	test.claim.roadmap_status	extdeps.github.pulls	definer-resolvable
dag/test/claim/roadmap_status_test.dag	extdeps.github.pulls.PullRequest	test.claim.roadmap_status	extdeps.github.pulls	definer-resolvable
dag/test/claim/runnable_resource_profile_witness_test.dag	LiveTreeDisposition	test.claim.runnable_resource_profile	v2.std.live_tree	pool-coincidence
dag/test/claim/runner_placement_witness_test.dag	LiveTreeDisposition	test.claim.runner_placement_witness	v2.std.live_tree	pool-coincidence
dag/test/claim/runner_placement_witness_test.dag	RunnerDeploymentPlan	test.claim.runner_placement_witness	gunbc.ci_runner_placement	pool-coincidence
dag/test/claim/runner_slot_enforcement_grounding_witness_test.dag	ByteSize	test.claim.runner_slot_enforcement_grounding_witness	std.measure	pool-coincidence
dag/test/claim/runner_slot_enforcement_grounding_witness_test.dag	ByteSize	test.claim.runner_slot_enforcement_grounding_witness	std.measure	pool-coincidence
dag/test/claim/runner_slot_enforcement_grounding_witness_test.dag	LiveTreeDisposition	test.claim.runner_slot_enforcement_grounding_witness	v2.std.live_tree	pool-coincidence
dag/test/claim/runner_slot_enforcement_grounding_witness_test.dag	NonEmptyStr	test.claim.runner_slot_enforcement_grounding_witness	std.types	pool-coincidence
dag/test/claim/runner_slot_enforcement_grounding_witness_test.dag	RunnerSliceCapEffectiveness	test.claim.runner_slot_enforcement_grounding_witness	gunbc.ci_floor_measurement	pool-coincidence
dag/test/claim/runner_slot_enforcement_grounding_witness_test.dag	RunnerSliceCapEffectiveness	test.claim.runner_slot_enforcement_grounding_witness	gunbc.ci_floor_measurement	pool-coincidence
dag/test/claim/runner_slot_enforcement_grounding_witness_test.dag	RunnerSliceCapEffectiveness	test.claim.runner_slot_enforcement_grounding_witness	gunbc.ci_floor_measurement	pool-coincidence
dag/test/claim/runner_slot_enforcement_grounding_witness_test.dag	RunnerSliceCapEffectiveness	test.claim.runner_slot_enforcement_grounding_witness	gunbc.ci_floor_measurement	pool-coincidence
dag/test/claim/runner_slot_enforcement_grounding_witness_test.dag	RunnerSliceCapEffectiveness	test.claim.runner_slot_enforcement_grounding_witness	gunbc.ci_floor_measurement	pool-coincidence
dag/test/claim/runner_slot_enforcement_grounding_witness_test.dag	RunnerSlotApplyEffect	test.claim.runner_slot_enforcement_grounding_witness	gunbc.runner_slot_enforcement	pool-coincidence
dag/test/claim/runner_slot_enforcement_grounding_witness_test.dag	RunnerSlotEnforcement	test.claim.runner_slot_enforcement_grounding_witness	gunbc.runner_slot_enforcement	pool-coincidence
dag/test/claim/runner_slot_enforcement_grounding_witness_test.dag	RunnerSlotEnforcement	test.claim.runner_slot_enforcement_grounding_witness	gunbc.runner_slot_enforcement	pool-coincidence
dag/test/claim/runner_unit_live_read_witness_test.dag	ConvergeTarget	test.claim.runner_unit_live_read_witness	gunbc.host_converge	pool-coincidence
dag/test/claim/runner_unit_live_read_witness_test.dag	ConvergeTarget	test.claim.runner_unit_live_read_witness	gunbc.host_converge	pool-coincidence
dag/test/claim/runner_unit_live_read_witness_test.dag	ConvergeTarget	test.claim.runner_unit_live_read_witness	gunbc.host_converge	pool-coincidence
dag/test/claim/runner_unit_live_read_witness_test.dag	LiveTreeDisposition	test.claim.runner_unit_live_read_witness	v2.std.live_tree	pool-coincidence
dag/test/claim/runner_unit_live_read_witness_test.dag	RunnerUnitLiveReadRow	test.claim.runner_unit_live_read_witness	gunbc.runner_unit_live_read	pool-coincidence
dag/test/claim/runner_unit_live_read_witness_test.dag	RunnerUnitLiveReadRow	test.claim.runner_unit_live_read_witness	gunbc.runner_unit_live_read	pool-coincidence
dag/test/claim/runner_unit_live_read_witness_test.dag	RunnerUnitLiveReadRow	test.claim.runner_unit_live_read_witness	gunbc.runner_unit_live_read	pool-coincidence
dag/test/claim/runner_unit_live_read_witness_test.dag	RunnerUnitLiveReadRow	test.claim.runner_unit_live_read_witness	gunbc.runner_unit_live_read	pool-coincidence
dag/test/claim/sccache_local_content_verified_on_read_test.dag	CacheEvidence	test.claim.sccache_local_content_verified_on_read	std.cache_interface	pool-coincidence
dag/test/claim/sccache_local_content_verified_on_read_test.dag	LiveTreeDisposition	test.claim.sccache_local_content_verified_on_read	v2.std.live_tree	pool-coincidence
dag/test/claim/sec_edgar_rollins_chemed_witness_test.dag	LiveTreeDisposition	test.claim.sec_edgar_rollins_chemed_witness	v2.std.live_tree	pool-coincidence
dag/test/claim/sec_edgar_witness_test.dag	LiveTreeDisposition	test.claim.sec_edgar_witness	v2.std.live_tree	pool-coincidence
dag/test/claim/shell_bash_runner_witness_test.dag	LiveTreeDisposition	test.claim.shell_bash_runner	v2.std.live_tree	pool-coincidence
dag/test/claim/srv3_bmc_credential_resolve_witness_test.dag	LiveTreeDisposition	test.claim.srv3_bmc_credential_resolve	v2.std.live_tree	pool-coincidence
dag/test/claim/srv3_boot_once_cd_witness_test.dag	LiveTreeDisposition	test.claim.srv3_boot_once_cd	v2.std.live_tree	pool-coincidence
dag/test/claim/srv3_host_effect_apply_witness_test.dag	HostEffect	test.claim.srv3_host_effect_apply_witness	gunbc.host_effect	pool-coincidence
dag/test/claim/srv3_host_effect_apply_witness_test.dag	LiveTreeDisposition	test.claim.srv3_host_effect_apply_witness	v2.std.live_tree	pool-coincidence
dag/test/claim/srv3_host_effect_apply_witness_test.dag	NodeControlPlane	test.claim.srv3_host_effect_apply_witness	gunbc.host_effect	pool-coincidence
dag/test/claim/srv3_host_effect_apply_witness_test.dag	NodeControlPlane	test.claim.srv3_host_effect_apply_witness	gunbc.host_effect	pool-coincidence
dag/test/claim/srv3_host_effect_apply_witness_test.dag	NonEmptyStr	test.claim.srv3_host_effect_apply_witness	std.types	pool-coincidence
dag/test/claim/srv3_host_effect_apply_witness_test.dag	NonEmptyStr	test.claim.srv3_host_effect_apply_witness	std.types	pool-coincidence
dag/test/claim/srv3_host_effect_apply_witness_test.dag	NonEmptyStr	test.claim.srv3_host_effect_apply_witness	std.types	pool-coincidence
dag/test/claim/srv3_host_effect_apply_witness_test.dag	NonEmptyStr	test.claim.srv3_host_effect_apply_witness	std.types	pool-coincidence
dag/test/claim/srv3_host_effect_apply_witness_test.dag	NonEmptyStr	test.claim.srv3_host_effect_apply_witness	std.types	pool-coincidence
dag/test/claim/srv3_host_effect_apply_witness_test.dag	NonEmptyStr	test.claim.srv3_host_effect_apply_witness	std.types	pool-coincidence
dag/test/claim/srv3_host_effect_apply_witness_test.dag	NonEmptyStr	test.claim.srv3_host_effect_apply_witness	std.types	pool-coincidence
dag/test/claim/srv3_host_effect_apply_witness_test.dag	NonEmptyStr	test.claim.srv3_host_effect_apply_witness	std.types	pool-coincidence
dag/test/claim/srv3_host_effect_apply_witness_test.dag	NonEmptyStr	test.claim.srv3_host_effect_apply_witness	std.types	pool-coincidence
dag/test/claim/srv3_host_effect_apply_witness_test.dag	NonEmptyStr	test.claim.srv3_host_effect_apply_witness	std.types	pool-coincidence
dag/test/claim/srv3_host_effect_apply_witness_test.dag	NonEmptyStr	test.claim.srv3_host_effect_apply_witness	std.types	pool-coincidence
dag/test/claim/srv3_host_effect_apply_witness_test.dag	NonEmptyStr	test.claim.srv3_host_effect_apply_witness	std.types	pool-coincidence
dag/test/claim/srv3_host_effect_apply_witness_test.dag	NonEmptyStr	test.claim.srv3_host_effect_apply_witness	std.types	pool-coincidence
dag/test/claim/srv3_host_effect_apply_witness_test.dag	NonEmptyStr	test.claim.srv3_host_effect_apply_witness	std.types	pool-coincidence
dag/test/claim/srv3_host_effect_apply_witness_test.dag	NonEmptyStr	test.claim.srv3_host_effect_apply_witness	std.types	pool-coincidence
dag/test/claim/srv3_install_media_fetch_witness_test.dag	LiveTreeDisposition	test.claim.srv3_install_media_fetch	v2.std.live_tree	pool-coincidence
dag/test/claim/srv3_install_server_emit_test.dag	LiveTreeDisposition	test.claim.srv3_install_server_emit	v2.std.live_tree	pool-coincidence
dag/test/claim/srv3_network_identity_subsumption_witness_test.dag	LiveTreeDisposition	test.claim.srv3_network_identity_subsumption	v2.std.live_tree	pool-coincidence
dag/test/claim/srv3_os_install_actuate_scope_witness_test.dag	LiveTreeDisposition	test.claim.srv3_os_install_actuate_scope	v2.std.live_tree	pool-coincidence
dag/test/claim/srv3_os_install_actuate_witness_test.dag	LiveTreeDisposition	test.claim.srv3_os_install_actuate	v2.std.live_tree	pool-coincidence
dag/test/claim/srv3_os_install_actuate_workflow_witness_test.dag	LiveTreeDisposition	test.claim.srv3_os_install_actuate_workflow	v2.std.live_tree	pool-coincidence
dag/test/claim/srv3_os_install_actuator_toolchain_ensure_witness_test.dag	LiveTreeDisposition	test.claim.srv3_os_install_actuator_toolchain_ensure	v2.std.live_tree	pool-coincidence
dag/test/claim/srv3_os_install_diagnostic_witness_test.dag	Cr1000aDhcpLeaseTable	test.claim.srv3_os_install_diagnostic	extdeps.router.verizon_cr1000a	pool-coincidence
dag/test/claim/srv3_os_install_diagnostic_witness_test.dag	IsoServeReadinessObservation	test.claim.srv3_os_install_diagnostic	gunbc.srv3_os_install_diagnostic	pool-coincidence
dag/test/claim/srv3_os_install_diagnostic_witness_test.dag	LiveTreeDisposition	test.claim.srv3_os_install_diagnostic	v2.std.live_tree	pool-coincidence
dag/test/claim/srv3_os_install_diagnostic_witness_test.dag	Milliseconds	test.claim.srv3_os_install_diagnostic	std.types	pool-coincidence
dag/test/claim/srv3_os_install_diagnostic_witness_test.dag	NbdServePortObservation	test.claim.srv3_os_install_diagnostic	gunbc.srv3_os_install_diagnostic	pool-coincidence
dag/test/claim/srv3_os_install_diagnostic_witness_test.dag	NbdServeProcessObservation	test.claim.srv3_os_install_diagnostic	gunbc.srv3_os_install_diagnostic	pool-coincidence
dag/test/claim/srv3_os_install_diagnostic_witness_test.dag	OsInstallActuationObservations	test.claim.srv3_os_install_diagnostic	gunbc.srv3_os_install_diagnostic	pool-coincidence
dag/test/claim/srv3_os_install_diagnostic_witness_test.dag	OsInstallActuationObservations	test.claim.srv3_os_install_diagnostic	gunbc.srv3_os_install_diagnostic	pool-coincidence
dag/test/claim/srv3_os_install_diagnostic_witness_test.dag	RedfishBootSourceOverrideEnabled	test.claim.srv3_os_install_diagnostic	extdeps.bmc.types	pool-coincidence
dag/test/claim/srv3_os_install_diagnostic_witness_test.dag	SolConsoleContentObservation	test.claim.srv3_os_install_diagnostic	gunbc.srv3_os_install_diagnostic	pool-coincidence
dag/test/claim/srv3_os_install_emit_test.dag	LiveTreeDisposition	test.claim.srv3_os_install_emit	v2.std.live_tree	pool-coincidence
dag/test/claim/srv3_os_install_reconcile_witness_test.dag	DurableApprovalGrant	test.claim.srv3_os_install_reconcile	std.temporal_effect	pool-coincidence
dag/test/claim/srv3_os_install_reconcile_witness_test.dag	LiveTreeDisposition	test.claim.srv3_os_install_reconcile	v2.std.live_tree	pool-coincidence
dag/test/claim/srv3_os_install_reconcile_witness_test.dag	NonEmptyStr	test.claim.srv3_os_install_reconcile	std.types	pool-coincidence
dag/test/claim/srv3_os_install_reconcile_witness_test.dag	NonEmptyStr	test.claim.srv3_os_install_reconcile	std.types	pool-coincidence
dag/test/claim/srv3_os_install_reconcile_witness_test.dag	NonEmptyStr	test.claim.srv3_os_install_reconcile	std.types	pool-coincidence
dag/test/claim/srv3_os_install_reconcile_witness_test.dag	NonEmptyStr	test.claim.srv3_os_install_reconcile	std.types	pool-coincidence
dag/test/claim/srv3_os_install_reconcile_witness_test.dag	NonEmptyStr	test.claim.srv3_os_install_reconcile	std.types	pool-coincidence
dag/test/claim/srv3_os_install_reconcile_witness_test.dag	NonEmptyStr	test.claim.srv3_os_install_reconcile	std.types	pool-coincidence
dag/test/claim/srv3_os_install_reconcile_witness_test.dag	NonEmptyStr	test.claim.srv3_os_install_reconcile	std.types	pool-coincidence
dag/test/claim/srv3_os_install_reconcile_witness_test.dag	NonEmptyStr	test.claim.srv3_os_install_reconcile	std.types	pool-coincidence
dag/test/claim/srv3_os_install_reconcile_witness_test.dag	NonEmptyStr	test.claim.srv3_os_install_reconcile	std.types	pool-coincidence
dag/test/claim/srv3_os_install_reconcile_witness_test.dag	NonEmptyStr	test.claim.srv3_os_install_reconcile	std.types	pool-coincidence
dag/test/claim/srv3_os_install_reconcile_witness_test.dag	NonEmptyStr	test.claim.srv3_os_install_reconcile	std.types	pool-coincidence
dag/test/claim/srv3_os_install_reconcile_witness_test.dag	Srv3InstallDebugObservation	test.claim.srv3_os_install_reconcile	gunbc.srv3_os_install_diagnostic	pool-coincidence
dag/test/claim/srv3_os_install_reconcile_witness_test.dag	Srv3InstallDebugObservation	test.claim.srv3_os_install_reconcile	gunbc.srv3_os_install_diagnostic	pool-coincidence
dag/test/claim/srv3_os_install_reconcile_witness_test.dag	Srv3InstallDebugObservation	test.claim.srv3_os_install_reconcile	gunbc.srv3_os_install_diagnostic	pool-coincidence
dag/test/claim/srv3_os_install_reconcile_witness_test.dag	Srv3InstallDebugObservation	test.claim.srv3_os_install_reconcile	gunbc.srv3_os_install_diagnostic	pool-coincidence
dag/test/claim/srv3_os_install_reconcile_witness_test.dag	Srv3InstallDebugObservation	test.claim.srv3_os_install_reconcile	gunbc.srv3_os_install_diagnostic	pool-coincidence
dag/test/claim/srv3_os_install_reconcile_witness_test.dag	Timestamp	test.claim.srv3_os_install_reconcile	std.types	pool-coincidence
dag/test/claim/srv3_os_install_witness_test.dag	LiveTreeDisposition	test.claim.srv3_os_install	v2.std.live_tree	pool-coincidence
dag/test/claim/srv3_runner_memory_cap_plan_verify_witness_test.dag	LiveTreeDisposition	test.claim.srv3_runner_memory_cap_plan_verify_witness	v2.std.live_tree	pool-coincidence
dag/test/claim/srv3_runner_memory_cap_plan_verify_witness_test.dag	RunnerUnitMemoryLiveRead	test.claim.srv3_runner_memory_cap_plan_verify_witness	gunbc.runner_unit_live_read	pool-coincidence
dag/test/claim/srv3_runner_memory_cap_plan_verify_witness_test.dag	RunnerUnitMemoryLiveRead	test.claim.srv3_runner_memory_cap_plan_verify_witness	gunbc.runner_unit_live_read	pool-coincidence
dag/test/claim/srv3_runner_memory_converge_witness_test.dag	ConvergeKnob	test.claim.srv3_runner_memory_converge_witness	gunbc.host_converge	pool-coincidence
dag/test/claim/srv3_runner_memory_converge_witness_test.dag	ConvergeKnob	test.claim.srv3_runner_memory_converge_witness	gunbc.host_converge	pool-coincidence
dag/test/claim/srv3_runner_memory_converge_witness_test.dag	HostConverge	test.claim.srv3_runner_memory_converge_witness	gunbc.host_converge	pool-coincidence
dag/test/claim/srv3_runner_memory_converge_witness_test.dag	HostConverge	test.claim.srv3_runner_memory_converge_witness	gunbc.host_converge	pool-coincidence
dag/test/claim/srv3_runner_memory_converge_witness_test.dag	LiveTreeDisposition	test.claim.srv3_runner_memory_converge_witness	v2.std.live_tree	pool-coincidence
dag/test/claim/srv3_seeded_install_media_witness_test.dag	LiveTreeDisposition	test.claim.srv3_seeded_install_media	v2.std.live_tree	pool-coincidence
dag/test/claim/srv3_seeded_install_media_witness_test.dag	NonEmptyStr	test.claim.srv3_seeded_install_media	std.types	pool-coincidence
dag/test/claim/srv3_seeded_install_media_witness_test.dag	NonEmptyStr	test.claim.srv3_seeded_install_media	std.types	pool-coincidence
dag/test/claim/stage0_emit_model_witness_test.dag	LiveTreeDisposition	test.claim.stage0_emit_model_witness	v2.std.live_tree	pool-coincidence
dag/test/claim/storage_nvme_grounding_witness_test.dag	LiveTreeDisposition	test.claim.storage_nvme_grounding	v2.std.live_tree	pool-coincidence
dag/test/claim/storage_nvme_grounding_witness_test.dag	StorageDevice	test.claim.storage_nvme_grounding	extdeps.storage.types	pool-coincidence
dag/test/claim/tailscale_acl_phase2_design_witness_test.dag	LiveTreeDisposition	test.claim.tailscale_acl_phase2_design_witness	v2.std.live_tree	pool-coincidence
dag/test/claim/tailscale_acl_witness_test.dag	LiveTreeDisposition	test.claim.tailscale_acl_witness	v2.std.live_tree	pool-coincidence
dag/test/claim/temporal_effect_spine_witness_test.dag	ContentHash	test.claim.temporal_effect_spine	std.types	pool-coincidence
dag/test/claim/temporal_effect_spine_witness_test.dag	ContentHash	test.claim.temporal_effect_spine	std.types	pool-coincidence
dag/test/claim/temporal_effect_spine_witness_test.dag	ContentHash	test.claim.temporal_effect_spine	std.types	pool-coincidence
dag/test/claim/temporal_effect_spine_witness_test.dag	ContentHash	test.claim.temporal_effect_spine	std.types	pool-coincidence
dag/test/claim/temporal_effect_spine_witness_test.dag	ContentHash	test.claim.temporal_effect_spine	std.types	pool-coincidence
dag/test/claim/temporal_effect_spine_witness_test.dag	ContentHash	test.claim.temporal_effect_spine	std.types	pool-coincidence
dag/test/claim/temporal_effect_spine_witness_test.dag	ContentHash	test.claim.temporal_effect_spine	std.types	pool-coincidence
dag/test/claim/temporal_effect_spine_witness_test.dag	ContentHash	test.claim.temporal_effect_spine	std.types	pool-coincidence
dag/test/claim/temporal_effect_spine_witness_test.dag	ContentHash	test.claim.temporal_effect_spine	std.types	pool-coincidence
dag/test/claim/temporal_effect_spine_witness_test.dag	ContentHash	test.claim.temporal_effect_spine	std.types	pool-coincidence
dag/test/claim/temporal_effect_spine_witness_test.dag	ContentHash	test.claim.temporal_effect_spine	std.types	pool-coincidence
dag/test/claim/temporal_effect_spine_witness_test.dag	ContentHash	test.claim.temporal_effect_spine	std.types	pool-coincidence
dag/test/claim/temporal_effect_spine_witness_test.dag	ContentHash	test.claim.temporal_effect_spine	std.types	pool-coincidence
dag/test/claim/temporal_effect_spine_witness_test.dag	ContentHash	test.claim.temporal_effect_spine	std.types	pool-coincidence
dag/test/claim/temporal_effect_spine_witness_test.dag	ContentHash	test.claim.temporal_effect_spine	std.types	pool-coincidence
dag/test/claim/temporal_effect_spine_witness_test.dag	EffectAttemptIntent	test.claim.temporal_effect_spine	std.temporal_effect	pool-coincidence
dag/test/claim/temporal_effect_spine_witness_test.dag	EffectStepReceipt	test.claim.temporal_effect_spine	std.temporal_effect	pool-coincidence
dag/test/claim/temporal_effect_spine_witness_test.dag	HeldLease	test.claim.temporal_effect_spine	std.temporal_effect	pool-coincidence
dag/test/claim/temporal_effect_spine_witness_test.dag	HeldLease	test.claim.temporal_effect_spine	std.temporal_effect	pool-coincidence
dag/test/claim/temporal_effect_spine_witness_test.dag	HeldLease	test.claim.temporal_effect_spine	std.temporal_effect	pool-coincidence
dag/test/claim/temporal_effect_spine_witness_test.dag	HeldLease	test.claim.temporal_effect_spine	std.temporal_effect	pool-coincidence
dag/test/claim/temporal_effect_spine_witness_test.dag	LiveTreeDisposition	test.claim.temporal_effect_spine	v2.std.live_tree	pool-coincidence
dag/test/claim/temporal_effect_spine_witness_test.dag	NonEmptyStr	test.claim.temporal_effect_spine	std.types	pool-coincidence
dag/test/claim/temporal_effect_spine_witness_test.dag	NonEmptyStr	test.claim.temporal_effect_spine	std.types	pool-coincidence
dag/test/claim/temporal_effect_spine_witness_test.dag	NonEmptyStr	test.claim.temporal_effect_spine	std.types	pool-coincidence
dag/test/claim/temporal_effect_spine_witness_test.dag	NonEmptyStr	test.claim.temporal_effect_spine	std.types	pool-coincidence
dag/test/claim/temporal_effect_spine_witness_test.dag	NonEmptyStr	test.claim.temporal_effect_spine	std.types	pool-coincidence
dag/test/claim/temporal_effect_spine_witness_test.dag	NonEmptyStr	test.claim.temporal_effect_spine	std.types	pool-coincidence
dag/test/claim/temporal_effect_spine_witness_test.dag	NonEmptyStr	test.claim.temporal_effect_spine	std.types	pool-coincidence
dag/test/claim/temporal_effect_spine_witness_test.dag	NonEmptyStr	test.claim.temporal_effect_spine	std.types	pool-coincidence
dag/test/claim/temporal_effect_spine_witness_test.dag	NonEmptyStr	test.claim.temporal_effect_spine	std.types	pool-coincidence
dag/test/claim/temporal_effect_spine_witness_test.dag	NonEmptyStr	test.claim.temporal_effect_spine	std.types	pool-coincidence
dag/test/claim/temporal_effect_spine_witness_test.dag	NonEmptyStr	test.claim.temporal_effect_spine	std.types	pool-coincidence
dag/test/claim/temporal_effect_spine_witness_test.dag	NonEmptyStr	test.claim.temporal_effect_spine	std.types	pool-coincidence
dag/test/claim/temporal_effect_spine_witness_test.dag	NonEmptyStr	test.claim.temporal_effect_spine	std.types	pool-coincidence
dag/test/claim/temporal_effect_spine_witness_test.dag	NonEmptyStr	test.claim.temporal_effect_spine	std.types	pool-coincidence
dag/test/claim/temporal_effect_spine_witness_test.dag	NonEmptyStr	test.claim.temporal_effect_spine	std.types	pool-coincidence
dag/test/claim/temporal_effect_spine_witness_test.dag	NonEmptyStr	test.claim.temporal_effect_spine	std.types	pool-coincidence
dag/test/claim/temporal_effect_spine_witness_test.dag	NonEmptyStr	test.claim.temporal_effect_spine	std.types	pool-coincidence
dag/test/claim/temporal_effect_spine_witness_test.dag	NonEmptyStr	test.claim.temporal_effect_spine	std.types	pool-coincidence
dag/test/claim/temporal_effect_spine_witness_test.dag	NonEmptyStr	test.claim.temporal_effect_spine	std.types	pool-coincidence
dag/test/claim/temporal_effect_spine_witness_test.dag	NonEmptyStr	test.claim.temporal_effect_spine	std.types	pool-coincidence
dag/test/claim/temporal_effect_spine_witness_test.dag	NonEmptyStr	test.claim.temporal_effect_spine	std.types	pool-coincidence
dag/test/claim/temporal_effect_spine_witness_test.dag	NonEmptyStr	test.claim.temporal_effect_spine	std.types	pool-coincidence
dag/test/claim/temporal_effect_spine_witness_test.dag	NonEmptyStr	test.claim.temporal_effect_spine	std.types	pool-coincidence
dag/test/claim/temporal_effect_spine_witness_test.dag	NonEmptyStr	test.claim.temporal_effect_spine	std.types	pool-coincidence
dag/test/claim/temporal_effect_spine_witness_test.dag	NonEmptyStr	test.claim.temporal_effect_spine	std.types	pool-coincidence
dag/test/claim/temporal_effect_spine_witness_test.dag	Timestamp	test.claim.temporal_effect_spine	std.types	pool-coincidence
dag/test/claim/terminal_capability_witness_test.dag	CursorAction	test.claim.terminal_capability_witness	std.render	pool-coincidence
dag/test/claim/terminal_capability_witness_test.dag	CursorAction	test.claim.terminal_capability_witness	std.render	pool-coincidence
dag/test/claim/terminal_capability_witness_test.dag	LiveTreeDisposition	test.claim.terminal_capability_witness	v2.std.live_tree	pool-coincidence
dag/test/claim/terminal_capability_witness_test.dag	TerminalEnvironment	test.claim.terminal_capability_witness	extdeps.render.terminal_capability	pool-coincidence
dag/test/claim/terminal_capability_witness_test.dag	TerminalEnvironment	test.claim.terminal_capability_witness	extdeps.render.terminal_capability	pool-coincidence
dag/test/claim/terminal_capability_witness_test.dag	TerminalEnvironment	test.claim.terminal_capability_witness	extdeps.render.terminal_capability	pool-coincidence
dag/test/claim/terminal_capability_witness_test.dag	TerminalEnvironment	test.claim.terminal_capability_witness	extdeps.render.terminal_capability	pool-coincidence
dag/test/claim/terminal_capability_witness_test.dag	Viewport	test.claim.terminal_capability_witness	std.render	pool-coincidence
dag/test/claim/terminal_capability_witness_test.dag	std.render.RenderFrame	test.claim.terminal_capability_witness	std.render	definer-resolvable
dag/test/claim/time_scale_factor_derivation_test.dag	LiveTreeDisposition	test.claim.time_scale_factor_derivation	v2.std.live_tree	pool-coincidence
dag/test/claim/time_scale_factor_derivation_test.dag	Scale	test.claim.time_scale_factor_derivation	std.measure	pool-coincidence
dag/test/claim/time_scale_factor_derivation_test.dag	std.nat.Nat	test.claim.time_scale_factor_derivation	v2.std.nat	definer-resolvable
dag/test/claim/typescript_program_serializer_test.dag	LiveTreeDisposition	test.claim.typescript_program_serializer	v2.std.live_tree	pool-coincidence
dag/test/claim/typescript_program_serializer_test.dag	TsProgram	test.claim.typescript_program_serializer	extdeps.languages.typescript.program	pool-coincidence
dag/test/claim/typescript_program_serializer_test.dag	TsProgram	test.claim.typescript_program_serializer	extdeps.languages.typescript.program	pool-coincidence
dag/test/claim/unicode_ident_xid_grounding_test.dag	LiveTreeDisposition	test.claim.unicode_ident_xid_grounding	v2.std.live_tree	pool-coincidence
dag/test/claim/uri_grounding_witness_test.dag	LiveTreeDisposition	test.claim.uri_grounding_witness	v2.std.live_tree	pool-coincidence
dag/test/claim/uri_path_parse_witness_test.dag	LiveTreeDisposition	test.claim.uri_path_parse_witness	v2.std.live_tree	pool-coincidence
dag/test/claim/uri_witness_test.dag	LiveTreeDisposition	test.claim.uri_witness	v2.std.live_tree	pool-coincidence
dag/test/claim/v1_dag_parse_witness_test.dag	LiveTreeDisposition	test.claim.v1_dag_parse_witness	v2.std.live_tree	pool-coincidence
dag/test/claim/void_element_test.dag	LiveTreeDisposition	test.claim.void_element	v2.std.live_tree	pool-coincidence
dag/test/claim/void_element_test.dag	MarkupNode	test.claim.void_element	std.markup	pool-coincidence
dag/test/claim/void_element_test.dag	MarkupNode	test.claim.void_element	std.markup	pool-coincidence
dag/test/claim/void_element_test.dag	MarkupNode	test.claim.void_element	std.markup	pool-coincidence
dag/test/claim/websocat_install_source_witness_test.dag	LiveTreeDisposition	test.claim.websocat_install_source	v2.std.live_tree	pool-coincidence
dag/test/claim/wet_hermetic_equivalence_witness_test.dag	LiveTreeDisposition	test.claim.wet_hermetic_equivalence_witness	v2.std.live_tree	pool-coincidence
dag/test/claim/workflow_recursive_gate.dag	ProcessExit	test.claim.workflow_recursive_gate	std.process	pool-coincidence
dag/test/claim/workflow_recursive_witness_test.dag	LiveTreeDisposition	test.claim.workflow_recursive_witness	v2.std.live_tree	pool-coincidence
dag/test/claim/workflow_recursive_witness_test.dag	NonEmptyStr	test.claim.workflow_recursive_witness	std.types	pool-coincidence
dag/test/claim/workflow_recursive_witness_test.dag	StageStep	test.claim.workflow_recursive_witness	gunbc.idea_pr_spine	pool-coincidence
dag/test/claim/workflow_recursive_witness_test.dag	VerdictTree	test.claim.workflow_recursive_witness	std.workflow_recursive	pool-coincidence
dag/test/claim/workflow_recursive_witness_test.dag	VerdictTree	test.claim.workflow_recursive_witness	std.workflow_recursive	pool-coincidence
dag/test/claim/workflow_recursive_witness_test.dag	VerdictTree	test.claim.workflow_recursive_witness	std.workflow_recursive	pool-coincidence
dag/test/claim/workflow_recursive_witness_test.dag	VerdictTree	test.claim.workflow_recursive_witness	std.workflow_recursive	pool-coincidence
dag/test/claim/yaml_ingest_witness_test.dag	LiveTreeDisposition	test.claim.yaml_ingest_witness	v2.std.live_tree	pool-coincidence
dag/test/claim/yaml_ingest_witness_test.dag	YamlValue	test.claim.yaml_ingest_witness	extdeps.languages.yaml.types	pool-coincidence
dag/test/claim/yaml_multiline_block_witness_test.dag	LiveTreeDisposition	test.claim.yaml_multiline_block_witness	v2.std.live_tree	pool-coincidence
dag/test/claim/yaml_quoting_witness_test.dag	LiveTreeDisposition	test.claim.yaml_quoting_witness	v2.std.live_tree	pool-coincidence
dag/test/fixture/m4_universal_governed_corpus.dag	PublishedMockCase	test.fixture.m4_universal_governed_corpus	std.hermetic_replay	pool-coincidence
dag/test/fixture/m4_universal_governed_corpus.dag	PublishedMockCase	test.fixture.m4_universal_governed_corpus	std.hermetic_replay	pool-coincidence
dag/test/retirement/map_lookup_dual_dispatch_retired.dag	TestModuleRetirement	test.retirement.map_lookup_dual_dispatch_retired	test.retirement.model	pool-coincidence
dag/test/retirement/namespace_unique_on_chain_policy_retained.dag	TestModuleRetirement	test.retirement.namespace_unique_on_chain_policy_retained	test.retirement.model	pool-coincidence
dag/test/retirement/pipeline_self_gen8_retired.dag	TestModuleRetirement	test.retirement.pipeline_self_gen8_retired	test.retirement.model	pool-coincidence
dag/test/retirement/pipeline_self_gen8_retired.dag	TestModuleRetirement	test.retirement.pipeline_self_gen8_retired	test.retirement.model	pool-coincidence
src/v2/compiler/02_parse.dag	std.cache_identity.ArtifactKindId	v2.compiler.parse	std.cache_identity	listed-import
src/v2/compiler/02_parse.dag	std.cache_identity.CacheInterfaceId	v2.compiler.parse	std.cache_identity	listed-import
src/v2/compiler/02_parse.dag	v2.std.occurrence_id.OccurrenceIdAllocator	v2.compiler.parse	v2.std.occurrence_id	listed-import
src/v2/compiler/02_parse.dag	v2.std.provenance.SpanIndex	v2.compiler.parse	v2.std.provenance	listed-import
src/v2/compiler/02_parse.dag	v2.std.provenance.SpanIndex	v2.compiler.parse	v2.std.provenance	listed-import
src/v2/compiler/body_producer_forward.dag	Diagnostic	v2.compiler.body_producer_forward	v2.std.diagnostic	pool-coincidence
src/v2/compiler/body_producer_forward.dag	Symbol	v2.compiler.body_producer_forward	v2.std.node	pool-coincidence
src/v2/compiler/body_producer_forward.dag	Symbol	v2.compiler.body_producer_forward	v2.std.node	pool-coincidence
src/v2/compiler/body_producer_forward.dag	Symbol	v2.compiler.body_producer_forward	v2.std.node	pool-coincidence
src/v2/compiler/body_producer_forward.dag	Symbol	v2.compiler.body_producer_forward	v2.std.node	pool-coincidence
src/v2/compiler/body_producer_forward.dag	Symbol	v2.compiler.body_producer_forward	v2.std.node	pool-coincidence
src/v2/compiler/body_producer_forward.dag	Symbol	v2.compiler.body_producer_forward	v2.std.node	pool-coincidence
src/v2/compiler/body_producer_forward.dag	Symbol	v2.compiler.body_producer_forward	v2.std.node	pool-coincidence
src/v2/compiler/body_producer_forward.dag	Symbol	v2.compiler.body_producer_forward	v2.std.node	pool-coincidence
src/v2/compiler/materialization_carriers.dag	std.materialization_ladder.Frame	v2.compiler.materialization_carriers	std.materialization_ladder	listed-import
src/v2/compiler/materialization_carriers.dag	std.materialization_ladder.Frame	v2.compiler.materialization_carriers	std.materialization_ladder	listed-import
src/v2/compiler/materialization_carriers.dag	std.materialization_ladder.Frame	v2.compiler.materialization_carriers	std.materialization_ladder	listed-import
src/v2/compiler/materialization_carriers.dag	std.materialization_ladder.Frame	v2.compiler.materialization_carriers	std.materialization_ladder	listed-import
src/v2/lens/complexity_lowering.dag	AsymptoticClass	v2.lens.complexity_lowering	v2.lens.cost	pool-coincidence
src/v2/lens/complexity_lowering.dag	AsymptoticClass	v2.lens.complexity_lowering	v2.lens.cost	pool-coincidence
src/v2/lens/complexity_lowering.dag	AsymptoticClass	v2.lens.complexity_lowering	v2.lens.cost	pool-coincidence
src/v2/lens/complexity_lowering.dag	AsymptoticClass	v2.lens.complexity_lowering	v2.lens.cost	pool-coincidence
src/v2/lens/complexity_lowering.dag	AsymptoticClass	v2.lens.complexity_lowering	v2.lens.cost	pool-coincidence
src/v2/lens/complexity_lowering.dag	AsymptoticClass	v2.lens.complexity_lowering	v2.lens.cost	pool-coincidence
src/v2/lens/complexity_lowering.dag	AsymptoticClass	v2.lens.complexity_lowering	v2.lens.cost	pool-coincidence
src/v2/lens/complexity_lowering.dag	ConstructionJustification	v2.lens.complexity_lowering	v2.lens.common.construction_justification	pool-coincidence
src/v2/lens/complexity_lowering.dag	Symbol	v2.lens.complexity_lowering	v2.std.node	pool-coincidence
src/v2/lens/complexity_lowering.dag	SymbolicCost	v2.lens.complexity_lowering	v2.lens.cost	pool-coincidence
src/v2/lens/complexity_lowering.dag	SymbolicCost	v2.lens.complexity_lowering	v2.lens.cost	pool-coincidence
src/v2/lens/coverage.dag	ConstructionJustification	v2.lens.coverage	v2.lens.common.construction_justification	pool-coincidence
src/v2/lens/enforcement/grammar_coverage.dag	Symbol	v2.lens.enforcement.grammar_coverage	v2.std.node	pool-coincidence
src/v2/lens/enforcement/grammar_coverage.dag	Symbol	v2.lens.enforcement.grammar_coverage	v2.std.node	pool-coincidence
src/v2/lens/enforcement/grammar_coverage.dag	Symbol	v2.lens.enforcement.grammar_coverage	v2.std.node	pool-coincidence
src/v2/lens/enforcement/grammar_coverage.dag	Symbol	v2.lens.enforcement.grammar_coverage	v2.std.node	pool-coincidence
src/v2/lens/enforcement/grammar_coverage.dag	Symbol	v2.lens.enforcement.grammar_coverage	v2.std.node	pool-coincidence
src/v2/lens/enforcement/grammar_coverage.dag	Symbol	v2.lens.enforcement.grammar_coverage	v2.std.node	pool-coincidence
src/v2/lens/enforcement/grammar_coverage.dag	Symbol	v2.lens.enforcement.grammar_coverage	v2.std.node	pool-coincidence
src/v2/lens/enforcement/grammar_coverage.dag	Symbol	v2.lens.enforcement.grammar_coverage	v2.std.node	pool-coincidence
src/v2/lens/enforcement/grammar_coverage.dag	Symbol	v2.lens.enforcement.grammar_coverage	v2.std.node	pool-coincidence
src/v2/lens/enforcement/grammar_coverage.dag	Symbol	v2.lens.enforcement.grammar_coverage	v2.std.node	pool-coincidence
src/v2/lens/enforcement/grammar_coverage.dag	v2.std.decl_index.DeclFact	v2.lens.enforcement.grammar_coverage	v2.std.decl_index	definer-resolvable
src/v2/lens/enforcement/standing_intent.dag	v2.lens.enforcement.vocab.ConsumerRequirement	v2.lens.enforcement.standing_intent	v2.lens.enforcement.vocab	definer-resolvable
src/v2/lens/enforcement/standing_intent.dag	v2.lens.enforcement.vocab.EnforcementMode	v2.lens.enforcement.standing_intent	v2.lens.enforcement.vocab	definer-resolvable
src/v2/lens/enforcement/standing_intent.dag	v2.lens.enforcement.vocab.NarrowingReason	v2.lens.enforcement.standing_intent	v2.lens.enforcement.vocab	definer-resolvable
src/v2/lens/enforcement/standing_intent.dag	v2.lens.enforcement.vocab.ScopeRoster	v2.lens.enforcement.standing_intent	v2.lens.enforcement.vocab	definer-resolvable
src/v2/lens/enforcement/standing_intent.dag	v2.lens.enforcement.vocab.ScopeRoster	v2.lens.enforcement.standing_intent	v2.lens.enforcement.vocab	definer-resolvable
src/v2/lens/enforcement/standing_intent.dag	v2.lens.enforcement.vocab.SubjectRoster	v2.lens.enforcement.standing_intent	v2.lens.enforcement.vocab	definer-resolvable
src/v2/lens/enforcement/standing_intent.dag	v2.lens.registry.LensIdV0	v2.lens.enforcement.standing_intent	v2.lens.registry	definer-resolvable
src/v2/lens/enforcement/vocab.dag	Disposition	v2.lens.enforcement.vocab	std.disposition	pool-coincidence
src/v2/lens/enforcement/vocab.dag	QualifiedName	v2.lens.enforcement.vocab	v2.std.qualified_name	pool-coincidence
src/v2/lens/enforcement/vocab.dag	QualifiedName	v2.lens.enforcement.vocab	v2.std.qualified_name	pool-coincidence
src/v2/lens/enforcement/vocab.dag	QualifiedName	v2.lens.enforcement.vocab	v2.std.qualified_name	pool-coincidence
src/v2/lens/enforcement/vocab.dag	ScheduleWitnessEntry	v2.lens.enforcement.vocab	std.realization_schedule	pool-coincidence
src/v2/lens/inert_lens.dag	ConstructionJustification	v2.lens.inert_lens	v2.lens.common.construction_justification	pool-coincidence
src/v2/lens/reference_deps.dag	ConstructionJustification	v2.lens.reference_deps	v2.lens.common.construction_justification	pool-coincidence
src/v2/lens/reference_deps.dag	Diagnostic	v2.lens.reference_deps	v2.std.diagnostic	pool-coincidence
src/v2/lens/reference_deps.dag	Diagnostic	v2.lens.reference_deps	v2.std.diagnostic	pool-coincidence
src/v2/lens/reference_deps.dag	Disposition	v2.lens.reference_deps	std.disposition	pool-coincidence
src/v2/lens/reference_deps.dag	ImportClosureBfsState	v2.lens.reference_deps	v2.lens.module_graph	listed-import
src/v2/lens/reference_deps.dag	ImportResolutionFact	v2.lens.reference_deps	v2.lens.module_graph	listed-import
src/v2/lens/reference_deps.dag	ImportResolutionFact	v2.lens.reference_deps	v2.lens.module_graph	listed-import
src/v2/lens/reference_deps.dag	ImportResolutionFact	v2.lens.reference_deps	v2.lens.module_graph	listed-import
src/v2/lens/reference_deps.dag	ModuleDeclarationFact	v2.lens.reference_deps	v2.lens.module_graph	listed-import
src/v2/lens/reference_deps.dag	ModuleDeclarationFact	v2.lens.reference_deps	v2.lens.module_graph	listed-import
src/v2/lens/reference_deps.dag	ModuleDeclarationFact	v2.lens.reference_deps	v2.lens.module_graph	listed-import
src/v2/lens/reference_deps.dag	ModuleDeclarationFact	v2.lens.reference_deps	v2.lens.module_graph	listed-import
src/v2/lens/reference_deps.dag	ModuleDeclarationFact	v2.lens.reference_deps	v2.lens.module_graph	listed-import
src/v2/lens/reference_deps.dag	ModuleDeclarationFact	v2.lens.reference_deps	v2.lens.module_graph	listed-import
src/v2/lens/reference_deps.dag	ModuleDeclarationFact	v2.lens.reference_deps	v2.lens.module_graph	listed-import
src/v2/lens/reference_deps.dag	ModuleDeclarationFact	v2.lens.reference_deps	v2.lens.module_graph	listed-import
src/v2/lens/reference_deps.dag	ModuleDeclarationFact	v2.lens.reference_deps	v2.lens.module_graph	listed-import
src/v2/lens/reference_deps.dag	QualifiedName	v2.lens.reference_deps	v2.std.qualified_name	pool-coincidence
src/v2/lens/reference_deps.dag	QualifiedName	v2.lens.reference_deps	v2.std.qualified_name	pool-coincidence
src/v2/lens/reference_deps.dag	QualifiedName	v2.lens.reference_deps	v2.std.qualified_name	pool-coincidence
src/v2/lens/reference_deps.dag	QualifiedName	v2.lens.reference_deps	v2.std.qualified_name	pool-coincidence
src/v2/lens/reference_deps.dag	QualifiedName	v2.lens.reference_deps	v2.std.qualified_name	pool-coincidence
src/v2/lens/reference_deps.dag	QualifiedName	v2.lens.reference_deps	v2.std.qualified_name	pool-coincidence
src/v2/lens/reference_deps.dag	QualifiedName	v2.lens.reference_deps	v2.std.qualified_name	pool-coincidence
src/v2/lens/reference_deps.dag	QualifiedName	v2.lens.reference_deps	v2.std.qualified_name	pool-coincidence
src/v2/lens/reference_deps.dag	QualifiedName	v2.lens.reference_deps	v2.std.qualified_name	pool-coincidence
src/v2/lens/reference_deps.dag	QualifiedName	v2.lens.reference_deps	v2.std.qualified_name	pool-coincidence
src/v2/lens/reference_deps.dag	QualifiedName	v2.lens.reference_deps	v2.std.qualified_name	pool-coincidence
src/v2/lens/reference_deps.dag	QualifiedName	v2.lens.reference_deps	v2.std.qualified_name	pool-coincidence
src/v2/lens/reference_deps.dag	QualifiedName	v2.lens.reference_deps	v2.std.qualified_name	pool-coincidence
src/v2/lens/reference_deps.dag	QualifiedName	v2.lens.reference_deps	v2.std.qualified_name	pool-coincidence
src/v2/lens/reference_deps.dag	QualifiedName	v2.lens.reference_deps	v2.std.qualified_name	pool-coincidence
src/v2/lens/reference_deps.dag	QualifiedName	v2.lens.reference_deps	v2.std.qualified_name	pool-coincidence
src/v2/lens/reference_deps.dag	Symbol	v2.lens.reference_deps	v2.std.node	pool-coincidence
src/v2/lens/reference_deps.dag	Symbol	v2.lens.reference_deps	v2.std.node	pool-coincidence
src/v2/lens/reference_deps.dag	Symbol	v2.lens.reference_deps	v2.std.node	pool-coincidence
src/v2/lens/reference_deps.dag	Symbol	v2.lens.reference_deps	v2.std.node	pool-coincidence
src/v2/lens/reference_deps.dag	Symbol	v2.lens.reference_deps	v2.std.node	pool-coincidence
src/v2/lens/reference_deps.dag	Symbol	v2.lens.reference_deps	v2.std.node	pool-coincidence
src/v2/lens/reference_deps.dag	Symbol	v2.lens.reference_deps	v2.std.node	pool-coincidence
src/v2/lens/reference_deps.dag	Symbol	v2.lens.reference_deps	v2.std.node	pool-coincidence
src/v2/lens/reference_deps.dag	Symbol	v2.lens.reference_deps	v2.std.node	pool-coincidence
src/v2/lens/registry.dag	ConstructionJustification	v2.lens.registry	v2.lens.common.construction_justification	pool-coincidence
src/v2/lens/registry.dag	Symbol	v2.lens.registry	v2.std.node	pool-coincidence
src/v2/lens/witness_cost_locality.dag	ConstructionJustification	v2.lens.witness_cost_locality	v2.lens.common.construction_justification	pool-coincidence
src/v2/std/artifact.dag	Locus	v2.std.artifact	v2.std.diagnostic	pool-coincidence
src/v2/std/artifact.dag	Symbol	v2.std.artifact	v2.std.node	pool-coincidence
src/v2/std/artifact.dag	Symbol	v2.std.artifact	v2.std.node	pool-coincidence
src/v2/std/artifact.dag	Symbol	v2.std.artifact	v2.std.node	pool-coincidence
src/v2/std/cross_tree/resolution.dag	QualifiedName	v2.std.cross_tree.resolution	v2.std.qualified_name	pool-coincidence
src/v2/std/cross_tree/resolution.dag	QualifiedName	v2.std.cross_tree.resolution	v2.std.qualified_name	pool-coincidence
src/v2/std/cross_tree/resolution.dag	QualifiedName	v2.std.cross_tree.resolution	v2.std.qualified_name	pool-coincidence
src/v2/std/cross_tree/resolution.dag	QualifiedName	v2.std.cross_tree.resolution	v2.std.qualified_name	pool-coincidence
src/v2/std/cross_tree/resolution.dag	QualifiedName	v2.std.cross_tree.resolution	v2.std.qualified_name	pool-coincidence
src/v2/std/cross_tree/resolution.dag	QualifiedName	v2.std.cross_tree.resolution	v2.std.qualified_name	pool-coincidence
src/v2/std/cross_tree/resolution.dag	SourceRootRef	v2.std.cross_tree.resolution	v2.std.cross_tree.import_model	pool-coincidence
src/v2/std/cross_tree/resolution.dag	SourceRootRef	v2.std.cross_tree.resolution	v2.std.cross_tree.import_model	pool-coincidence
src/v2/std/cross_tree/resolution.dag	SourceRootRef	v2.std.cross_tree.resolution	v2.std.cross_tree.import_model	pool-coincidence
src/v2/std/cross_tree/resolution.dag	SourceRootRef	v2.std.cross_tree.resolution	v2.std.cross_tree.import_model	pool-coincidence
src/v2/std/cross_tree/resolution.dag	SourceRootRef	v2.std.cross_tree.resolution	v2.std.cross_tree.import_model	pool-coincidence
src/v2/std/cross_tree/resolution.dag	SourceRootRef	v2.std.cross_tree.resolution	v2.std.cross_tree.import_model	pool-coincidence
src/v2/std/cross_tree/resolution.dag	SourceRootRef	v2.std.cross_tree.resolution	v2.std.cross_tree.import_model	pool-coincidence
src/v2/std/cross_tree/resolution.dag	SourceRootRef	v2.std.cross_tree.resolution	v2.std.cross_tree.import_model	pool-coincidence
src/v2/std/cross_tree/resolution.dag	SourceRootSet	v2.std.cross_tree.resolution	v2.std.cross_tree.import_model	pool-coincidence
src/v2/std/cross_tree/resolution.dag	TreeFundamentalityOrder	v2.std.cross_tree.resolution	v2.std.cross_tree.import_model	pool-coincidence
src/v2/std/cross_tree/resolution.dag	v2.std.layer.LayerPrefix	v2.std.cross_tree.resolution	v2.std.layer	definer-resolvable
src/v2/std/cross_tree/resolution.dag	v2.std.layer.LayerPrefix	v2.std.cross_tree.resolution	v2.std.layer	definer-resolvable
src/v2/std/decl_index.dag	Disposition	v2.std.decl_index	std.disposition	pool-coincidence
src/v2/test/claim/manual/fn_as_value_test.dag	LiveTreeDisposition	v2.test.manual.fn_as_value	v2.std.live_tree	pool-coincidence
