consumer_file	occurrence_name	occurrence_category	candidate_provider_modules	candidate_count	intended_provider	accepted_binding	provider_in_loaded_closure	binding_outcome	first_root_diagnostic	downstream_diagnostic_count	disposition
dag/extdeps/crm/hubspot_lifecycle.dag	Product(CommutativeSemiring)	cascade		0	unobserved	unobserved	unobserved	n/a	type mismatch: expected 'Product(CommutativeSemiring)', got 'Primitive(Int)'	7	cascade
dag/extdeps/crm/hubspot_lifecycle.dag	Product(CommutativeSemiring)	cascade		0	unobserved	unobserved	unobserved	n/a	type mismatch: expected 'Product(CommutativeSemiring)', got 'Primitive(Int)'	7	cascade
dag/extdeps/crm/hubspot_lifecycle.dag	Product(CommutativeSemiring)	cascade		0	unobserved	unobserved	unobserved	n/a	type mismatch: expected 'Product(CommutativeSemiring)', got 'Primitive(Int)'	7	cascade
dag/extdeps/crm/hubspot_lifecycle.dag	Product(CommutativeSemiring)	cascade		0	unobserved	unobserved	unobserved	n/a	type mismatch: expected 'Product(CommutativeSemiring)', got 'Primitive(Int)'	7	cascade
dag/extdeps/crm/hubspot_lifecycle.dag	Product(CommutativeSemiring)	cascade		0	unobserved	unobserved	unobserved	n/a	type mismatch: expected 'Product(CommutativeSemiring)', got 'Primitive(Int)'	7	cascade
dag/extdeps/crm/hubspot_lifecycle.dag	Product(CommutativeSemiring)	cascade		0	unobserved	unobserved	unobserved	n/a	type mismatch: expected 'Product(CommutativeSemiring)', got 'Primitive(Int)'	7	cascade
dag/extdeps/crm/hubspot_lifecycle.dag	Product(CommutativeSemiring)	cascade		0	unobserved	unobserved	unobserved	n/a	type mismatch: expected 'Product(CommutativeSemiring)', got 'Primitive(Int)'	7	cascade
dag/extdeps/crm/hubspot_lifecycle.dag	Product(CommutativeSemiring)	cascade		0	unobserved	unobserved	unobserved	n/a	type mismatch: expected 'Product(CommutativeSemiring)', got 'Primitive(Int)'	7	cascade
dag/extdeps/github/app.dag	Coproduct(HashAlgorithm)	cascade		0	unobserved	unobserved	unobserved	n/a	type mismatch: expected 'Coproduct(HashAlgorithm)', got 'Primitive(String)'	0	cascade
dag/extdeps/pricing/object_storage.dag	Product(CommutativeSemiring)	cascade		0	unobserved	unobserved	unobserved	n/a	type mismatch: expected 'Product(CommutativeSemiring)', got 'Primitive(Int)'	38	cascade
dag/extdeps/pricing/object_storage.dag	Product(CommutativeSemiring)	cascade		0	unobserved	unobserved	unobserved	n/a	type mismatch: expected 'Product(CommutativeSemiring)', got 'Primitive(Int)'	38	cascade
dag/extdeps/pricing/object_storage.dag	Product(CommutativeSemiring)	cascade		0	unobserved	unobserved	unobserved	n/a	type mismatch: expected 'Product(CommutativeSemiring)', got 'Primitive(Int)'	38	cascade
dag/extdeps/pricing/object_storage.dag	Product(CommutativeSemiring)	cascade		0	unobserved	unobserved	unobserved	n/a	type mismatch: expected 'Product(CommutativeSemiring)', got 'Primitive(Int)'	38	cascade
dag/extdeps/pricing/object_storage.dag	Product(CommutativeSemiring)	cascade		0	unobserved	unobserved	unobserved	n/a	type mismatch: expected 'Product(CommutativeSemiring)', got 'Primitive(Int)'	38	cascade
dag/extdeps/pricing/object_storage.dag	Product(CommutativeSemiring)	cascade		0	unobserved	unobserved	unobserved	n/a	type mismatch: expected 'Product(CommutativeSemiring)', got 'Primitive(Int)'	38	cascade
dag/extdeps/pricing/object_storage.dag	Product(CommutativeSemiring)	cascade		0	unobserved	unobserved	unobserved	n/a	type mismatch: expected 'Product(CommutativeSemiring)', got 'Primitive(Int)'	38	cascade
dag/extdeps/pricing/object_storage.dag	Product(CommutativeSemiring)	cascade		0	unobserved	unobserved	unobserved	n/a	type mismatch: expected 'Product(CommutativeSemiring)', got 'Primitive(Int)'	38	cascade
dag/extdeps/pricing/object_storage.dag	Product(CommutativeSemiring)	cascade		0	unobserved	unobserved	unobserved	n/a	type mismatch: expected 'Product(CommutativeSemiring)', got 'Primitive(Int)'	38	cascade
dag/extdeps/pricing/object_storage.dag	Product(CommutativeSemiring)	cascade		0	unobserved	unobserved	unobserved	n/a	type mismatch: expected 'Product(CommutativeSemiring)', got 'Primitive(Int)'	38	cascade
dag/extdeps/pricing/object_storage.dag	Product(CommutativeSemiring)	cascade		0	unobserved	unobserved	unobserved	n/a	type mismatch: expected 'Product(CommutativeSemiring)', got 'Primitive(Int)'	38	cascade
dag/extdeps/pricing/object_storage.dag	Product(CommutativeSemiring)	cascade		0	unobserved	unobserved	unobserved	n/a	type mismatch: expected 'Product(CommutativeSemiring)', got 'Primitive(Int)'	38	cascade
dag/extdeps/pricing/object_storage.dag	Product(CommutativeSemiring)	cascade		0	unobserved	unobserved	unobserved	n/a	type mismatch: expected 'Product(CommutativeSemiring)', got 'Primitive(Int)'	38	cascade
dag/extdeps/pricing/object_storage.dag	Product(CommutativeSemiring)	cascade		0	unobserved	unobserved	unobserved	n/a	type mismatch: expected 'Product(CommutativeSemiring)', got 'Primitive(Int)'	38	cascade
dag/extdeps/pricing/object_storage.dag	Product(CommutativeSemiring)	cascade		0	unobserved	unobserved	unobserved	n/a	type mismatch: expected 'Product(CommutativeSemiring)', got 'Primitive(Int)'	38	cascade
dag/extdeps/pricing/object_storage.dag	Product(CommutativeSemiring)	cascade		0	unobserved	unobserved	unobserved	n/a	type mismatch: expected 'Product(CommutativeSemiring)', got 'Primitive(Int)'	38	cascade
dag/extdeps/pricing/object_storage.dag	Product(CommutativeSemiring)	cascade		0	unobserved	unobserved	unobserved	n/a	type mismatch: expected 'Product(CommutativeSemiring)', got 'Primitive(Int)'	38	cascade
dag/extdeps/pricing/object_storage.dag	Product(CommutativeSemiring)	cascade		0	unobserved	unobserved	unobserved	n/a	type mismatch: expected 'Product(CommutativeSemiring)', got 'Primitive(Int)'	38	cascade
dag/extdeps/pricing/object_storage.dag	Product(CommutativeSemiring)	cascade		0	unobserved	unobserved	unobserved	n/a	type mismatch: expected 'Product(CommutativeSemiring)', got 'Primitive(Int)'	38	cascade
dag/extdeps/pricing/object_storage.dag	Product(CommutativeSemiring)	cascade		0	unobserved	unobserved	unobserved	n/a	type mismatch: expected 'Product(CommutativeSemiring)', got 'Primitive(Int)'	38	cascade
dag/extdeps/pricing/object_storage.dag	Product(CommutativeSemiring)	cascade		0	unobserved	unobserved	unobserved	n/a	type mismatch: expected 'Product(CommutativeSemiring)', got 'Primitive(Int)'	38	cascade
dag/extdeps/pricing/object_storage.dag	Product(CommutativeSemiring)	cascade		0	unobserved	unobserved	unobserved	n/a	type mismatch: expected 'Product(CommutativeSemiring)', got 'Primitive(Int)'	38	cascade
dag/extdeps/pricing/object_storage.dag	Product(CommutativeSemiring)	cascade		0	unobserved	unobserved	unobserved	n/a	type mismatch: expected 'Product(CommutativeSemiring)', got 'Primitive(Int)'	38	cascade
dag/extdeps/pricing/object_storage.dag	Product(CommutativeSemiring)	cascade		0	unobserved	unobserved	unobserved	n/a	type mismatch: expected 'Product(CommutativeSemiring)', got 'Primitive(Int)'	38	cascade
dag/extdeps/pricing/object_storage.dag	Product(CommutativeSemiring)	cascade		0	unobserved	unobserved	unobserved	n/a	type mismatch: expected 'Product(CommutativeSemiring)', got 'Primitive(Int)'	38	cascade
dag/extdeps/pricing/object_storage.dag	Product(CommutativeSemiring)	cascade		0	unobserved	unobserved	unobserved	n/a	type mismatch: expected 'Product(CommutativeSemiring)', got 'Primitive(Int)'	38	cascade
dag/extdeps/pricing/object_storage.dag	Product(CommutativeSemiring)	cascade		0	unobserved	unobserved	unobserved	n/a	type mismatch: expected 'Product(CommutativeSemiring)', got 'Primitive(Int)'	38	cascade
dag/extdeps/pricing/object_storage.dag	Product(CommutativeSemiring)	cascade		0	unobserved	unobserved	unobserved	n/a	type mismatch: expected 'Product(CommutativeSemiring)', got 'Primitive(Int)'	38	cascade
dag/extdeps/pricing/object_storage.dag	Product(CommutativeSemiring)	cascade		0	unobserved	unobserved	unobserved	n/a	type mismatch: expected 'Product(CommutativeSemiring)', got 'Primitive(Int)'	38	cascade
dag/extdeps/pricing/object_storage.dag	Product(CommutativeSemiring)	cascade		0	unobserved	unobserved	unobserved	n/a	type mismatch: expected 'Product(CommutativeSemiring)', got 'Primitive(Int)'	38	cascade
dag/extdeps/pricing/object_storage.dag	Product(CommutativeSemiring)	cascade		0	unobserved	unobserved	unobserved	n/a	type mismatch: expected 'Product(CommutativeSemiring)', got 'Primitive(Int)'	38	cascade
dag/extdeps/pricing/object_storage.dag	Product(CommutativeSemiring)	cascade		0	unobserved	unobserved	unobserved	n/a	type mismatch: expected 'Product(CommutativeSemiring)', got 'Primitive(Int)'	38	cascade
dag/extdeps/pricing/object_storage.dag	Product(CommutativeSemiring)	cascade		0	unobserved	unobserved	unobserved	n/a	type mismatch: expected 'Product(CommutativeSemiring)', got 'Primitive(Int)'	38	cascade
dag/extdeps/pricing/object_storage.dag	Product(CommutativeSemiring)	cascade		0	unobserved	unobserved	unobserved	n/a	type mismatch: expected 'Product(CommutativeSemiring)', got 'Primitive(Int)'	38	cascade
dag/extdeps/pricing/object_storage.dag	Product(CommutativeSemiring)	cascade		0	unobserved	unobserved	unobserved	n/a	type mismatch: expected 'Product(CommutativeSemiring)', got 'Primitive(Int)'	38	cascade
dag/extdeps/pricing/object_storage.dag	Product(CommutativeSemiring)	cascade		0	unobserved	unobserved	unobserved	n/a	type mismatch: expected 'Product(CommutativeSemiring)', got 'Primitive(Int)'	38	cascade
dag/extdeps/pricing/object_storage.dag	Product(CommutativeSemiring)	cascade		0	unobserved	unobserved	unobserved	n/a	type mismatch: expected 'Product(CommutativeSemiring)', got 'Primitive(Int)'	38	cascade
dag/extdeps/pricing/object_storage.dag	Product(CommutativeSemiring)	cascade		0	unobserved	unobserved	unobserved	n/a	type mismatch: expected 'Product(CommutativeSemiring)', got 'Primitive(Int)'	38	cascade
dag/extdeps/pricing/object_storage.dag	Product(CommutativeSemiring)	cascade		0	unobserved	unobserved	unobserved	n/a	type mismatch: expected 'Product(CommutativeSemiring)', got 'Primitive(Int)'	38	cascade
dag/gunbc/capability_binding.dag	Product(CommutativeSemiring)	cascade		0	unobserved	unobserved	unobserved	n/a	type mismatch: expected 'Product(CommutativeSemiring)', got 'Primitive(Int)'	2	cascade
dag/gunbc/capability_binding.dag	Product(CommutativeSemiring)	cascade		0	unobserved	unobserved	unobserved	n/a	type mismatch: expected 'Product(CommutativeSemiring)', got 'Primitive(Int)'	2	cascade
dag/gunbc/capability_binding.dag	Product(CommutativeSemiring)	cascade		0	unobserved	unobserved	unobserved	n/a	type mismatch: expected 'Product(CommutativeSemiring)', got 'Primitive(Int)'	2	cascade
dag/gunbc/ci_cost_arc_closeout_receipt.dag	Product(CommutativeSemiring)	cascade		0	unobserved	unobserved	unobserved	n/a	type mismatch: expected 'Product(CommutativeSemiring)', got 'Primitive(Int)'	0	cascade
dag/gunbc/citation/x86_64_abi_pdf_consumer.dag	Product(PositiveInt)	cascade		0	unobserved	unobserved	unobserved	n/a	type mismatch: expected 'Product(PositiveInt)', got 'Primitive(Int)'	0	cascade
dag/gunbc/design/instrument_physical.dag	Product(CommutativeSemiring)	cascade		0	unobserved	unobserved	unobserved	n/a	type mismatch: expected 'Product(CommutativeSemiring)', got 'Primitive(Int)'	4	cascade
dag/gunbc/design/instrument_physical.dag	Product(CommutativeSemiring)	cascade		0	unobserved	unobserved	unobserved	n/a	type mismatch: expected 'Product(CommutativeSemiring)', got 'Primitive(Int)'	4	cascade
dag/gunbc/design/instrument_physical.dag	Product(CommutativeSemiring)	cascade		0	unobserved	unobserved	unobserved	n/a	type mismatch: expected 'Product(CommutativeSemiring)', got 'Primitive(Int)'	4	cascade
dag/gunbc/design/instrument_physical.dag	Product(CommutativeSemiring)	cascade		0	unobserved	unobserved	unobserved	n/a	type mismatch: expected 'Product(CommutativeSemiring)', got 'Primitive(Int)'	4	cascade
dag/gunbc/design/instrument_physical.dag	Product(CommutativeSemiring)	cascade		0	unobserved	unobserved	unobserved	n/a	type mismatch: expected 'Product(CommutativeSemiring)', got 'Primitive(Int)'	4	cascade
dag/gunbc/econ/acquisition.dag	Product(CommutativeSemiring)	cascade		0	unobserved	unobserved	unobserved	n/a	type mismatch: expected 'Product(CommutativeSemiring)', got 'Primitive(Int)'	1	cascade
dag/gunbc/econ/acquisition.dag	Product(CommutativeSemiring)	cascade		0	unobserved	unobserved	unobserved	n/a	type mismatch: expected 'Product(CommutativeSemiring)', got 'Primitive(Int)'	1	cascade
dag/gunbc/econ/scm_serving_model.dag	Product(CommutativeSemiring)	cascade		0	unobserved	unobserved	unobserved	n/a	type mismatch: expected 'Product(CommutativeSemiring)', got 'Primitive(Int)'	4	cascade
dag/gunbc/econ/scm_serving_model.dag	Product(CommutativeSemiring)	cascade		0	unobserved	unobserved	unobserved	n/a	type mismatch: expected 'Product(CommutativeSemiring)', got 'Primitive(Int)'	4	cascade
dag/gunbc/econ/scm_serving_model.dag	Product(CommutativeSemiring)	cascade		0	unobserved	unobserved	unobserved	n/a	type mismatch: expected 'Product(CommutativeSemiring)', got 'Primitive(Int)'	4	cascade
dag/gunbc/econ/scm_serving_model.dag	Product(CommutativeSemiring)	cascade		0	unobserved	unobserved	unobserved	n/a	type mismatch: expected 'Product(CommutativeSemiring)', got 'Primitive(Int)'	4	cascade
dag/gunbc/econ/scm_serving_model.dag	Product(CommutativeSemiring)	cascade		0	unobserved	unobserved	unobserved	n/a	type mismatch: expected 'Product(CommutativeSemiring)', got 'Primitive(Int)'	4	cascade
dag/gunbc/falsifier_lane.dag	Product(CommutativeSemiring)	cascade		0	unobserved	unobserved	unobserved	n/a	type mismatch: expected 'Product(CommutativeSemiring)', got 'Primitive(Int)'	1	cascade
dag/gunbc/falsifier_lane.dag	Product(CommutativeSemiring)	cascade		0	unobserved	unobserved	unobserved	n/a	type mismatch: expected 'Product(CommutativeSemiring)', got 'Primitive(Int)'	1	cascade
dag/gunbc/fleet_bmc_observation.dag	Product(CommutativeSemiring)	cascade		0	unobserved	unobserved	unobserved	n/a	type mismatch: expected 'Product(CommutativeSemiring)', got 'Primitive(Int)'	0	cascade
dag/gunbc/floor_component_receipt.dag	Product(CommutativeSemiring)	cascade		0	unobserved	unobserved	unobserved	n/a	type mismatch: expected 'Product(CommutativeSemiring)', got 'Primitive(Int)'	0	cascade
dag/gunbc/host_runner_memory_cap_verify.dag		unnamed		0	unobserved	unobserved	unobserved	n/a	if branches resolve to incompatible types: Coproduct(ConvergeVerdict) vs Coproduct(Optional)	2	cascade
dag/gunbc/host_runner_memory_cap_verify.dag		unnamed		0	unobserved	unobserved	unobserved	n/a	if branches resolve to incompatible types: Coproduct(Optional) vs Coproduct(ConvergeVerdict)	2	cascade
dag/gunbc/host_runner_memory_cap_verify.dag		unnamed		0	unobserved	unobserved	unobserved	n/a	if branches resolve to incompatible types: Coproduct(ConvergeVerdict) vs Coproduct(Optional)	2	cascade
dag/gunbc/observation_ci_render.dag	Product(CommutativeSemiring)	cascade		0	unobserved	unobserved	unobserved	n/a	type mismatch: expected 'Product(CommutativeSemiring)', got 'Primitive(Int)'	0	cascade
dag/gunbc/roadmap_instrument_sandbox.dag	Product(PositiveInt)	cascade		0	unobserved	unobserved	unobserved	n/a	type mismatch: expected 'Product(PositiveInt)', got 'Primitive(Int)'	0	cascade
dag/gunbc/runner_capacity_operator_access.dag		unnamed		0	unobserved	unobserved	unobserved	suspected_fabricated	if branches resolve to incompatible types: Primitive(std.types.NonEmptyStr) vs Product(<anon>)	0	cascade
dag/gunbc/tools/review.dag	Product(PositiveInt)	cascade		0	unobserved	unobserved	unobserved	n/a	type mismatch: expected 'Product(PositiveInt)', got 'Primitive(Int)'	0	cascade
dag/gunbc/tools/review_codex.dag	Product(PositiveInt)	cascade		0	unobserved	unobserved	unobserved	n/a	type mismatch: expected 'Product(PositiveInt)', got 'Primitive(Int)'	0	cascade
dag/test/claim/citation_cit1_consumer_witness_test.dag	Product(PositiveInt)	cascade		0	unobserved	unobserved	unobserved	n/a	type mismatch: expected 'Product(PositiveInt)', got 'Primitive(Int)'	1	cascade
dag/test/claim/citation_cit1_consumer_witness_test.dag	Product(PositiveInt)	cascade		0	unobserved	unobserved	unobserved	n/a	type mismatch: expected 'Product(PositiveInt)', got 'Primitive(Int)'	1	cascade
dag/test/claim/citation_cit1_witness_test.dag	Product(PositiveInt)	cascade		0	unobserved	unobserved	unobserved	n/a	type mismatch: expected 'Product(PositiveInt)', got 'Primitive(Int)'	13	cascade
dag/test/claim/citation_cit1_witness_test.dag	Product(PositiveInt)	cascade		0	unobserved	unobserved	unobserved	n/a	type mismatch: expected 'Product(PositiveInt)', got 'Primitive(Int)'	13	cascade
dag/test/claim/citation_cit1_witness_test.dag	Product(PositiveInt)	cascade		0	unobserved	unobserved	unobserved	n/a	type mismatch: expected 'Product(PositiveInt)', got 'Primitive(Int)'	13	cascade
dag/test/claim/citation_cit1_witness_test.dag	Product(PositiveInt)	cascade		0	unobserved	unobserved	unobserved	n/a	type mismatch: expected 'Product(PositiveInt)', got 'Primitive(Int)'	13	cascade
dag/test/claim/citation_cit1_witness_test.dag	Product(PositiveInt)	cascade		0	unobserved	unobserved	unobserved	n/a	type mismatch: expected 'Product(PositiveInt)', got 'Primitive(Int)'	13	cascade
dag/test/claim/citation_cit1_witness_test.dag	Product(PositiveInt)	cascade		0	unobserved	unobserved	unobserved	n/a	type mismatch: expected 'Product(PositiveInt)', got 'Primitive(Int)'	13	cascade
dag/test/claim/citation_cit1_witness_test.dag	Product(PositiveInt)	cascade		0	unobserved	unobserved	unobserved	n/a	type mismatch: expected 'Product(PositiveInt)', got 'Primitive(Int)'	13	cascade
dag/test/claim/citation_cit1_witness_test.dag	Product(PositiveInt)	cascade		0	unobserved	unobserved	unobserved	n/a	type mismatch: expected 'Product(PositiveInt)', got 'Primitive(Int)'	13	cascade
dag/test/claim/citation_cit1_witness_test.dag	Product(PositiveInt)	cascade		0	unobserved	unobserved	unobserved	n/a	type mismatch: expected 'Product(PositiveInt)', got 'Primitive(Int)'	13	cascade
dag/test/claim/citation_cit1_witness_test.dag	Product(PositiveInt)	cascade		0	unobserved	unobserved	unobserved	n/a	type mismatch: expected 'Product(PositiveInt)', got 'Primitive(Int)'	13	cascade
dag/test/claim/citation_cit1_witness_test.dag	Product(PositiveInt)	cascade		0	unobserved	unobserved	unobserved	n/a	type mismatch: expected 'Product(PositiveInt)', got 'Primitive(Int)'	13	cascade
dag/test/claim/citation_cit1_witness_test.dag	Product(PositiveInt)	cascade		0	unobserved	unobserved	unobserved	n/a	type mismatch: expected 'Product(PositiveInt)', got 'Primitive(Int)'	13	cascade
dag/test/claim/citation_cit1_witness_test.dag	Product(PositiveInt)	cascade		0	unobserved	unobserved	unobserved	n/a	type mismatch: expected 'Product(PositiveInt)', got 'Primitive(Int)'	13	cascade
dag/test/claim/citation_cit1_witness_test.dag	Product(PositiveInt)	cascade		0	unobserved	unobserved	unobserved	n/a	type mismatch: expected 'Product(PositiveInt)', got 'Primitive(Int)'	13	cascade
dag/test/claim/crm_stage_vocabulary_witness_test.dag	Product(CommutativeSemiring)	cascade		0	unobserved	unobserved	unobserved	n/a	type mismatch: expected 'Product(CommutativeSemiring)', got 'Primitive(Int)'	0	cascade
dag/test/claim/falsifier_run_control_witness_test.dag		unnamed		0	unobserved	unobserved	unobserved	n/a	indexing is only supported for String, keyed collection, and list values	2	cascade
dag/test/claim/falsifier_run_control_witness_test.dag		unnamed		0	unobserved	unobserved	unobserved	n/a	indexing is only supported for String, keyed collection, and list values	2	cascade
dag/test/claim/falsifier_run_control_witness_test.dag		unnamed		0	unobserved	unobserved	unobserved	n/a	indexing is only supported for String, keyed collection, and list values	2	cascade
dag/test/claim/falsifier_workflow_witness_test.dag		unnamed		0	unobserved	unobserved	unobserved	n/a	indexing is only supported for String, keyed collection, and list values	3	cascade
dag/test/claim/falsifier_workflow_witness_test.dag		unnamed		0	unobserved	unobserved	unobserved	n/a	indexing is only supported for String, keyed collection, and list values	3	cascade
dag/test/claim/falsifier_workflow_witness_test.dag		unnamed		0	unobserved	unobserved	unobserved	n/a	indexing is only supported for String, keyed collection, and list values	3	cascade
dag/test/claim/falsifier_workflow_witness_test.dag		unnamed		0	unobserved	unobserved	unobserved	n/a	indexing is only supported for String, keyed collection, and list values	3	cascade
dag/test/claim/instrument_camera_witness_test.dag	Product(PositiveInt)	cascade		0	unobserved	unobserved	unobserved	n/a	type mismatch: expected 'Product(PositiveInt)', got 'Primitive(Int)'	2	cascade
dag/test/claim/instrument_camera_witness_test.dag	Product(PositiveInt)	cascade		0	unobserved	unobserved	unobserved	n/a	type mismatch: expected 'Product(PositiveInt)', got 'Primitive(Int)'	2	cascade
dag/test/claim/instrument_camera_witness_test.dag	Product(PositiveInt)	cascade		0	unobserved	unobserved	unobserved	n/a	type mismatch: expected 'Product(PositiveInt)', got 'Primitive(Int)'	2	cascade
dag/test/claim/runner_capacity_operator_access_witness_test.dag		unnamed		0	unobserved	unobserved	unobserved	n/a	indexing is only supported for String, keyed collection, and list values	0	cascade
dag/test/claim/source_integration_landing_spine_witness_test.dag	Product(PositiveInt)	cascade		0	unobserved	unobserved	unobserved	n/a	type mismatch: expected 'Product(PositiveInt)', got 'Primitive(Int)'	1	cascade
dag/test/claim/source_integration_landing_spine_witness_test.dag	Product(PositiveInt)	cascade		0	unobserved	unobserved	unobserved	n/a	type mismatch: expected 'Product(PositiveInt)', got 'Primitive(Int)'	1	cascade
dag/test/claim/source_integration_proof_kernel_model_witness_test.dag	Product(PositiveInt)	cascade		0	unobserved	unobserved	unobserved	n/a	type mismatch: expected 'Product(PositiveInt)', got 'Primitive(Int)'	8	cascade
dag/test/claim/source_integration_proof_kernel_model_witness_test.dag	Product(PositiveInt)	cascade		0	unobserved	unobserved	unobserved	n/a	type mismatch: expected 'Product(PositiveInt)', got 'Primitive(Int)'	8	cascade
dag/test/claim/source_integration_proof_kernel_model_witness_test.dag	Product(PositiveInt)	cascade		0	unobserved	unobserved	unobserved	n/a	type mismatch: expected 'Product(PositiveInt)', got 'Primitive(Int)'	8	cascade
dag/test/claim/source_integration_proof_kernel_model_witness_test.dag	Product(PositiveInt)	cascade		0	unobserved	unobserved	unobserved	n/a	type mismatch: expected 'Product(PositiveInt)', got 'Primitive(Int)'	8	cascade
dag/test/claim/source_integration_proof_kernel_model_witness_test.dag	Product(PositiveInt)	cascade		0	unobserved	unobserved	unobserved	n/a	type mismatch: expected 'Product(PositiveInt)', got 'Primitive(Int)'	8	cascade
dag/test/claim/source_integration_proof_kernel_model_witness_test.dag	Product(PositiveInt)	cascade		0	unobserved	unobserved	unobserved	n/a	type mismatch: expected 'Product(PositiveInt)', got 'Primitive(Int)'	8	cascade
dag/test/claim/source_integration_proof_kernel_model_witness_test.dag	Product(PositiveInt)	cascade		0	unobserved	unobserved	unobserved	n/a	type mismatch: expected 'Product(PositiveInt)', got 'Primitive(Int)'	8	cascade
dag/test/claim/source_integration_proof_kernel_model_witness_test.dag	Product(PositiveInt)	cascade		0	unobserved	unobserved	unobserved	n/a	type mismatch: expected 'Product(PositiveInt)', got 'Primitive(Int)'	8	cascade
dag/test/claim/source_integration_proof_kernel_model_witness_test.dag	Product(PositiveInt)	cascade		0	unobserved	unobserved	unobserved	n/a	type mismatch: expected 'Product(PositiveInt)', got 'Primitive(Int)'	8	cascade
dag/test/claim/stage0_rust_honest_frontier_integration_witness_test.dag	Coproduct(RustSourceHostObservation)	cascade		0	unobserved	unobserved	unobserved	n/a	type mismatch: expected 'Coproduct(RustSourceHostObservation)', got 'Coproduct(RustManifestObserved)'	3	cascade
dag/test/claim/stage0_rust_honest_frontier_integration_witness_test.dag	Coproduct(RustSourceHostObservation)	cascade		0	unobserved	unobserved	unobserved	n/a	type mismatch: expected 'Coproduct(RustSourceHostObservation)', got 'Coproduct(RustManifestObserved)'	3	cascade
dag/test/claim/stage0_rust_honest_frontier_integration_witness_test.dag	Coproduct(RustSourceHostObservation)	cascade		0	unobserved	unobserved	unobserved	n/a	type mismatch: expected 'Coproduct(RustSourceHostObservation)', got 'Coproduct(RustManifestObserved)'	3	cascade
dag/test/claim/stage0_rust_honest_frontier_integration_witness_test.dag	Coproduct(RustSourceHostObservation)	cascade		0	unobserved	unobserved	unobserved	n/a	type mismatch: expected 'Coproduct(RustSourceHostObservation)', got 'Coproduct(RustManifestObserved)'	3	cascade
dag/test/claim/stage0_rust_honest_frontier_projection_witness_test.dag	Coproduct(RustSourceHostObservation)	cascade		0	unobserved	unobserved	unobserved	n/a	type mismatch: expected 'Coproduct(RustSourceHostObservation)', got 'Coproduct(RustManifestObserved)'	2	cascade
dag/test/claim/stage0_rust_honest_frontier_projection_witness_test.dag	Coproduct(RustSourceHostObservation)	cascade		0	unobserved	unobserved	unobserved	n/a	type mismatch: expected 'Coproduct(RustSourceHostObservation)', got 'Coproduct(RustManifestObserved)'	2	cascade
dag/test/claim/stage0_rust_honest_frontier_projection_witness_test.dag	Coproduct(RustSourceHostObservation)	cascade		0	unobserved	unobserved	unobserved	n/a	type mismatch: expected 'Coproduct(RustSourceHostObservation)', got 'Coproduct(RustManifestObserved)'	2	cascade
dag/test/claim/stage0_rust_lifecycle_totality_witness_test.dag	Coproduct(RustSourceHostObservation)	cascade		0	unobserved	unobserved	unobserved	n/a	type mismatch: expected 'Coproduct(RustSourceHostObservation)', got 'Coproduct(RustManifestObserved)'	4	cascade
dag/test/claim/stage0_rust_lifecycle_totality_witness_test.dag	Coproduct(RustSourceHostObservation)	cascade		0	unobserved	unobserved	unobserved	n/a	type mismatch: expected 'Coproduct(RustSourceHostObservation)', got 'Coproduct(RustManifestObserved)'	4	cascade
dag/test/claim/stage0_rust_lifecycle_totality_witness_test.dag	Coproduct(RustSourceHostObservation)	cascade		0	unobserved	unobserved	unobserved	n/a	type mismatch: expected 'Coproduct(RustSourceHostObservation)', got 'Coproduct(RustManifestObserved)'	4	cascade
dag/test/claim/stage0_rust_lifecycle_totality_witness_test.dag	Coproduct(RustSourceHostObservation)	cascade		0	unobserved	unobserved	unobserved	n/a	type mismatch: expected 'Coproduct(RustSourceHostObservation)', got 'Coproduct(RustManifestObserved)'	4	cascade
dag/test/claim/stage0_rust_lifecycle_totality_witness_test.dag	Coproduct(RustSourceHostObservation)	cascade		0	unobserved	unobserved	unobserved	n/a	type mismatch: expected 'Coproduct(RustSourceHostObservation)', got 'Coproduct(RustManifestObserved)'	4	cascade
dag/test/claim/stage0_rust_maintenance_census_report_witness_test.dag	Coproduct(RustSourceHostObservation)	cascade		0	unobserved	unobserved	unobserved	n/a	type mismatch: expected 'Coproduct(RustSourceHostObservation)', got 'Coproduct(RustManifestObserved)'	0	cascade
dag/test/claim/stage0_rust_product_reachability_witness_test.dag	Coproduct(RustSourceHostObservation)	cascade		0	unobserved	unobserved	unobserved	n/a	type mismatch: expected 'Coproduct(RustSourceHostObservation)', got 'Coproduct(RustManifestObserved)'	0	cascade
dag/test/claim/stage0_rust_source_lifecycle_scaffold_witness_test.dag	Coproduct(RustSourceHostObservation)	cascade		0	unobserved	unobserved	unobserved	n/a	type mismatch: expected 'Coproduct(RustSourceHostObservation)', got 'Coproduct(RustManifestObserved)'	3	cascade
dag/test/claim/stage0_rust_source_lifecycle_scaffold_witness_test.dag	Coproduct(RustSourceHostObservation)	cascade		0	unobserved	unobserved	unobserved	n/a	type mismatch: expected 'Coproduct(RustSourceHostObservation)', got 'Coproduct(RustManifestObserved)'	3	cascade
dag/test/claim/stage0_rust_source_lifecycle_scaffold_witness_test.dag	Coproduct(RustSourceHostObservation)	cascade		0	unobserved	unobserved	unobserved	n/a	type mismatch: expected 'Coproduct(RustSourceHostObservation)', got 'Coproduct(RustManifestObserved)'	3	cascade
dag/test/claim/stage0_rust_source_lifecycle_scaffold_witness_test.dag	Coproduct(RustSourceHostObservation)	cascade		0	unobserved	unobserved	unobserved	n/a	type mismatch: expected 'Coproduct(RustSourceHostObservation)', got 'Coproduct(RustManifestObserved)'	3	cascade
dag/test/claim/tool_pin_witness_test.dag	Product(PositiveInt)	cascade		0	unobserved	unobserved	unobserved	n/a	type mismatch: expected 'Product(PositiveInt)', got 'Primitive(Int)'	3	cascade
dag/test/claim/tool_pin_witness_test.dag	Product(PositiveInt)	cascade		0	unobserved	unobserved	unobserved	n/a	type mismatch: expected 'Product(PositiveInt)', got 'Primitive(Int)'	3	cascade
dag/test/claim/tool_pin_witness_test.dag	Product(PositiveInt)	cascade		0	unobserved	unobserved	unobserved	n/a	type mismatch: expected 'Product(PositiveInt)', got 'Primitive(Int)'	3	cascade
dag/test/claim/tool_pin_witness_test.dag	Product(PositiveInt)	cascade		0	unobserved	unobserved	unobserved	n/a	type mismatch: expected 'Product(PositiveInt)', got 'Primitive(Int)'	3	cascade
dag/gunbc/ci_workflow.dag	branches	field		0	unobserved	unobserved	unobserved	n/a	field 'branches' not found in type 'PullRequest'	0	field_on_unresolved_or_wrong_type
dag/gunbc/ci_workflow.dag	types	field		0	unobserved	unobserved	unobserved	n/a	field 'types' not found in type 'PullRequest'	0	field_on_unresolved_or_wrong_type
dag/gunbc/ci_workflow_expressions.dag	args	field		0	unobserved	unobserved	unobserved	n/a	field 'args' not found in type 'FunctionCall'	0	field_on_unresolved_or_wrong_type
dag/gunbc/guarantee_probe_corpus.dag	head	field		0	unobserved	unobserved	unobserved	n/a	no field 'head' on type 'NonEmptyDiagnostics'	0	field_on_unresolved_or_wrong_type
dag/gunbc/guarantee_probe_corpus.dag	tail	field		0	unobserved	unobserved	unobserved	n/a	no field 'tail' on type 'NonEmptyDiagnostics'	0	field_on_unresolved_or_wrong_type
dag/gunbc/host_effect_plan.dag	steps	field		0	unobserved	unobserved	unobserved	n/a	no field 'steps' on type 'HostEffectPlan'	1	field_on_unresolved_or_wrong_type
dag/gunbc/host_effect_plan.dag	steps	field		0	unobserved	unobserved	unobserved	n/a	no field 'steps' on type 'HostEffectPlan'	1	field_on_unresolved_or_wrong_type
dag/gunbc/stage0_crate_partition_emit.dag	carries_non_empty_wrappers	field		0	unobserved	unobserved	unobserved	n/a	no field 'carries_non_empty_wrappers' on type 'Stage0PartitionCrateRow'	0	field_on_unresolved_or_wrong_type
dag/gunbc/stage0_crate_partition_emit.dag	crate_dir	field		0	unobserved	unobserved	unobserved	n/a	no field 'crate_dir' on type 'Stage0PartitionCrateRow'	0	field_on_unresolved_or_wrong_type
dag/gunbc/stage0_crate_partition_emit.dag	kind	field		0	unobserved	unobserved	unobserved	n/a	no field 'kind' on type 'Stage0PartitionCrateRow'	0	field_on_unresolved_or_wrong_type
dag/gunbc/stage0_crate_partition_emit.dag	modules	field		0	unobserved	unobserved	unobserved	n/a	no field 'modules' on type 'Stage0PartitionCrateRow'	0	field_on_unresolved_or_wrong_type
dag/gunbc/stage0_crate_partition_emit.dag	package_name	field		0	unobserved	unobserved	unobserved	n/a	no field 'package_name' on type 'Stage0PartitionCrateRow'	0	field_on_unresolved_or_wrong_type
dag/gunbc/stage0_crate_partition_emit.dag	reexport_packages	field		0	unobserved	unobserved	unobserved	n/a	no field 'reexport_packages' on type 'Stage0PartitionCrateRow'	0	field_on_unresolved_or_wrong_type
dag/gunbc/v1_complexity_decl_classification.dag	name	field		0	unobserved	unobserved	unobserved	n/a	no field 'name' on type 'DeclFact'	3	field_on_unresolved_or_wrong_type
dag/gunbc/v1_complexity_decl_classification.dag	name	field		0	unobserved	unobserved	unobserved	n/a	no field 'name' on type 'DeclFact'	3	field_on_unresolved_or_wrong_type
dag/gunbc/v1_complexity_decl_classification.dag	name	field		0	unobserved	unobserved	unobserved	n/a	no field 'name' on type 'DeclFact'	3	field_on_unresolved_or_wrong_type
dag/gunbc/v1_complexity_decl_classification.dag	name	field		0	unobserved	unobserved	unobserved	n/a	no field 'name' on type 'DeclFact'	3	field_on_unresolved_or_wrong_type
dag/gunbc/v1_complexity_decl_classification.dag	rel_path	field		0	unobserved	unobserved	unobserved	n/a	no field 'rel_path' on type 'DeclFact'	0	field_on_unresolved_or_wrong_type
dag/test/claim/claim_indexed_evidence_witness_test.dag	bound	field		0	unobserved	unobserved	unobserved	n/a	no field 'bound' on type 'C'	0	field_on_unresolved_or_wrong_type
dag/test/claim/grounded_principal_witness_test.dag	steps	field		0	unobserved	unobserved	unobserved	n/a	no field 'steps' on type 'EffectPlan'	1	field_on_unresolved_or_wrong_type
dag/test/claim/grounded_principal_witness_test.dag	steps	field		0	unobserved	unobserved	unobserved	n/a	no field 'steps' on type 'EffectPlan'	1	field_on_unresolved_or_wrong_type
dag/test/claim/long/cited_symbol_resolution_witness_test.dag	ambiguous_count	field		0	unobserved	unobserved	unobserved	n/a	no field 'ambiguous_count' on type 'DeclarationRefResolutionCensus'	1	field_on_unresolved_or_wrong_type
dag/test/claim/long/cited_symbol_resolution_witness_test.dag	ambiguous_count	field		0	unobserved	unobserved	unobserved	n/a	no field 'ambiguous_count' on type 'DeclarationRefResolutionCensus'	1	field_on_unresolved_or_wrong_type
dag/test/claim/long/cited_symbol_resolution_witness_test.dag	declaration_absent_count	field		0	unobserved	unobserved	unobserved	n/a	no field 'declaration_absent_count' on type 'DeclarationRefResolutionCensus'	0	field_on_unresolved_or_wrong_type
dag/test/claim/long/cited_symbol_resolution_witness_test.dag	field_absent_count	field		0	unobserved	unobserved	unobserved	n/a	no field 'field_absent_count' on type 'DeclarationRefResolutionCensus'	0	field_on_unresolved_or_wrong_type
dag/test/claim/long/cited_symbol_resolution_witness_test.dag	module_absent_count	field		0	unobserved	unobserved	unobserved	n/a	no field 'module_absent_count' on type 'DeclarationRefResolutionCensus'	0	field_on_unresolved_or_wrong_type
dag/test/claim/long/cited_symbol_resolution_witness_test.dag	resolved_count	field		0	unobserved	unobserved	unobserved	n/a	no field 'resolved_count' on type 'DeclarationRefResolutionCensus'	0	field_on_unresolved_or_wrong_type
dag/test/claim/machine_shape_construction_wall_test.dag	head	field		0	unobserved	unobserved	unobserved	n/a	no field 'head' on type 'NonEmptyDiagnostics'	0	field_on_unresolved_or_wrong_type
dag/test/claim/machine_shape_construction_wall_test.dag	tail	field		0	unobserved	unobserved	unobserved	n/a	no field 'tail' on type 'NonEmptyDiagnostics'	0	field_on_unresolved_or_wrong_type
dag/test/claim/membership_reconcile_witness_test.dag	mid	field		0	unobserved	unobserved	unobserved	n/a	no field 'mid' on type 'M'	0	field_on_unresolved_or_wrong_type
dag/test/claim/module_graph_edge_source_witness_test.dag	import_module	field		0	unobserved	unobserved	unobserved	n/a	no field 'import_module' on type 'ImportResolutionFact'	0	field_on_unresolved_or_wrong_type
dag/test/claim/module_graph_edge_source_witness_test.dag	target_module	field		0	unobserved	unobserved	unobserved	n/a	no field 'target_module' on type 'ModuleDependencyEdge'	0	field_on_unresolved_or_wrong_type
dag/test/claim/module_impact_query_witness_test.dag	explanation	field		0	unobserved	unobserved	unobserved	n/a	no field 'explanation' on type 'ImpactReading'	0	field_on_unresolved_or_wrong_type
dag/test/claim/module_impact_query_witness_test.dag	name	field		0	unobserved	unobserved	unobserved	n/a	no field 'name' on type 'ModuleIdentity'	1	field_on_unresolved_or_wrong_type
dag/test/claim/module_impact_query_witness_test.dag	name	field		0	unobserved	unobserved	unobserved	n/a	no field 'name' on type 'ModuleIdentity'	1	field_on_unresolved_or_wrong_type
dag/test/claim/module_impact_query_witness_test.dag	reached	field		0	unobserved	unobserved	unobserved	n/a	no field 'reached' on type 'ImpactReading'	4	field_on_unresolved_or_wrong_type
dag/test/claim/module_impact_query_witness_test.dag	reached	field		0	unobserved	unobserved	unobserved	n/a	no field 'reached' on type 'ImpactReading'	4	field_on_unresolved_or_wrong_type
dag/test/claim/module_impact_query_witness_test.dag	reached	field		0	unobserved	unobserved	unobserved	n/a	no field 'reached' on type 'ImpactReading'	4	field_on_unresolved_or_wrong_type
dag/test/claim/module_impact_query_witness_test.dag	reached	field		0	unobserved	unobserved	unobserved	n/a	no field 'reached' on type 'ImpactReading'	4	field_on_unresolved_or_wrong_type
dag/test/claim/module_impact_query_witness_test.dag	reached	field		0	unobserved	unobserved	unobserved	n/a	no field 'reached' on type 'ImpactReading'	4	field_on_unresolved_or_wrong_type
dag/test/claim/module_impact_query_witness_test.dag	standing	field		0	unobserved	unobserved	unobserved	n/a	no field 'standing' on type 'ImpactReading'	2	field_on_unresolved_or_wrong_type
dag/test/claim/module_impact_query_witness_test.dag	standing	field		0	unobserved	unobserved	unobserved	n/a	no field 'standing' on type 'ImpactReading'	2	field_on_unresolved_or_wrong_type
dag/test/claim/module_impact_query_witness_test.dag	standing	field		0	unobserved	unobserved	unobserved	n/a	no field 'standing' on type 'ImpactReading'	2	field_on_unresolved_or_wrong_type
dag/test/claim/operation_argv_corpus_witness_test.dag	argv_input_refs	field		0	unobserved	unobserved	unobserved	n/a	no field 'argv_input_refs' on type 'ShellTransportOperationRow'	0	field_on_unresolved_or_wrong_type
dag/test/claim/record_construction_census_witness_test.dag	label	field		0	unobserved	unobserved	unobserved	n/a	no field 'label' on type 'Edge'	0	field_on_unresolved_or_wrong_type
dag/test/claim/scaffold_disposition_census_fixture_witness_test.dag	kind	field		0	unobserved	unobserved	unobserved	n/a	no field 'kind' on type 'DeclFact'	1	field_on_unresolved_or_wrong_type
dag/test/claim/scaffold_disposition_census_fixture_witness_test.dag	kind	field		0	unobserved	unobserved	unobserved	n/a	no field 'kind' on type 'DeclFact'	1	field_on_unresolved_or_wrong_type
dag/test/claim/scaffold_disposition_census_fixture_witness_test.dag	qualified_name	field		0	unobserved	unobserved	unobserved	n/a	no field 'qualified_name' on type 'DeclFact'	0	field_on_unresolved_or_wrong_type
dag/test/claim/shared_pool_encoding_control_test.dag	capacity	field		0	unobserved	unobserved	unobserved	n/a	no field 'capacity' on type 'FreeMonoid'	0	field_on_unresolved_or_wrong_type
dag/test/claim/tool_pin_witness_test.dag	name	field		0	unobserved	unobserved	unobserved	n/a	no field 'name' on type 'CoverageClosureFact'	0	field_on_unresolved_or_wrong_type
dag/tools/module_impact_query_front_door.dag	cause	field		0	unobserved	unobserved	unobserved	n/a	no field 'cause' on type 'UnresolvedSubject'	0	field_on_unresolved_or_wrong_type
dag/tools/module_impact_query_front_door.dag	causes	field		0	unobserved	unobserved	unobserved	n/a	no field 'causes' on type 'ImpactReading'	1	field_on_unresolved_or_wrong_type
dag/tools/module_impact_query_front_door.dag	causes	field		0	unobserved	unobserved	unobserved	n/a	no field 'causes' on type 'ImpactReading'	1	field_on_unresolved_or_wrong_type
dag/tools/module_impact_query_front_door.dag	name	field		0	unobserved	unobserved	unobserved	n/a	no field 'name' on type 'ModuleIdentity'	1	field_on_unresolved_or_wrong_type
dag/tools/module_impact_query_front_door.dag	name	field		0	unobserved	unobserved	unobserved	n/a	no field 'name' on type 'ModuleIdentity'	1	field_on_unresolved_or_wrong_type
dag/tools/module_impact_query_front_door.dag	path	field		0	unobserved	unobserved	unobserved	n/a	no field 'path' on type 'ChangedPathSeeds'	3	field_on_unresolved_or_wrong_type
dag/tools/module_impact_query_front_door.dag	path	field		0	unobserved	unobserved	unobserved	n/a	no field 'path' on type 'ChangedPathSeeds'	3	field_on_unresolved_or_wrong_type
dag/tools/module_impact_query_front_door.dag	path	field		0	unobserved	unobserved	unobserved	n/a	no field 'path' on type 'UnresolvedSubject'	3	field_on_unresolved_or_wrong_type
dag/tools/module_impact_query_front_door.dag	path	field		0	unobserved	unobserved	unobserved	n/a	no field 'path' on type 'UnresolvedSubject'	3	field_on_unresolved_or_wrong_type
dag/tools/module_impact_query_front_door.dag	reached	field		0	unobserved	unobserved	unobserved	n/a	no field 'reached' on type 'ImpactReading'	1	field_on_unresolved_or_wrong_type
dag/tools/module_impact_query_front_door.dag	reached	field		0	unobserved	unobserved	unobserved	n/a	no field 'reached' on type 'ImpactReading'	1	field_on_unresolved_or_wrong_type
dag/tools/module_impact_query_front_door.dag	seeds	field		0	unobserved	unobserved	unobserved	n/a	no field 'seeds' on type 'ChangedPathSeeds'	1	field_on_unresolved_or_wrong_type
dag/tools/module_impact_query_front_door.dag	seeds	field		0	unobserved	unobserved	unobserved	n/a	no field 'seeds' on type 'ChangedPathSeeds'	1	field_on_unresolved_or_wrong_type
dag/tools/module_impact_query_front_door.dag	standing	field		0	unobserved	unobserved	unobserved	n/a	no field 'standing' on type 'ImpactReading'	0	field_on_unresolved_or_wrong_type
dag/test/claim/tool_pin_witness_test.dag	owner	field	gunbc.tools.review_codex	1	unobserved	unobserved	unobserved	n/a	no field 'owner' on type 'CoverageClosureFact'	0	field_on_unresolved_or_wrong_type
dag/test/claim/tool_pin_witness_test.dag	repo	field	gunbc.tools.review_codex	1	unobserved	unobserved	unobserved	n/a	no field 'repo' on type 'CoverageClosureFact'	0	field_on_unresolved_or_wrong_type
dag/test/claim/floor_discovery_hand_rust_equivalence_witness_test.dag	entry	field	test.claim.dispatch_stop_witness|test.claim.observation_seed_scoped_run_witness	2	unobserved	unobserved	unobserved	ambiguous_candidates	no field 'entry' on type 'FloorDiscoveryRow'	0	field_on_unresolved_or_wrong_type
dag/gunbc/ci_workflow_expressions.dag	function	field	test.claim.observation_seed_scoped_run_witness	1	unobserved	unobserved	unobserved	n/a	field 'function' not found in type 'FunctionCall'	0	field_on_unresolved_or_wrong_type
dag/test/claim/floor_discovery_hand_rust_equivalence_witness_test.dag	function	field	test.claim.observation_seed_scoped_run_witness	1	unobserved	unobserved	unobserved	n/a	no field 'function' on type 'FloorDiscoveryRow'	0	field_on_unresolved_or_wrong_type
dag/test/claim/operation_argv_corpus_witness_test.dag	at	field	v2.lens.structural_resolution	1	unobserved	unobserved	unobserved	n/a	no field 'at' on type 'ShellTransportOperationRow'	3	field_on_unresolved_or_wrong_type
dag/test/claim/operation_argv_corpus_witness_test.dag	at	field	v2.lens.structural_resolution	1	unobserved	unobserved	unobserved	n/a	no field 'at' on type 'ShellTransportOperationRow'	3	field_on_unresolved_or_wrong_type
dag/test/claim/operation_argv_corpus_witness_test.dag	at	field	v2.lens.structural_resolution	1	unobserved	unobserved	unobserved	n/a	no field 'at' on type 'ShellTransportOperationRow'	3	field_on_unresolved_or_wrong_type
dag/test/claim/operation_argv_corpus_witness_test.dag	at	field	v2.lens.structural_resolution	1	unobserved	unobserved	unobserved	n/a	no field 'at' on type 'ShellTransportOperationRow'	3	field_on_unresolved_or_wrong_type
dag/test/fixture/decl_facts_reflection/ambiguous_b_specimen.dag	SharedBareArm	type	test.fixture.decl_facts_reflection.ambiguous_shared_a|test.fixture.decl_facts_reflection.ambiguous_shared_b	2	unobserved	unobserved	unobserved	ambiguous_candidates	unresolved type 'SharedBareArm'	0	intentional_ambiguity_fixture
dag/test/fixture/decl_facts_reflection/ambiguous_specimen.dag	SharedBareArm	type	test.fixture.decl_facts_reflection.ambiguous_shared_a|test.fixture.decl_facts_reflection.ambiguous_shared_b	2	unobserved	unobserved	unobserved	ambiguous_candidates	unresolved type 'SharedBareArm'	0	intentional_ambiguity_fixture
dag/test/fixture/record_construction_census/qualified.dag	CensusProbeSubject	type	test.fixture.record_construction_census.homonym|test.fixture.record_construction_census.specimens	2	unobserved	unobserved	unobserved	ambiguous_candidates	unresolved type 'CensusProbeSubject'	0	intentional_ambiguity_fixture
dag/extdeps/bmc/openbmc_fan_control.dag	first	method		0	unobserved	unobserved	unobserved	n/a	method 'first' cannot be resolved: receiver type 'Primitive()' establishes no method surface, so the method's existence is not established and no declared frontier row admits it	4	method_on_unresolved_receiver
dag/extdeps/bmc/openbmc_fan_control.dag	first	method		0	unobserved	unobserved	unobserved	n/a	method 'first' cannot be resolved: receiver type 'Primitive()' establishes no method surface, so the method's existence is not established and no declared frontier row admits it	4	method_on_unresolved_receiver
dag/extdeps/bmc/openbmc_fan_control.dag	first	method		0	unobserved	unobserved	unobserved	n/a	method 'first' cannot be resolved: receiver type 'Primitive()' establishes no method surface, so the method's existence is not established and no declared frontier row admits it	4	method_on_unresolved_receiver
dag/extdeps/bmc/openbmc_fan_control.dag	first	method		0	unobserved	unobserved	unobserved	n/a	method 'first' cannot be resolved: receiver type 'Primitive()' establishes no method surface, so the method's existence is not established and no declared frontier row admits it	4	method_on_unresolved_receiver
dag/extdeps/bmc/openbmc_fan_control.dag	first	method		0	unobserved	unobserved	unobserved	n/a	method 'first' cannot be resolved: receiver type 'Primitive()' establishes no method surface, so the method's existence is not established and no declared frontier row admits it	4	method_on_unresolved_receiver
dag/extdeps/filesystem/linux.dag	map	method		0	unobserved	unobserved	unobserved	n/a	method 'map' cannot be resolved: receiver type 'Primitive()' establishes no method surface, so the method's existence is not established and no declared frontier row admits it	0	method_on_unresolved_receiver
dag/extdeps/tmux/tmux.dag	first	method		0	unobserved	unobserved	unobserved	n/a	method 'first' cannot be resolved: receiver type 'Primitive()' establishes no method surface, so the method's existence is not established and no declared frontier row admits it	1	method_on_unresolved_receiver
dag/extdeps/tmux/tmux.dag	first	method		0	unobserved	unobserved	unobserved	n/a	method 'first' cannot be resolved: receiver type 'Primitive()' establishes no method surface, so the method's existence is not established and no declared frontier row admits it	1	method_on_unresolved_receiver
dag/extdeps/tools/sha512sum.dag	first	method		0	unobserved	unobserved	unobserved	n/a	method 'first' cannot be resolved: receiver type 'Primitive()' establishes no method surface, so the method's existence is not established and no declared frontier row admits it	0	method_on_unresolved_receiver
dag/extdeps/tools/wc.dag	first	method		0	unobserved	unobserved	unobserved	n/a	method 'first' cannot be resolved: receiver type 'Primitive()' establishes no method surface, so the method's existence is not established and no declared frontier row admits it	0	method_on_unresolved_receiver
dag/gunbc/package_delivery.dag	first	method		0	unobserved	unobserved	unobserved	n/a	method 'first' cannot be resolved: receiver type 'Primitive()' establishes no method surface, so the method's existence is not established and no declared frontier row admits it	3	method_on_unresolved_receiver
dag/gunbc/package_delivery.dag	first	method		0	unobserved	unobserved	unobserved	n/a	method 'first' cannot be resolved: receiver type 'Primitive()' establishes no method surface, so the method's existence is not established and no declared frontier row admits it	3	method_on_unresolved_receiver
dag/gunbc/package_delivery.dag	first	method		0	unobserved	unobserved	unobserved	n/a	method 'first' cannot be resolved: receiver type 'Primitive()' establishes no method surface, so the method's existence is not established and no declared frontier row admits it	3	method_on_unresolved_receiver
dag/gunbc/package_delivery.dag	first	method		0	unobserved	unobserved	unobserved	n/a	method 'first' cannot be resolved: receiver type 'Primitive()' establishes no method surface, so the method's existence is not established and no declared frontier row admits it	3	method_on_unresolved_receiver
dag/gunbc/realization_vocab_confinement_census.dag	map	method		0	unobserved	unobserved	unobserved	n/a	method 'map' cannot be resolved: receiver type 'Primitive()' establishes no method surface, so the method's existence is not established and no declared frontier row admits it	12	method_on_unresolved_receiver
dag/gunbc/realization_vocab_confinement_census.dag	map	method		0	unobserved	unobserved	unobserved	n/a	method 'map' cannot be resolved: receiver type 'Primitive()' establishes no method surface, so the method's existence is not established and no declared frontier row admits it	12	method_on_unresolved_receiver
dag/gunbc/realization_vocab_confinement_census.dag	map	method		0	unobserved	unobserved	unobserved	n/a	method 'map' cannot be resolved: receiver type 'Primitive()' establishes no method surface, so the method's existence is not established and no declared frontier row admits it	12	method_on_unresolved_receiver
dag/gunbc/realization_vocab_confinement_census.dag	map	method		0	unobserved	unobserved	unobserved	n/a	method 'map' cannot be resolved: receiver type 'Primitive()' establishes no method surface, so the method's existence is not established and no declared frontier row admits it	12	method_on_unresolved_receiver
dag/gunbc/realization_vocab_confinement_census.dag	map	method		0	unobserved	unobserved	unobserved	n/a	method 'map' cannot be resolved: receiver type 'Primitive()' establishes no method surface, so the method's existence is not established and no declared frontier row admits it	12	method_on_unresolved_receiver
dag/gunbc/realization_vocab_confinement_census.dag	map	method		0	unobserved	unobserved	unobserved	n/a	method 'map' cannot be resolved: receiver type 'Primitive()' establishes no method surface, so the method's existence is not established and no declared frontier row admits it	12	method_on_unresolved_receiver
dag/gunbc/realization_vocab_confinement_census.dag	map	method		0	unobserved	unobserved	unobserved	n/a	method 'map' cannot be resolved: receiver type 'Primitive()' establishes no method surface, so the method's existence is not established and no declared frontier row admits it	12	method_on_unresolved_receiver
dag/gunbc/realization_vocab_confinement_census.dag	map	method		0	unobserved	unobserved	unobserved	n/a	method 'map' cannot be resolved: receiver type 'Primitive()' establishes no method surface, so the method's existence is not established and no declared frontier row admits it	12	method_on_unresolved_receiver
dag/gunbc/realization_vocab_confinement_census.dag	map	method		0	unobserved	unobserved	unobserved	n/a	method 'map' cannot be resolved: receiver type 'Primitive()' establishes no method surface, so the method's existence is not established and no declared frontier row admits it	12	method_on_unresolved_receiver
dag/gunbc/realization_vocab_confinement_census.dag	map	method		0	unobserved	unobserved	unobserved	n/a	method 'map' cannot be resolved: receiver type 'Primitive()' establishes no method surface, so the method's existence is not established and no declared frontier row admits it	12	method_on_unresolved_receiver
dag/gunbc/realization_vocab_confinement_census.dag	map	method		0	unobserved	unobserved	unobserved	n/a	method 'map' cannot be resolved: receiver type 'Primitive()' establishes no method surface, so the method's existence is not established and no declared frontier row admits it	12	method_on_unresolved_receiver
dag/gunbc/realization_vocab_confinement_census.dag	map	method		0	unobserved	unobserved	unobserved	n/a	method 'map' cannot be resolved: receiver type 'Primitive()' establishes no method surface, so the method's existence is not established and no declared frontier row admits it	12	method_on_unresolved_receiver
dag/gunbc/realization_vocab_confinement_census.dag	map	method		0	unobserved	unobserved	unobserved	n/a	method 'map' cannot be resolved: receiver type 'Primitive()' establishes no method surface, so the method's existence is not established and no declared frontier row admits it	12	method_on_unresolved_receiver
dag/gunbc/source_integration_landing_spine.dag	map	method		0	unobserved	unobserved	unobserved	n/a	method 'map' cannot be resolved: receiver type 'Primitive()' establishes no method surface, so the method's existence is not established and no declared frontier row admits it	1	method_on_unresolved_receiver
dag/gunbc/v1_interpreter_dispatch_emit.dag	split	method		0	unobserved	unobserved	unobserved	n/a	method 'split' cannot be resolved: receiver type 'Primitive()' establishes no method surface, so the method's existence is not established and no declared frontier row admits it	0	method_on_unresolved_receiver
dag/test/claim/external_model_scope_live_cover_witness_test.dag	ends_with	method		0	unobserved	unobserved	unobserved	n/a	method 'ends_with' cannot be resolved: receiver type 'Primitive()' establishes no method surface, so the method's existence is not established and no declared frontier row admits it	0	method_on_unresolved_receiver
dag/test/claim/grounded_principal_witness_test.dag	count	method		0	unobserved	unobserved	unobserved	n/a	method 'count' cannot be resolved: receiver type 'Primitive()' establishes no method surface, so the method's existence is not established and no declared frontier row admits it	0	method_on_unresolved_receiver
dag/test/claim/grounded_principal_witness_test.dag	first	method		0	unobserved	unobserved	unobserved	n/a	method 'first' cannot be resolved: receiver type 'Primitive()' establishes no method surface, so the method's existence is not established and no declared frontier row admits it	0	method_on_unresolved_receiver
dag/extdeps/bmc/openbmc_fan_control.dag	filter	method	v2.std.algebra	1	unobserved	unobserved	unobserved	n/a	method 'filter' cannot be resolved: receiver type 'Primitive()' establishes no method surface, so the method's existence is not established and no declared frontier row admits it	2	method_on_unresolved_receiver
dag/extdeps/bmc/openbmc_fan_control.dag	filter	method	v2.std.algebra	1	unobserved	unobserved	unobserved	n/a	method 'filter' cannot be resolved: receiver type 'Primitive()' establishes no method surface, so the method's existence is not established and no declared frontier row admits it	2	method_on_unresolved_receiver
dag/extdeps/bmc/openbmc_fan_control.dag	filter	method	v2.std.algebra	1	unobserved	unobserved	unobserved	n/a	method 'filter' cannot be resolved: receiver type 'Primitive()' establishes no method surface, so the method's existence is not established and no declared frontier row admits it	2	method_on_unresolved_receiver
dag/extdeps/bmc/openbmc_fan_control.dag	length	method	v2.std.algebra	1	unobserved	unobserved	unobserved	n/a	method 'length' cannot be resolved: receiver type 'Primitive()' establishes no method surface, so the method's existence is not established and no declared frontier row admits it	3	method_on_unresolved_receiver
dag/extdeps/bmc/openbmc_fan_control.dag	length	method	v2.std.algebra	1	unobserved	unobserved	unobserved	n/a	method 'length' cannot be resolved: receiver type 'Primitive()' establishes no method surface, so the method's existence is not established and no declared frontier row admits it	3	method_on_unresolved_receiver
dag/extdeps/bmc/openbmc_fan_control.dag	length	method	v2.std.algebra	1	unobserved	unobserved	unobserved	n/a	method 'length' cannot be resolved: receiver type 'Primitive()' establishes no method surface, so the method's existence is not established and no declared frontier row admits it	3	method_on_unresolved_receiver
dag/extdeps/bmc/openbmc_fan_control.dag	length	method	v2.std.algebra	1	unobserved	unobserved	unobserved	n/a	method 'length' cannot be resolved: receiver type 'Primitive()' establishes no method surface, so the method's existence is not established and no declared frontier row admits it	3	method_on_unresolved_receiver
dag/extdeps/bmc/openbmc_fan_control.dag	skip	method	v2.std.algebra	1	unobserved	unobserved	unobserved	n/a	method 'skip' cannot be resolved: receiver type 'Primitive()' establishes no method surface, so the method's existence is not established and no declared frontier row admits it	2	method_on_unresolved_receiver
dag/extdeps/bmc/openbmc_fan_control.dag	skip	method	v2.std.algebra	1	unobserved	unobserved	unobserved	n/a	method 'skip' cannot be resolved: receiver type 'Primitive()' establishes no method surface, so the method's existence is not established and no declared frontier row admits it	2	method_on_unresolved_receiver
dag/extdeps/bmc/openbmc_fan_control.dag	skip	method	v2.std.algebra	1	unobserved	unobserved	unobserved	n/a	method 'skip' cannot be resolved: receiver type 'Primitive()' establishes no method surface, so the method's existence is not established and no declared frontier row admits it	2	method_on_unresolved_receiver
dag/extdeps/filesystem/linux.dag	filter	method	v2.std.algebra	1	unobserved	unobserved	unobserved	n/a	method 'filter' cannot be resolved: receiver type 'Primitive()' establishes no method surface, so the method's existence is not established and no declared frontier row admits it	0	method_on_unresolved_receiver
dag/extdeps/git/object_store.dag	length	method	v2.std.algebra	1	unobserved	unobserved	unobserved	n/a	method 'length' cannot be resolved: receiver type 'Primitive()' establishes no method surface, so the method's existence is not established and no declared frontier row admits it	1	method_on_unresolved_receiver
dag/extdeps/git/object_store.dag	length	method	v2.std.algebra	1	unobserved	unobserved	unobserved	n/a	method 'length' cannot be resolved: receiver type 'Primitive()' establishes no method surface, so the method's existence is not established and no declared frontier row admits it	1	method_on_unresolved_receiver
dag/extdeps/pijul.dag	length	method	v2.std.algebra	1	unobserved	unobserved	unobserved	n/a	method 'length' cannot be resolved: receiver type 'Primitive()' establishes no method surface, so the method's existence is not established and no declared frontier row admits it	1	method_on_unresolved_receiver
dag/extdeps/pijul.dag	length	method	v2.std.algebra	1	unobserved	unobserved	unobserved	n/a	method 'length' cannot be resolved: receiver type 'Primitive()' establishes no method surface, so the method's existence is not established and no declared frontier row admits it	1	method_on_unresolved_receiver
dag/extdeps/tmux/tmux.dag	skip	method	v2.std.algebra	1	unobserved	unobserved	unobserved	n/a	method 'skip' cannot be resolved: receiver type 'Primitive()' establishes no method surface, so the method's existence is not established and no declared frontier row admits it	0	method_on_unresolved_receiver
dag/gunbc/bmc_fan_converge.dag	length	method	v2.std.algebra	1	unobserved	unobserved	unobserved	n/a	method 'length' cannot be resolved: receiver type 'Primitive()' establishes no method surface, so the method's existence is not established and no declared frontier row admits it	1	method_on_unresolved_receiver
dag/gunbc/bmc_fan_converge.dag	length	method	v2.std.algebra	1	unobserved	unobserved	unobserved	n/a	method 'length' cannot be resolved: receiver type 'Primitive()' establishes no method surface, so the method's existence is not established and no declared frontier row admits it	1	method_on_unresolved_receiver
dag/gunbc/design/principles.dag	length	method	v2.std.algebra	1	unobserved	unobserved	unobserved	n/a	method 'length' cannot be resolved: receiver type 'Primitive(std.types.NonEmptyStr)' establishes no method surface, so the method's existence is not established and no declared frontier row admits it	1	method_on_unresolved_receiver
dag/gunbc/design/principles.dag	length	method	v2.std.algebra	1	unobserved	unobserved	unobserved	n/a	method 'length' cannot be resolved: receiver type 'Primitive(std.types.NonEmptyStr)' establishes no method surface, so the method's existence is not established and no declared frontier row admits it	1	method_on_unresolved_receiver
dag/gunbc/design/state_response.dag	length	method	v2.std.algebra	1	unobserved	unobserved	unobserved	n/a	method 'length' cannot be resolved: receiver type 'Primitive(std.types.NonEmptyStr)' establishes no method surface, so the method's existence is not established and no declared frontier row admits it	1	method_on_unresolved_receiver
dag/gunbc/design/state_response.dag	length	method	v2.std.algebra	1	unobserved	unobserved	unobserved	n/a	method 'length' cannot be resolved: receiver type 'Primitive(std.types.NonEmptyStr)' establishes no method surface, so the method's existence is not established and no declared frontier row admits it	1	method_on_unresolved_receiver
dag/gunbc/package_delivery.dag	skip	method	v2.std.algebra	1	unobserved	unobserved	unobserved	n/a	method 'skip' cannot be resolved: receiver type 'Primitive()' establishes no method surface, so the method's existence is not established and no declared frontier row admits it	3	method_on_unresolved_receiver
dag/gunbc/package_delivery.dag	skip	method	v2.std.algebra	1	unobserved	unobserved	unobserved	n/a	method 'skip' cannot be resolved: receiver type 'Primitive()' establishes no method surface, so the method's existence is not established and no declared frontier row admits it	3	method_on_unresolved_receiver
dag/gunbc/package_delivery.dag	skip	method	v2.std.algebra	1	unobserved	unobserved	unobserved	n/a	method 'skip' cannot be resolved: receiver type 'Primitive()' establishes no method surface, so the method's existence is not established and no declared frontier row admits it	3	method_on_unresolved_receiver
dag/gunbc/package_delivery.dag	skip	method	v2.std.algebra	1	unobserved	unobserved	unobserved	n/a	method 'skip' cannot be resolved: receiver type 'Primitive()' establishes no method surface, so the method's existence is not established and no declared frontier row admits it	3	method_on_unresolved_receiver
dag/test/claim/citation_cit1_witness_test.dag	any	method	v2.std.algebra	1	unobserved	unobserved	unobserved	n/a	method 'any' cannot be resolved: receiver type 'Primitive()' establishes no method surface, so the method's existence is not established and no declared frontier row admits it	0	method_on_unresolved_receiver
dag/test/claim/decl_facts_reflection_witness_support.dag	contains	method	v2.std.algebra	1	unobserved	unobserved	unobserved	n/a	method 'contains' cannot be resolved: receiver type 'Primitive()' establishes no method surface, so the method's existence is not established and no declared frontier row admits it	0	method_on_unresolved_receiver
dag/test/claim/stage0_crate_layout_witness_test.dag	any	method	v2.std.algebra	1	unobserved	unobserved	unobserved	n/a	method 'any' cannot be resolved: receiver type 'Primitive()' establishes no method surface, so the method's existence is not established and no declared frontier row admits it	1	method_on_unresolved_receiver
dag/test/claim/stage0_crate_layout_witness_test.dag	any	method	v2.std.algebra	1	unobserved	unobserved	unobserved	n/a	method 'any' cannot be resolved: receiver type 'Primitive()' establishes no method surface, so the method's existence is not established and no declared frontier row admits it	1	method_on_unresolved_receiver
dag/test/claim/stage0_crate_layout_witness_test.dag	length	method	v2.std.algebra	1	unobserved	unobserved	unobserved	n/a	method 'length' cannot be resolved: receiver type 'Primitive()' establishes no method surface, so the method's existence is not established and no declared frontier row admits it	2	method_on_unresolved_receiver
dag/test/claim/stage0_crate_layout_witness_test.dag	length	method	v2.std.algebra	1	unobserved	unobserved	unobserved	n/a	method 'length' cannot be resolved: receiver type 'Primitive()' establishes no method surface, so the method's existence is not established and no declared frontier row admits it	2	method_on_unresolved_receiver
dag/test/claim/stage0_crate_layout_witness_test.dag	length	method	v2.std.algebra	1	unobserved	unobserved	unobserved	n/a	method 'length' cannot be resolved: receiver type 'Primitive()' establishes no method surface, so the method's existence is not established and no declared frontier row admits it	2	method_on_unresolved_receiver
dag/test/manual/pijul_upstream_model_execution_test.dag	length	method	v2.std.algebra	1	unobserved	unobserved	unobserved	n/a	method 'length' cannot be resolved: receiver type 'Primitive()' establishes no method surface, so the method's existence is not established and no declared frontier row admits it	0	method_on_unresolved_receiver
dag/extdeps/bmc/openbmc_fan_control.dag	split	callee		0	unobserved	unobserved	unobserved	unresolved	function 'split' not found in scope	3	ordinary_callee_unindexed
dag/extdeps/bmc/openbmc_fan_control.dag	split	callee		0	unobserved	unobserved	unobserved	unresolved	function 'split' not found in scope	3	ordinary_callee_unindexed
dag/extdeps/bmc/openbmc_fan_control.dag	split	callee		0	unobserved	unobserved	unobserved	unresolved	function 'split' not found in scope	3	ordinary_callee_unindexed
dag/extdeps/bmc/openbmc_fan_control.dag	split	callee		0	unobserved	unobserved	unobserved	unresolved	function 'split' not found in scope	3	ordinary_callee_unindexed
dag/extdeps/filesystem/linux.dag	split	callee		0	unobserved	unobserved	unobserved	unresolved	function 'split' not found in scope	0	ordinary_callee_unindexed
dag/extdeps/realization/artifact_store_fs.dag	split	callee		0	unobserved	unobserved	unobserved	unresolved	function 'split' not found in scope	0	ordinary_callee_unindexed
dag/extdeps/tmux/tmux.dag	split	callee		0	unobserved	unobserved	unobserved	unresolved	function 'split' not found in scope	1	ordinary_callee_unindexed
dag/extdeps/tmux/tmux.dag	split	callee		0	unobserved	unobserved	unobserved	unresolved	function 'split' not found in scope	1	ordinary_callee_unindexed
dag/extdeps/tools/sha512sum.dag	split	callee		0	unobserved	unobserved	unobserved	unresolved	function 'split' not found in scope	0	ordinary_callee_unindexed
dag/extdeps/tools/wc.dag	split	callee		0	unobserved	unobserved	unobserved	unresolved	function 'split' not found in scope	0	ordinary_callee_unindexed
dag/gunbc/bmc_fan_converge.dag	ends_with	callee		0	unobserved	unobserved	unobserved	unresolved	function 'ends_with' not found in scope	0	ordinary_callee_unindexed
dag/gunbc/hostname_read.dag	join	callee		0	unobserved	unobserved	unobserved	unresolved	function 'join' not found in scope	0	ordinary_callee_unindexed
dag/gunbc/package_delivery.dag	fold	callee		0	unobserved	unobserved	unobserved	unresolved	function 'fold' not found in scope	3	ordinary_callee_unindexed
dag/gunbc/package_delivery.dag	fold	callee		0	unobserved	unobserved	unobserved	unresolved	function 'fold' not found in scope	3	ordinary_callee_unindexed
dag/gunbc/package_delivery.dag	fold	callee		0	unobserved	unobserved	unobserved	unresolved	function 'fold' not found in scope	3	ordinary_callee_unindexed
dag/gunbc/package_delivery.dag	fold	callee		0	unobserved	unobserved	unobserved	unresolved	function 'fold' not found in scope	3	ordinary_callee_unindexed
dag/gunbc/package_delivery.dag	split	callee		0	unobserved	unobserved	unobserved	unresolved	function 'split' not found in scope	2	ordinary_callee_unindexed
dag/gunbc/package_delivery.dag	split	callee		0	unobserved	unobserved	unobserved	unresolved	function 'split' not found in scope	2	ordinary_callee_unindexed
dag/gunbc/package_delivery.dag	split	callee		0	unobserved	unobserved	unobserved	unresolved	function 'split' not found in scope	2	ordinary_callee_unindexed
dag/gunbc/realization_vocab_confinement_census.dag	append	callee		0	unobserved	unobserved	unobserved	unresolved	function 'append' not found in scope	8	ordinary_callee_unindexed
dag/gunbc/realization_vocab_confinement_census.dag	append	callee		0	unobserved	unobserved	unobserved	unresolved	function 'append' not found in scope	8	ordinary_callee_unindexed
dag/gunbc/realization_vocab_confinement_census.dag	append	callee		0	unobserved	unobserved	unobserved	unresolved	function 'append' not found in scope	8	ordinary_callee_unindexed
dag/gunbc/realization_vocab_confinement_census.dag	append	callee		0	unobserved	unobserved	unobserved	unresolved	function 'append' not found in scope	8	ordinary_callee_unindexed
dag/gunbc/realization_vocab_confinement_census.dag	append	callee		0	unobserved	unobserved	unobserved	unresolved	function 'append' not found in scope	8	ordinary_callee_unindexed
dag/gunbc/realization_vocab_confinement_census.dag	append	callee		0	unobserved	unobserved	unobserved	unresolved	function 'append' not found in scope	8	ordinary_callee_unindexed
dag/gunbc/realization_vocab_confinement_census.dag	append	callee		0	unobserved	unobserved	unobserved	unresolved	function 'append' not found in scope	8	ordinary_callee_unindexed
dag/gunbc/realization_vocab_confinement_census.dag	append	callee		0	unobserved	unobserved	unobserved	unresolved	function 'append' not found in scope	8	ordinary_callee_unindexed
dag/gunbc/realization_vocab_confinement_census.dag	append	callee		0	unobserved	unobserved	unobserved	unresolved	function 'append' not found in scope	8	ordinary_callee_unindexed
dag/gunbc/systemctl_list_units.dag	map	callee		0	unobserved	unobserved	unobserved	unresolved	function 'map' not found in scope	0	ordinary_callee_unindexed
dag/gunbc/systemctl_list_units.dag	split	callee		0	unobserved	unobserved	unobserved	unresolved	function 'split' not found in scope	0	ordinary_callee_unindexed
dag/gunbc/systemctl_show_read.dag	join	callee		0	unobserved	unobserved	unobserved	unresolved	function 'join' not found in scope	0	ordinary_callee_unindexed
dag/gunbc/systemctl_status_read.dag	join	callee		0	unobserved	unobserved	unobserved	unresolved	function 'join' not found in scope	0	ordinary_callee_unindexed
dag/gunbc/test_module_hygiene.dag	fold	callee		0	unobserved	unobserved	unobserved	unresolved	function 'fold' not found in scope	0	ordinary_callee_unindexed
dag/test/claim/decl_facts_reflection_witness_support.dag	fold	callee		0	unobserved	unobserved	unobserved	unresolved	function 'fold' not found in scope	1	ordinary_callee_unindexed
dag/test/claim/decl_facts_reflection_witness_support.dag	fold	callee		0	unobserved	unobserved	unobserved	unresolved	function 'fold' not found in scope	1	ordinary_callee_unindexed
dag/test/claim/external_model_scope_live_cover_witness_test.dag	fold	callee		0	unobserved	unobserved	unobserved	unresolved	function 'fold' not found in scope	0	ordinary_callee_unindexed
dag/test/claim/external_model_scope_live_cover_witness_test.dag	split	callee		0	unobserved	unobserved	unobserved	unresolved	function 'split' not found in scope	0	ordinary_callee_unindexed
dag/test/claim/heal_revalidation_integration_witness_test.dag	preflight_absent_input_is_ordinary_manual_ci	callee		0	unobserved	unobserved	unobserved	unresolved	function 'preflight_absent_input_is_ordinary_manual_ci' not found in scope	0	ordinary_callee_unindexed
dag/test/claim/heal_revalidation_integration_witness_test.dag	preflight_is_exact_head_and_precedes_any_witness	callee		0	unobserved	unobserved	unobserved	unresolved	function 'preflight_is_exact_head_and_precedes_any_witness' not found in scope	0	ordinary_callee_unindexed
dag/test/claim/host_identity_observation_witness_test.dag	join	callee		0	unobserved	unobserved	unobserved	unresolved	function 'join' not found in scope	0	ordinary_callee_unindexed
dag/test/claim/machine_shape_construction_wall_test.dag	fold	callee		0	unobserved	unobserved	unobserved	unresolved	function 'fold' not found in scope	0	ordinary_callee_unindexed
dag/test/claim/native_witness_transition_receipt_witness_test.dag	native_selected_witness_bundle_cutover_evidence_holds	callee		0	unobserved	unobserved	unobserved	unresolved	function 'native_selected_witness_bundle_cutover_evidence_holds' not found in scope	0	ordinary_callee_unindexed
dag/test/claim/operation_argv_binding_wall_witness_test.dag	join	callee		0	unobserved	unobserved	unobserved	unresolved	function 'join' not found in scope	0	ordinary_callee_unindexed
dag/test/manual/git_upstream_model_execution_test.dag	split	callee		0	unobserved	unobserved	unobserved	unresolved	function 'split' not found in scope	0	ordinary_callee_unindexed
dag/test/manual/mercurial_upstream_model_execution_test.dag	split	callee		0	unobserved	unobserved	unobserved	unresolved	function 'split' not found in scope	0	ordinary_callee_unindexed
dag/test/claim/citation_cit0_witness_test.dag	extdeps_external_authority_anchor	value	extdeps.access.aws_iam|extdeps.access.posix|extdeps.access.posix_effective_principal|extdeps.access.posix_effective_principal_read_op|extdeps.access.rbac|extdeps.access.zanzibar|extdeps.accessibility.wcag_contrast|extdeps.accounting.budget|extdeps.advertising.google_ads|extdeps.advertising.meta_ads|extdeps.advertising.types|extdeps.apt|extdeps.assurance.claim_evidence|extdeps.astronomy.stellar_classification|extdeps.audit.cloudevents|extdeps.auth.jwt|extdeps.auth.oidc|extdeps.automation.playwright|extdeps.bmc|extdeps.bmc.access|extdeps.bmc.capability|extdeps.bmc.http|extdeps.bmc.ipmi|extdeps.bmc.openbmc|extdeps.bmc.openbmc_fan_control|extdeps.bmc.openbmc_operation|extdeps.bmc.openbmc_password_ssh_transport|extdeps.bmc.os_install_actuator_toolchain|extdeps.bmc.redfish|extdeps.bmc.serial_console|extdeps.bmc.types|extdeps.bmc.virtual_media|extdeps.bmc.webui.nbd_proxy|extdeps.bmc.webui.nbd_proxy_serve|extdeps.boards.asrock_rack|extdeps.boards.types|extdeps.boot.emit|extdeps.boot.framebuffer|extdeps.boot.freestanding_payload|extdeps.boot.freestanding_witness|extdeps.boot.linux_x86_boot|extdeps.bootloader.grub|extdeps.brew|extdeps.browser|extdeps.browser.chromium|extdeps.browser.google_chrome|extdeps.cache|extdeps.cache.buildbuddy|extdeps.cache.cargo|extdeps.cache.catalog_io|extdeps.cache.catalog_placement|extdeps.cache.github_actions|extdeps.cache.key_completeness|extdeps.cache.materialization|extdeps.cache.pin|extdeps.cache.rustup|extdeps.cache.sccache|extdeps.cache.types|extdeps.cargo|extdeps.cargo_build|extdeps.cargo_version|extdeps.chassis.rosewill|extdeps.chassis.types|extdeps.clock|extdeps.cloud.cloud|extdeps.cloud.gcp.auth_print_access_token|extdeps.cloud.gcp.errors|extdeps.cloud.gcp.gcp|extdeps.cloud.gcp.iam|extdeps.cloud.gcp.iam_admin|extdeps.cloud.gcp.secret_manager|extdeps.cloud.gcp.secret_ref|extdeps.cloud.gcp.serviceusage|extdeps.cloud.gcp.sts|extdeps.cloud.hetzner|extdeps.cloud.ubicloud|extdeps.cloud_init.cloud_init|extdeps.color.okabe_ito|extdeps.color.solarized|extdeps.color.srgb|extdeps.communication.fidelity_carriers|extdeps.communication.medium|extdeps.communication.numerical_fidelity|extdeps.container.docker_ce|extdeps.container.oci.ctrl_session_witness|extdeps.container.oci.descriptor|extdeps.container.oci.digest|extdeps.container.oci.image_config|extdeps.container.oci.linux|extdeps.container.oci.manifest|extdeps.container.oci.media_types|extdeps.container.oci.runtime_config|extdeps.container.oci.types|extdeps.cooling.dynatron|extdeps.cooling.types|extdeps.coverage|extdeps.cpu|extdeps.cpu.amd|extdeps.cpu.ampere|extdeps.cpu.machine_shape|extdeps.cpu.types|extdeps.crm.hubspot_lifecycle|extdeps.crm.salesforce_opportunity|extdeps.cron|extdeps.cron.schedule_model|extdeps.crypto.hash|extdeps.ctrl.gunbc_pin|extdeps.currency.currency|extdeps.darwin.rusage|extdeps.darwin.sysctl|extdeps.dhcp.v4|extdeps.dns.domain_name|extdeps.docker|extdeps.docker.container_inspect|extdeps.docker.container_inspect_contracts|extdeps.docker.container_stats|extdeps.docker.endpoint|extdeps.dpkg|extdeps.ebay.ebay|extdeps.ebay.ebay_contracts|extdeps.ebay.errors|extdeps.ebay.inventory|extdeps.ebay.oauth|extdeps.entropy|extdeps.exec.command|extdeps.exec.exec_arg_limit|extdeps.exec.xargs|extdeps.external_authority|extdeps.filesystem.filesystem_io|extdeps.filesystem.linux|extdeps.filesystem.ntfs|extdeps.filesystem.posix|extdeps.firmware.kernel_cmdline|extdeps.firmware.uefi_http_boot|extdeps.firmware.uefi_shell|extdeps.fixture.external_authority_file_anchor|extdeps.formats.dnsmasq|extdeps.formats.elf.encode|extdeps.formats.elf.hello_static_witness|extdeps.formats.elf.primitives|extdeps.formats.elf.relocation|extdeps.formats.elf.sections|extdeps.formats.elf.segments|extdeps.formats.elf.types|extdeps.git|extdeps.git.hooks|extdeps.git.inspect|extdeps.git.object_store|extdeps.git.publication_transport|extdeps.git.versioning|extdeps.github.actions|extdeps.github.actions_environment|extdeps.github.actions_runner|extdeps.github.actions_token|extdeps.github.app|extdeps.github.auth|extdeps.github.checks|extdeps.github.checks_contracts|extdeps.github.ci|extdeps.github.ci_runner|extdeps.github.effect|extdeps.github.errors|extdeps.github.expressions|extdeps.github.gists|extdeps.github.github|extdeps.github.github_contracts|extdeps.github.hosted_runners|extdeps.github.issues|extdeps.github.log_annotations|extdeps.github.merge_state|extdeps.github.merge_state_contracts|extdeps.github.mergeable_state|extdeps.github.mergeable_state_contracts|extdeps.github.pulls|extdeps.github.pulls_contracts|extdeps.github.push_event|extdeps.github.workflow_run_event|extdeps.github.workflow_runs|extdeps.github.workflow_runs_contracts|extdeps.github.workflows|extdeps.gitignore|extdeps.gpu.apple|extdeps.gpu.machine_shape|extdeps.gpu.nvidia|extdeps.gpu.types|extdeps.gunbc|extdeps.hardware|extdeps.http.client|extdeps.http.server|extdeps.instrument.pip_boy_3000|extdeps.instrument.pip_boy_3000_mk_v|extdeps.jobserver|extdeps.languages.bash.subject|extdeps.languages.c.emit|extdeps.languages.c.subject|extdeps.languages.cpp.subject|extdeps.languages.css.properties|extdeps.languages.css.selectors|extdeps.languages.css.subject|extdeps.languages.css.values|extdeps.languages.dag.emit|extdeps.languages.dag.syntax|extdeps.languages.dag.types|extdeps.languages.ecmascript.subject|extdeps.languages.go.emit|extdeps.languages.go.module|extdeps.languages.go.primitives|extdeps.languages.go.subject|extdeps.languages.go.syntax|extdeps.languages.go.types|extdeps.languages.gpu.wgsl.kernel|extdeps.languages.html|extdeps.languages.html.subject|extdeps.languages.html_fragment|extdeps.languages.java.subject|extdeps.languages.json.emit|extdeps.languages.json.grammar|extdeps.languages.json.parse|extdeps.languages.json.subject|extdeps.languages.jsx.subject|extdeps.languages.kotlin.subject|extdeps.languages.lean.overflow|extdeps.languages.lean.subject|extdeps.languages.llvm_ir.subject|extdeps.languages.markdown|extdeps.languages.markdown.subject|extdeps.languages.ptx.subject|extdeps.languages.python.emit|extdeps.languages.python.primitives|extdeps.languages.python.subject|extdeps.languages.python.syntax|extdeps.languages.python.types|extdeps.languages.react_jsx|extdeps.languages.riscv.subject|extdeps.languages.rust.derive_contracts|extdeps.languages.rust.emit|extdeps.languages.rust.primitives|extdeps.languages.rust.subject|extdeps.languages.rust.syntax|extdeps.languages.rust.types|extdeps.languages.simd.kernel|extdeps.languages.spice.subject|extdeps.languages.swift.subject|extdeps.languages.typescript.emit|extdeps.languages.typescript.primitives|extdeps.languages.typescript.program|extdeps.languages.typescript.subject|extdeps.languages.typescript.syntax|extdeps.languages.typescript.types|extdeps.languages.verilog.subject|extdeps.languages.wasm.subject|extdeps.languages.yaml.emit|extdeps.languages.yaml.gha_workflow|extdeps.languages.yaml.ingest|extdeps.languages.yaml.subject|extdeps.languages.yaml.types|extdeps.linux.edac|extdeps.linux.proc_meminfo|extdeps.linux.proc_self_cgroup|extdeps.linux.procfs|extdeps.linux.rusage|extdeps.linux.usb_gadget|extdeps.llm.anthropic|extdeps.llm.anthropic_contracts|extdeps.llm.anthropic_errors|extdeps.llm.anthropic_rest|extdeps.llm.claude_agent_sdk_stream|extdeps.llm.claude_sdk|extdeps.llm.claude_setup_token_cli|extdeps.llm.cli|extdeps.llm.cli_lifecycle|extdeps.llm.codex_app_server|extdeps.llm.codex_auth|extdeps.llm.cursor_cli|extdeps.llm.cursor_sdk|extdeps.llm.cursor_sdk_errors|extdeps.llm.cursor_sdk_facts|extdeps.llm.cursor_stream|extdeps.llm.llm|extdeps.llm.llm_contracts|extdeps.llm.openai|extdeps.llm.openai_contracts|extdeps.llm.openai_errors|extdeps.llm.openai_rest|extdeps.memory|extdeps.memory.jedec|extdeps.memory.sk_hynix|extdeps.memory.types|extdeps.mercurial|extdeps.netplan.netplan|extdeps.network.address|extdeps.network.endpoint|extdeps.network.ipv4|extdeps.network.ipv6|extdeps.network.reach|extdeps.network.switch_types|extdeps.network.tp_link|extdeps.npm|extdeps.numeric.base16|extdeps.object_storage|extdeps.object_storage.content_addressed|extdeps.observability|extdeps.os|extdeps.os.debian|extdeps.os.macos|extdeps.os.ubuntu|extdeps.os.ubuntu_autoinstall|extdeps.os.windows|extdeps.package|extdeps.physics.bach_et_al_2013_double_slit|extdeps.physics.chapman_et_al_1995_atom_interferometer_which_path|extdeps.pijul|extdeps.pin|extdeps.posix.rusage|extdeps.posix.shell_command_language|extdeps.power.eaton_tripp_lite|extdeps.power.types|extdeps.pricing.aws_ec2|extdeps.pricing.billing_units|extdeps.pricing.github_actions|extdeps.pricing.gitlab_subscription|extdeps.pricing.hetzner_dedicated|extdeps.pricing.object_storage|extdeps.pricing.regional_compute|extdeps.pricing.ubicloud|extdeps.probes.provider_interface_acquisition|extdeps.process.gnu_bash_exit|extdeps.process.posix_exit|extdeps.project_schedule.cpm_pert|extdeps.provisioning.dhcp_client_arch|extdeps.provisioning.network_boot|extdeps.provisioning.ubuntu_install_media|extdeps.provisioning.ubuntu_install_media_fetch|extdeps.provisioning.ubuntu_seeded_install_media|extdeps.provisioning.ubuntu_seeded_install_media_remaster|extdeps.provisioning.ubuntu_seeded_install_media_toolchain|extdeps.python|extdeps.rack.navepoint|extdeps.rack.types|extdeps.realization.artifact_store_fs|extdeps.realization.cache_purity|extdeps.realization.compile_stage_memo|extdeps.realization.emit_on_demand_host|extdeps.realization.eval_memo|extdeps.realization.frame_boundary_simulated|extdeps.realization.hermetic_fixture|extdeps.realization.native_artifact_cache|extdeps.realization.parse_table_memo|extdeps.realization.reconcile_in_process|extdeps.realization.resolved_graph|extdeps.realization.v1_handler|extdeps.render.ansi|extdeps.render.glyph|extdeps.render.glyphs|extdeps.render.surface|extdeps.render.terminal|extdeps.render.terminal_capability|extdeps.render.tier_glyphs|extdeps.router.verizon_cr1000a|extdeps.runtime.abi.aapcs64|extdeps.runtime.abi.sysv_amd64|extdeps.runtime.api.darwin|extdeps.runtime.api.windows|extdeps.runtime.architecture.aarch64_linux|extdeps.runtime.architecture.x86_64_linux|extdeps.runtime.errno|extdeps.runtime.local|extdeps.runtime.syscalls.linux|extdeps.rust.std_process|extdeps.rustup|extdeps.sec.edgar|extdeps.sec.edgar_rest|extdeps.sec.facts|extdeps.sec.issuer.atlassian|extdeps.sec.issuer.atlassian_facts|extdeps.sec.issuer.chemed|extdeps.sec.issuer.chemed_facts|extdeps.sec.issuer.gitlab|extdeps.sec.issuer.gitlab_facts|extdeps.sec.issuer.microsoft|extdeps.sec.issuer.microsoft_facts|extdeps.sec.issuer.rollins|extdeps.sec.issuer.rollins_facts|extdeps.sec.operating_metrics|extdeps.sec.types|extdeps.sec.us_gaap|extdeps.securities|extdeps.shell|extdeps.shell.credentials|extdeps.shell.exec|extdeps.simulators.ngspice.subject|extdeps.sql.migration|extdeps.ssh|extdeps.ssh.password_session|extdeps.ssh.session|extdeps.standards.ieee_754_2019|extdeps.standards.rfc_8118|extdeps.standards.web_annotation|extdeps.storage.nbd|extdeps.storage.samsung|extdeps.storage.types|extdeps.storage.western_digital|extdeps.sudo.nopasswd_execute_probe|extdeps.sudo.nopasswd_execute_probe_check_op|extdeps.systemd|extdeps.systemd.oomd|extdeps.systemd.systemctl|extdeps.systemd.systemd_contracts|extdeps.systems.nvidia|extdeps.systems.nvidia_dgx_spark_pxe|extdeps.systems.nvidia_dgx_spark_setup|extdeps.systems.nvidia_fleet_lifecycle|extdeps.systems.types|extdeps.tailscale.acl|extdeps.tailscale.acl_api|extdeps.tailscale.serve|extdeps.tcgplayer.catalog|extdeps.tcgplayer.pricing|extdeps.tcgplayer.store|extdeps.tcgplayer.tcgplayer|extdeps.test.http_pilot|extdeps.time.rfc3339|extdeps.tmux|extdeps.toolchain.architecture_profile|extdeps.toolchain.types|extdeps.tools|extdeps.tools.busybox|extdeps.tools.curl|extdeps.tools.diffutils|extdeps.tools.free|extdeps.tools.gcloud|extdeps.tools.gnu_coreutils|extdeps.tools.grep|extdeps.tools.hostname|extdeps.tools.id|extdeps.tools.jq|extdeps.tools.nbdkit|extdeps.tools.node|extdeps.tools.npm|extdeps.tools.pin|extdeps.tools.rustfmt|extdeps.tools.sed|extdeps.tools.sha256sum|extdeps.tools.sha512sum|extdeps.tools.sleep|extdeps.tools.socat|extdeps.tools.wc|extdeps.tools.websocat|extdeps.tools.xorriso|extdeps.transports.fidelity|extdeps.transports.file|extdeps.transports.rest|extdeps.transports.shell|extdeps.transports.sql|extdeps.unicode.blocks|extdeps.unicode.display|extdeps.units.dimensionless|extdeps.units.iec_80000_13|extdeps.units.iso8601|extdeps.uri_path|extdeps.uri_validation|extdeps.uuid|extdeps.vendor|extdeps.vendor.alphabet|extdeps.vendor.amd|extdeps.vendor.ampere|extdeps.vendor.apple|extdeps.vendor.arm|extdeps.vendor.asrock_rack|extdeps.vendor.atlassian|extdeps.vendor.chemed|extdeps.vendor.dynatron|extdeps.vendor.eaton|extdeps.vendor.gitlab|extdeps.vendor.hubspot|extdeps.vendor.intel|extdeps.vendor.meta_platforms|extdeps.vendor.microsoft|extdeps.vendor.navepoint|extdeps.vendor.nvidia|extdeps.vendor.qualcomm|extdeps.vendor.rollins|extdeps.vendor.rosewill|extdeps.vendor.salesforce|extdeps.vendor.samsung|extdeps.vendor.sk_hynix|extdeps.vendor.the_wand_company|extdeps.vendor.tp_link|extdeps.vendor.verizon|extdeps.vendor.western_digital|extdeps.version|extdeps.version.pep440|extdeps.version.semver|extdeps.w3c.accelerometer|extdeps.w3c.device_orientation_and_motion|extdeps.w3c.generic_sensor|extdeps.web_audio	497	unobserved	unobserved	unobserved	ambiguous_candidates	undefined variable 'extdeps_external_authority_anchor'	0	per_module_convention_population
dag/test/claim/citation_cit1_consumer_witness_test.dag	extdeps_external_authority_anchor	value	extdeps.access.aws_iam|extdeps.access.posix|extdeps.access.posix_effective_principal|extdeps.access.posix_effective_principal_read_op|extdeps.access.rbac|extdeps.access.zanzibar|extdeps.accessibility.wcag_contrast|extdeps.accounting.budget|extdeps.advertising.google_ads|extdeps.advertising.meta_ads|extdeps.advertising.types|extdeps.apt|extdeps.assurance.claim_evidence|extdeps.astronomy.stellar_classification|extdeps.audit.cloudevents|extdeps.auth.jwt|extdeps.auth.oidc|extdeps.automation.playwright|extdeps.bmc|extdeps.bmc.access|extdeps.bmc.capability|extdeps.bmc.http|extdeps.bmc.ipmi|extdeps.bmc.openbmc|extdeps.bmc.openbmc_fan_control|extdeps.bmc.openbmc_operation|extdeps.bmc.openbmc_password_ssh_transport|extdeps.bmc.os_install_actuator_toolchain|extdeps.bmc.redfish|extdeps.bmc.serial_console|extdeps.bmc.types|extdeps.bmc.virtual_media|extdeps.bmc.webui.nbd_proxy|extdeps.bmc.webui.nbd_proxy_serve|extdeps.boards.asrock_rack|extdeps.boards.types|extdeps.boot.emit|extdeps.boot.framebuffer|extdeps.boot.freestanding_payload|extdeps.boot.freestanding_witness|extdeps.boot.linux_x86_boot|extdeps.bootloader.grub|extdeps.brew|extdeps.browser|extdeps.browser.chromium|extdeps.browser.google_chrome|extdeps.cache|extdeps.cache.buildbuddy|extdeps.cache.cargo|extdeps.cache.catalog_io|extdeps.cache.catalog_placement|extdeps.cache.github_actions|extdeps.cache.key_completeness|extdeps.cache.materialization|extdeps.cache.pin|extdeps.cache.rustup|extdeps.cache.sccache|extdeps.cache.types|extdeps.cargo|extdeps.cargo_build|extdeps.cargo_version|extdeps.chassis.rosewill|extdeps.chassis.types|extdeps.clock|extdeps.cloud.cloud|extdeps.cloud.gcp.auth_print_access_token|extdeps.cloud.gcp.errors|extdeps.cloud.gcp.gcp|extdeps.cloud.gcp.iam|extdeps.cloud.gcp.iam_admin|extdeps.cloud.gcp.secret_manager|extdeps.cloud.gcp.secret_ref|extdeps.cloud.gcp.serviceusage|extdeps.cloud.gcp.sts|extdeps.cloud.hetzner|extdeps.cloud.ubicloud|extdeps.cloud_init.cloud_init|extdeps.color.okabe_ito|extdeps.color.solarized|extdeps.color.srgb|extdeps.communication.fidelity_carriers|extdeps.communication.medium|extdeps.communication.numerical_fidelity|extdeps.container.docker_ce|extdeps.container.oci.ctrl_session_witness|extdeps.container.oci.descriptor|extdeps.container.oci.digest|extdeps.container.oci.image_config|extdeps.container.oci.linux|extdeps.container.oci.manifest|extdeps.container.oci.media_types|extdeps.container.oci.runtime_config|extdeps.container.oci.types|extdeps.cooling.dynatron|extdeps.cooling.types|extdeps.coverage|extdeps.cpu|extdeps.cpu.amd|extdeps.cpu.ampere|extdeps.cpu.machine_shape|extdeps.cpu.types|extdeps.crm.hubspot_lifecycle|extdeps.crm.salesforce_opportunity|extdeps.cron|extdeps.cron.schedule_model|extdeps.crypto.hash|extdeps.ctrl.gunbc_pin|extdeps.currency.currency|extdeps.darwin.rusage|extdeps.darwin.sysctl|extdeps.dhcp.v4|extdeps.dns.domain_name|extdeps.docker|extdeps.docker.container_inspect|extdeps.docker.container_inspect_contracts|extdeps.docker.container_stats|extdeps.docker.endpoint|extdeps.dpkg|extdeps.ebay.ebay|extdeps.ebay.ebay_contracts|extdeps.ebay.errors|extdeps.ebay.inventory|extdeps.ebay.oauth|extdeps.entropy|extdeps.exec.command|extdeps.exec.exec_arg_limit|extdeps.exec.xargs|extdeps.external_authority|extdeps.filesystem.filesystem_io|extdeps.filesystem.linux|extdeps.filesystem.ntfs|extdeps.filesystem.posix|extdeps.firmware.kernel_cmdline|extdeps.firmware.uefi_http_boot|extdeps.firmware.uefi_shell|extdeps.fixture.external_authority_file_anchor|extdeps.formats.dnsmasq|extdeps.formats.elf.encode|extdeps.formats.elf.hello_static_witness|extdeps.formats.elf.primitives|extdeps.formats.elf.relocation|extdeps.formats.elf.sections|extdeps.formats.elf.segments|extdeps.formats.elf.types|extdeps.git|extdeps.git.hooks|extdeps.git.inspect|extdeps.git.object_store|extdeps.git.publication_transport|extdeps.git.versioning|extdeps.github.actions|extdeps.github.actions_environment|extdeps.github.actions_runner|extdeps.github.actions_token|extdeps.github.app|extdeps.github.auth|extdeps.github.checks|extdeps.github.checks_contracts|extdeps.github.ci|extdeps.github.ci_runner|extdeps.github.effect|extdeps.github.errors|extdeps.github.expressions|extdeps.github.gists|extdeps.github.github|extdeps.github.github_contracts|extdeps.github.hosted_runners|extdeps.github.issues|extdeps.github.log_annotations|extdeps.github.merge_state|extdeps.github.merge_state_contracts|extdeps.github.mergeable_state|extdeps.github.mergeable_state_contracts|extdeps.github.pulls|extdeps.github.pulls_contracts|extdeps.github.push_event|extdeps.github.workflow_run_event|extdeps.github.workflow_runs|extdeps.github.workflow_runs_contracts|extdeps.github.workflows|extdeps.gitignore|extdeps.gpu.apple|extdeps.gpu.machine_shape|extdeps.gpu.nvidia|extdeps.gpu.types|extdeps.gunbc|extdeps.hardware|extdeps.http.client|extdeps.http.server|extdeps.instrument.pip_boy_3000|extdeps.instrument.pip_boy_3000_mk_v|extdeps.jobserver|extdeps.languages.bash.subject|extdeps.languages.c.emit|extdeps.languages.c.subject|extdeps.languages.cpp.subject|extdeps.languages.css.properties|extdeps.languages.css.selectors|extdeps.languages.css.subject|extdeps.languages.css.values|extdeps.languages.dag.emit|extdeps.languages.dag.syntax|extdeps.languages.dag.types|extdeps.languages.ecmascript.subject|extdeps.languages.go.emit|extdeps.languages.go.module|extdeps.languages.go.primitives|extdeps.languages.go.subject|extdeps.languages.go.syntax|extdeps.languages.go.types|extdeps.languages.gpu.wgsl.kernel|extdeps.languages.html|extdeps.languages.html.subject|extdeps.languages.html_fragment|extdeps.languages.java.subject|extdeps.languages.json.emit|extdeps.languages.json.grammar|extdeps.languages.json.parse|extdeps.languages.json.subject|extdeps.languages.jsx.subject|extdeps.languages.kotlin.subject|extdeps.languages.lean.overflow|extdeps.languages.lean.subject|extdeps.languages.llvm_ir.subject|extdeps.languages.markdown|extdeps.languages.markdown.subject|extdeps.languages.ptx.subject|extdeps.languages.python.emit|extdeps.languages.python.primitives|extdeps.languages.python.subject|extdeps.languages.python.syntax|extdeps.languages.python.types|extdeps.languages.react_jsx|extdeps.languages.riscv.subject|extdeps.languages.rust.derive_contracts|extdeps.languages.rust.emit|extdeps.languages.rust.primitives|extdeps.languages.rust.subject|extdeps.languages.rust.syntax|extdeps.languages.rust.types|extdeps.languages.simd.kernel|extdeps.languages.spice.subject|extdeps.languages.swift.subject|extdeps.languages.typescript.emit|extdeps.languages.typescript.primitives|extdeps.languages.typescript.program|extdeps.languages.typescript.subject|extdeps.languages.typescript.syntax|extdeps.languages.typescript.types|extdeps.languages.verilog.subject|extdeps.languages.wasm.subject|extdeps.languages.yaml.emit|extdeps.languages.yaml.gha_workflow|extdeps.languages.yaml.ingest|extdeps.languages.yaml.subject|extdeps.languages.yaml.types|extdeps.linux.edac|extdeps.linux.proc_meminfo|extdeps.linux.proc_self_cgroup|extdeps.linux.procfs|extdeps.linux.rusage|extdeps.linux.usb_gadget|extdeps.llm.anthropic|extdeps.llm.anthropic_contracts|extdeps.llm.anthropic_errors|extdeps.llm.anthropic_rest|extdeps.llm.claude_agent_sdk_stream|extdeps.llm.claude_sdk|extdeps.llm.claude_setup_token_cli|extdeps.llm.cli|extdeps.llm.cli_lifecycle|extdeps.llm.codex_app_server|extdeps.llm.codex_auth|extdeps.llm.cursor_cli|extdeps.llm.cursor_sdk|extdeps.llm.cursor_sdk_errors|extdeps.llm.cursor_sdk_facts|extdeps.llm.cursor_stream|extdeps.llm.llm|extdeps.llm.llm_contracts|extdeps.llm.openai|extdeps.llm.openai_contracts|extdeps.llm.openai_errors|extdeps.llm.openai_rest|extdeps.memory|extdeps.memory.jedec|extdeps.memory.sk_hynix|extdeps.memory.types|extdeps.mercurial|extdeps.netplan.netplan|extdeps.network.address|extdeps.network.endpoint|extdeps.network.ipv4|extdeps.network.ipv6|extdeps.network.reach|extdeps.network.switch_types|extdeps.network.tp_link|extdeps.npm|extdeps.numeric.base16|extdeps.object_storage|extdeps.object_storage.content_addressed|extdeps.observability|extdeps.os|extdeps.os.debian|extdeps.os.macos|extdeps.os.ubuntu|extdeps.os.ubuntu_autoinstall|extdeps.os.windows|extdeps.package|extdeps.physics.bach_et_al_2013_double_slit|extdeps.physics.chapman_et_al_1995_atom_interferometer_which_path|extdeps.pijul|extdeps.pin|extdeps.posix.rusage|extdeps.posix.shell_command_language|extdeps.power.eaton_tripp_lite|extdeps.power.types|extdeps.pricing.aws_ec2|extdeps.pricing.billing_units|extdeps.pricing.github_actions|extdeps.pricing.gitlab_subscription|extdeps.pricing.hetzner_dedicated|extdeps.pricing.object_storage|extdeps.pricing.regional_compute|extdeps.pricing.ubicloud|extdeps.probes.provider_interface_acquisition|extdeps.process.gnu_bash_exit|extdeps.process.posix_exit|extdeps.project_schedule.cpm_pert|extdeps.provisioning.dhcp_client_arch|extdeps.provisioning.network_boot|extdeps.provisioning.ubuntu_install_media|extdeps.provisioning.ubuntu_install_media_fetch|extdeps.provisioning.ubuntu_seeded_install_media|extdeps.provisioning.ubuntu_seeded_install_media_remaster|extdeps.provisioning.ubuntu_seeded_install_media_toolchain|extdeps.python|extdeps.rack.navepoint|extdeps.rack.types|extdeps.realization.artifact_store_fs|extdeps.realization.cache_purity|extdeps.realization.compile_stage_memo|extdeps.realization.emit_on_demand_host|extdeps.realization.eval_memo|extdeps.realization.frame_boundary_simulated|extdeps.realization.hermetic_fixture|extdeps.realization.native_artifact_cache|extdeps.realization.parse_table_memo|extdeps.realization.reconcile_in_process|extdeps.realization.resolved_graph|extdeps.realization.v1_handler|extdeps.render.ansi|extdeps.render.glyph|extdeps.render.glyphs|extdeps.render.surface|extdeps.render.terminal|extdeps.render.terminal_capability|extdeps.render.tier_glyphs|extdeps.router.verizon_cr1000a|extdeps.runtime.abi.aapcs64|extdeps.runtime.abi.sysv_amd64|extdeps.runtime.api.darwin|extdeps.runtime.api.windows|extdeps.runtime.architecture.aarch64_linux|extdeps.runtime.architecture.x86_64_linux|extdeps.runtime.errno|extdeps.runtime.local|extdeps.runtime.syscalls.linux|extdeps.rust.std_process|extdeps.rustup|extdeps.sec.edgar|extdeps.sec.edgar_rest|extdeps.sec.facts|extdeps.sec.issuer.atlassian|extdeps.sec.issuer.atlassian_facts|extdeps.sec.issuer.chemed|extdeps.sec.issuer.chemed_facts|extdeps.sec.issuer.gitlab|extdeps.sec.issuer.gitlab_facts|extdeps.sec.issuer.microsoft|extdeps.sec.issuer.microsoft_facts|extdeps.sec.issuer.rollins|extdeps.sec.issuer.rollins_facts|extdeps.sec.operating_metrics|extdeps.sec.types|extdeps.sec.us_gaap|extdeps.securities|extdeps.shell|extdeps.shell.credentials|extdeps.shell.exec|extdeps.simulators.ngspice.subject|extdeps.sql.migration|extdeps.ssh|extdeps.ssh.password_session|extdeps.ssh.session|extdeps.standards.ieee_754_2019|extdeps.standards.rfc_8118|extdeps.standards.web_annotation|extdeps.storage.nbd|extdeps.storage.samsung|extdeps.storage.types|extdeps.storage.western_digital|extdeps.sudo.nopasswd_execute_probe|extdeps.sudo.nopasswd_execute_probe_check_op|extdeps.systemd|extdeps.systemd.oomd|extdeps.systemd.systemctl|extdeps.systemd.systemd_contracts|extdeps.systems.nvidia|extdeps.systems.nvidia_dgx_spark_pxe|extdeps.systems.nvidia_dgx_spark_setup|extdeps.systems.nvidia_fleet_lifecycle|extdeps.systems.types|extdeps.tailscale.acl|extdeps.tailscale.acl_api|extdeps.tailscale.serve|extdeps.tcgplayer.catalog|extdeps.tcgplayer.pricing|extdeps.tcgplayer.store|extdeps.tcgplayer.tcgplayer|extdeps.test.http_pilot|extdeps.time.rfc3339|extdeps.tmux|extdeps.toolchain.architecture_profile|extdeps.toolchain.types|extdeps.tools|extdeps.tools.busybox|extdeps.tools.curl|extdeps.tools.diffutils|extdeps.tools.free|extdeps.tools.gcloud|extdeps.tools.gnu_coreutils|extdeps.tools.grep|extdeps.tools.hostname|extdeps.tools.id|extdeps.tools.jq|extdeps.tools.nbdkit|extdeps.tools.node|extdeps.tools.npm|extdeps.tools.pin|extdeps.tools.rustfmt|extdeps.tools.sed|extdeps.tools.sha256sum|extdeps.tools.sha512sum|extdeps.tools.sleep|extdeps.tools.socat|extdeps.tools.wc|extdeps.tools.websocat|extdeps.tools.xorriso|extdeps.transports.fidelity|extdeps.transports.file|extdeps.transports.rest|extdeps.transports.shell|extdeps.transports.sql|extdeps.unicode.blocks|extdeps.unicode.display|extdeps.units.dimensionless|extdeps.units.iec_80000_13|extdeps.units.iso8601|extdeps.uri_path|extdeps.uri_validation|extdeps.uuid|extdeps.vendor|extdeps.vendor.alphabet|extdeps.vendor.amd|extdeps.vendor.ampere|extdeps.vendor.apple|extdeps.vendor.arm|extdeps.vendor.asrock_rack|extdeps.vendor.atlassian|extdeps.vendor.chemed|extdeps.vendor.dynatron|extdeps.vendor.eaton|extdeps.vendor.gitlab|extdeps.vendor.hubspot|extdeps.vendor.intel|extdeps.vendor.meta_platforms|extdeps.vendor.microsoft|extdeps.vendor.navepoint|extdeps.vendor.nvidia|extdeps.vendor.qualcomm|extdeps.vendor.rollins|extdeps.vendor.rosewill|extdeps.vendor.salesforce|extdeps.vendor.samsung|extdeps.vendor.sk_hynix|extdeps.vendor.the_wand_company|extdeps.vendor.tp_link|extdeps.vendor.verizon|extdeps.vendor.western_digital|extdeps.version|extdeps.version.pep440|extdeps.version.semver|extdeps.w3c.accelerometer|extdeps.w3c.device_orientation_and_motion|extdeps.w3c.generic_sensor|extdeps.web_audio	497	unobserved	unobserved	unobserved	ambiguous_candidates	undefined variable 'extdeps_external_authority_anchor'	1	per_module_convention_population
dag/test/claim/citation_cit1_consumer_witness_test.dag	extdeps_external_authority_anchor	value	extdeps.access.aws_iam|extdeps.access.posix|extdeps.access.posix_effective_principal|extdeps.access.posix_effective_principal_read_op|extdeps.access.rbac|extdeps.access.zanzibar|extdeps.accessibility.wcag_contrast|extdeps.accounting.budget|extdeps.advertising.google_ads|extdeps.advertising.meta_ads|extdeps.advertising.types|extdeps.apt|extdeps.assurance.claim_evidence|extdeps.astronomy.stellar_classification|extdeps.audit.cloudevents|extdeps.auth.jwt|extdeps.auth.oidc|extdeps.automation.playwright|extdeps.bmc|extdeps.bmc.access|extdeps.bmc.capability|extdeps.bmc.http|extdeps.bmc.ipmi|extdeps.bmc.openbmc|extdeps.bmc.openbmc_fan_control|extdeps.bmc.openbmc_operation|extdeps.bmc.openbmc_password_ssh_transport|extdeps.bmc.os_install_actuator_toolchain|extdeps.bmc.redfish|extdeps.bmc.serial_console|extdeps.bmc.types|extdeps.bmc.virtual_media|extdeps.bmc.webui.nbd_proxy|extdeps.bmc.webui.nbd_proxy_serve|extdeps.boards.asrock_rack|extdeps.boards.types|extdeps.boot.emit|extdeps.boot.framebuffer|extdeps.boot.freestanding_payload|extdeps.boot.freestanding_witness|extdeps.boot.linux_x86_boot|extdeps.bootloader.grub|extdeps.brew|extdeps.browser|extdeps.browser.chromium|extdeps.browser.google_chrome|extdeps.cache|extdeps.cache.buildbuddy|extdeps.cache.cargo|extdeps.cache.catalog_io|extdeps.cache.catalog_placement|extdeps.cache.github_actions|extdeps.cache.key_completeness|extdeps.cache.materialization|extdeps.cache.pin|extdeps.cache.rustup|extdeps.cache.sccache|extdeps.cache.types|extdeps.cargo|extdeps.cargo_build|extdeps.cargo_version|extdeps.chassis.rosewill|extdeps.chassis.types|extdeps.clock|extdeps.cloud.cloud|extdeps.cloud.gcp.auth_print_access_token|extdeps.cloud.gcp.errors|extdeps.cloud.gcp.gcp|extdeps.cloud.gcp.iam|extdeps.cloud.gcp.iam_admin|extdeps.cloud.gcp.secret_manager|extdeps.cloud.gcp.secret_ref|extdeps.cloud.gcp.serviceusage|extdeps.cloud.gcp.sts|extdeps.cloud.hetzner|extdeps.cloud.ubicloud|extdeps.cloud_init.cloud_init|extdeps.color.okabe_ito|extdeps.color.solarized|extdeps.color.srgb|extdeps.communication.fidelity_carriers|extdeps.communication.medium|extdeps.communication.numerical_fidelity|extdeps.container.docker_ce|extdeps.container.oci.ctrl_session_witness|extdeps.container.oci.descriptor|extdeps.container.oci.digest|extdeps.container.oci.image_config|extdeps.container.oci.linux|extdeps.container.oci.manifest|extdeps.container.oci.media_types|extdeps.container.oci.runtime_config|extdeps.container.oci.types|extdeps.cooling.dynatron|extdeps.cooling.types|extdeps.coverage|extdeps.cpu|extdeps.cpu.amd|extdeps.cpu.ampere|extdeps.cpu.machine_shape|extdeps.cpu.types|extdeps.crm.hubspot_lifecycle|extdeps.crm.salesforce_opportunity|extdeps.cron|extdeps.cron.schedule_model|extdeps.crypto.hash|extdeps.ctrl.gunbc_pin|extdeps.currency.currency|extdeps.darwin.rusage|extdeps.darwin.sysctl|extdeps.dhcp.v4|extdeps.dns.domain_name|extdeps.docker|extdeps.docker.container_inspect|extdeps.docker.container_inspect_contracts|extdeps.docker.container_stats|extdeps.docker.endpoint|extdeps.dpkg|extdeps.ebay.ebay|extdeps.ebay.ebay_contracts|extdeps.ebay.errors|extdeps.ebay.inventory|extdeps.ebay.oauth|extdeps.entropy|extdeps.exec.command|extdeps.exec.exec_arg_limit|extdeps.exec.xargs|extdeps.external_authority|extdeps.filesystem.filesystem_io|extdeps.filesystem.linux|extdeps.filesystem.ntfs|extdeps.filesystem.posix|extdeps.firmware.kernel_cmdline|extdeps.firmware.uefi_http_boot|extdeps.firmware.uefi_shell|extdeps.fixture.external_authority_file_anchor|extdeps.formats.dnsmasq|extdeps.formats.elf.encode|extdeps.formats.elf.hello_static_witness|extdeps.formats.elf.primitives|extdeps.formats.elf.relocation|extdeps.formats.elf.sections|extdeps.formats.elf.segments|extdeps.formats.elf.types|extdeps.git|extdeps.git.hooks|extdeps.git.inspect|extdeps.git.object_store|extdeps.git.publication_transport|extdeps.git.versioning|extdeps.github.actions|extdeps.github.actions_environment|extdeps.github.actions_runner|extdeps.github.actions_token|extdeps.github.app|extdeps.github.auth|extdeps.github.checks|extdeps.github.checks_contracts|extdeps.github.ci|extdeps.github.ci_runner|extdeps.github.effect|extdeps.github.errors|extdeps.github.expressions|extdeps.github.gists|extdeps.github.github|extdeps.github.github_contracts|extdeps.github.hosted_runners|extdeps.github.issues|extdeps.github.log_annotations|extdeps.github.merge_state|extdeps.github.merge_state_contracts|extdeps.github.mergeable_state|extdeps.github.mergeable_state_contracts|extdeps.github.pulls|extdeps.github.pulls_contracts|extdeps.github.push_event|extdeps.github.workflow_run_event|extdeps.github.workflow_runs|extdeps.github.workflow_runs_contracts|extdeps.github.workflows|extdeps.gitignore|extdeps.gpu.apple|extdeps.gpu.machine_shape|extdeps.gpu.nvidia|extdeps.gpu.types|extdeps.gunbc|extdeps.hardware|extdeps.http.client|extdeps.http.server|extdeps.instrument.pip_boy_3000|extdeps.instrument.pip_boy_3000_mk_v|extdeps.jobserver|extdeps.languages.bash.subject|extdeps.languages.c.emit|extdeps.languages.c.subject|extdeps.languages.cpp.subject|extdeps.languages.css.properties|extdeps.languages.css.selectors|extdeps.languages.css.subject|extdeps.languages.css.values|extdeps.languages.dag.emit|extdeps.languages.dag.syntax|extdeps.languages.dag.types|extdeps.languages.ecmascript.subject|extdeps.languages.go.emit|extdeps.languages.go.module|extdeps.languages.go.primitives|extdeps.languages.go.subject|extdeps.languages.go.syntax|extdeps.languages.go.types|extdeps.languages.gpu.wgsl.kernel|extdeps.languages.html|extdeps.languages.html.subject|extdeps.languages.html_fragment|extdeps.languages.java.subject|extdeps.languages.json.emit|extdeps.languages.json.grammar|extdeps.languages.json.parse|extdeps.languages.json.subject|extdeps.languages.jsx.subject|extdeps.languages.kotlin.subject|extdeps.languages.lean.overflow|extdeps.languages.lean.subject|extdeps.languages.llvm_ir.subject|extdeps.languages.markdown|extdeps.languages.markdown.subject|extdeps.languages.ptx.subject|extdeps.languages.python.emit|extdeps.languages.python.primitives|extdeps.languages.python.subject|extdeps.languages.python.syntax|extdeps.languages.python.types|extdeps.languages.react_jsx|extdeps.languages.riscv.subject|extdeps.languages.rust.derive_contracts|extdeps.languages.rust.emit|extdeps.languages.rust.primitives|extdeps.languages.rust.subject|extdeps.languages.rust.syntax|extdeps.languages.rust.types|extdeps.languages.simd.kernel|extdeps.languages.spice.subject|extdeps.languages.swift.subject|extdeps.languages.typescript.emit|extdeps.languages.typescript.primitives|extdeps.languages.typescript.program|extdeps.languages.typescript.subject|extdeps.languages.typescript.syntax|extdeps.languages.typescript.types|extdeps.languages.verilog.subject|extdeps.languages.wasm.subject|extdeps.languages.yaml.emit|extdeps.languages.yaml.gha_workflow|extdeps.languages.yaml.ingest|extdeps.languages.yaml.subject|extdeps.languages.yaml.types|extdeps.linux.edac|extdeps.linux.proc_meminfo|extdeps.linux.proc_self_cgroup|extdeps.linux.procfs|extdeps.linux.rusage|extdeps.linux.usb_gadget|extdeps.llm.anthropic|extdeps.llm.anthropic_contracts|extdeps.llm.anthropic_errors|extdeps.llm.anthropic_rest|extdeps.llm.claude_agent_sdk_stream|extdeps.llm.claude_sdk|extdeps.llm.claude_setup_token_cli|extdeps.llm.cli|extdeps.llm.cli_lifecycle|extdeps.llm.codex_app_server|extdeps.llm.codex_auth|extdeps.llm.cursor_cli|extdeps.llm.cursor_sdk|extdeps.llm.cursor_sdk_errors|extdeps.llm.cursor_sdk_facts|extdeps.llm.cursor_stream|extdeps.llm.llm|extdeps.llm.llm_contracts|extdeps.llm.openai|extdeps.llm.openai_contracts|extdeps.llm.openai_errors|extdeps.llm.openai_rest|extdeps.memory|extdeps.memory.jedec|extdeps.memory.sk_hynix|extdeps.memory.types|extdeps.mercurial|extdeps.netplan.netplan|extdeps.network.address|extdeps.network.endpoint|extdeps.network.ipv4|extdeps.network.ipv6|extdeps.network.reach|extdeps.network.switch_types|extdeps.network.tp_link|extdeps.npm|extdeps.numeric.base16|extdeps.object_storage|extdeps.object_storage.content_addressed|extdeps.observability|extdeps.os|extdeps.os.debian|extdeps.os.macos|extdeps.os.ubuntu|extdeps.os.ubuntu_autoinstall|extdeps.os.windows|extdeps.package|extdeps.physics.bach_et_al_2013_double_slit|extdeps.physics.chapman_et_al_1995_atom_interferometer_which_path|extdeps.pijul|extdeps.pin|extdeps.posix.rusage|extdeps.posix.shell_command_language|extdeps.power.eaton_tripp_lite|extdeps.power.types|extdeps.pricing.aws_ec2|extdeps.pricing.billing_units|extdeps.pricing.github_actions|extdeps.pricing.gitlab_subscription|extdeps.pricing.hetzner_dedicated|extdeps.pricing.object_storage|extdeps.pricing.regional_compute|extdeps.pricing.ubicloud|extdeps.probes.provider_interface_acquisition|extdeps.process.gnu_bash_exit|extdeps.process.posix_exit|extdeps.project_schedule.cpm_pert|extdeps.provisioning.dhcp_client_arch|extdeps.provisioning.network_boot|extdeps.provisioning.ubuntu_install_media|extdeps.provisioning.ubuntu_install_media_fetch|extdeps.provisioning.ubuntu_seeded_install_media|extdeps.provisioning.ubuntu_seeded_install_media_remaster|extdeps.provisioning.ubuntu_seeded_install_media_toolchain|extdeps.python|extdeps.rack.navepoint|extdeps.rack.types|extdeps.realization.artifact_store_fs|extdeps.realization.cache_purity|extdeps.realization.compile_stage_memo|extdeps.realization.emit_on_demand_host|extdeps.realization.eval_memo|extdeps.realization.frame_boundary_simulated|extdeps.realization.hermetic_fixture|extdeps.realization.native_artifact_cache|extdeps.realization.parse_table_memo|extdeps.realization.reconcile_in_process|extdeps.realization.resolved_graph|extdeps.realization.v1_handler|extdeps.render.ansi|extdeps.render.glyph|extdeps.render.glyphs|extdeps.render.surface|extdeps.render.terminal|extdeps.render.terminal_capability|extdeps.render.tier_glyphs|extdeps.router.verizon_cr1000a|extdeps.runtime.abi.aapcs64|extdeps.runtime.abi.sysv_amd64|extdeps.runtime.api.darwin|extdeps.runtime.api.windows|extdeps.runtime.architecture.aarch64_linux|extdeps.runtime.architecture.x86_64_linux|extdeps.runtime.errno|extdeps.runtime.local|extdeps.runtime.syscalls.linux|extdeps.rust.std_process|extdeps.rustup|extdeps.sec.edgar|extdeps.sec.edgar_rest|extdeps.sec.facts|extdeps.sec.issuer.atlassian|extdeps.sec.issuer.atlassian_facts|extdeps.sec.issuer.chemed|extdeps.sec.issuer.chemed_facts|extdeps.sec.issuer.gitlab|extdeps.sec.issuer.gitlab_facts|extdeps.sec.issuer.microsoft|extdeps.sec.issuer.microsoft_facts|extdeps.sec.issuer.rollins|extdeps.sec.issuer.rollins_facts|extdeps.sec.operating_metrics|extdeps.sec.types|extdeps.sec.us_gaap|extdeps.securities|extdeps.shell|extdeps.shell.credentials|extdeps.shell.exec|extdeps.simulators.ngspice.subject|extdeps.sql.migration|extdeps.ssh|extdeps.ssh.password_session|extdeps.ssh.session|extdeps.standards.ieee_754_2019|extdeps.standards.rfc_8118|extdeps.standards.web_annotation|extdeps.storage.nbd|extdeps.storage.samsung|extdeps.storage.types|extdeps.storage.western_digital|extdeps.sudo.nopasswd_execute_probe|extdeps.sudo.nopasswd_execute_probe_check_op|extdeps.systemd|extdeps.systemd.oomd|extdeps.systemd.systemctl|extdeps.systemd.systemd_contracts|extdeps.systems.nvidia|extdeps.systems.nvidia_dgx_spark_pxe|extdeps.systems.nvidia_dgx_spark_setup|extdeps.systems.nvidia_fleet_lifecycle|extdeps.systems.types|extdeps.tailscale.acl|extdeps.tailscale.acl_api|extdeps.tailscale.serve|extdeps.tcgplayer.catalog|extdeps.tcgplayer.pricing|extdeps.tcgplayer.store|extdeps.tcgplayer.tcgplayer|extdeps.test.http_pilot|extdeps.time.rfc3339|extdeps.tmux|extdeps.toolchain.architecture_profile|extdeps.toolchain.types|extdeps.tools|extdeps.tools.busybox|extdeps.tools.curl|extdeps.tools.diffutils|extdeps.tools.free|extdeps.tools.gcloud|extdeps.tools.gnu_coreutils|extdeps.tools.grep|extdeps.tools.hostname|extdeps.tools.id|extdeps.tools.jq|extdeps.tools.nbdkit|extdeps.tools.node|extdeps.tools.npm|extdeps.tools.pin|extdeps.tools.rustfmt|extdeps.tools.sed|extdeps.tools.sha256sum|extdeps.tools.sha512sum|extdeps.tools.sleep|extdeps.tools.socat|extdeps.tools.wc|extdeps.tools.websocat|extdeps.tools.xorriso|extdeps.transports.fidelity|extdeps.transports.file|extdeps.transports.rest|extdeps.transports.shell|extdeps.transports.sql|extdeps.unicode.blocks|extdeps.unicode.display|extdeps.units.dimensionless|extdeps.units.iec_80000_13|extdeps.units.iso8601|extdeps.uri_path|extdeps.uri_validation|extdeps.uuid|extdeps.vendor|extdeps.vendor.alphabet|extdeps.vendor.amd|extdeps.vendor.ampere|extdeps.vendor.apple|extdeps.vendor.arm|extdeps.vendor.asrock_rack|extdeps.vendor.atlassian|extdeps.vendor.chemed|extdeps.vendor.dynatron|extdeps.vendor.eaton|extdeps.vendor.gitlab|extdeps.vendor.hubspot|extdeps.vendor.intel|extdeps.vendor.meta_platforms|extdeps.vendor.microsoft|extdeps.vendor.navepoint|extdeps.vendor.nvidia|extdeps.vendor.qualcomm|extdeps.vendor.rollins|extdeps.vendor.rosewill|extdeps.vendor.salesforce|extdeps.vendor.samsung|extdeps.vendor.sk_hynix|extdeps.vendor.the_wand_company|extdeps.vendor.tp_link|extdeps.vendor.verizon|extdeps.vendor.western_digital|extdeps.version|extdeps.version.pep440|extdeps.version.semver|extdeps.w3c.accelerometer|extdeps.w3c.device_orientation_and_motion|extdeps.w3c.generic_sensor|extdeps.web_audio	497	unobserved	unobserved	unobserved	ambiguous_candidates	undefined variable 'extdeps_external_authority_anchor'	1	per_module_convention_population
dag/test/claim/citation_cit1_witness_test.dag	extdeps_external_authority_anchor	value	extdeps.access.aws_iam|extdeps.access.posix|extdeps.access.posix_effective_principal|extdeps.access.posix_effective_principal_read_op|extdeps.access.rbac|extdeps.access.zanzibar|extdeps.accessibility.wcag_contrast|extdeps.accounting.budget|extdeps.advertising.google_ads|extdeps.advertising.meta_ads|extdeps.advertising.types|extdeps.apt|extdeps.assurance.claim_evidence|extdeps.astronomy.stellar_classification|extdeps.audit.cloudevents|extdeps.auth.jwt|extdeps.auth.oidc|extdeps.automation.playwright|extdeps.bmc|extdeps.bmc.access|extdeps.bmc.capability|extdeps.bmc.http|extdeps.bmc.ipmi|extdeps.bmc.openbmc|extdeps.bmc.openbmc_fan_control|extdeps.bmc.openbmc_operation|extdeps.bmc.openbmc_password_ssh_transport|extdeps.bmc.os_install_actuator_toolchain|extdeps.bmc.redfish|extdeps.bmc.serial_console|extdeps.bmc.types|extdeps.bmc.virtual_media|extdeps.bmc.webui.nbd_proxy|extdeps.bmc.webui.nbd_proxy_serve|extdeps.boards.asrock_rack|extdeps.boards.types|extdeps.boot.emit|extdeps.boot.framebuffer|extdeps.boot.freestanding_payload|extdeps.boot.freestanding_witness|extdeps.boot.linux_x86_boot|extdeps.bootloader.grub|extdeps.brew|extdeps.browser|extdeps.browser.chromium|extdeps.browser.google_chrome|extdeps.cache|extdeps.cache.buildbuddy|extdeps.cache.cargo|extdeps.cache.catalog_io|extdeps.cache.catalog_placement|extdeps.cache.github_actions|extdeps.cache.key_completeness|extdeps.cache.materialization|extdeps.cache.pin|extdeps.cache.rustup|extdeps.cache.sccache|extdeps.cache.types|extdeps.cargo|extdeps.cargo_build|extdeps.cargo_version|extdeps.chassis.rosewill|extdeps.chassis.types|extdeps.clock|extdeps.cloud.cloud|extdeps.cloud.gcp.auth_print_access_token|extdeps.cloud.gcp.errors|extdeps.cloud.gcp.gcp|extdeps.cloud.gcp.iam|extdeps.cloud.gcp.iam_admin|extdeps.cloud.gcp.secret_manager|extdeps.cloud.gcp.secret_ref|extdeps.cloud.gcp.serviceusage|extdeps.cloud.gcp.sts|extdeps.cloud.hetzner|extdeps.cloud.ubicloud|extdeps.cloud_init.cloud_init|extdeps.color.okabe_ito|extdeps.color.solarized|extdeps.color.srgb|extdeps.communication.fidelity_carriers|extdeps.communication.medium|extdeps.communication.numerical_fidelity|extdeps.container.docker_ce|extdeps.container.oci.ctrl_session_witness|extdeps.container.oci.descriptor|extdeps.container.oci.digest|extdeps.container.oci.image_config|extdeps.container.oci.linux|extdeps.container.oci.manifest|extdeps.container.oci.media_types|extdeps.container.oci.runtime_config|extdeps.container.oci.types|extdeps.cooling.dynatron|extdeps.cooling.types|extdeps.coverage|extdeps.cpu|extdeps.cpu.amd|extdeps.cpu.ampere|extdeps.cpu.machine_shape|extdeps.cpu.types|extdeps.crm.hubspot_lifecycle|extdeps.crm.salesforce_opportunity|extdeps.cron|extdeps.cron.schedule_model|extdeps.crypto.hash|extdeps.ctrl.gunbc_pin|extdeps.currency.currency|extdeps.darwin.rusage|extdeps.darwin.sysctl|extdeps.dhcp.v4|extdeps.dns.domain_name|extdeps.docker|extdeps.docker.container_inspect|extdeps.docker.container_inspect_contracts|extdeps.docker.container_stats|extdeps.docker.endpoint|extdeps.dpkg|extdeps.ebay.ebay|extdeps.ebay.ebay_contracts|extdeps.ebay.errors|extdeps.ebay.inventory|extdeps.ebay.oauth|extdeps.entropy|extdeps.exec.command|extdeps.exec.exec_arg_limit|extdeps.exec.xargs|extdeps.external_authority|extdeps.filesystem.filesystem_io|extdeps.filesystem.linux|extdeps.filesystem.ntfs|extdeps.filesystem.posix|extdeps.firmware.kernel_cmdline|extdeps.firmware.uefi_http_boot|extdeps.firmware.uefi_shell|extdeps.fixture.external_authority_file_anchor|extdeps.formats.dnsmasq|extdeps.formats.elf.encode|extdeps.formats.elf.hello_static_witness|extdeps.formats.elf.primitives|extdeps.formats.elf.relocation|extdeps.formats.elf.sections|extdeps.formats.elf.segments|extdeps.formats.elf.types|extdeps.git|extdeps.git.hooks|extdeps.git.inspect|extdeps.git.object_store|extdeps.git.publication_transport|extdeps.git.versioning|extdeps.github.actions|extdeps.github.actions_environment|extdeps.github.actions_runner|extdeps.github.actions_token|extdeps.github.app|extdeps.github.auth|extdeps.github.checks|extdeps.github.checks_contracts|extdeps.github.ci|extdeps.github.ci_runner|extdeps.github.effect|extdeps.github.errors|extdeps.github.expressions|extdeps.github.gists|extdeps.github.github|extdeps.github.github_contracts|extdeps.github.hosted_runners|extdeps.github.issues|extdeps.github.log_annotations|extdeps.github.merge_state|extdeps.github.merge_state_contracts|extdeps.github.mergeable_state|extdeps.github.mergeable_state_contracts|extdeps.github.pulls|extdeps.github.pulls_contracts|extdeps.github.push_event|extdeps.github.workflow_run_event|extdeps.github.workflow_runs|extdeps.github.workflow_runs_contracts|extdeps.github.workflows|extdeps.gitignore|extdeps.gpu.apple|extdeps.gpu.machine_shape|extdeps.gpu.nvidia|extdeps.gpu.types|extdeps.gunbc|extdeps.hardware|extdeps.http.client|extdeps.http.server|extdeps.instrument.pip_boy_3000|extdeps.instrument.pip_boy_3000_mk_v|extdeps.jobserver|extdeps.languages.bash.subject|extdeps.languages.c.emit|extdeps.languages.c.subject|extdeps.languages.cpp.subject|extdeps.languages.css.properties|extdeps.languages.css.selectors|extdeps.languages.css.subject|extdeps.languages.css.values|extdeps.languages.dag.emit|extdeps.languages.dag.syntax|extdeps.languages.dag.types|extdeps.languages.ecmascript.subject|extdeps.languages.go.emit|extdeps.languages.go.module|extdeps.languages.go.primitives|extdeps.languages.go.subject|extdeps.languages.go.syntax|extdeps.languages.go.types|extdeps.languages.gpu.wgsl.kernel|extdeps.languages.html|extdeps.languages.html.subject|extdeps.languages.html_fragment|extdeps.languages.java.subject|extdeps.languages.json.emit|extdeps.languages.json.grammar|extdeps.languages.json.parse|extdeps.languages.json.subject|extdeps.languages.jsx.subject|extdeps.languages.kotlin.subject|extdeps.languages.lean.overflow|extdeps.languages.lean.subject|extdeps.languages.llvm_ir.subject|extdeps.languages.markdown|extdeps.languages.markdown.subject|extdeps.languages.ptx.subject|extdeps.languages.python.emit|extdeps.languages.python.primitives|extdeps.languages.python.subject|extdeps.languages.python.syntax|extdeps.languages.python.types|extdeps.languages.react_jsx|extdeps.languages.riscv.subject|extdeps.languages.rust.derive_contracts|extdeps.languages.rust.emit|extdeps.languages.rust.primitives|extdeps.languages.rust.subject|extdeps.languages.rust.syntax|extdeps.languages.rust.types|extdeps.languages.simd.kernel|extdeps.languages.spice.subject|extdeps.languages.swift.subject|extdeps.languages.typescript.emit|extdeps.languages.typescript.primitives|extdeps.languages.typescript.program|extdeps.languages.typescript.subject|extdeps.languages.typescript.syntax|extdeps.languages.typescript.types|extdeps.languages.verilog.subject|extdeps.languages.wasm.subject|extdeps.languages.yaml.emit|extdeps.languages.yaml.gha_workflow|extdeps.languages.yaml.ingest|extdeps.languages.yaml.subject|extdeps.languages.yaml.types|extdeps.linux.edac|extdeps.linux.proc_meminfo|extdeps.linux.proc_self_cgroup|extdeps.linux.procfs|extdeps.linux.rusage|extdeps.linux.usb_gadget|extdeps.llm.anthropic|extdeps.llm.anthropic_contracts|extdeps.llm.anthropic_errors|extdeps.llm.anthropic_rest|extdeps.llm.claude_agent_sdk_stream|extdeps.llm.claude_sdk|extdeps.llm.claude_setup_token_cli|extdeps.llm.cli|extdeps.llm.cli_lifecycle|extdeps.llm.codex_app_server|extdeps.llm.codex_auth|extdeps.llm.cursor_cli|extdeps.llm.cursor_sdk|extdeps.llm.cursor_sdk_errors|extdeps.llm.cursor_sdk_facts|extdeps.llm.cursor_stream|extdeps.llm.llm|extdeps.llm.llm_contracts|extdeps.llm.openai|extdeps.llm.openai_contracts|extdeps.llm.openai_errors|extdeps.llm.openai_rest|extdeps.memory|extdeps.memory.jedec|extdeps.memory.sk_hynix|extdeps.memory.types|extdeps.mercurial|extdeps.netplan.netplan|extdeps.network.address|extdeps.network.endpoint|extdeps.network.ipv4|extdeps.network.ipv6|extdeps.network.reach|extdeps.network.switch_types|extdeps.network.tp_link|extdeps.npm|extdeps.numeric.base16|extdeps.object_storage|extdeps.object_storage.content_addressed|extdeps.observability|extdeps.os|extdeps.os.debian|extdeps.os.macos|extdeps.os.ubuntu|extdeps.os.ubuntu_autoinstall|extdeps.os.windows|extdeps.package|extdeps.physics.bach_et_al_2013_double_slit|extdeps.physics.chapman_et_al_1995_atom_interferometer_which_path|extdeps.pijul|extdeps.pin|extdeps.posix.rusage|extdeps.posix.shell_command_language|extdeps.power.eaton_tripp_lite|extdeps.power.types|extdeps.pricing.aws_ec2|extdeps.pricing.billing_units|extdeps.pricing.github_actions|extdeps.pricing.gitlab_subscription|extdeps.pricing.hetzner_dedicated|extdeps.pricing.object_storage|extdeps.pricing.regional_compute|extdeps.pricing.ubicloud|extdeps.probes.provider_interface_acquisition|extdeps.process.gnu_bash_exit|extdeps.process.posix_exit|extdeps.project_schedule.cpm_pert|extdeps.provisioning.dhcp_client_arch|extdeps.provisioning.network_boot|extdeps.provisioning.ubuntu_install_media|extdeps.provisioning.ubuntu_install_media_fetch|extdeps.provisioning.ubuntu_seeded_install_media|extdeps.provisioning.ubuntu_seeded_install_media_remaster|extdeps.provisioning.ubuntu_seeded_install_media_toolchain|extdeps.python|extdeps.rack.navepoint|extdeps.rack.types|extdeps.realization.artifact_store_fs|extdeps.realization.cache_purity|extdeps.realization.compile_stage_memo|extdeps.realization.emit_on_demand_host|extdeps.realization.eval_memo|extdeps.realization.frame_boundary_simulated|extdeps.realization.hermetic_fixture|extdeps.realization.native_artifact_cache|extdeps.realization.parse_table_memo|extdeps.realization.reconcile_in_process|extdeps.realization.resolved_graph|extdeps.realization.v1_handler|extdeps.render.ansi|extdeps.render.glyph|extdeps.render.glyphs|extdeps.render.surface|extdeps.render.terminal|extdeps.render.terminal_capability|extdeps.render.tier_glyphs|extdeps.router.verizon_cr1000a|extdeps.runtime.abi.aapcs64|extdeps.runtime.abi.sysv_amd64|extdeps.runtime.api.darwin|extdeps.runtime.api.windows|extdeps.runtime.architecture.aarch64_linux|extdeps.runtime.architecture.x86_64_linux|extdeps.runtime.errno|extdeps.runtime.local|extdeps.runtime.syscalls.linux|extdeps.rust.std_process|extdeps.rustup|extdeps.sec.edgar|extdeps.sec.edgar_rest|extdeps.sec.facts|extdeps.sec.issuer.atlassian|extdeps.sec.issuer.atlassian_facts|extdeps.sec.issuer.chemed|extdeps.sec.issuer.chemed_facts|extdeps.sec.issuer.gitlab|extdeps.sec.issuer.gitlab_facts|extdeps.sec.issuer.microsoft|extdeps.sec.issuer.microsoft_facts|extdeps.sec.issuer.rollins|extdeps.sec.issuer.rollins_facts|extdeps.sec.operating_metrics|extdeps.sec.types|extdeps.sec.us_gaap|extdeps.securities|extdeps.shell|extdeps.shell.credentials|extdeps.shell.exec|extdeps.simulators.ngspice.subject|extdeps.sql.migration|extdeps.ssh|extdeps.ssh.password_session|extdeps.ssh.session|extdeps.standards.ieee_754_2019|extdeps.standards.rfc_8118|extdeps.standards.web_annotation|extdeps.storage.nbd|extdeps.storage.samsung|extdeps.storage.types|extdeps.storage.western_digital|extdeps.sudo.nopasswd_execute_probe|extdeps.sudo.nopasswd_execute_probe_check_op|extdeps.systemd|extdeps.systemd.oomd|extdeps.systemd.systemctl|extdeps.systemd.systemd_contracts|extdeps.systems.nvidia|extdeps.systems.nvidia_dgx_spark_pxe|extdeps.systems.nvidia_dgx_spark_setup|extdeps.systems.nvidia_fleet_lifecycle|extdeps.systems.types|extdeps.tailscale.acl|extdeps.tailscale.acl_api|extdeps.tailscale.serve|extdeps.tcgplayer.catalog|extdeps.tcgplayer.pricing|extdeps.tcgplayer.store|extdeps.tcgplayer.tcgplayer|extdeps.test.http_pilot|extdeps.time.rfc3339|extdeps.tmux|extdeps.toolchain.architecture_profile|extdeps.toolchain.types|extdeps.tools|extdeps.tools.busybox|extdeps.tools.curl|extdeps.tools.diffutils|extdeps.tools.free|extdeps.tools.gcloud|extdeps.tools.gnu_coreutils|extdeps.tools.grep|extdeps.tools.hostname|extdeps.tools.id|extdeps.tools.jq|extdeps.tools.nbdkit|extdeps.tools.node|extdeps.tools.npm|extdeps.tools.pin|extdeps.tools.rustfmt|extdeps.tools.sed|extdeps.tools.sha256sum|extdeps.tools.sha512sum|extdeps.tools.sleep|extdeps.tools.socat|extdeps.tools.wc|extdeps.tools.websocat|extdeps.tools.xorriso|extdeps.transports.fidelity|extdeps.transports.file|extdeps.transports.rest|extdeps.transports.shell|extdeps.transports.sql|extdeps.unicode.blocks|extdeps.unicode.display|extdeps.units.dimensionless|extdeps.units.iec_80000_13|extdeps.units.iso8601|extdeps.uri_path|extdeps.uri_validation|extdeps.uuid|extdeps.vendor|extdeps.vendor.alphabet|extdeps.vendor.amd|extdeps.vendor.ampere|extdeps.vendor.apple|extdeps.vendor.arm|extdeps.vendor.asrock_rack|extdeps.vendor.atlassian|extdeps.vendor.chemed|extdeps.vendor.dynatron|extdeps.vendor.eaton|extdeps.vendor.gitlab|extdeps.vendor.hubspot|extdeps.vendor.intel|extdeps.vendor.meta_platforms|extdeps.vendor.microsoft|extdeps.vendor.navepoint|extdeps.vendor.nvidia|extdeps.vendor.qualcomm|extdeps.vendor.rollins|extdeps.vendor.rosewill|extdeps.vendor.salesforce|extdeps.vendor.samsung|extdeps.vendor.sk_hynix|extdeps.vendor.the_wand_company|extdeps.vendor.tp_link|extdeps.vendor.verizon|extdeps.vendor.western_digital|extdeps.version|extdeps.version.pep440|extdeps.version.semver|extdeps.w3c.accelerometer|extdeps.w3c.device_orientation_and_motion|extdeps.w3c.generic_sensor|extdeps.web_audio	497	unobserved	unobserved	unobserved	ambiguous_candidates	undefined variable 'extdeps_external_authority_anchor'	1	per_module_convention_population
dag/test/claim/citation_cit1_witness_test.dag	extdeps_external_authority_anchor	value	extdeps.access.aws_iam|extdeps.access.posix|extdeps.access.posix_effective_principal|extdeps.access.posix_effective_principal_read_op|extdeps.access.rbac|extdeps.access.zanzibar|extdeps.accessibility.wcag_contrast|extdeps.accounting.budget|extdeps.advertising.google_ads|extdeps.advertising.meta_ads|extdeps.advertising.types|extdeps.apt|extdeps.assurance.claim_evidence|extdeps.astronomy.stellar_classification|extdeps.audit.cloudevents|extdeps.auth.jwt|extdeps.auth.oidc|extdeps.automation.playwright|extdeps.bmc|extdeps.bmc.access|extdeps.bmc.capability|extdeps.bmc.http|extdeps.bmc.ipmi|extdeps.bmc.openbmc|extdeps.bmc.openbmc_fan_control|extdeps.bmc.openbmc_operation|extdeps.bmc.openbmc_password_ssh_transport|extdeps.bmc.os_install_actuator_toolchain|extdeps.bmc.redfish|extdeps.bmc.serial_console|extdeps.bmc.types|extdeps.bmc.virtual_media|extdeps.bmc.webui.nbd_proxy|extdeps.bmc.webui.nbd_proxy_serve|extdeps.boards.asrock_rack|extdeps.boards.types|extdeps.boot.emit|extdeps.boot.framebuffer|extdeps.boot.freestanding_payload|extdeps.boot.freestanding_witness|extdeps.boot.linux_x86_boot|extdeps.bootloader.grub|extdeps.brew|extdeps.browser|extdeps.browser.chromium|extdeps.browser.google_chrome|extdeps.cache|extdeps.cache.buildbuddy|extdeps.cache.cargo|extdeps.cache.catalog_io|extdeps.cache.catalog_placement|extdeps.cache.github_actions|extdeps.cache.key_completeness|extdeps.cache.materialization|extdeps.cache.pin|extdeps.cache.rustup|extdeps.cache.sccache|extdeps.cache.types|extdeps.cargo|extdeps.cargo_build|extdeps.cargo_version|extdeps.chassis.rosewill|extdeps.chassis.types|extdeps.clock|extdeps.cloud.cloud|extdeps.cloud.gcp.auth_print_access_token|extdeps.cloud.gcp.errors|extdeps.cloud.gcp.gcp|extdeps.cloud.gcp.iam|extdeps.cloud.gcp.iam_admin|extdeps.cloud.gcp.secret_manager|extdeps.cloud.gcp.secret_ref|extdeps.cloud.gcp.serviceusage|extdeps.cloud.gcp.sts|extdeps.cloud.hetzner|extdeps.cloud.ubicloud|extdeps.cloud_init.cloud_init|extdeps.color.okabe_ito|extdeps.color.solarized|extdeps.color.srgb|extdeps.communication.fidelity_carriers|extdeps.communication.medium|extdeps.communication.numerical_fidelity|extdeps.container.docker_ce|extdeps.container.oci.ctrl_session_witness|extdeps.container.oci.descriptor|extdeps.container.oci.digest|extdeps.container.oci.image_config|extdeps.container.oci.linux|extdeps.container.oci.manifest|extdeps.container.oci.media_types|extdeps.container.oci.runtime_config|extdeps.container.oci.types|extdeps.cooling.dynatron|extdeps.cooling.types|extdeps.coverage|extdeps.cpu|extdeps.cpu.amd|extdeps.cpu.ampere|extdeps.cpu.machine_shape|extdeps.cpu.types|extdeps.crm.hubspot_lifecycle|extdeps.crm.salesforce_opportunity|extdeps.cron|extdeps.cron.schedule_model|extdeps.crypto.hash|extdeps.ctrl.gunbc_pin|extdeps.currency.currency|extdeps.darwin.rusage|extdeps.darwin.sysctl|extdeps.dhcp.v4|extdeps.dns.domain_name|extdeps.docker|extdeps.docker.container_inspect|extdeps.docker.container_inspect_contracts|extdeps.docker.container_stats|extdeps.docker.endpoint|extdeps.dpkg|extdeps.ebay.ebay|extdeps.ebay.ebay_contracts|extdeps.ebay.errors|extdeps.ebay.inventory|extdeps.ebay.oauth|extdeps.entropy|extdeps.exec.command|extdeps.exec.exec_arg_limit|extdeps.exec.xargs|extdeps.external_authority|extdeps.filesystem.filesystem_io|extdeps.filesystem.linux|extdeps.filesystem.ntfs|extdeps.filesystem.posix|extdeps.firmware.kernel_cmdline|extdeps.firmware.uefi_http_boot|extdeps.firmware.uefi_shell|extdeps.fixture.external_authority_file_anchor|extdeps.formats.dnsmasq|extdeps.formats.elf.encode|extdeps.formats.elf.hello_static_witness|extdeps.formats.elf.primitives|extdeps.formats.elf.relocation|extdeps.formats.elf.sections|extdeps.formats.elf.segments|extdeps.formats.elf.types|extdeps.git|extdeps.git.hooks|extdeps.git.inspect|extdeps.git.object_store|extdeps.git.publication_transport|extdeps.git.versioning|extdeps.github.actions|extdeps.github.actions_environment|extdeps.github.actions_runner|extdeps.github.actions_token|extdeps.github.app|extdeps.github.auth|extdeps.github.checks|extdeps.github.checks_contracts|extdeps.github.ci|extdeps.github.ci_runner|extdeps.github.effect|extdeps.github.errors|extdeps.github.expressions|extdeps.github.gists|extdeps.github.github|extdeps.github.github_contracts|extdeps.github.hosted_runners|extdeps.github.issues|extdeps.github.log_annotations|extdeps.github.merge_state|extdeps.github.merge_state_contracts|extdeps.github.mergeable_state|extdeps.github.mergeable_state_contracts|extdeps.github.pulls|extdeps.github.pulls_contracts|extdeps.github.push_event|extdeps.github.workflow_run_event|extdeps.github.workflow_runs|extdeps.github.workflow_runs_contracts|extdeps.github.workflows|extdeps.gitignore|extdeps.gpu.apple|extdeps.gpu.machine_shape|extdeps.gpu.nvidia|extdeps.gpu.types|extdeps.gunbc|extdeps.hardware|extdeps.http.client|extdeps.http.server|extdeps.instrument.pip_boy_3000|extdeps.instrument.pip_boy_3000_mk_v|extdeps.jobserver|extdeps.languages.bash.subject|extdeps.languages.c.emit|extdeps.languages.c.subject|extdeps.languages.cpp.subject|extdeps.languages.css.properties|extdeps.languages.css.selectors|extdeps.languages.css.subject|extdeps.languages.css.values|extdeps.languages.dag.emit|extdeps.languages.dag.syntax|extdeps.languages.dag.types|extdeps.languages.ecmascript.subject|extdeps.languages.go.emit|extdeps.languages.go.module|extdeps.languages.go.primitives|extdeps.languages.go.subject|extdeps.languages.go.syntax|extdeps.languages.go.types|extdeps.languages.gpu.wgsl.kernel|extdeps.languages.html|extdeps.languages.html.subject|extdeps.languages.html_fragment|extdeps.languages.java.subject|extdeps.languages.json.emit|extdeps.languages.json.grammar|extdeps.languages.json.parse|extdeps.languages.json.subject|extdeps.languages.jsx.subject|extdeps.languages.kotlin.subject|extdeps.languages.lean.overflow|extdeps.languages.lean.subject|extdeps.languages.llvm_ir.subject|extdeps.languages.markdown|extdeps.languages.markdown.subject|extdeps.languages.ptx.subject|extdeps.languages.python.emit|extdeps.languages.python.primitives|extdeps.languages.python.subject|extdeps.languages.python.syntax|extdeps.languages.python.types|extdeps.languages.react_jsx|extdeps.languages.riscv.subject|extdeps.languages.rust.derive_contracts|extdeps.languages.rust.emit|extdeps.languages.rust.primitives|extdeps.languages.rust.subject|extdeps.languages.rust.syntax|extdeps.languages.rust.types|extdeps.languages.simd.kernel|extdeps.languages.spice.subject|extdeps.languages.swift.subject|extdeps.languages.typescript.emit|extdeps.languages.typescript.primitives|extdeps.languages.typescript.program|extdeps.languages.typescript.subject|extdeps.languages.typescript.syntax|extdeps.languages.typescript.types|extdeps.languages.verilog.subject|extdeps.languages.wasm.subject|extdeps.languages.yaml.emit|extdeps.languages.yaml.gha_workflow|extdeps.languages.yaml.ingest|extdeps.languages.yaml.subject|extdeps.languages.yaml.types|extdeps.linux.edac|extdeps.linux.proc_meminfo|extdeps.linux.proc_self_cgroup|extdeps.linux.procfs|extdeps.linux.rusage|extdeps.linux.usb_gadget|extdeps.llm.anthropic|extdeps.llm.anthropic_contracts|extdeps.llm.anthropic_errors|extdeps.llm.anthropic_rest|extdeps.llm.claude_agent_sdk_stream|extdeps.llm.claude_sdk|extdeps.llm.claude_setup_token_cli|extdeps.llm.cli|extdeps.llm.cli_lifecycle|extdeps.llm.codex_app_server|extdeps.llm.codex_auth|extdeps.llm.cursor_cli|extdeps.llm.cursor_sdk|extdeps.llm.cursor_sdk_errors|extdeps.llm.cursor_sdk_facts|extdeps.llm.cursor_stream|extdeps.llm.llm|extdeps.llm.llm_contracts|extdeps.llm.openai|extdeps.llm.openai_contracts|extdeps.llm.openai_errors|extdeps.llm.openai_rest|extdeps.memory|extdeps.memory.jedec|extdeps.memory.sk_hynix|extdeps.memory.types|extdeps.mercurial|extdeps.netplan.netplan|extdeps.network.address|extdeps.network.endpoint|extdeps.network.ipv4|extdeps.network.ipv6|extdeps.network.reach|extdeps.network.switch_types|extdeps.network.tp_link|extdeps.npm|extdeps.numeric.base16|extdeps.object_storage|extdeps.object_storage.content_addressed|extdeps.observability|extdeps.os|extdeps.os.debian|extdeps.os.macos|extdeps.os.ubuntu|extdeps.os.ubuntu_autoinstall|extdeps.os.windows|extdeps.package|extdeps.physics.bach_et_al_2013_double_slit|extdeps.physics.chapman_et_al_1995_atom_interferometer_which_path|extdeps.pijul|extdeps.pin|extdeps.posix.rusage|extdeps.posix.shell_command_language|extdeps.power.eaton_tripp_lite|extdeps.power.types|extdeps.pricing.aws_ec2|extdeps.pricing.billing_units|extdeps.pricing.github_actions|extdeps.pricing.gitlab_subscription|extdeps.pricing.hetzner_dedicated|extdeps.pricing.object_storage|extdeps.pricing.regional_compute|extdeps.pricing.ubicloud|extdeps.probes.provider_interface_acquisition|extdeps.process.gnu_bash_exit|extdeps.process.posix_exit|extdeps.project_schedule.cpm_pert|extdeps.provisioning.dhcp_client_arch|extdeps.provisioning.network_boot|extdeps.provisioning.ubuntu_install_media|extdeps.provisioning.ubuntu_install_media_fetch|extdeps.provisioning.ubuntu_seeded_install_media|extdeps.provisioning.ubuntu_seeded_install_media_remaster|extdeps.provisioning.ubuntu_seeded_install_media_toolchain|extdeps.python|extdeps.rack.navepoint|extdeps.rack.types|extdeps.realization.artifact_store_fs|extdeps.realization.cache_purity|extdeps.realization.compile_stage_memo|extdeps.realization.emit_on_demand_host|extdeps.realization.eval_memo|extdeps.realization.frame_boundary_simulated|extdeps.realization.hermetic_fixture|extdeps.realization.native_artifact_cache|extdeps.realization.parse_table_memo|extdeps.realization.reconcile_in_process|extdeps.realization.resolved_graph|extdeps.realization.v1_handler|extdeps.render.ansi|extdeps.render.glyph|extdeps.render.glyphs|extdeps.render.surface|extdeps.render.terminal|extdeps.render.terminal_capability|extdeps.render.tier_glyphs|extdeps.router.verizon_cr1000a|extdeps.runtime.abi.aapcs64|extdeps.runtime.abi.sysv_amd64|extdeps.runtime.api.darwin|extdeps.runtime.api.windows|extdeps.runtime.architecture.aarch64_linux|extdeps.runtime.architecture.x86_64_linux|extdeps.runtime.errno|extdeps.runtime.local|extdeps.runtime.syscalls.linux|extdeps.rust.std_process|extdeps.rustup|extdeps.sec.edgar|extdeps.sec.edgar_rest|extdeps.sec.facts|extdeps.sec.issuer.atlassian|extdeps.sec.issuer.atlassian_facts|extdeps.sec.issuer.chemed|extdeps.sec.issuer.chemed_facts|extdeps.sec.issuer.gitlab|extdeps.sec.issuer.gitlab_facts|extdeps.sec.issuer.microsoft|extdeps.sec.issuer.microsoft_facts|extdeps.sec.issuer.rollins|extdeps.sec.issuer.rollins_facts|extdeps.sec.operating_metrics|extdeps.sec.types|extdeps.sec.us_gaap|extdeps.securities|extdeps.shell|extdeps.shell.credentials|extdeps.shell.exec|extdeps.simulators.ngspice.subject|extdeps.sql.migration|extdeps.ssh|extdeps.ssh.password_session|extdeps.ssh.session|extdeps.standards.ieee_754_2019|extdeps.standards.rfc_8118|extdeps.standards.web_annotation|extdeps.storage.nbd|extdeps.storage.samsung|extdeps.storage.types|extdeps.storage.western_digital|extdeps.sudo.nopasswd_execute_probe|extdeps.sudo.nopasswd_execute_probe_check_op|extdeps.systemd|extdeps.systemd.oomd|extdeps.systemd.systemctl|extdeps.systemd.systemd_contracts|extdeps.systems.nvidia|extdeps.systems.nvidia_dgx_spark_pxe|extdeps.systems.nvidia_dgx_spark_setup|extdeps.systems.nvidia_fleet_lifecycle|extdeps.systems.types|extdeps.tailscale.acl|extdeps.tailscale.acl_api|extdeps.tailscale.serve|extdeps.tcgplayer.catalog|extdeps.tcgplayer.pricing|extdeps.tcgplayer.store|extdeps.tcgplayer.tcgplayer|extdeps.test.http_pilot|extdeps.time.rfc3339|extdeps.tmux|extdeps.toolchain.architecture_profile|extdeps.toolchain.types|extdeps.tools|extdeps.tools.busybox|extdeps.tools.curl|extdeps.tools.diffutils|extdeps.tools.free|extdeps.tools.gcloud|extdeps.tools.gnu_coreutils|extdeps.tools.grep|extdeps.tools.hostname|extdeps.tools.id|extdeps.tools.jq|extdeps.tools.nbdkit|extdeps.tools.node|extdeps.tools.npm|extdeps.tools.pin|extdeps.tools.rustfmt|extdeps.tools.sed|extdeps.tools.sha256sum|extdeps.tools.sha512sum|extdeps.tools.sleep|extdeps.tools.socat|extdeps.tools.wc|extdeps.tools.websocat|extdeps.tools.xorriso|extdeps.transports.fidelity|extdeps.transports.file|extdeps.transports.rest|extdeps.transports.shell|extdeps.transports.sql|extdeps.unicode.blocks|extdeps.unicode.display|extdeps.units.dimensionless|extdeps.units.iec_80000_13|extdeps.units.iso8601|extdeps.uri_path|extdeps.uri_validation|extdeps.uuid|extdeps.vendor|extdeps.vendor.alphabet|extdeps.vendor.amd|extdeps.vendor.ampere|extdeps.vendor.apple|extdeps.vendor.arm|extdeps.vendor.asrock_rack|extdeps.vendor.atlassian|extdeps.vendor.chemed|extdeps.vendor.dynatron|extdeps.vendor.eaton|extdeps.vendor.gitlab|extdeps.vendor.hubspot|extdeps.vendor.intel|extdeps.vendor.meta_platforms|extdeps.vendor.microsoft|extdeps.vendor.navepoint|extdeps.vendor.nvidia|extdeps.vendor.qualcomm|extdeps.vendor.rollins|extdeps.vendor.rosewill|extdeps.vendor.salesforce|extdeps.vendor.samsung|extdeps.vendor.sk_hynix|extdeps.vendor.the_wand_company|extdeps.vendor.tp_link|extdeps.vendor.verizon|extdeps.vendor.western_digital|extdeps.version|extdeps.version.pep440|extdeps.version.semver|extdeps.w3c.accelerometer|extdeps.w3c.device_orientation_and_motion|extdeps.w3c.generic_sensor|extdeps.web_audio	497	unobserved	unobserved	unobserved	ambiguous_candidates	undefined variable 'extdeps_external_authority_anchor'	1	per_module_convention_population
dag/test/claim/claim_indexed_evidence_witness_test.dag	extdeps_external_authority_anchor	value	extdeps.access.aws_iam|extdeps.access.posix|extdeps.access.posix_effective_principal|extdeps.access.posix_effective_principal_read_op|extdeps.access.rbac|extdeps.access.zanzibar|extdeps.accessibility.wcag_contrast|extdeps.accounting.budget|extdeps.advertising.google_ads|extdeps.advertising.meta_ads|extdeps.advertising.types|extdeps.apt|extdeps.assurance.claim_evidence|extdeps.astronomy.stellar_classification|extdeps.audit.cloudevents|extdeps.auth.jwt|extdeps.auth.oidc|extdeps.automation.playwright|extdeps.bmc|extdeps.bmc.access|extdeps.bmc.capability|extdeps.bmc.http|extdeps.bmc.ipmi|extdeps.bmc.openbmc|extdeps.bmc.openbmc_fan_control|extdeps.bmc.openbmc_operation|extdeps.bmc.openbmc_password_ssh_transport|extdeps.bmc.os_install_actuator_toolchain|extdeps.bmc.redfish|extdeps.bmc.serial_console|extdeps.bmc.types|extdeps.bmc.virtual_media|extdeps.bmc.webui.nbd_proxy|extdeps.bmc.webui.nbd_proxy_serve|extdeps.boards.asrock_rack|extdeps.boards.types|extdeps.boot.emit|extdeps.boot.framebuffer|extdeps.boot.freestanding_payload|extdeps.boot.freestanding_witness|extdeps.boot.linux_x86_boot|extdeps.bootloader.grub|extdeps.brew|extdeps.browser|extdeps.browser.chromium|extdeps.browser.google_chrome|extdeps.cache|extdeps.cache.buildbuddy|extdeps.cache.cargo|extdeps.cache.catalog_io|extdeps.cache.catalog_placement|extdeps.cache.github_actions|extdeps.cache.key_completeness|extdeps.cache.materialization|extdeps.cache.pin|extdeps.cache.rustup|extdeps.cache.sccache|extdeps.cache.types|extdeps.cargo|extdeps.cargo_build|extdeps.cargo_version|extdeps.chassis.rosewill|extdeps.chassis.types|extdeps.clock|extdeps.cloud.cloud|extdeps.cloud.gcp.auth_print_access_token|extdeps.cloud.gcp.errors|extdeps.cloud.gcp.gcp|extdeps.cloud.gcp.iam|extdeps.cloud.gcp.iam_admin|extdeps.cloud.gcp.secret_manager|extdeps.cloud.gcp.secret_ref|extdeps.cloud.gcp.serviceusage|extdeps.cloud.gcp.sts|extdeps.cloud.hetzner|extdeps.cloud.ubicloud|extdeps.cloud_init.cloud_init|extdeps.color.okabe_ito|extdeps.color.solarized|extdeps.color.srgb|extdeps.communication.fidelity_carriers|extdeps.communication.medium|extdeps.communication.numerical_fidelity|extdeps.container.docker_ce|extdeps.container.oci.ctrl_session_witness|extdeps.container.oci.descriptor|extdeps.container.oci.digest|extdeps.container.oci.image_config|extdeps.container.oci.linux|extdeps.container.oci.manifest|extdeps.container.oci.media_types|extdeps.container.oci.runtime_config|extdeps.container.oci.types|extdeps.cooling.dynatron|extdeps.cooling.types|extdeps.coverage|extdeps.cpu|extdeps.cpu.amd|extdeps.cpu.ampere|extdeps.cpu.machine_shape|extdeps.cpu.types|extdeps.crm.hubspot_lifecycle|extdeps.crm.salesforce_opportunity|extdeps.cron|extdeps.cron.schedule_model|extdeps.crypto.hash|extdeps.ctrl.gunbc_pin|extdeps.currency.currency|extdeps.darwin.rusage|extdeps.darwin.sysctl|extdeps.dhcp.v4|extdeps.dns.domain_name|extdeps.docker|extdeps.docker.container_inspect|extdeps.docker.container_inspect_contracts|extdeps.docker.container_stats|extdeps.docker.endpoint|extdeps.dpkg|extdeps.ebay.ebay|extdeps.ebay.ebay_contracts|extdeps.ebay.errors|extdeps.ebay.inventory|extdeps.ebay.oauth|extdeps.entropy|extdeps.exec.command|extdeps.exec.exec_arg_limit|extdeps.exec.xargs|extdeps.external_authority|extdeps.filesystem.filesystem_io|extdeps.filesystem.linux|extdeps.filesystem.ntfs|extdeps.filesystem.posix|extdeps.firmware.kernel_cmdline|extdeps.firmware.uefi_http_boot|extdeps.firmware.uefi_shell|extdeps.fixture.external_authority_file_anchor|extdeps.formats.dnsmasq|extdeps.formats.elf.encode|extdeps.formats.elf.hello_static_witness|extdeps.formats.elf.primitives|extdeps.formats.elf.relocation|extdeps.formats.elf.sections|extdeps.formats.elf.segments|extdeps.formats.elf.types|extdeps.git|extdeps.git.hooks|extdeps.git.inspect|extdeps.git.object_store|extdeps.git.publication_transport|extdeps.git.versioning|extdeps.github.actions|extdeps.github.actions_environment|extdeps.github.actions_runner|extdeps.github.actions_token|extdeps.github.app|extdeps.github.auth|extdeps.github.checks|extdeps.github.checks_contracts|extdeps.github.ci|extdeps.github.ci_runner|extdeps.github.effect|extdeps.github.errors|extdeps.github.expressions|extdeps.github.gists|extdeps.github.github|extdeps.github.github_contracts|extdeps.github.hosted_runners|extdeps.github.issues|extdeps.github.log_annotations|extdeps.github.merge_state|extdeps.github.merge_state_contracts|extdeps.github.mergeable_state|extdeps.github.mergeable_state_contracts|extdeps.github.pulls|extdeps.github.pulls_contracts|extdeps.github.push_event|extdeps.github.workflow_run_event|extdeps.github.workflow_runs|extdeps.github.workflow_runs_contracts|extdeps.github.workflows|extdeps.gitignore|extdeps.gpu.apple|extdeps.gpu.machine_shape|extdeps.gpu.nvidia|extdeps.gpu.types|extdeps.gunbc|extdeps.hardware|extdeps.http.client|extdeps.http.server|extdeps.instrument.pip_boy_3000|extdeps.instrument.pip_boy_3000_mk_v|extdeps.jobserver|extdeps.languages.bash.subject|extdeps.languages.c.emit|extdeps.languages.c.subject|extdeps.languages.cpp.subject|extdeps.languages.css.properties|extdeps.languages.css.selectors|extdeps.languages.css.subject|extdeps.languages.css.values|extdeps.languages.dag.emit|extdeps.languages.dag.syntax|extdeps.languages.dag.types|extdeps.languages.ecmascript.subject|extdeps.languages.go.emit|extdeps.languages.go.module|extdeps.languages.go.primitives|extdeps.languages.go.subject|extdeps.languages.go.syntax|extdeps.languages.go.types|extdeps.languages.gpu.wgsl.kernel|extdeps.languages.html|extdeps.languages.html.subject|extdeps.languages.html_fragment|extdeps.languages.java.subject|extdeps.languages.json.emit|extdeps.languages.json.grammar|extdeps.languages.json.parse|extdeps.languages.json.subject|extdeps.languages.jsx.subject|extdeps.languages.kotlin.subject|extdeps.languages.lean.overflow|extdeps.languages.lean.subject|extdeps.languages.llvm_ir.subject|extdeps.languages.markdown|extdeps.languages.markdown.subject|extdeps.languages.ptx.subject|extdeps.languages.python.emit|extdeps.languages.python.primitives|extdeps.languages.python.subject|extdeps.languages.python.syntax|extdeps.languages.python.types|extdeps.languages.react_jsx|extdeps.languages.riscv.subject|extdeps.languages.rust.derive_contracts|extdeps.languages.rust.emit|extdeps.languages.rust.primitives|extdeps.languages.rust.subject|extdeps.languages.rust.syntax|extdeps.languages.rust.types|extdeps.languages.simd.kernel|extdeps.languages.spice.subject|extdeps.languages.swift.subject|extdeps.languages.typescript.emit|extdeps.languages.typescript.primitives|extdeps.languages.typescript.program|extdeps.languages.typescript.subject|extdeps.languages.typescript.syntax|extdeps.languages.typescript.types|extdeps.languages.verilog.subject|extdeps.languages.wasm.subject|extdeps.languages.yaml.emit|extdeps.languages.yaml.gha_workflow|extdeps.languages.yaml.ingest|extdeps.languages.yaml.subject|extdeps.languages.yaml.types|extdeps.linux.edac|extdeps.linux.proc_meminfo|extdeps.linux.proc_self_cgroup|extdeps.linux.procfs|extdeps.linux.rusage|extdeps.linux.usb_gadget|extdeps.llm.anthropic|extdeps.llm.anthropic_contracts|extdeps.llm.anthropic_errors|extdeps.llm.anthropic_rest|extdeps.llm.claude_agent_sdk_stream|extdeps.llm.claude_sdk|extdeps.llm.claude_setup_token_cli|extdeps.llm.cli|extdeps.llm.cli_lifecycle|extdeps.llm.codex_app_server|extdeps.llm.codex_auth|extdeps.llm.cursor_cli|extdeps.llm.cursor_sdk|extdeps.llm.cursor_sdk_errors|extdeps.llm.cursor_sdk_facts|extdeps.llm.cursor_stream|extdeps.llm.llm|extdeps.llm.llm_contracts|extdeps.llm.openai|extdeps.llm.openai_contracts|extdeps.llm.openai_errors|extdeps.llm.openai_rest|extdeps.memory|extdeps.memory.jedec|extdeps.memory.sk_hynix|extdeps.memory.types|extdeps.mercurial|extdeps.netplan.netplan|extdeps.network.address|extdeps.network.endpoint|extdeps.network.ipv4|extdeps.network.ipv6|extdeps.network.reach|extdeps.network.switch_types|extdeps.network.tp_link|extdeps.npm|extdeps.numeric.base16|extdeps.object_storage|extdeps.object_storage.content_addressed|extdeps.observability|extdeps.os|extdeps.os.debian|extdeps.os.macos|extdeps.os.ubuntu|extdeps.os.ubuntu_autoinstall|extdeps.os.windows|extdeps.package|extdeps.physics.bach_et_al_2013_double_slit|extdeps.physics.chapman_et_al_1995_atom_interferometer_which_path|extdeps.pijul|extdeps.pin|extdeps.posix.rusage|extdeps.posix.shell_command_language|extdeps.power.eaton_tripp_lite|extdeps.power.types|extdeps.pricing.aws_ec2|extdeps.pricing.billing_units|extdeps.pricing.github_actions|extdeps.pricing.gitlab_subscription|extdeps.pricing.hetzner_dedicated|extdeps.pricing.object_storage|extdeps.pricing.regional_compute|extdeps.pricing.ubicloud|extdeps.probes.provider_interface_acquisition|extdeps.process.gnu_bash_exit|extdeps.process.posix_exit|extdeps.project_schedule.cpm_pert|extdeps.provisioning.dhcp_client_arch|extdeps.provisioning.network_boot|extdeps.provisioning.ubuntu_install_media|extdeps.provisioning.ubuntu_install_media_fetch|extdeps.provisioning.ubuntu_seeded_install_media|extdeps.provisioning.ubuntu_seeded_install_media_remaster|extdeps.provisioning.ubuntu_seeded_install_media_toolchain|extdeps.python|extdeps.rack.navepoint|extdeps.rack.types|extdeps.realization.artifact_store_fs|extdeps.realization.cache_purity|extdeps.realization.compile_stage_memo|extdeps.realization.emit_on_demand_host|extdeps.realization.eval_memo|extdeps.realization.frame_boundary_simulated|extdeps.realization.hermetic_fixture|extdeps.realization.native_artifact_cache|extdeps.realization.parse_table_memo|extdeps.realization.reconcile_in_process|extdeps.realization.resolved_graph|extdeps.realization.v1_handler|extdeps.render.ansi|extdeps.render.glyph|extdeps.render.glyphs|extdeps.render.surface|extdeps.render.terminal|extdeps.render.terminal_capability|extdeps.render.tier_glyphs|extdeps.router.verizon_cr1000a|extdeps.runtime.abi.aapcs64|extdeps.runtime.abi.sysv_amd64|extdeps.runtime.api.darwin|extdeps.runtime.api.windows|extdeps.runtime.architecture.aarch64_linux|extdeps.runtime.architecture.x86_64_linux|extdeps.runtime.errno|extdeps.runtime.local|extdeps.runtime.syscalls.linux|extdeps.rust.std_process|extdeps.rustup|extdeps.sec.edgar|extdeps.sec.edgar_rest|extdeps.sec.facts|extdeps.sec.issuer.atlassian|extdeps.sec.issuer.atlassian_facts|extdeps.sec.issuer.chemed|extdeps.sec.issuer.chemed_facts|extdeps.sec.issuer.gitlab|extdeps.sec.issuer.gitlab_facts|extdeps.sec.issuer.microsoft|extdeps.sec.issuer.microsoft_facts|extdeps.sec.issuer.rollins|extdeps.sec.issuer.rollins_facts|extdeps.sec.operating_metrics|extdeps.sec.types|extdeps.sec.us_gaap|extdeps.securities|extdeps.shell|extdeps.shell.credentials|extdeps.shell.exec|extdeps.simulators.ngspice.subject|extdeps.sql.migration|extdeps.ssh|extdeps.ssh.password_session|extdeps.ssh.session|extdeps.standards.ieee_754_2019|extdeps.standards.rfc_8118|extdeps.standards.web_annotation|extdeps.storage.nbd|extdeps.storage.samsung|extdeps.storage.types|extdeps.storage.western_digital|extdeps.sudo.nopasswd_execute_probe|extdeps.sudo.nopasswd_execute_probe_check_op|extdeps.systemd|extdeps.systemd.oomd|extdeps.systemd.systemctl|extdeps.systemd.systemd_contracts|extdeps.systems.nvidia|extdeps.systems.nvidia_dgx_spark_pxe|extdeps.systems.nvidia_dgx_spark_setup|extdeps.systems.nvidia_fleet_lifecycle|extdeps.systems.types|extdeps.tailscale.acl|extdeps.tailscale.acl_api|extdeps.tailscale.serve|extdeps.tcgplayer.catalog|extdeps.tcgplayer.pricing|extdeps.tcgplayer.store|extdeps.tcgplayer.tcgplayer|extdeps.test.http_pilot|extdeps.time.rfc3339|extdeps.tmux|extdeps.toolchain.architecture_profile|extdeps.toolchain.types|extdeps.tools|extdeps.tools.busybox|extdeps.tools.curl|extdeps.tools.diffutils|extdeps.tools.free|extdeps.tools.gcloud|extdeps.tools.gnu_coreutils|extdeps.tools.grep|extdeps.tools.hostname|extdeps.tools.id|extdeps.tools.jq|extdeps.tools.nbdkit|extdeps.tools.node|extdeps.tools.npm|extdeps.tools.pin|extdeps.tools.rustfmt|extdeps.tools.sed|extdeps.tools.sha256sum|extdeps.tools.sha512sum|extdeps.tools.sleep|extdeps.tools.socat|extdeps.tools.wc|extdeps.tools.websocat|extdeps.tools.xorriso|extdeps.transports.fidelity|extdeps.transports.file|extdeps.transports.rest|extdeps.transports.shell|extdeps.transports.sql|extdeps.unicode.blocks|extdeps.unicode.display|extdeps.units.dimensionless|extdeps.units.iec_80000_13|extdeps.units.iso8601|extdeps.uri_path|extdeps.uri_validation|extdeps.uuid|extdeps.vendor|extdeps.vendor.alphabet|extdeps.vendor.amd|extdeps.vendor.ampere|extdeps.vendor.apple|extdeps.vendor.arm|extdeps.vendor.asrock_rack|extdeps.vendor.atlassian|extdeps.vendor.chemed|extdeps.vendor.dynatron|extdeps.vendor.eaton|extdeps.vendor.gitlab|extdeps.vendor.hubspot|extdeps.vendor.intel|extdeps.vendor.meta_platforms|extdeps.vendor.microsoft|extdeps.vendor.navepoint|extdeps.vendor.nvidia|extdeps.vendor.qualcomm|extdeps.vendor.rollins|extdeps.vendor.rosewill|extdeps.vendor.salesforce|extdeps.vendor.samsung|extdeps.vendor.sk_hynix|extdeps.vendor.the_wand_company|extdeps.vendor.tp_link|extdeps.vendor.verizon|extdeps.vendor.western_digital|extdeps.version|extdeps.version.pep440|extdeps.version.semver|extdeps.w3c.accelerometer|extdeps.w3c.device_orientation_and_motion|extdeps.w3c.generic_sensor|extdeps.web_audio	497	unobserved	unobserved	unobserved	ambiguous_candidates	undefined variable 'extdeps_external_authority_anchor'	0	per_module_convention_population
dag/test/claim/citation_cit1_witness_test.dag	extdeps_model_scope	value	extdeps.automation.playwright|extdeps.browser.chromium|extdeps.browser.google_chrome|extdeps.chassis.rosewill|extdeps.chassis.types|extdeps.container.oci.digest|extdeps.cooling.dynatron|extdeps.cooling.types|extdeps.darwin.rusage|extdeps.darwin.sysctl|extdeps.git.publication_transport|extdeps.github.actions_environment|extdeps.github.actions_runner|extdeps.github.actions_token|extdeps.github.app|extdeps.github.effect|extdeps.github.issues|extdeps.github.push_event|extdeps.github.workflow_run_event|extdeps.instrument.pip_boy_3000|extdeps.instrument.pip_boy_3000_mk_v|extdeps.languages.bash.subject|extdeps.languages.c.subject|extdeps.languages.cpp.subject|extdeps.languages.css.subject|extdeps.languages.ecmascript.subject|extdeps.languages.go.subject|extdeps.languages.html.subject|extdeps.languages.java.subject|extdeps.languages.json.subject|extdeps.languages.jsx.subject|extdeps.languages.kotlin.subject|extdeps.languages.lean.subject|extdeps.languages.llvm_ir.subject|extdeps.languages.markdown.subject|extdeps.languages.ptx.subject|extdeps.languages.python.subject|extdeps.languages.riscv.subject|extdeps.languages.rust.subject|extdeps.languages.spice.subject|extdeps.languages.swift.subject|extdeps.languages.typescript.subject|extdeps.languages.verilog.subject|extdeps.languages.wasm.subject|extdeps.languages.yaml.subject|extdeps.linux.proc_self_cgroup|extdeps.linux.procfs|extdeps.linux.rusage|extdeps.llm.claude_agent_sdk_stream|extdeps.llm.claude_sdk|extdeps.llm.claude_setup_token_cli|extdeps.llm.codex_app_server|extdeps.llm.cursor_sdk|extdeps.llm.cursor_sdk_errors|extdeps.llm.cursor_sdk_facts|extdeps.llm.cursor_stream|extdeps.network.switch_types|extdeps.network.tp_link|extdeps.npm|extdeps.os.debian|extdeps.package|extdeps.physics.bach_et_al_2013_double_slit|extdeps.physics.chapman_et_al_1995_atom_interferometer_which_path|extdeps.posix.rusage|extdeps.posix.shell_command_language|extdeps.power.eaton_tripp_lite|extdeps.power.types|extdeps.probes.provider_interface_acquisition|extdeps.rack.navepoint|extdeps.rack.types|extdeps.simulators.ngspice.subject|extdeps.standards.ieee_754_2019|extdeps.standards.rfc_8118|extdeps.standards.web_annotation|extdeps.systems.nvidia|extdeps.systems.nvidia_dgx_spark_pxe|extdeps.systems.nvidia_dgx_spark_setup|extdeps.systems.nvidia_fleet_lifecycle|extdeps.systems.types|extdeps.tools.node|extdeps.tools.npm|extdeps.tools.sha512sum|extdeps.tools.wc|extdeps.vendor.atlassian|extdeps.vendor.dynatron|extdeps.vendor.eaton|extdeps.vendor.microsoft|extdeps.vendor.navepoint|extdeps.vendor.rosewill|extdeps.vendor.the_wand_company|extdeps.vendor.tp_link|extdeps.w3c.accelerometer|extdeps.w3c.device_orientation_and_motion|extdeps.w3c.generic_sensor	94	unobserved	unobserved	unobserved	ambiguous_candidates	undefined variable 'extdeps_model_scope'	1	per_module_convention_population
dag/test/claim/citation_cit1_witness_test.dag	extdeps_model_scope	value	extdeps.automation.playwright|extdeps.browser.chromium|extdeps.browser.google_chrome|extdeps.chassis.rosewill|extdeps.chassis.types|extdeps.container.oci.digest|extdeps.cooling.dynatron|extdeps.cooling.types|extdeps.darwin.rusage|extdeps.darwin.sysctl|extdeps.git.publication_transport|extdeps.github.actions_environment|extdeps.github.actions_runner|extdeps.github.actions_token|extdeps.github.app|extdeps.github.effect|extdeps.github.issues|extdeps.github.push_event|extdeps.github.workflow_run_event|extdeps.instrument.pip_boy_3000|extdeps.instrument.pip_boy_3000_mk_v|extdeps.languages.bash.subject|extdeps.languages.c.subject|extdeps.languages.cpp.subject|extdeps.languages.css.subject|extdeps.languages.ecmascript.subject|extdeps.languages.go.subject|extdeps.languages.html.subject|extdeps.languages.java.subject|extdeps.languages.json.subject|extdeps.languages.jsx.subject|extdeps.languages.kotlin.subject|extdeps.languages.lean.subject|extdeps.languages.llvm_ir.subject|extdeps.languages.markdown.subject|extdeps.languages.ptx.subject|extdeps.languages.python.subject|extdeps.languages.riscv.subject|extdeps.languages.rust.subject|extdeps.languages.spice.subject|extdeps.languages.swift.subject|extdeps.languages.typescript.subject|extdeps.languages.verilog.subject|extdeps.languages.wasm.subject|extdeps.languages.yaml.subject|extdeps.linux.proc_self_cgroup|extdeps.linux.procfs|extdeps.linux.rusage|extdeps.llm.claude_agent_sdk_stream|extdeps.llm.claude_sdk|extdeps.llm.claude_setup_token_cli|extdeps.llm.codex_app_server|extdeps.llm.cursor_sdk|extdeps.llm.cursor_sdk_errors|extdeps.llm.cursor_sdk_facts|extdeps.llm.cursor_stream|extdeps.network.switch_types|extdeps.network.tp_link|extdeps.npm|extdeps.os.debian|extdeps.package|extdeps.physics.bach_et_al_2013_double_slit|extdeps.physics.chapman_et_al_1995_atom_interferometer_which_path|extdeps.posix.rusage|extdeps.posix.shell_command_language|extdeps.power.eaton_tripp_lite|extdeps.power.types|extdeps.probes.provider_interface_acquisition|extdeps.rack.navepoint|extdeps.rack.types|extdeps.simulators.ngspice.subject|extdeps.standards.ieee_754_2019|extdeps.standards.rfc_8118|extdeps.standards.web_annotation|extdeps.systems.nvidia|extdeps.systems.nvidia_dgx_spark_pxe|extdeps.systems.nvidia_dgx_spark_setup|extdeps.systems.nvidia_fleet_lifecycle|extdeps.systems.types|extdeps.tools.node|extdeps.tools.npm|extdeps.tools.sha512sum|extdeps.tools.wc|extdeps.vendor.atlassian|extdeps.vendor.dynatron|extdeps.vendor.eaton|extdeps.vendor.microsoft|extdeps.vendor.navepoint|extdeps.vendor.rosewill|extdeps.vendor.the_wand_company|extdeps.vendor.tp_link|extdeps.w3c.accelerometer|extdeps.w3c.device_orientation_and_motion|extdeps.w3c.generic_sensor	94	unobserved	unobserved	unobserved	ambiguous_candidates	undefined variable 'extdeps_model_scope'	1	per_module_convention_population
dag/gunbc/ci_workflow.dag	base	record_shape		0	unobserved	unobserved	unobserved	n/a	missing required field 'base' in literal of type 'PullRequest'	0	record_shape_cascade
dag/gunbc/ci_workflow.dag	created_at	record_shape		0	unobserved	unobserved	unobserved	n/a	missing required field 'created_at' in literal of type 'PullRequest'	0	record_shape_cascade
dag/gunbc/ci_workflow.dag	draft	record_shape		0	unobserved	unobserved	unobserved	n/a	missing required field 'draft' in literal of type 'PullRequest'	0	record_shape_cascade
dag/gunbc/ci_workflow.dag	head	record_shape		0	unobserved	unobserved	unobserved	n/a	missing required field 'head' in literal of type 'PullRequest'	0	record_shape_cascade
dag/gunbc/ci_workflow.dag	html_url	record_shape		0	unobserved	unobserved	unobserved	n/a	missing required field 'html_url' in literal of type 'PullRequest'	0	record_shape_cascade
dag/gunbc/ci_workflow.dag	number	record_shape		0	unobserved	unobserved	unobserved	n/a	missing required field 'number' in literal of type 'PullRequest'	0	record_shape_cascade
dag/gunbc/ci_workflow.dag	state	record_shape		0	unobserved	unobserved	unobserved	n/a	missing required field 'state' in literal of type 'PullRequest'	0	record_shape_cascade
dag/gunbc/ci_workflow.dag	title	record_shape		0	unobserved	unobserved	unobserved	n/a	missing required field 'title' in literal of type 'PullRequest'	0	record_shape_cascade
dag/gunbc/ci_workflow.dag	updated_at	record_shape		0	unobserved	unobserved	unobserved	n/a	missing required field 'updated_at' in literal of type 'PullRequest'	0	record_shape_cascade
dag/gunbc/ci_workflow.dag	user	record_shape		0	unobserved	unobserved	unobserved	n/a	missing required field 'user' in literal of type 'PullRequest'	0	record_shape_cascade
dag/gunbc/live_deploy/emit.dag	then	record_shape		0	unobserved	unobserved	unobserved	n/a	missing required field 'then' in literal of type 'If'	0	record_shape_cascade
dag/test/claim/host_effect_plan_witness_test.dag	then	record_shape		0	unobserved	unobserved	unobserved	n/a	missing required field 'then' in literal of type 'If'	0	record_shape_cascade
dag/gunbc/source_integration_landing_spine.dag	map	unnamed		0	unobserved	unobserved	unobserved	n/a	the declared frontier row for 'map' on receiver type 'Node(Optional)' no longer matches what this module contains: its declared occurrence count and the count observed here differ, and both numbers ar	1	unindexed_symbol_candidate
dag/gunbc/auth/access_token_source.dag	GoogleCloudInteractiveAuthenticationRequired	variant	gunbc.auth.access_token_source	1	unobserved	unobserved	unobserved	unresolved	variant 'GoogleCloudInteractiveAuthenticationRequired' not found in type 'GoogleCloudInteractiveAuthenticationRequired'	0	unique_decl_unresolved_mechanism_unobserved
dag/extdeps/access/posix_effective_principal.dag	trim	callee	std.algebra	1	unobserved	unobserved	unobserved	unresolved	function 'trim' not found in scope	0	unique_decl_unresolved_mechanism_unobserved
dag/extdeps/bmc/openbmc_fan_control.dag	trim	callee	std.algebra	1	unobserved	unobserved	unobserved	unresolved	function 'trim' not found in scope	32	unique_decl_unresolved_mechanism_unobserved
dag/extdeps/bmc/openbmc_fan_control.dag	trim	callee	std.algebra	1	unobserved	unobserved	unobserved	unresolved	function 'trim' not found in scope	32	unique_decl_unresolved_mechanism_unobserved
dag/extdeps/bmc/openbmc_fan_control.dag	trim	callee	std.algebra	1	unobserved	unobserved	unobserved	unresolved	function 'trim' not found in scope	32	unique_decl_unresolved_mechanism_unobserved
dag/extdeps/bmc/openbmc_fan_control.dag	trim	callee	std.algebra	1	unobserved	unobserved	unobserved	unresolved	function 'trim' not found in scope	32	unique_decl_unresolved_mechanism_unobserved
dag/extdeps/bmc/openbmc_fan_control.dag	trim	callee	std.algebra	1	unobserved	unobserved	unobserved	unresolved	function 'trim' not found in scope	32	unique_decl_unresolved_mechanism_unobserved
dag/extdeps/bmc/openbmc_fan_control.dag	trim	callee	std.algebra	1	unobserved	unobserved	unobserved	unresolved	function 'trim' not found in scope	32	unique_decl_unresolved_mechanism_unobserved
dag/extdeps/bmc/openbmc_fan_control.dag	trim	callee	std.algebra	1	unobserved	unobserved	unobserved	unresolved	function 'trim' not found in scope	32	unique_decl_unresolved_mechanism_unobserved
dag/extdeps/bmc/openbmc_fan_control.dag	trim	callee	std.algebra	1	unobserved	unobserved	unobserved	unresolved	function 'trim' not found in scope	32	unique_decl_unresolved_mechanism_unobserved
dag/extdeps/bmc/openbmc_fan_control.dag	trim	callee	std.algebra	1	unobserved	unobserved	unobserved	unresolved	function 'trim' not found in scope	32	unique_decl_unresolved_mechanism_unobserved
dag/extdeps/bmc/openbmc_fan_control.dag	trim	callee	std.algebra	1	unobserved	unobserved	unobserved	unresolved	function 'trim' not found in scope	32	unique_decl_unresolved_mechanism_unobserved
dag/extdeps/bmc/openbmc_fan_control.dag	trim	callee	std.algebra	1	unobserved	unobserved	unobserved	unresolved	function 'trim' not found in scope	32	unique_decl_unresolved_mechanism_unobserved
dag/extdeps/bmc/openbmc_fan_control.dag	trim	callee	std.algebra	1	unobserved	unobserved	unobserved	unresolved	function 'trim' not found in scope	32	unique_decl_unresolved_mechanism_unobserved
dag/extdeps/bmc/openbmc_fan_control.dag	trim	callee	std.algebra	1	unobserved	unobserved	unobserved	unresolved	function 'trim' not found in scope	32	unique_decl_unresolved_mechanism_unobserved
dag/extdeps/bmc/openbmc_fan_control.dag	trim	callee	std.algebra	1	unobserved	unobserved	unobserved	unresolved	function 'trim' not found in scope	32	unique_decl_unresolved_mechanism_unobserved
dag/extdeps/bmc/openbmc_fan_control.dag	trim	callee	std.algebra	1	unobserved	unobserved	unobserved	unresolved	function 'trim' not found in scope	32	unique_decl_unresolved_mechanism_unobserved
dag/extdeps/bmc/openbmc_fan_control.dag	trim	callee	std.algebra	1	unobserved	unobserved	unobserved	unresolved	function 'trim' not found in scope	32	unique_decl_unresolved_mechanism_unobserved
dag/extdeps/bmc/openbmc_fan_control.dag	trim	callee	std.algebra	1	unobserved	unobserved	unobserved	unresolved	function 'trim' not found in scope	32	unique_decl_unresolved_mechanism_unobserved
dag/extdeps/bmc/openbmc_fan_control.dag	trim	callee	std.algebra	1	unobserved	unobserved	unobserved	unresolved	function 'trim' not found in scope	32	unique_decl_unresolved_mechanism_unobserved
dag/extdeps/bmc/openbmc_fan_control.dag	trim	callee	std.algebra	1	unobserved	unobserved	unobserved	unresolved	function 'trim' not found in scope	32	unique_decl_unresolved_mechanism_unobserved
dag/extdeps/bmc/openbmc_fan_control.dag	trim	callee	std.algebra	1	unobserved	unobserved	unobserved	unresolved	function 'trim' not found in scope	32	unique_decl_unresolved_mechanism_unobserved
dag/extdeps/bmc/openbmc_fan_control.dag	trim	callee	std.algebra	1	unobserved	unobserved	unobserved	unresolved	function 'trim' not found in scope	32	unique_decl_unresolved_mechanism_unobserved
dag/extdeps/bmc/openbmc_fan_control.dag	trim	callee	std.algebra	1	unobserved	unobserved	unobserved	unresolved	function 'trim' not found in scope	32	unique_decl_unresolved_mechanism_unobserved
dag/extdeps/bmc/openbmc_fan_control.dag	trim	callee	std.algebra	1	unobserved	unobserved	unobserved	unresolved	function 'trim' not found in scope	32	unique_decl_unresolved_mechanism_unobserved
dag/extdeps/bmc/openbmc_fan_control.dag	trim	callee	std.algebra	1	unobserved	unobserved	unobserved	unresolved	function 'trim' not found in scope	32	unique_decl_unresolved_mechanism_unobserved
dag/extdeps/bmc/openbmc_fan_control.dag	trim	callee	std.algebra	1	unobserved	unobserved	unobserved	unresolved	function 'trim' not found in scope	32	unique_decl_unresolved_mechanism_unobserved
dag/extdeps/bmc/openbmc_fan_control.dag	trim	callee	std.algebra	1	unobserved	unobserved	unobserved	unresolved	function 'trim' not found in scope	32	unique_decl_unresolved_mechanism_unobserved
dag/extdeps/bmc/openbmc_fan_control.dag	trim	callee	std.algebra	1	unobserved	unobserved	unobserved	unresolved	function 'trim' not found in scope	32	unique_decl_unresolved_mechanism_unobserved
dag/extdeps/bmc/openbmc_fan_control.dag	trim	callee	std.algebra	1	unobserved	unobserved	unobserved	unresolved	function 'trim' not found in scope	32	unique_decl_unresolved_mechanism_unobserved
dag/extdeps/bmc/openbmc_fan_control.dag	trim	callee	std.algebra	1	unobserved	unobserved	unobserved	unresolved	function 'trim' not found in scope	32	unique_decl_unresolved_mechanism_unobserved
dag/extdeps/bmc/openbmc_fan_control.dag	trim	callee	std.algebra	1	unobserved	unobserved	unobserved	unresolved	function 'trim' not found in scope	32	unique_decl_unresolved_mechanism_unobserved
dag/extdeps/bmc/openbmc_fan_control.dag	trim	callee	std.algebra	1	unobserved	unobserved	unobserved	unresolved	function 'trim' not found in scope	32	unique_decl_unresolved_mechanism_unobserved
dag/extdeps/bmc/openbmc_fan_control.dag	trim	callee	std.algebra	1	unobserved	unobserved	unobserved	unresolved	function 'trim' not found in scope	32	unique_decl_unresolved_mechanism_unobserved
dag/extdeps/bmc/openbmc_fan_control.dag	trim	callee	std.algebra	1	unobserved	unobserved	unobserved	unresolved	function 'trim' not found in scope	32	unique_decl_unresolved_mechanism_unobserved
dag/extdeps/clock/clock.dag	trim	callee	std.algebra	1	unobserved	unobserved	unobserved	unresolved	function 'trim' not found in scope	0	unique_decl_unresolved_mechanism_unobserved
dag/extdeps/filesystem/linux.dag	trim	callee	std.algebra	1	unobserved	unobserved	unobserved	unresolved	function 'trim' not found in scope	5	unique_decl_unresolved_mechanism_unobserved
dag/extdeps/filesystem/linux.dag	trim	callee	std.algebra	1	unobserved	unobserved	unobserved	unresolved	function 'trim' not found in scope	5	unique_decl_unresolved_mechanism_unobserved
dag/extdeps/filesystem/linux.dag	trim	callee	std.algebra	1	unobserved	unobserved	unobserved	unresolved	function 'trim' not found in scope	5	unique_decl_unresolved_mechanism_unobserved
dag/extdeps/filesystem/linux.dag	trim	callee	std.algebra	1	unobserved	unobserved	unobserved	unresolved	function 'trim' not found in scope	5	unique_decl_unresolved_mechanism_unobserved
dag/extdeps/filesystem/linux.dag	trim	callee	std.algebra	1	unobserved	unobserved	unobserved	unresolved	function 'trim' not found in scope	5	unique_decl_unresolved_mechanism_unobserved
dag/extdeps/filesystem/linux.dag	trim	callee	std.algebra	1	unobserved	unobserved	unobserved	unresolved	function 'trim' not found in scope	5	unique_decl_unresolved_mechanism_unobserved
dag/extdeps/git/object_store.dag	trim	callee	std.algebra	1	unobserved	unobserved	unobserved	unresolved	function 'trim' not found in scope	0	unique_decl_unresolved_mechanism_unobserved
dag/extdeps/languages/html.dag	trim	callee	std.algebra	1	unobserved	unobserved	unobserved	unresolved	function 'trim' not found in scope	0	unique_decl_unresolved_mechanism_unobserved
dag/extdeps/linux/proc_self_cgroup.dag	trim	callee	std.algebra	1	unobserved	unobserved	unobserved	unresolved	function 'trim' not found in scope	2	unique_decl_unresolved_mechanism_unobserved
dag/extdeps/linux/proc_self_cgroup.dag	trim	callee	std.algebra	1	unobserved	unobserved	unobserved	unresolved	function 'trim' not found in scope	2	unique_decl_unresolved_mechanism_unobserved
dag/extdeps/linux/proc_self_cgroup.dag	trim	callee	std.algebra	1	unobserved	unobserved	unobserved	unresolved	function 'trim' not found in scope	2	unique_decl_unresolved_mechanism_unobserved
dag/extdeps/llm/claude_setup_token_cli.dag	trim	callee	std.algebra	1	unobserved	unobserved	unobserved	unresolved	function 'trim' not found in scope	4	unique_decl_unresolved_mechanism_unobserved
dag/extdeps/llm/claude_setup_token_cli.dag	trim	callee	std.algebra	1	unobserved	unobserved	unobserved	unresolved	function 'trim' not found in scope	4	unique_decl_unresolved_mechanism_unobserved
dag/extdeps/llm/claude_setup_token_cli.dag	trim	callee	std.algebra	1	unobserved	unobserved	unobserved	unresolved	function 'trim' not found in scope	4	unique_decl_unresolved_mechanism_unobserved
dag/extdeps/llm/claude_setup_token_cli.dag	trim	callee	std.algebra	1	unobserved	unobserved	unobserved	unresolved	function 'trim' not found in scope	4	unique_decl_unresolved_mechanism_unobserved
dag/extdeps/llm/claude_setup_token_cli.dag	trim	callee	std.algebra	1	unobserved	unobserved	unobserved	unresolved	function 'trim' not found in scope	4	unique_decl_unresolved_mechanism_unobserved
dag/extdeps/llm/cli.dag	trim	callee	std.algebra	1	unobserved	unobserved	unobserved	unresolved	function 'trim' not found in scope	0	unique_decl_unresolved_mechanism_unobserved
dag/extdeps/pijul.dag	trim	callee	std.algebra	1	unobserved	unobserved	unobserved	unresolved	function 'trim' not found in scope	1	unique_decl_unresolved_mechanism_unobserved
dag/extdeps/pijul.dag	trim	callee	std.algebra	1	unobserved	unobserved	unobserved	unresolved	function 'trim' not found in scope	1	unique_decl_unresolved_mechanism_unobserved
dag/extdeps/systemd/oomd.dag	trim	callee	std.algebra	1	unobserved	unobserved	unobserved	unresolved	function 'trim' not found in scope	0	unique_decl_unresolved_mechanism_unobserved
dag/extdeps/tmux/tmux.dag	trim	callee	std.algebra	1	unobserved	unobserved	unobserved	unresolved	function 'trim' not found in scope	5	unique_decl_unresolved_mechanism_unobserved
dag/extdeps/tmux/tmux.dag	trim	callee	std.algebra	1	unobserved	unobserved	unobserved	unresolved	function 'trim' not found in scope	5	unique_decl_unresolved_mechanism_unobserved
dag/extdeps/tmux/tmux.dag	trim	callee	std.algebra	1	unobserved	unobserved	unobserved	unresolved	function 'trim' not found in scope	5	unique_decl_unresolved_mechanism_unobserved
dag/extdeps/tmux/tmux.dag	trim	callee	std.algebra	1	unobserved	unobserved	unobserved	unresolved	function 'trim' not found in scope	5	unique_decl_unresolved_mechanism_unobserved
dag/extdeps/tmux/tmux.dag	trim	callee	std.algebra	1	unobserved	unobserved	unobserved	unresolved	function 'trim' not found in scope	5	unique_decl_unresolved_mechanism_unobserved
dag/extdeps/tmux/tmux.dag	trim	callee	std.algebra	1	unobserved	unobserved	unobserved	unresolved	function 'trim' not found in scope	5	unique_decl_unresolved_mechanism_unobserved
dag/extdeps/tools/sha512sum.dag	trim	callee	std.algebra	1	unobserved	unobserved	unobserved	unresolved	function 'trim' not found in scope	0	unique_decl_unresolved_mechanism_unobserved
dag/extdeps/tools/wc.dag	trim	callee	std.algebra	1	unobserved	unobserved	unobserved	unresolved	function 'trim' not found in scope	0	unique_decl_unresolved_mechanism_unobserved
dag/extdeps/uri.dag	trim	callee	std.algebra	1	unobserved	unobserved	unobserved	unresolved	function 'trim' not found in scope	0	unique_decl_unresolved_mechanism_unobserved
dag/gunbc/bmc_fan_converge.dag	trim	callee	std.algebra	1	unobserved	unobserved	unobserved	unresolved	function 'trim' not found in scope	5	unique_decl_unresolved_mechanism_unobserved
dag/gunbc/bmc_fan_converge.dag	trim	callee	std.algebra	1	unobserved	unobserved	unobserved	unresolved	function 'trim' not found in scope	5	unique_decl_unresolved_mechanism_unobserved
dag/gunbc/bmc_fan_converge.dag	trim	callee	std.algebra	1	unobserved	unobserved	unobserved	unresolved	function 'trim' not found in scope	5	unique_decl_unresolved_mechanism_unobserved
dag/gunbc/bmc_fan_converge.dag	trim	callee	std.algebra	1	unobserved	unobserved	unobserved	unresolved	function 'trim' not found in scope	5	unique_decl_unresolved_mechanism_unobserved
dag/gunbc/bmc_fan_converge.dag	trim	callee	std.algebra	1	unobserved	unobserved	unobserved	unresolved	function 'trim' not found in scope	5	unique_decl_unresolved_mechanism_unobserved
dag/gunbc/bmc_fan_converge.dag	trim	callee	std.algebra	1	unobserved	unobserved	unobserved	unresolved	function 'trim' not found in scope	5	unique_decl_unresolved_mechanism_unobserved
dag/gunbc/ci_deploy_access.dag	trim	callee	std.algebra	1	unobserved	unobserved	unobserved	unresolved	function 'trim' not found in scope	0	unique_decl_unresolved_mechanism_unobserved
dag/gunbc/ci_deploy_target_host.dag	trim	callee	std.algebra	1	unobserved	unobserved	unobserved	unresolved	function 'trim' not found in scope	0	unique_decl_unresolved_mechanism_unobserved
dag/gunbc/fleet_show_effective_read.dag	trim	callee	std.algebra	1	unobserved	unobserved	unobserved	unresolved	function 'trim' not found in scope	3	unique_decl_unresolved_mechanism_unobserved
dag/gunbc/fleet_show_effective_read.dag	trim	callee	std.algebra	1	unobserved	unobserved	unobserved	unresolved	function 'trim' not found in scope	3	unique_decl_unresolved_mechanism_unobserved
dag/gunbc/fleet_show_effective_read.dag	trim	callee	std.algebra	1	unobserved	unobserved	unobserved	unresolved	function 'trim' not found in scope	3	unique_decl_unresolved_mechanism_unobserved
dag/gunbc/fleet_show_effective_read.dag	trim	callee	std.algebra	1	unobserved	unobserved	unobserved	unresolved	function 'trim' not found in scope	3	unique_decl_unresolved_mechanism_unobserved
dag/gunbc/git_diff_change_window.dag	trim	callee	std.algebra	1	unobserved	unobserved	unobserved	unresolved	function 'trim' not found in scope	0	unique_decl_unresolved_mechanism_unobserved
dag/gunbc/host_effect_realize.dag	trim	callee	std.algebra	1	unobserved	unobserved	unobserved	unresolved	function 'trim' not found in scope	2	unique_decl_unresolved_mechanism_unobserved
dag/gunbc/host_effect_realize.dag	trim	callee	std.algebra	1	unobserved	unobserved	unobserved	unresolved	function 'trim' not found in scope	2	unique_decl_unresolved_mechanism_unobserved
dag/gunbc/host_effect_realize.dag	trim	callee	std.algebra	1	unobserved	unobserved	unobserved	unresolved	function 'trim' not found in scope	2	unique_decl_unresolved_mechanism_unobserved
dag/gunbc/host_identity_observation.dag	trim	callee	std.algebra	1	unobserved	unobserved	unobserved	unresolved	function 'trim' not found in scope	1	unique_decl_unresolved_mechanism_unobserved
dag/gunbc/host_identity_observation.dag	trim	callee	std.algebra	1	unobserved	unobserved	unobserved	unresolved	function 'trim' not found in scope	1	unique_decl_unresolved_mechanism_unobserved
dag/gunbc/hostname_read.dag	trim	callee	std.algebra	1	unobserved	unobserved	unobserved	unresolved	function 'trim' not found in scope	0	unique_decl_unresolved_mechanism_unobserved
dag/gunbc/legacy_test_inflow.dag	trim	callee	std.algebra	1	unobserved	unobserved	unobserved	unresolved	function 'trim' not found in scope	2	unique_decl_unresolved_mechanism_unobserved
dag/gunbc/legacy_test_inflow.dag	trim	callee	std.algebra	1	unobserved	unobserved	unobserved	unresolved	function 'trim' not found in scope	2	unique_decl_unresolved_mechanism_unobserved
dag/gunbc/legacy_test_inflow.dag	trim	callee	std.algebra	1	unobserved	unobserved	unobserved	unresolved	function 'trim' not found in scope	2	unique_decl_unresolved_mechanism_unobserved
dag/gunbc/merge_admission_produce.dag	trim	callee	std.algebra	1	unobserved	unobserved	unobserved	unresolved	function 'trim' not found in scope	0	unique_decl_unresolved_mechanism_unobserved
dag/gunbc/repo_local_git_config.dag	trim	callee	std.algebra	1	unobserved	unobserved	unobserved	unresolved	function 'trim' not found in scope	1	unique_decl_unresolved_mechanism_unobserved
dag/gunbc/repo_local_git_config.dag	trim	callee	std.algebra	1	unobserved	unobserved	unobserved	unresolved	function 'trim' not found in scope	1	unique_decl_unresolved_mechanism_unobserved
dag/gunbc/roadmap_acceptance_history_observation.dag	trim	callee	std.algebra	1	unobserved	unobserved	unobserved	unresolved	function 'trim' not found in scope	1	unique_decl_unresolved_mechanism_unobserved
dag/gunbc/roadmap_acceptance_history_observation.dag	trim	callee	std.algebra	1	unobserved	unobserved	unobserved	unresolved	function 'trim' not found in scope	1	unique_decl_unresolved_mechanism_unobserved
dag/gunbc/roadmap_belt_actuate.dag	trim	callee	std.algebra	1	unobserved	unobserved	unobserved	unresolved	function 'trim' not found in scope	15	unique_decl_unresolved_mechanism_unobserved
dag/gunbc/roadmap_belt_actuate.dag	trim	callee	std.algebra	1	unobserved	unobserved	unobserved	unresolved	function 'trim' not found in scope	15	unique_decl_unresolved_mechanism_unobserved
dag/gunbc/roadmap_belt_actuate.dag	trim	callee	std.algebra	1	unobserved	unobserved	unobserved	unresolved	function 'trim' not found in scope	15	unique_decl_unresolved_mechanism_unobserved
dag/gunbc/roadmap_belt_actuate.dag	trim	callee	std.algebra	1	unobserved	unobserved	unobserved	unresolved	function 'trim' not found in scope	15	unique_decl_unresolved_mechanism_unobserved
dag/gunbc/roadmap_belt_actuate.dag	trim	callee	std.algebra	1	unobserved	unobserved	unobserved	unresolved	function 'trim' not found in scope	15	unique_decl_unresolved_mechanism_unobserved
dag/gunbc/roadmap_belt_actuate.dag	trim	callee	std.algebra	1	unobserved	unobserved	unobserved	unresolved	function 'trim' not found in scope	15	unique_decl_unresolved_mechanism_unobserved
dag/gunbc/roadmap_belt_actuate.dag	trim	callee	std.algebra	1	unobserved	unobserved	unobserved	unresolved	function 'trim' not found in scope	15	unique_decl_unresolved_mechanism_unobserved
dag/gunbc/roadmap_belt_actuate.dag	trim	callee	std.algebra	1	unobserved	unobserved	unobserved	unresolved	function 'trim' not found in scope	15	unique_decl_unresolved_mechanism_unobserved
dag/gunbc/roadmap_belt_actuate.dag	trim	callee	std.algebra	1	unobserved	unobserved	unobserved	unresolved	function 'trim' not found in scope	15	unique_decl_unresolved_mechanism_unobserved
dag/gunbc/roadmap_belt_actuate.dag	trim	callee	std.algebra	1	unobserved	unobserved	unobserved	unresolved	function 'trim' not found in scope	15	unique_decl_unresolved_mechanism_unobserved
dag/gunbc/roadmap_belt_actuate.dag	trim	callee	std.algebra	1	unobserved	unobserved	unobserved	unresolved	function 'trim' not found in scope	15	unique_decl_unresolved_mechanism_unobserved
dag/gunbc/roadmap_belt_actuate.dag	trim	callee	std.algebra	1	unobserved	unobserved	unobserved	unresolved	function 'trim' not found in scope	15	unique_decl_unresolved_mechanism_unobserved
dag/gunbc/roadmap_belt_actuate.dag	trim	callee	std.algebra	1	unobserved	unobserved	unobserved	unresolved	function 'trim' not found in scope	15	unique_decl_unresolved_mechanism_unobserved
dag/gunbc/roadmap_belt_actuate.dag	trim	callee	std.algebra	1	unobserved	unobserved	unobserved	unresolved	function 'trim' not found in scope	15	unique_decl_unresolved_mechanism_unobserved
dag/gunbc/roadmap_belt_actuate.dag	trim	callee	std.algebra	1	unobserved	unobserved	unobserved	unresolved	function 'trim' not found in scope	15	unique_decl_unresolved_mechanism_unobserved
dag/gunbc/roadmap_belt_actuate.dag	trim	callee	std.algebra	1	unobserved	unobserved	unobserved	unresolved	function 'trim' not found in scope	15	unique_decl_unresolved_mechanism_unobserved
dag/gunbc/roadmap_dashboard_instance_apply.dag	trim	callee	std.algebra	1	unobserved	unobserved	unobserved	unresolved	function 'trim' not found in scope	33	unique_decl_unresolved_mechanism_unobserved
dag/gunbc/roadmap_dashboard_instance_apply.dag	trim	callee	std.algebra	1	unobserved	unobserved	unobserved	unresolved	function 'trim' not found in scope	33	unique_decl_unresolved_mechanism_unobserved
dag/gunbc/roadmap_dashboard_instance_apply.dag	trim	callee	std.algebra	1	unobserved	unobserved	unobserved	unresolved	function 'trim' not found in scope	33	unique_decl_unresolved_mechanism_unobserved
dag/gunbc/roadmap_dashboard_instance_apply.dag	trim	callee	std.algebra	1	unobserved	unobserved	unobserved	unresolved	function 'trim' not found in scope	33	unique_decl_unresolved_mechanism_unobserved
dag/gunbc/roadmap_dashboard_instance_apply.dag	trim	callee	std.algebra	1	unobserved	unobserved	unobserved	unresolved	function 'trim' not found in scope	33	unique_decl_unresolved_mechanism_unobserved
dag/gunbc/roadmap_dashboard_instance_apply.dag	trim	callee	std.algebra	1	unobserved	unobserved	unobserved	unresolved	function 'trim' not found in scope	33	unique_decl_unresolved_mechanism_unobserved
dag/gunbc/roadmap_dashboard_instance_apply.dag	trim	callee	std.algebra	1	unobserved	unobserved	unobserved	unresolved	function 'trim' not found in scope	33	unique_decl_unresolved_mechanism_unobserved
dag/gunbc/roadmap_dashboard_instance_apply.dag	trim	callee	std.algebra	1	unobserved	unobserved	unobserved	unresolved	function 'trim' not found in scope	33	unique_decl_unresolved_mechanism_unobserved
dag/gunbc/roadmap_dashboard_instance_apply.dag	trim	callee	std.algebra	1	unobserved	unobserved	unobserved	unresolved	function 'trim' not found in scope	33	unique_decl_unresolved_mechanism_unobserved
dag/gunbc/roadmap_dashboard_instance_apply.dag	trim	callee	std.algebra	1	unobserved	unobserved	unobserved	unresolved	function 'trim' not found in scope	33	unique_decl_unresolved_mechanism_unobserved
dag/gunbc/roadmap_dashboard_instance_apply.dag	trim	callee	std.algebra	1	unobserved	unobserved	unobserved	unresolved	function 'trim' not found in scope	33	unique_decl_unresolved_mechanism_unobserved
dag/gunbc/roadmap_dashboard_instance_apply.dag	trim	callee	std.algebra	1	unobserved	unobserved	unobserved	unresolved	function 'trim' not found in scope	33	unique_decl_unresolved_mechanism_unobserved
dag/gunbc/roadmap_dashboard_instance_apply.dag	trim	callee	std.algebra	1	unobserved	unobserved	unobserved	unresolved	function 'trim' not found in scope	33	unique_decl_unresolved_mechanism_unobserved
dag/gunbc/roadmap_dashboard_instance_apply.dag	trim	callee	std.algebra	1	unobserved	unobserved	unobserved	unresolved	function 'trim' not found in scope	33	unique_decl_unresolved_mechanism_unobserved
dag/gunbc/roadmap_dashboard_instance_apply.dag	trim	callee	std.algebra	1	unobserved	unobserved	unobserved	unresolved	function 'trim' not found in scope	33	unique_decl_unresolved_mechanism_unobserved
dag/gunbc/roadmap_dashboard_instance_apply.dag	trim	callee	std.algebra	1	unobserved	unobserved	unobserved	unresolved	function 'trim' not found in scope	33	unique_decl_unresolved_mechanism_unobserved
dag/gunbc/roadmap_dashboard_instance_apply.dag	trim	callee	std.algebra	1	unobserved	unobserved	unobserved	unresolved	function 'trim' not found in scope	33	unique_decl_unresolved_mechanism_unobserved
dag/gunbc/roadmap_dashboard_instance_apply.dag	trim	callee	std.algebra	1	unobserved	unobserved	unobserved	unresolved	function 'trim' not found in scope	33	unique_decl_unresolved_mechanism_unobserved
dag/gunbc/roadmap_dashboard_instance_apply.dag	trim	callee	std.algebra	1	unobserved	unobserved	unobserved	unresolved	function 'trim' not found in scope	33	unique_decl_unresolved_mechanism_unobserved
dag/gunbc/roadmap_dashboard_instance_apply.dag	trim	callee	std.algebra	1	unobserved	unobserved	unobserved	unresolved	function 'trim' not found in scope	33	unique_decl_unresolved_mechanism_unobserved
dag/gunbc/roadmap_dashboard_instance_apply.dag	trim	callee	std.algebra	1	unobserved	unobserved	unobserved	unresolved	function 'trim' not found in scope	33	unique_decl_unresolved_mechanism_unobserved
dag/gunbc/roadmap_dashboard_instance_apply.dag	trim	callee	std.algebra	1	unobserved	unobserved	unobserved	unresolved	function 'trim' not found in scope	33	unique_decl_unresolved_mechanism_unobserved
dag/gunbc/roadmap_dashboard_instance_apply.dag	trim	callee	std.algebra	1	unobserved	unobserved	unobserved	unresolved	function 'trim' not found in scope	33	unique_decl_unresolved_mechanism_unobserved
dag/gunbc/roadmap_dashboard_instance_apply.dag	trim	callee	std.algebra	1	unobserved	unobserved	unobserved	unresolved	function 'trim' not found in scope	33	unique_decl_unresolved_mechanism_unobserved
dag/gunbc/roadmap_dashboard_instance_apply.dag	trim	callee	std.algebra	1	unobserved	unobserved	unobserved	unresolved	function 'trim' not found in scope	33	unique_decl_unresolved_mechanism_unobserved
dag/gunbc/roadmap_dashboard_instance_apply.dag	trim	callee	std.algebra	1	unobserved	unobserved	unobserved	unresolved	function 'trim' not found in scope	33	unique_decl_unresolved_mechanism_unobserved
dag/gunbc/roadmap_dashboard_instance_apply.dag	trim	callee	std.algebra	1	unobserved	unobserved	unobserved	unresolved	function 'trim' not found in scope	33	unique_decl_unresolved_mechanism_unobserved
dag/gunbc/roadmap_dashboard_instance_apply.dag	trim	callee	std.algebra	1	unobserved	unobserved	unobserved	unresolved	function 'trim' not found in scope	33	unique_decl_unresolved_mechanism_unobserved
dag/gunbc/roadmap_dashboard_instance_apply.dag	trim	callee	std.algebra	1	unobserved	unobserved	unobserved	unresolved	function 'trim' not found in scope	33	unique_decl_unresolved_mechanism_unobserved
dag/gunbc/roadmap_dashboard_instance_apply.dag	trim	callee	std.algebra	1	unobserved	unobserved	unobserved	unresolved	function 'trim' not found in scope	33	unique_decl_unresolved_mechanism_unobserved
dag/gunbc/roadmap_dashboard_instance_apply.dag	trim	callee	std.algebra	1	unobserved	unobserved	unobserved	unresolved	function 'trim' not found in scope	33	unique_decl_unresolved_mechanism_unobserved
dag/gunbc/roadmap_dashboard_instance_apply.dag	trim	callee	std.algebra	1	unobserved	unobserved	unobserved	unresolved	function 'trim' not found in scope	33	unique_decl_unresolved_mechanism_unobserved
dag/gunbc/roadmap_dashboard_instance_apply.dag	trim	callee	std.algebra	1	unobserved	unobserved	unobserved	unresolved	function 'trim' not found in scope	33	unique_decl_unresolved_mechanism_unobserved
dag/gunbc/roadmap_dashboard_instance_apply.dag	trim	callee	std.algebra	1	unobserved	unobserved	unobserved	unresolved	function 'trim' not found in scope	33	unique_decl_unresolved_mechanism_unobserved
dag/gunbc/roadmap_provider_events.dag	trim	callee	std.algebra	1	unobserved	unobserved	unobserved	unresolved	function 'trim' not found in scope	0	unique_decl_unresolved_mechanism_unobserved
dag/gunbc/roadmap_publish.dag	trim	callee	std.algebra	1	unobserved	unobserved	unobserved	unresolved	function 'trim' not found in scope	0	unique_decl_unresolved_mechanism_unobserved
dag/gunbc/roadmap_verification_receipt.dag	trim	callee	std.algebra	1	unobserved	unobserved	unobserved	unresolved	function 'trim' not found in scope	0	unique_decl_unresolved_mechanism_unobserved
dag/gunbc/roadmap_verify.dag	trim	callee	std.algebra	1	unobserved	unobserved	unobserved	unresolved	function 'trim' not found in scope	1	unique_decl_unresolved_mechanism_unobserved
dag/gunbc/roadmap_verify.dag	trim	callee	std.algebra	1	unobserved	unobserved	unobserved	unresolved	function 'trim' not found in scope	1	unique_decl_unresolved_mechanism_unobserved
dag/gunbc/stage0_rust_host_observation.dag	trim	callee	std.algebra	1	unobserved	unobserved	unobserved	unresolved	function 'trim' not found in scope	0	unique_decl_unresolved_mechanism_unobserved
dag/gunbc/systemctl_list_units.dag	trim	callee	std.algebra	1	unobserved	unobserved	unobserved	unresolved	function 'trim' not found in scope	1	unique_decl_unresolved_mechanism_unobserved
dag/gunbc/systemctl_list_units.dag	trim	callee	std.algebra	1	unobserved	unobserved	unobserved	unresolved	function 'trim' not found in scope	1	unique_decl_unresolved_mechanism_unobserved
dag/gunbc/systemctl_show_read.dag	trim	callee	std.algebra	1	unobserved	unobserved	unobserved	unresolved	function 'trim' not found in scope	0	unique_decl_unresolved_mechanism_unobserved
dag/gunbc/systemctl_status_read.dag	trim	callee	std.algebra	1	unobserved	unobserved	unobserved	unresolved	function 'trim' not found in scope	0	unique_decl_unresolved_mechanism_unobserved
dag/test/claim/dissolution_census_a_projection_witness_test.dag	trim	callee	std.algebra	1	unobserved	unobserved	unobserved	unresolved	function 'trim' not found in scope	0	unique_decl_unresolved_mechanism_unobserved
dag/test/claim/effect_plan_bash_materialize_real_execution_witness_test.dag	trim	callee	std.algebra	1	unobserved	unobserved	unobserved	unresolved	function 'trim' not found in scope	1	unique_decl_unresolved_mechanism_unobserved
dag/test/claim/effect_plan_bash_materialize_real_execution_witness_test.dag	trim	callee	std.algebra	1	unobserved	unobserved	unobserved	unresolved	function 'trim' not found in scope	1	unique_decl_unresolved_mechanism_unobserved
dag/test/claim/proc_self_cgroup_real_execution_witness_test.dag	trim	callee	std.algebra	1	unobserved	unobserved	unobserved	unresolved	function 'trim' not found in scope	0	unique_decl_unresolved_mechanism_unobserved
dag/test/manual/git_upstream_model_execution_test.dag	trim	callee	std.algebra	1	unobserved	unobserved	unobserved	unresolved	function 'trim' not found in scope	37	unique_decl_unresolved_mechanism_unobserved
dag/test/manual/git_upstream_model_execution_test.dag	trim	callee	std.algebra	1	unobserved	unobserved	unobserved	unresolved	function 'trim' not found in scope	37	unique_decl_unresolved_mechanism_unobserved
dag/test/manual/git_upstream_model_execution_test.dag	trim	callee	std.algebra	1	unobserved	unobserved	unobserved	unresolved	function 'trim' not found in scope	37	unique_decl_unresolved_mechanism_unobserved
dag/test/manual/git_upstream_model_execution_test.dag	trim	callee	std.algebra	1	unobserved	unobserved	unobserved	unresolved	function 'trim' not found in scope	37	unique_decl_unresolved_mechanism_unobserved
dag/test/manual/git_upstream_model_execution_test.dag	trim	callee	std.algebra	1	unobserved	unobserved	unobserved	unresolved	function 'trim' not found in scope	37	unique_decl_unresolved_mechanism_unobserved
dag/test/manual/git_upstream_model_execution_test.dag	trim	callee	std.algebra	1	unobserved	unobserved	unobserved	unresolved	function 'trim' not found in scope	37	unique_decl_unresolved_mechanism_unobserved
dag/test/manual/git_upstream_model_execution_test.dag	trim	callee	std.algebra	1	unobserved	unobserved	unobserved	unresolved	function 'trim' not found in scope	37	unique_decl_unresolved_mechanism_unobserved
dag/test/manual/git_upstream_model_execution_test.dag	trim	callee	std.algebra	1	unobserved	unobserved	unobserved	unresolved	function 'trim' not found in scope	37	unique_decl_unresolved_mechanism_unobserved
dag/test/manual/git_upstream_model_execution_test.dag	trim	callee	std.algebra	1	unobserved	unobserved	unobserved	unresolved	function 'trim' not found in scope	37	unique_decl_unresolved_mechanism_unobserved
dag/test/manual/git_upstream_model_execution_test.dag	trim	callee	std.algebra	1	unobserved	unobserved	unobserved	unresolved	function 'trim' not found in scope	37	unique_decl_unresolved_mechanism_unobserved
dag/test/manual/git_upstream_model_execution_test.dag	trim	callee	std.algebra	1	unobserved	unobserved	unobserved	unresolved	function 'trim' not found in scope	37	unique_decl_unresolved_mechanism_unobserved
dag/test/manual/git_upstream_model_execution_test.dag	trim	callee	std.algebra	1	unobserved	unobserved	unobserved	unresolved	function 'trim' not found in scope	37	unique_decl_unresolved_mechanism_unobserved
dag/test/manual/git_upstream_model_execution_test.dag	trim	callee	std.algebra	1	unobserved	unobserved	unobserved	unresolved	function 'trim' not found in scope	37	unique_decl_unresolved_mechanism_unobserved
dag/test/manual/git_upstream_model_execution_test.dag	trim	callee	std.algebra	1	unobserved	unobserved	unobserved	unresolved	function 'trim' not found in scope	37	unique_decl_unresolved_mechanism_unobserved
dag/test/manual/git_upstream_model_execution_test.dag	trim	callee	std.algebra	1	unobserved	unobserved	unobserved	unresolved	function 'trim' not found in scope	37	unique_decl_unresolved_mechanism_unobserved
dag/test/manual/git_upstream_model_execution_test.dag	trim	callee	std.algebra	1	unobserved	unobserved	unobserved	unresolved	function 'trim' not found in scope	37	unique_decl_unresolved_mechanism_unobserved
dag/test/manual/git_upstream_model_execution_test.dag	trim	callee	std.algebra	1	unobserved	unobserved	unobserved	unresolved	function 'trim' not found in scope	37	unique_decl_unresolved_mechanism_unobserved
dag/test/manual/git_upstream_model_execution_test.dag	trim	callee	std.algebra	1	unobserved	unobserved	unobserved	unresolved	function 'trim' not found in scope	37	unique_decl_unresolved_mechanism_unobserved
dag/test/manual/git_upstream_model_execution_test.dag	trim	callee	std.algebra	1	unobserved	unobserved	unobserved	unresolved	function 'trim' not found in scope	37	unique_decl_unresolved_mechanism_unobserved
dag/test/manual/git_upstream_model_execution_test.dag	trim	callee	std.algebra	1	unobserved	unobserved	unobserved	unresolved	function 'trim' not found in scope	37	unique_decl_unresolved_mechanism_unobserved
dag/test/manual/git_upstream_model_execution_test.dag	trim	callee	std.algebra	1	unobserved	unobserved	unobserved	unresolved	function 'trim' not found in scope	37	unique_decl_unresolved_mechanism_unobserved
dag/test/manual/git_upstream_model_execution_test.dag	trim	callee	std.algebra	1	unobserved	unobserved	unobserved	unresolved	function 'trim' not found in scope	37	unique_decl_unresolved_mechanism_unobserved
dag/test/manual/git_upstream_model_execution_test.dag	trim	callee	std.algebra	1	unobserved	unobserved	unobserved	unresolved	function 'trim' not found in scope	37	unique_decl_unresolved_mechanism_unobserved
dag/test/manual/git_upstream_model_execution_test.dag	trim	callee	std.algebra	1	unobserved	unobserved	unobserved	unresolved	function 'trim' not found in scope	37	unique_decl_unresolved_mechanism_unobserved
dag/test/manual/git_upstream_model_execution_test.dag	trim	callee	std.algebra	1	unobserved	unobserved	unobserved	unresolved	function 'trim' not found in scope	37	unique_decl_unresolved_mechanism_unobserved
dag/test/manual/git_upstream_model_execution_test.dag	trim	callee	std.algebra	1	unobserved	unobserved	unobserved	unresolved	function 'trim' not found in scope	37	unique_decl_unresolved_mechanism_unobserved
dag/test/manual/git_upstream_model_execution_test.dag	trim	callee	std.algebra	1	unobserved	unobserved	unobserved	unresolved	function 'trim' not found in scope	37	unique_decl_unresolved_mechanism_unobserved
dag/test/manual/git_upstream_model_execution_test.dag	trim	callee	std.algebra	1	unobserved	unobserved	unobserved	unresolved	function 'trim' not found in scope	37	unique_decl_unresolved_mechanism_unobserved
dag/test/manual/git_upstream_model_execution_test.dag	trim	callee	std.algebra	1	unobserved	unobserved	unobserved	unresolved	function 'trim' not found in scope	37	unique_decl_unresolved_mechanism_unobserved
dag/test/manual/git_upstream_model_execution_test.dag	trim	callee	std.algebra	1	unobserved	unobserved	unobserved	unresolved	function 'trim' not found in scope	37	unique_decl_unresolved_mechanism_unobserved
dag/test/manual/git_upstream_model_execution_test.dag	trim	callee	std.algebra	1	unobserved	unobserved	unobserved	unresolved	function 'trim' not found in scope	37	unique_decl_unresolved_mechanism_unobserved
dag/test/manual/git_upstream_model_execution_test.dag	trim	callee	std.algebra	1	unobserved	unobserved	unobserved	unresolved	function 'trim' not found in scope	37	unique_decl_unresolved_mechanism_unobserved
dag/test/manual/git_upstream_model_execution_test.dag	trim	callee	std.algebra	1	unobserved	unobserved	unobserved	unresolved	function 'trim' not found in scope	37	unique_decl_unresolved_mechanism_unobserved
dag/test/manual/git_upstream_model_execution_test.dag	trim	callee	std.algebra	1	unobserved	unobserved	unobserved	unresolved	function 'trim' not found in scope	37	unique_decl_unresolved_mechanism_unobserved
dag/test/manual/git_upstream_model_execution_test.dag	trim	callee	std.algebra	1	unobserved	unobserved	unobserved	unresolved	function 'trim' not found in scope	37	unique_decl_unresolved_mechanism_unobserved
dag/test/manual/git_upstream_model_execution_test.dag	trim	callee	std.algebra	1	unobserved	unobserved	unobserved	unresolved	function 'trim' not found in scope	37	unique_decl_unresolved_mechanism_unobserved
dag/test/manual/git_upstream_model_execution_test.dag	trim	callee	std.algebra	1	unobserved	unobserved	unobserved	unresolved	function 'trim' not found in scope	37	unique_decl_unresolved_mechanism_unobserved
dag/test/manual/git_upstream_model_execution_test.dag	trim	callee	std.algebra	1	unobserved	unobserved	unobserved	unresolved	function 'trim' not found in scope	37	unique_decl_unresolved_mechanism_unobserved
dag/test/manual/mercurial_upstream_model_execution_test.dag	trim	callee	std.algebra	1	unobserved	unobserved	unobserved	unresolved	function 'trim' not found in scope	29	unique_decl_unresolved_mechanism_unobserved
dag/test/manual/mercurial_upstream_model_execution_test.dag	trim	callee	std.algebra	1	unobserved	unobserved	unobserved	unresolved	function 'trim' not found in scope	29	unique_decl_unresolved_mechanism_unobserved
dag/test/manual/mercurial_upstream_model_execution_test.dag	trim	callee	std.algebra	1	unobserved	unobserved	unobserved	unresolved	function 'trim' not found in scope	29	unique_decl_unresolved_mechanism_unobserved
dag/test/manual/mercurial_upstream_model_execution_test.dag	trim	callee	std.algebra	1	unobserved	unobserved	unobserved	unresolved	function 'trim' not found in scope	29	unique_decl_unresolved_mechanism_unobserved
dag/test/manual/mercurial_upstream_model_execution_test.dag	trim	callee	std.algebra	1	unobserved	unobserved	unobserved	unresolved	function 'trim' not found in scope	29	unique_decl_unresolved_mechanism_unobserved
dag/test/manual/mercurial_upstream_model_execution_test.dag	trim	callee	std.algebra	1	unobserved	unobserved	unobserved	unresolved	function 'trim' not found in scope	29	unique_decl_unresolved_mechanism_unobserved
dag/test/manual/mercurial_upstream_model_execution_test.dag	trim	callee	std.algebra	1	unobserved	unobserved	unobserved	unresolved	function 'trim' not found in scope	29	unique_decl_unresolved_mechanism_unobserved
dag/test/manual/mercurial_upstream_model_execution_test.dag	trim	callee	std.algebra	1	unobserved	unobserved	unobserved	unresolved	function 'trim' not found in scope	29	unique_decl_unresolved_mechanism_unobserved
dag/test/manual/mercurial_upstream_model_execution_test.dag	trim	callee	std.algebra	1	unobserved	unobserved	unobserved	unresolved	function 'trim' not found in scope	29	unique_decl_unresolved_mechanism_unobserved
dag/test/manual/mercurial_upstream_model_execution_test.dag	trim	callee	std.algebra	1	unobserved	unobserved	unobserved	unresolved	function 'trim' not found in scope	29	unique_decl_unresolved_mechanism_unobserved
dag/test/manual/mercurial_upstream_model_execution_test.dag	trim	callee	std.algebra	1	unobserved	unobserved	unobserved	unresolved	function 'trim' not found in scope	29	unique_decl_unresolved_mechanism_unobserved
dag/test/manual/mercurial_upstream_model_execution_test.dag	trim	callee	std.algebra	1	unobserved	unobserved	unobserved	unresolved	function 'trim' not found in scope	29	unique_decl_unresolved_mechanism_unobserved
dag/test/manual/mercurial_upstream_model_execution_test.dag	trim	callee	std.algebra	1	unobserved	unobserved	unobserved	unresolved	function 'trim' not found in scope	29	unique_decl_unresolved_mechanism_unobserved
dag/test/manual/mercurial_upstream_model_execution_test.dag	trim	callee	std.algebra	1	unobserved	unobserved	unobserved	unresolved	function 'trim' not found in scope	29	unique_decl_unresolved_mechanism_unobserved
dag/test/manual/mercurial_upstream_model_execution_test.dag	trim	callee	std.algebra	1	unobserved	unobserved	unobserved	unresolved	function 'trim' not found in scope	29	unique_decl_unresolved_mechanism_unobserved
dag/test/manual/mercurial_upstream_model_execution_test.dag	trim	callee	std.algebra	1	unobserved	unobserved	unobserved	unresolved	function 'trim' not found in scope	29	unique_decl_unresolved_mechanism_unobserved
dag/test/manual/mercurial_upstream_model_execution_test.dag	trim	callee	std.algebra	1	unobserved	unobserved	unobserved	unresolved	function 'trim' not found in scope	29	unique_decl_unresolved_mechanism_unobserved
dag/test/manual/mercurial_upstream_model_execution_test.dag	trim	callee	std.algebra	1	unobserved	unobserved	unobserved	unresolved	function 'trim' not found in scope	29	unique_decl_unresolved_mechanism_unobserved
dag/test/manual/mercurial_upstream_model_execution_test.dag	trim	callee	std.algebra	1	unobserved	unobserved	unobserved	unresolved	function 'trim' not found in scope	29	unique_decl_unresolved_mechanism_unobserved
dag/test/manual/mercurial_upstream_model_execution_test.dag	trim	callee	std.algebra	1	unobserved	unobserved	unobserved	unresolved	function 'trim' not found in scope	29	unique_decl_unresolved_mechanism_unobserved
dag/test/manual/mercurial_upstream_model_execution_test.dag	trim	callee	std.algebra	1	unobserved	unobserved	unobserved	unresolved	function 'trim' not found in scope	29	unique_decl_unresolved_mechanism_unobserved
dag/test/manual/mercurial_upstream_model_execution_test.dag	trim	callee	std.algebra	1	unobserved	unobserved	unobserved	unresolved	function 'trim' not found in scope	29	unique_decl_unresolved_mechanism_unobserved
dag/test/manual/mercurial_upstream_model_execution_test.dag	trim	callee	std.algebra	1	unobserved	unobserved	unobserved	unresolved	function 'trim' not found in scope	29	unique_decl_unresolved_mechanism_unobserved
dag/test/manual/mercurial_upstream_model_execution_test.dag	trim	callee	std.algebra	1	unobserved	unobserved	unobserved	unresolved	function 'trim' not found in scope	29	unique_decl_unresolved_mechanism_unobserved
dag/test/manual/mercurial_upstream_model_execution_test.dag	trim	callee	std.algebra	1	unobserved	unobserved	unobserved	unresolved	function 'trim' not found in scope	29	unique_decl_unresolved_mechanism_unobserved
dag/test/manual/mercurial_upstream_model_execution_test.dag	trim	callee	std.algebra	1	unobserved	unobserved	unobserved	unresolved	function 'trim' not found in scope	29	unique_decl_unresolved_mechanism_unobserved
dag/test/manual/mercurial_upstream_model_execution_test.dag	trim	callee	std.algebra	1	unobserved	unobserved	unobserved	unresolved	function 'trim' not found in scope	29	unique_decl_unresolved_mechanism_unobserved
dag/test/manual/mercurial_upstream_model_execution_test.dag	trim	callee	std.algebra	1	unobserved	unobserved	unobserved	unresolved	function 'trim' not found in scope	29	unique_decl_unresolved_mechanism_unobserved
dag/test/manual/mercurial_upstream_model_execution_test.dag	trim	callee	std.algebra	1	unobserved	unobserved	unobserved	unresolved	function 'trim' not found in scope	29	unique_decl_unresolved_mechanism_unobserved
dag/test/manual/mercurial_upstream_model_execution_test.dag	trim	callee	std.algebra	1	unobserved	unobserved	unobserved	unresolved	function 'trim' not found in scope	29	unique_decl_unresolved_mechanism_unobserved
dag/test/manual/pijul_upstream_model_execution_test.dag	trim	callee	std.algebra	1	unobserved	unobserved	unobserved	unresolved	function 'trim' not found in scope	17	unique_decl_unresolved_mechanism_unobserved
dag/test/manual/pijul_upstream_model_execution_test.dag	trim	callee	std.algebra	1	unobserved	unobserved	unobserved	unresolved	function 'trim' not found in scope	17	unique_decl_unresolved_mechanism_unobserved
dag/test/manual/pijul_upstream_model_execution_test.dag	trim	callee	std.algebra	1	unobserved	unobserved	unobserved	unresolved	function 'trim' not found in scope	17	unique_decl_unresolved_mechanism_unobserved
dag/test/manual/pijul_upstream_model_execution_test.dag	trim	callee	std.algebra	1	unobserved	unobserved	unobserved	unresolved	function 'trim' not found in scope	17	unique_decl_unresolved_mechanism_unobserved
dag/test/manual/pijul_upstream_model_execution_test.dag	trim	callee	std.algebra	1	unobserved	unobserved	unobserved	unresolved	function 'trim' not found in scope	17	unique_decl_unresolved_mechanism_unobserved
dag/test/manual/pijul_upstream_model_execution_test.dag	trim	callee	std.algebra	1	unobserved	unobserved	unobserved	unresolved	function 'trim' not found in scope	17	unique_decl_unresolved_mechanism_unobserved
dag/test/manual/pijul_upstream_model_execution_test.dag	trim	callee	std.algebra	1	unobserved	unobserved	unobserved	unresolved	function 'trim' not found in scope	17	unique_decl_unresolved_mechanism_unobserved
dag/test/manual/pijul_upstream_model_execution_test.dag	trim	callee	std.algebra	1	unobserved	unobserved	unobserved	unresolved	function 'trim' not found in scope	17	unique_decl_unresolved_mechanism_unobserved
dag/test/manual/pijul_upstream_model_execution_test.dag	trim	callee	std.algebra	1	unobserved	unobserved	unobserved	unresolved	function 'trim' not found in scope	17	unique_decl_unresolved_mechanism_unobserved
dag/test/manual/pijul_upstream_model_execution_test.dag	trim	callee	std.algebra	1	unobserved	unobserved	unobserved	unresolved	function 'trim' not found in scope	17	unique_decl_unresolved_mechanism_unobserved
dag/test/manual/pijul_upstream_model_execution_test.dag	trim	callee	std.algebra	1	unobserved	unobserved	unobserved	unresolved	function 'trim' not found in scope	17	unique_decl_unresolved_mechanism_unobserved
dag/test/manual/pijul_upstream_model_execution_test.dag	trim	callee	std.algebra	1	unobserved	unobserved	unobserved	unresolved	function 'trim' not found in scope	17	unique_decl_unresolved_mechanism_unobserved
dag/test/manual/pijul_upstream_model_execution_test.dag	trim	callee	std.algebra	1	unobserved	unobserved	unobserved	unresolved	function 'trim' not found in scope	17	unique_decl_unresolved_mechanism_unobserved
dag/test/manual/pijul_upstream_model_execution_test.dag	trim	callee	std.algebra	1	unobserved	unobserved	unobserved	unresolved	function 'trim' not found in scope	17	unique_decl_unresolved_mechanism_unobserved
dag/test/manual/pijul_upstream_model_execution_test.dag	trim	callee	std.algebra	1	unobserved	unobserved	unobserved	unresolved	function 'trim' not found in scope	17	unique_decl_unresolved_mechanism_unobserved
dag/test/manual/pijul_upstream_model_execution_test.dag	trim	callee	std.algebra	1	unobserved	unobserved	unobserved	unresolved	function 'trim' not found in scope	17	unique_decl_unresolved_mechanism_unobserved
dag/test/manual/pijul_upstream_model_execution_test.dag	trim	callee	std.algebra	1	unobserved	unobserved	unobserved	unresolved	function 'trim' not found in scope	17	unique_decl_unresolved_mechanism_unobserved
dag/test/manual/pijul_upstream_model_execution_test.dag	trim	callee	std.algebra	1	unobserved	unobserved	unobserved	unresolved	function 'trim' not found in scope	17	unique_decl_unresolved_mechanism_unobserved
dag/tools/ci_heal_dispatch.dag	trim	callee	std.algebra	1	unobserved	unobserved	unobserved	unresolved	function 'trim' not found in scope	1	unique_decl_unresolved_mechanism_unobserved
dag/tools/ci_heal_dispatch.dag	trim	callee	std.algebra	1	unobserved	unobserved	unobserved	unresolved	function 'trim' not found in scope	1	unique_decl_unresolved_mechanism_unobserved
dag/tools/merge_admission_capture.dag	trim	callee	std.algebra	1	unobserved	unobserved	unobserved	unresolved	function 'trim' not found in scope	1	unique_decl_unresolved_mechanism_unobserved
dag/tools/merge_admission_capture.dag	trim	callee	std.algebra	1	unobserved	unobserved	unobserved	unresolved	function 'trim' not found in scope	1	unique_decl_unresolved_mechanism_unobserved
dag/tools/merge_admission_current_context.dag	trim	callee	std.algebra	1	unobserved	unobserved	unobserved	unresolved	function 'trim' not found in scope	0	unique_decl_unresolved_mechanism_unobserved
dag/test/claim/floor_discovery_hand_rust_equivalence_witness_test.dag	OwnedDataDeclRecord	type	v2.compiler.discovery_enumeration	1	unobserved	unobserved	unobserved	unresolved	unresolved type 'OwnedDataDeclRecord'	3	unique_decl_unresolved_mechanism_unobserved
dag/test/claim/floor_discovery_hand_rust_equivalence_witness_test.dag	OwnedDataDeclRecord	type	v2.compiler.discovery_enumeration	1	unobserved	unobserved	unobserved	unresolved	unresolved type 'OwnedDataDeclRecord'	3	unique_decl_unresolved_mechanism_unobserved
dag/test/claim/floor_discovery_hand_rust_equivalence_witness_test.dag	OwnedDataDeclRecord	type	v2.compiler.discovery_enumeration	1	unobserved	unobserved	unobserved	unresolved	unresolved type 'OwnedDataDeclRecord'	3	unique_decl_unresolved_mechanism_unobserved
dag/test/claim/floor_discovery_hand_rust_equivalence_witness_test.dag	OwnedDataDeclRecord	type	v2.compiler.discovery_enumeration	1	unobserved	unobserved	unobserved	unresolved	unresolved type 'OwnedDataDeclRecord'	3	unique_decl_unresolved_mechanism_unobserved
dag/tools/emit_host_transport.dag	emit_host_octets_byte_string	callee	v2.compiler.emit_host	1	unobserved	unobserved	unobserved	unresolved	function 'emit_host_octets_byte_string' not found in scope	1	unique_decl_unresolved_mechanism_unobserved
dag/tools/emit_host_transport.dag	emit_host_octets_byte_string	callee	v2.compiler.emit_host	1	unobserved	unobserved	unobserved	unresolved	function 'emit_host_octets_byte_string' not found in scope	1	unique_decl_unresolved_mechanism_unobserved
dag/tools/emit_host_transport.dag	run_emit_host	callee	v2.compiler.emit_host	1	unobserved	unobserved	unobserved	unresolved	function 'run_emit_host' not found in scope	0	unique_decl_unresolved_mechanism_unobserved
dag/tools/emit_host_transport.dag	run_host_process	callee	v2.compiler.emit_host	1	unobserved	unobserved	unobserved	unresolved	function 'run_host_process' not found in scope	0	unique_decl_unresolved_mechanism_unobserved
dag/tools/emit_host_transport.dag	runtime_value_parse	callee	v2.compiler.emit_host	1	unobserved	unobserved	unobserved	unresolved	function 'runtime_value_parse' not found in scope	1	unique_decl_unresolved_mechanism_unobserved
dag/tools/emit_host_transport.dag	runtime_value_parse	callee	v2.compiler.emit_host	1	unobserved	unobserved	unobserved	unresolved	function 'runtime_value_parse' not found in scope	1	unique_decl_unresolved_mechanism_unobserved
dag/gunbc/assimilate/bmc_token_federation.dag	orch_emit_pipeline	callee	v2.compiler.emit_orchestration	1	unobserved	unobserved	unobserved	unresolved	function 'orch_emit_pipeline' not found in scope	0	unique_decl_unresolved_mechanism_unobserved
dag/gunbc/live_deploy/emit.dag	orch_emit_pipeline	callee	v2.compiler.emit_orchestration	1	unobserved	unobserved	unobserved	unresolved	function 'orch_emit_pipeline' not found in scope	0	unique_decl_unresolved_mechanism_unobserved
dag/test/claim/orchestration_if_emit_test.dag	orch_emit_step	callee	v2.compiler.emit_orchestration	1	unobserved	unobserved	unobserved	unresolved	function 'orch_emit_step' not found in scope	6	unique_decl_unresolved_mechanism_unobserved
dag/test/claim/orchestration_if_emit_test.dag	orch_emit_step	callee	v2.compiler.emit_orchestration	1	unobserved	unobserved	unobserved	unresolved	function 'orch_emit_step' not found in scope	6	unique_decl_unresolved_mechanism_unobserved
dag/test/claim/orchestration_if_emit_test.dag	orch_emit_step	callee	v2.compiler.emit_orchestration	1	unobserved	unobserved	unobserved	unresolved	function 'orch_emit_step' not found in scope	6	unique_decl_unresolved_mechanism_unobserved
dag/test/claim/orchestration_if_emit_test.dag	orch_emit_step	callee	v2.compiler.emit_orchestration	1	unobserved	unobserved	unobserved	unresolved	function 'orch_emit_step' not found in scope	6	unique_decl_unresolved_mechanism_unobserved
dag/test/claim/orchestration_if_emit_test.dag	orch_emit_step	callee	v2.compiler.emit_orchestration	1	unobserved	unobserved	unobserved	unresolved	function 'orch_emit_step' not found in scope	6	unique_decl_unresolved_mechanism_unobserved
dag/test/claim/orchestration_if_emit_test.dag	orch_emit_step	callee	v2.compiler.emit_orchestration	1	unobserved	unobserved	unobserved	unresolved	function 'orch_emit_step' not found in scope	6	unique_decl_unresolved_mechanism_unobserved
dag/test/claim/orchestration_if_emit_test.dag	orch_emit_step	callee	v2.compiler.emit_orchestration	1	unobserved	unobserved	unobserved	unresolved	function 'orch_emit_step' not found in scope	6	unique_decl_unresolved_mechanism_unobserved
dag/tools/emit_host_transport.dag	inputs_root_only	callee	v2.compiler.eval	1	unobserved	unobserved	unobserved	unresolved	function 'inputs_root_only' not found in scope	0	unique_decl_unresolved_mechanism_unobserved
dag/test/claim/host_run_boundary_admission_witness_test.dag	HostRunBoundaryAdmission	type	v2.compiler.host_run_boundary_admission	1	unobserved	unobserved	unobserved	unresolved	unresolved type 'HostRunBoundaryAdmission'	1	unique_decl_unresolved_mechanism_unobserved
dag/test/claim/host_run_boundary_admission_witness_test.dag	HostRunBoundaryAdmission	type	v2.compiler.host_run_boundary_admission	1	unobserved	unobserved	unobserved	unresolved	unresolved type 'HostRunBoundaryAdmission'	1	unique_decl_unresolved_mechanism_unobserved
dag/test/claim/host_run_boundary_admission_witness_test.dag	host_run_boundary_is_admitted	callee	v2.compiler.host_run_boundary_admission	1	unobserved	unobserved	unobserved	unresolved	function 'host_run_boundary_is_admitted' not found in scope	0	unique_decl_unresolved_mechanism_unobserved
dag/test/claim/host_run_boundary_admission_witness_test.dag	host_run_network_boundary_admits	callee	v2.compiler.host_run_boundary_admission	1	unobserved	unobserved	unobserved	unresolved	function 'host_run_network_boundary_admits' not found in scope	2	unique_decl_unresolved_mechanism_unobserved
dag/test/claim/host_run_boundary_admission_witness_test.dag	host_run_network_boundary_admits	callee	v2.compiler.host_run_boundary_admission	1	unobserved	unobserved	unobserved	unresolved	function 'host_run_network_boundary_admits' not found in scope	2	unique_decl_unresolved_mechanism_unobserved
dag/test/claim/host_run_boundary_admission_witness_test.dag	host_run_network_boundary_admits	callee	v2.compiler.host_run_boundary_admission	1	unobserved	unobserved	unobserved	unresolved	function 'host_run_network_boundary_admits' not found in scope	2	unique_decl_unresolved_mechanism_unobserved
dag/tools/direct_rust_door_transport.dag	direct_rust_door_inferred_tree	value	v2.compiler.self_host.direct_rust_door_fixture	1	unobserved	unobserved	unobserved	unresolved	undefined variable 'direct_rust_door_inferred_tree'	0	unique_decl_unresolved_mechanism_unobserved
dag/tools/direct_rust_door_transport.dag	direct_rust_door_module_path	value	v2.compiler.self_host.direct_rust_door_fixture	1	unobserved	unobserved	unobserved	unresolved	undefined variable 'direct_rust_door_module_path'	0	unique_decl_unresolved_mechanism_unobserved
dag/tools/direct_rust_door_transport.dag	direct_rust_door_target_model	callee	v2.compiler.self_host.direct_rust_door_fixture	1	unobserved	unobserved	unobserved	unresolved	function 'direct_rust_door_target_model' not found in scope	0	unique_decl_unresolved_mechanism_unobserved
dag/tools/direct_rust_door_transport.dag	advance_written_synthetic_emitted_artifact_cargo_green	callee	v2.compiler.self_host.fixture_synthetic_emission	1	unobserved	unobserved	unobserved	unresolved	function 'advance_written_synthetic_emitted_artifact_cargo_green' not found in scope	0	unique_decl_unresolved_mechanism_unobserved
dag/tools/direct_rust_door_transport.dag	mint_written_synthetic_emitted_artifact_from_fixture_inferred	callee	v2.compiler.self_host.fixture_synthetic_emission	1	unobserved	unobserved	unobserved	unresolved	function 'mint_written_synthetic_emitted_artifact_from_fixture_inferred' not found in scope	0	unique_decl_unresolved_mechanism_unobserved
dag/tools/direct_rust_door_transport.dag	written_synthetic_emitted_artifact_has_fixture_cargo_green_qualification	callee	v2.compiler.self_host.fixture_synthetic_emission	1	unobserved	unobserved	unobserved	unresolved	function 'written_synthetic_emitted_artifact_has_fixture_cargo_green_qualification' not found in scope	0	unique_decl_unresolved_mechanism_unobserved
dag/tools/direct_rust_door_transport.dag	written_synthetic_emitted_artifact_ok	callee	v2.compiler.self_host.fixture_synthetic_emission	1	unobserved	unobserved	unobserved	unresolved	function 'written_synthetic_emitted_artifact_ok' not found in scope	1	unique_decl_unresolved_mechanism_unobserved
dag/tools/direct_rust_door_transport.dag	written_synthetic_emitted_artifact_ok	callee	v2.compiler.self_host.fixture_synthetic_emission	1	unobserved	unobserved	unobserved	unresolved	function 'written_synthetic_emitted_artifact_ok' not found in scope	1	unique_decl_unresolved_mechanism_unobserved
dag/gunbc/stage0_crate_layout_emit.dag	emit_hand_maintained_pub_mod_block	callee	v2.compiler.self_host.frontier	1	unobserved	unobserved	unobserved	unresolved	function 'emit_hand_maintained_pub_mod_block' not found in scope	0	unique_decl_unresolved_mechanism_unobserved
dag/gunbc/stage0_crate_layout_emit.dag	hand_maintained_pub_mod_basenames	callee	v2.compiler.self_host.frontier	1	unobserved	unobserved	unobserved	unresolved	function 'hand_maintained_pub_mod_basenames' not found in scope	0	unique_decl_unresolved_mechanism_unobserved
dag/gunbc/stage0_crate_layout_emit.dag	hand_maintained_stage0_dirs	callee	v2.compiler.self_host.frontier	1	unobserved	unobserved	unobserved	unresolved	function 'hand_maintained_stage0_dirs' not found in scope	1	unique_decl_unresolved_mechanism_unobserved
dag/gunbc/stage0_crate_layout_emit.dag	hand_maintained_stage0_dirs	callee	v2.compiler.self_host.frontier	1	unobserved	unobserved	unobserved	unresolved	function 'hand_maintained_stage0_dirs' not found in scope	1	unique_decl_unresolved_mechanism_unobserved
dag/gunbc/stage0_crate_layout_emit.dag	hand_maintained_stage0_filenames	callee	v2.compiler.self_host.frontier	1	unobserved	unobserved	unobserved	unresolved	function 'hand_maintained_stage0_filenames' not found in scope	1	unique_decl_unresolved_mechanism_unobserved
dag/gunbc/stage0_crate_layout_emit.dag	hand_maintained_stage0_filenames	callee	v2.compiler.self_host.frontier	1	unobserved	unobserved	unobserved	unresolved	function 'hand_maintained_stage0_filenames' not found in scope	1	unique_decl_unresolved_mechanism_unobserved
dag/gunbc/stage0_rust_source_lifecycle_scaffold.dag	hand_maintained_stage0_filenames	callee	v2.compiler.self_host.frontier	1	unobserved	unobserved	unobserved	unresolved	function 'hand_maintained_stage0_filenames' not found in scope	0	unique_decl_unresolved_mechanism_unobserved
dag/test/claim/self_host_module_behavioral_transport_roster_test.dag	compiler_frontier_roster	value	v2.compiler.self_host.frontier	1	unobserved	unobserved	unobserved	unresolved	undefined variable 'compiler_frontier_roster'	0	unique_decl_unresolved_mechanism_unobserved
dag/test/claim/stage0_crate_layout_witness_test.dag	compiler_frontier_emitter_produced_count	callee	v2.compiler.self_host.frontier	1	unobserved	unobserved	unobserved	unresolved	function 'compiler_frontier_emitter_produced_count' not found in scope	1	unique_decl_unresolved_mechanism_unobserved
dag/test/claim/stage0_crate_layout_witness_test.dag	compiler_frontier_emitter_produced_count	callee	v2.compiler.self_host.frontier	1	unobserved	unobserved	unobserved	unresolved	function 'compiler_frontier_emitter_produced_count' not found in scope	1	unique_decl_unresolved_mechanism_unobserved
dag/test/claim/stage0_crate_layout_witness_test.dag	compiler_frontier_emitter_produced_stage0_mod_basenames	callee	v2.compiler.self_host.frontier	1	unobserved	unobserved	unobserved	unresolved	function 'compiler_frontier_emitter_produced_stage0_mod_basenames' not found in scope	0	unique_decl_unresolved_mechanism_unobserved
dag/test/claim/stage0_crate_layout_witness_test.dag	hand_maintained_stage0_dirs	callee	v2.compiler.self_host.frontier	1	unobserved	unobserved	unobserved	unresolved	function 'hand_maintained_stage0_dirs' not found in scope	1	unique_decl_unresolved_mechanism_unobserved
dag/test/claim/stage0_crate_layout_witness_test.dag	hand_maintained_stage0_dirs	callee	v2.compiler.self_host.frontier	1	unobserved	unobserved	unobserved	unresolved	function 'hand_maintained_stage0_dirs' not found in scope	1	unique_decl_unresolved_mechanism_unobserved
dag/test/claim/stage0_crate_layout_witness_test.dag	hand_maintained_stage0_filenames	callee	v2.compiler.self_host.frontier	1	unobserved	unobserved	unobserved	unresolved	function 'hand_maintained_stage0_filenames' not found in scope	1	unique_decl_unresolved_mechanism_unobserved
dag/test/claim/stage0_crate_layout_witness_test.dag	hand_maintained_stage0_filenames	callee	v2.compiler.self_host.frontier	1	unobserved	unobserved	unobserved	unresolved	function 'hand_maintained_stage0_filenames' not found in scope	1	unique_decl_unresolved_mechanism_unobserved
dag/gunbc/commit_workflow.dag	ModuleStorageBinding	type	v2.compiler.source_authority	1	unobserved	unobserved	unobserved	unresolved	unresolved type 'ModuleStorageBinding'	0	unique_decl_unresolved_mechanism_unobserved
dag/gunbc/source_integration_claim_evidence.dag	DagSourceReadWitness	type	v2.compiler.source_authority	1	unobserved	unobserved	unobserved	unresolved	unresolved type 'DagSourceReadWitness'	0	unique_decl_unresolved_mechanism_unobserved
dag/test/claim/claim_indexed_evidence_witness_test.dag	DagSourceReadWitness	type	v2.compiler.source_authority	1	unobserved	unobserved	unobserved	unresolved	unresolved type 'DagSourceReadWitness'	1	unique_decl_unresolved_mechanism_unobserved
dag/test/claim/claim_indexed_evidence_witness_test.dag	DagSourceReadWitness	type	v2.compiler.source_authority	1	unobserved	unobserved	unobserved	unresolved	unresolved type 'DagSourceReadWitness'	1	unique_decl_unresolved_mechanism_unobserved
dag/test/claim/commit_writer_admission_witness_test.dag	ModuleStorageBinding	type	v2.compiler.source_authority	1	unobserved	unobserved	unobserved	unresolved	unresolved type 'ModuleStorageBinding'	2	unique_decl_unresolved_mechanism_unobserved
dag/test/claim/commit_writer_admission_witness_test.dag	ModuleStorageBinding	type	v2.compiler.source_authority	1	unobserved	unobserved	unobserved	unresolved	unresolved type 'ModuleStorageBinding'	2	unique_decl_unresolved_mechanism_unobserved
dag/test/claim/commit_writer_admission_witness_test.dag	ModuleStorageBinding	type	v2.compiler.source_authority	1	unobserved	unobserved	unobserved	unresolved	unresolved type 'ModuleStorageBinding'	2	unique_decl_unresolved_mechanism_unobserved
dag/tools/self_host_03_normalize_declared_source_refs.dag	SourceRef	type	v2.compiler.source_authority	1	unobserved	unobserved	unobserved	unresolved	unresolved type 'SourceRef'	3	unique_decl_unresolved_mechanism_unobserved
dag/tools/self_host_03_normalize_declared_source_refs.dag	SourceRef	type	v2.compiler.source_authority	1	unobserved	unobserved	unobserved	unresolved	unresolved type 'SourceRef'	3	unique_decl_unresolved_mechanism_unobserved
dag/tools/self_host_03_normalize_declared_source_refs.dag	SourceRef	type	v2.compiler.source_authority	1	unobserved	unobserved	unobserved	unresolved	unresolved type 'SourceRef'	3	unique_decl_unresolved_mechanism_unobserved
dag/tools/self_host_03_normalize_declared_source_refs.dag	SourceRef	type	v2.compiler.source_authority	1	unobserved	unobserved	unobserved	unresolved	unresolved type 'SourceRef'	3	unique_decl_unresolved_mechanism_unobserved
dag/tools/self_host_03_normalize_declared_source_refs.dag	source_ref_for_storage_path	callee	v2.compiler.source_authority	1	unobserved	unobserved	unobserved	unresolved	function 'source_ref_for_storage_path' not found in scope	15	unique_decl_unresolved_mechanism_unobserved
dag/tools/self_host_03_normalize_declared_source_refs.dag	source_ref_for_storage_path	callee	v2.compiler.source_authority	1	unobserved	unobserved	unobserved	unresolved	function 'source_ref_for_storage_path' not found in scope	15	unique_decl_unresolved_mechanism_unobserved
dag/tools/self_host_03_normalize_declared_source_refs.dag	source_ref_for_storage_path	callee	v2.compiler.source_authority	1	unobserved	unobserved	unobserved	unresolved	function 'source_ref_for_storage_path' not found in scope	15	unique_decl_unresolved_mechanism_unobserved
dag/tools/self_host_03_normalize_declared_source_refs.dag	source_ref_for_storage_path	callee	v2.compiler.source_authority	1	unobserved	unobserved	unobserved	unresolved	function 'source_ref_for_storage_path' not found in scope	15	unique_decl_unresolved_mechanism_unobserved
dag/tools/self_host_03_normalize_declared_source_refs.dag	source_ref_for_storage_path	callee	v2.compiler.source_authority	1	unobserved	unobserved	unobserved	unresolved	function 'source_ref_for_storage_path' not found in scope	15	unique_decl_unresolved_mechanism_unobserved
dag/tools/self_host_03_normalize_declared_source_refs.dag	source_ref_for_storage_path	callee	v2.compiler.source_authority	1	unobserved	unobserved	unobserved	unresolved	function 'source_ref_for_storage_path' not found in scope	15	unique_decl_unresolved_mechanism_unobserved
dag/tools/self_host_03_normalize_declared_source_refs.dag	source_ref_for_storage_path	callee	v2.compiler.source_authority	1	unobserved	unobserved	unobserved	unresolved	function 'source_ref_for_storage_path' not found in scope	15	unique_decl_unresolved_mechanism_unobserved
dag/tools/self_host_03_normalize_declared_source_refs.dag	source_ref_for_storage_path	callee	v2.compiler.source_authority	1	unobserved	unobserved	unobserved	unresolved	function 'source_ref_for_storage_path' not found in scope	15	unique_decl_unresolved_mechanism_unobserved
dag/tools/self_host_03_normalize_declared_source_refs.dag	source_ref_for_storage_path	callee	v2.compiler.source_authority	1	unobserved	unobserved	unobserved	unresolved	function 'source_ref_for_storage_path' not found in scope	15	unique_decl_unresolved_mechanism_unobserved
dag/tools/self_host_03_normalize_declared_source_refs.dag	source_ref_for_storage_path	callee	v2.compiler.source_authority	1	unobserved	unobserved	unobserved	unresolved	function 'source_ref_for_storage_path' not found in scope	15	unique_decl_unresolved_mechanism_unobserved
dag/tools/self_host_03_normalize_declared_source_refs.dag	source_ref_for_storage_path	callee	v2.compiler.source_authority	1	unobserved	unobserved	unobserved	unresolved	function 'source_ref_for_storage_path' not found in scope	15	unique_decl_unresolved_mechanism_unobserved
dag/tools/self_host_03_normalize_declared_source_refs.dag	source_ref_for_storage_path	callee	v2.compiler.source_authority	1	unobserved	unobserved	unobserved	unresolved	function 'source_ref_for_storage_path' not found in scope	15	unique_decl_unresolved_mechanism_unobserved
dag/tools/self_host_03_normalize_declared_source_refs.dag	source_ref_for_storage_path	callee	v2.compiler.source_authority	1	unobserved	unobserved	unobserved	unresolved	function 'source_ref_for_storage_path' not found in scope	15	unique_decl_unresolved_mechanism_unobserved
dag/tools/self_host_03_normalize_declared_source_refs.dag	source_ref_for_storage_path	callee	v2.compiler.source_authority	1	unobserved	unobserved	unobserved	unresolved	function 'source_ref_for_storage_path' not found in scope	15	unique_decl_unresolved_mechanism_unobserved
dag/tools/self_host_03_normalize_declared_source_refs.dag	source_ref_for_storage_path	callee	v2.compiler.source_authority	1	unobserved	unobserved	unobserved	unresolved	function 'source_ref_for_storage_path' not found in scope	15	unique_decl_unresolved_mechanism_unobserved
dag/tools/self_host_03_normalize_declared_source_refs.dag	source_ref_for_storage_path	callee	v2.compiler.source_authority	1	unobserved	unobserved	unobserved	unresolved	function 'source_ref_for_storage_path' not found in scope	15	unique_decl_unresolved_mechanism_unobserved
dag/gunbc/dispatch_pipe_pane_emit.dag	bash_build_command_from_lits	callee	v2.extdeps.languages.bash_build	1	unobserved	unobserved	unobserved	unresolved	function 'bash_build_command_from_lits' not found in scope	0	unique_decl_unresolved_mechanism_unobserved
dag/gunbc/live_deploy/emit.dag	bash_build_assign	callee	v2.extdeps.languages.bash_build	1	unobserved	unobserved	unobserved	unresolved	function 'bash_build_assign' not found in scope	0	unique_decl_unresolved_mechanism_unobserved
dag/gunbc/live_deploy/emit.dag	bash_build_command_from_lits	callee	v2.extdeps.languages.bash_build	1	unobserved	unobserved	unobserved	unresolved	function 'bash_build_command_from_lits' not found in scope	1	unique_decl_unresolved_mechanism_unobserved
dag/gunbc/live_deploy/emit.dag	bash_build_command_from_lits	callee	v2.extdeps.languages.bash_build	1	unobserved	unobserved	unobserved	unresolved	function 'bash_build_command_from_lits' not found in scope	1	unique_decl_unresolved_mechanism_unobserved
dag/gunbc/live_deploy/emit.dag	bash_build_if_from_stmts	callee	v2.extdeps.languages.bash_build	1	unobserved	unobserved	unobserved	unresolved	function 'bash_build_if_from_stmts' not found in scope	0	unique_decl_unresolved_mechanism_unobserved
dag/gunbc/live_deploy/emit.dag	bash_build_test_bracket	callee	v2.extdeps.languages.bash_build	1	unobserved	unobserved	unobserved	unresolved	function 'bash_build_test_bracket' not found in scope	0	unique_decl_unresolved_mechanism_unobserved
dag/gunbc/live_deploy/emit.dag	bash_build_word_cmdsubst	callee	v2.extdeps.languages.bash_build	1	unobserved	unobserved	unobserved	unresolved	function 'bash_build_word_cmdsubst' not found in scope	0	unique_decl_unresolved_mechanism_unobserved
dag/gunbc/live_deploy/emit.dag	bash_build_word_lit	callee	v2.extdeps.languages.bash_build	1	unobserved	unobserved	unobserved	unresolved	function 'bash_build_word_lit' not found in scope	1	unique_decl_unresolved_mechanism_unobserved
dag/gunbc/live_deploy/emit.dag	bash_build_word_lit	callee	v2.extdeps.languages.bash_build	1	unobserved	unobserved	unobserved	unresolved	function 'bash_build_word_lit' not found in scope	1	unique_decl_unresolved_mechanism_unobserved
dag/gunbc/live_deploy/emit.dag	bash_build_word_var	callee	v2.extdeps.languages.bash_build	1	unobserved	unobserved	unobserved	unresolved	function 'bash_build_word_var' not found in scope	0	unique_decl_unresolved_mechanism_unobserved
dag/tools/build_step.dag	bash_build_command_with_words	callee	v2.extdeps.languages.bash_build	1	unobserved	unobserved	unobserved	unresolved	function 'bash_build_command_with_words' not found in scope	0	unique_decl_unresolved_mechanism_unobserved
dag/tools/build_step.dag	bash_build_exit	callee	v2.extdeps.languages.bash_build	1	unobserved	unobserved	unobserved	unresolved	function 'bash_build_exit' not found in scope	1	unique_decl_unresolved_mechanism_unobserved
dag/tools/build_step.dag	bash_build_exit	callee	v2.extdeps.languages.bash_build	1	unobserved	unobserved	unobserved	unresolved	function 'bash_build_exit' not found in scope	1	unique_decl_unresolved_mechanism_unobserved
dag/tools/build_step.dag	bash_build_if	callee	v2.extdeps.languages.bash_build	1	unobserved	unobserved	unobserved	unresolved	function 'bash_build_if' not found in scope	1	unique_decl_unresolved_mechanism_unobserved
dag/tools/build_step.dag	bash_build_if	callee	v2.extdeps.languages.bash_build	1	unobserved	unobserved	unobserved	unresolved	function 'bash_build_if' not found in scope	1	unique_decl_unresolved_mechanism_unobserved
dag/tools/build_step.dag	bash_build_stmt_list_from_nodes	callee	v2.extdeps.languages.bash_build	1	unobserved	unobserved	unobserved	unresolved	function 'bash_build_stmt_list_from_nodes' not found in scope	1	unique_decl_unresolved_mechanism_unobserved
dag/tools/build_step.dag	bash_build_stmt_list_from_nodes	callee	v2.extdeps.languages.bash_build	1	unobserved	unobserved	unobserved	unresolved	function 'bash_build_stmt_list_from_nodes' not found in scope	1	unique_decl_unresolved_mechanism_unobserved
dag/tools/build_step.dag	bash_build_test_bracket	callee	v2.extdeps.languages.bash_build	1	unobserved	unobserved	unobserved	unresolved	function 'bash_build_test_bracket' not found in scope	1	unique_decl_unresolved_mechanism_unobserved
dag/tools/build_step.dag	bash_build_test_bracket	callee	v2.extdeps.languages.bash_build	1	unobserved	unobserved	unobserved	unresolved	function 'bash_build_test_bracket' not found in scope	1	unique_decl_unresolved_mechanism_unobserved
dag/tools/build_step.dag	bash_build_with_redir	callee	v2.extdeps.languages.bash_build	1	unobserved	unobserved	unobserved	unresolved	function 'bash_build_with_redir' not found in scope	0	unique_decl_unresolved_mechanism_unobserved
dag/tools/build_step.dag	bash_build_word_concat_parts	callee	v2.extdeps.languages.bash_build	1	unobserved	unobserved	unobserved	unresolved	function 'bash_build_word_concat_parts' not found in scope	1	unique_decl_unresolved_mechanism_unobserved
dag/tools/build_step.dag	bash_build_word_concat_parts	callee	v2.extdeps.languages.bash_build	1	unobserved	unobserved	unobserved	unresolved	function 'bash_build_word_concat_parts' not found in scope	1	unique_decl_unresolved_mechanism_unobserved
dag/tools/build_step.dag	bash_build_word_lit	callee	v2.extdeps.languages.bash_build	1	unobserved	unobserved	unobserved	unresolved	function 'bash_build_word_lit' not found in scope	6	unique_decl_unresolved_mechanism_unobserved
dag/tools/build_step.dag	bash_build_word_lit	callee	v2.extdeps.languages.bash_build	1	unobserved	unobserved	unobserved	unresolved	function 'bash_build_word_lit' not found in scope	6	unique_decl_unresolved_mechanism_unobserved
dag/tools/build_step.dag	bash_build_word_lit	callee	v2.extdeps.languages.bash_build	1	unobserved	unobserved	unobserved	unresolved	function 'bash_build_word_lit' not found in scope	6	unique_decl_unresolved_mechanism_unobserved
dag/tools/build_step.dag	bash_build_word_lit	callee	v2.extdeps.languages.bash_build	1	unobserved	unobserved	unobserved	unresolved	function 'bash_build_word_lit' not found in scope	6	unique_decl_unresolved_mechanism_unobserved
dag/tools/build_step.dag	bash_build_word_lit	callee	v2.extdeps.languages.bash_build	1	unobserved	unobserved	unobserved	unresolved	function 'bash_build_word_lit' not found in scope	6	unique_decl_unresolved_mechanism_unobserved
dag/tools/build_step.dag	bash_build_word_lit	callee	v2.extdeps.languages.bash_build	1	unobserved	unobserved	unobserved	unresolved	function 'bash_build_word_lit' not found in scope	6	unique_decl_unresolved_mechanism_unobserved
dag/tools/build_step.dag	bash_build_word_lit	callee	v2.extdeps.languages.bash_build	1	unobserved	unobserved	unobserved	unresolved	function 'bash_build_word_lit' not found in scope	6	unique_decl_unresolved_mechanism_unobserved
dag/test/claim/proc_self_cgroup_witness_test.dag	bash_nearest_ancestor_locate_assign_command	callee	v2.extdeps.languages.bash_orch_if	1	unobserved	unobserved	unobserved	unresolved	function 'bash_nearest_ancestor_locate_assign_command' not found in scope	1	unique_decl_unresolved_mechanism_unobserved
dag/test/claim/proc_self_cgroup_witness_test.dag	bash_nearest_ancestor_locate_assign_command	callee	v2.extdeps.languages.bash_orch_if	1	unobserved	unobserved	unobserved	unresolved	function 'bash_nearest_ancestor_locate_assign_command' not found in scope	1	unique_decl_unresolved_mechanism_unobserved
dag/test/claim/proc_self_cgroup_witness_test.dag	bash_nearest_ancestor_locate_body_command	callee	v2.extdeps.languages.bash_orch_if	1	unobserved	unobserved	unobserved	unresolved	function 'bash_nearest_ancestor_locate_body_command' not found in scope	0	unique_decl_unresolved_mechanism_unobserved
dag/test/claim/proc_self_cgroup_witness_test.dag	bash_nearest_ancestor_locate_cond_command	callee	v2.extdeps.languages.bash_orch_if	1	unobserved	unobserved	unobserved	unresolved	function 'bash_nearest_ancestor_locate_cond_command' not found in scope	0	unique_decl_unresolved_mechanism_unobserved
dag/gunbc/assimilate/bmc_token_federation.dag	bash_orchestration_emit_medium	callee	v2.extdeps.languages.bash_orchestration_emit	1	unobserved	unobserved	unobserved	unresolved	function 'bash_orchestration_emit_medium' not found in scope	0	unique_decl_unresolved_mechanism_unobserved
dag/gunbc/live_deploy/emit.dag	bash_orchestration_emit_medium	callee	v2.extdeps.languages.bash_orchestration_emit	1	unobserved	unobserved	unobserved	unresolved	function 'bash_orchestration_emit_medium' not found in scope	0	unique_decl_unresolved_mechanism_unobserved
dag/test/claim/orchestration_if_emit_test.dag	bash_orchestration_emit_medium	callee	v2.extdeps.languages.bash_orchestration_emit	1	unobserved	unobserved	unobserved	unresolved	function 'bash_orchestration_emit_medium' not found in scope	6	unique_decl_unresolved_mechanism_unobserved
dag/test/claim/orchestration_if_emit_test.dag	bash_orchestration_emit_medium	callee	v2.extdeps.languages.bash_orchestration_emit	1	unobserved	unobserved	unobserved	unresolved	function 'bash_orchestration_emit_medium' not found in scope	6	unique_decl_unresolved_mechanism_unobserved
dag/test/claim/orchestration_if_emit_test.dag	bash_orchestration_emit_medium	callee	v2.extdeps.languages.bash_orchestration_emit	1	unobserved	unobserved	unobserved	unresolved	function 'bash_orchestration_emit_medium' not found in scope	6	unique_decl_unresolved_mechanism_unobserved
dag/test/claim/orchestration_if_emit_test.dag	bash_orchestration_emit_medium	callee	v2.extdeps.languages.bash_orchestration_emit	1	unobserved	unobserved	unobserved	unresolved	function 'bash_orchestration_emit_medium' not found in scope	6	unique_decl_unresolved_mechanism_unobserved
dag/test/claim/orchestration_if_emit_test.dag	bash_orchestration_emit_medium	callee	v2.extdeps.languages.bash_orchestration_emit	1	unobserved	unobserved	unobserved	unresolved	function 'bash_orchestration_emit_medium' not found in scope	6	unique_decl_unresolved_mechanism_unobserved
dag/test/claim/orchestration_if_emit_test.dag	bash_orchestration_emit_medium	callee	v2.extdeps.languages.bash_orchestration_emit	1	unobserved	unobserved	unobserved	unresolved	function 'bash_orchestration_emit_medium' not found in scope	6	unique_decl_unresolved_mechanism_unobserved
dag/test/claim/orchestration_if_emit_test.dag	bash_orchestration_emit_medium	callee	v2.extdeps.languages.bash_orchestration_emit	1	unobserved	unobserved	unobserved	unresolved	function 'bash_orchestration_emit_medium' not found in scope	6	unique_decl_unresolved_mechanism_unobserved
dag/test/claim/proc_self_cgroup_real_execution_witness_test.dag	bash_membership_assign_from_source	callee	v2.extdeps.languages.bash_proc_self_cgroup	1	unobserved	unobserved	unobserved	unresolved	function 'bash_membership_assign_from_source' not found in scope	3	unique_decl_unresolved_mechanism_unobserved
dag/test/claim/proc_self_cgroup_real_execution_witness_test.dag	bash_membership_assign_from_source	callee	v2.extdeps.languages.bash_proc_self_cgroup	1	unobserved	unobserved	unobserved	unresolved	function 'bash_membership_assign_from_source' not found in scope	3	unique_decl_unresolved_mechanism_unobserved
dag/test/claim/proc_self_cgroup_real_execution_witness_test.dag	bash_membership_assign_from_source	callee	v2.extdeps.languages.bash_proc_self_cgroup	1	unobserved	unobserved	unobserved	unresolved	function 'bash_membership_assign_from_source' not found in scope	3	unique_decl_unresolved_mechanism_unobserved
dag/test/claim/proc_self_cgroup_real_execution_witness_test.dag	bash_membership_assign_from_source	callee	v2.extdeps.languages.bash_proc_self_cgroup	1	unobserved	unobserved	unobserved	unresolved	function 'bash_membership_assign_from_source' not found in scope	3	unique_decl_unresolved_mechanism_unobserved
dag/test/claim/proc_self_cgroup_real_execution_witness_test.dag	bash_membership_cross_realization_law_holds	callee	v2.extdeps.languages.bash_proc_self_cgroup	1	unobserved	unobserved	unobserved	unresolved	function 'bash_membership_cross_realization_law_holds' not found in scope	1	unique_decl_unresolved_mechanism_unobserved
dag/test/claim/proc_self_cgroup_real_execution_witness_test.dag	bash_membership_cross_realization_law_holds	callee	v2.extdeps.languages.bash_proc_self_cgroup	1	unobserved	unobserved	unobserved	unresolved	function 'bash_membership_cross_realization_law_holds' not found in scope	1	unique_decl_unresolved_mechanism_unobserved
dag/test/claim/proc_self_cgroup_witness_test.dag	bash_membership_assign_from_content	callee	v2.extdeps.languages.bash_proc_self_cgroup	1	unobserved	unobserved	unobserved	unresolved	function 'bash_membership_assign_from_content' not found in scope	3	unique_decl_unresolved_mechanism_unobserved
dag/test/claim/proc_self_cgroup_witness_test.dag	bash_membership_assign_from_content	callee	v2.extdeps.languages.bash_proc_self_cgroup	1	unobserved	unobserved	unobserved	unresolved	function 'bash_membership_assign_from_content' not found in scope	3	unique_decl_unresolved_mechanism_unobserved
dag/test/claim/proc_self_cgroup_witness_test.dag	bash_membership_assign_from_content	callee	v2.extdeps.languages.bash_proc_self_cgroup	1	unobserved	unobserved	unobserved	unresolved	function 'bash_membership_assign_from_content' not found in scope	3	unique_decl_unresolved_mechanism_unobserved
dag/test/claim/proc_self_cgroup_witness_test.dag	bash_membership_assign_from_content	callee	v2.extdeps.languages.bash_proc_self_cgroup	1	unobserved	unobserved	unobserved	unresolved	function 'bash_membership_assign_from_content' not found in scope	3	unique_decl_unresolved_mechanism_unobserved
dag/test/claim/proc_self_cgroup_witness_test.dag	bash_membership_assign_from_record	callee	v2.extdeps.languages.bash_proc_self_cgroup	1	unobserved	unobserved	unobserved	unresolved	function 'bash_membership_assign_from_record' not found in scope	3	unique_decl_unresolved_mechanism_unobserved
dag/test/claim/proc_self_cgroup_witness_test.dag	bash_membership_assign_from_record	callee	v2.extdeps.languages.bash_proc_self_cgroup	1	unobserved	unobserved	unobserved	unresolved	function 'bash_membership_assign_from_record' not found in scope	3	unique_decl_unresolved_mechanism_unobserved
dag/test/claim/proc_self_cgroup_witness_test.dag	bash_membership_assign_from_record	callee	v2.extdeps.languages.bash_proc_self_cgroup	1	unobserved	unobserved	unobserved	unresolved	function 'bash_membership_assign_from_record' not found in scope	3	unique_decl_unresolved_mechanism_unobserved
dag/test/claim/proc_self_cgroup_witness_test.dag	bash_membership_assign_from_record	callee	v2.extdeps.languages.bash_proc_self_cgroup	1	unobserved	unobserved	unobserved	unresolved	function 'bash_membership_assign_from_record' not found in scope	3	unique_decl_unresolved_mechanism_unobserved
dag/test/claim/proc_self_cgroup_witness_test.dag	bash_membership_assign_from_source	callee	v2.extdeps.languages.bash_proc_self_cgroup	1	unobserved	unobserved	unobserved	unresolved	function 'bash_membership_assign_from_source' not found in scope	1	unique_decl_unresolved_mechanism_unobserved
dag/test/claim/proc_self_cgroup_witness_test.dag	bash_membership_assign_from_source	callee	v2.extdeps.languages.bash_proc_self_cgroup	1	unobserved	unobserved	unobserved	unresolved	function 'bash_membership_assign_from_source' not found in scope	1	unique_decl_unresolved_mechanism_unobserved
dag/test/claim/proc_self_cgroup_witness_test.dag	bash_membership_runtime_scan_loop	value	v2.extdeps.languages.bash_proc_self_cgroup	1	unobserved	unobserved	unobserved	unresolved	undefined variable 'bash_membership_runtime_scan_loop'	0	unique_decl_unresolved_mechanism_unobserved
dag/test/claim/proc_self_cgroup_witness_test.dag	bash_membership_runtime_scan_loop_drift_sketch	value	v2.extdeps.languages.bash_proc_self_cgroup	1	unobserved	unobserved	unobserved	unresolved	undefined variable 'bash_membership_runtime_scan_loop_drift_sketch'	0	unique_decl_unresolved_mechanism_unobserved
dag/tools/emit_host_transport.dag	c_inject_fault_runtime_row	callee	v2.extdeps.languages.c	1	unobserved	unobserved	unobserved	unresolved	function 'c_inject_fault_runtime_row' not found in scope	0	unique_decl_unresolved_mechanism_unobserved
dag/tools/emit_host_transport.dag	c_source_text	value	v2.extdeps.languages.c	1	unobserved	unobserved	unobserved	unresolved	undefined variable 'c_source_text'	0	unique_decl_unresolved_mechanism_unobserved
dag/tools/emit_host_transport.dag	c_target_model	callee	v2.extdeps.languages.c	1	unobserved	unobserved	unobserved	unresolved	function 'c_target_model' not found in scope	3	unique_decl_unresolved_mechanism_unobserved
dag/tools/emit_host_transport.dag	c_target_model	callee	v2.extdeps.languages.c	1	unobserved	unobserved	unobserved	unresolved	function 'c_target_model' not found in scope	3	unique_decl_unresolved_mechanism_unobserved
dag/tools/emit_host_transport.dag	c_target_model	callee	v2.extdeps.languages.c	1	unobserved	unobserved	unobserved	unresolved	function 'c_target_model' not found in scope	3	unique_decl_unresolved_mechanism_unobserved
dag/tools/emit_host_transport.dag	c_target_model	callee	v2.extdeps.languages.c	1	unobserved	unobserved	unobserved	unresolved	function 'c_target_model' not found in scope	3	unique_decl_unresolved_mechanism_unobserved
dag/tools/rust_stage0_gates.dag	corpus_dependency_view_per_pr_substrate_ready	callee	v2.lens.affected_set.corpus_dependency_view	1	unobserved	unobserved	unobserved	unresolved	function 'corpus_dependency_view_per_pr_substrate_ready' not found in scope	3	unique_decl_unresolved_mechanism_unobserved
dag/tools/rust_stage0_gates.dag	corpus_dependency_view_per_pr_substrate_ready	callee	v2.lens.affected_set.corpus_dependency_view	1	unobserved	unobserved	unobserved	unresolved	function 'corpus_dependency_view_per_pr_substrate_ready' not found in scope	3	unique_decl_unresolved_mechanism_unobserved
dag/tools/rust_stage0_gates.dag	corpus_dependency_view_per_pr_substrate_ready	callee	v2.lens.affected_set.corpus_dependency_view	1	unobserved	unobserved	unobserved	unresolved	function 'corpus_dependency_view_per_pr_substrate_ready' not found in scope	3	unique_decl_unresolved_mechanism_unobserved
dag/tools/rust_stage0_gates.dag	corpus_dependency_view_per_pr_substrate_ready	callee	v2.lens.affected_set.corpus_dependency_view	1	unobserved	unobserved	unobserved	unresolved	function 'corpus_dependency_view_per_pr_substrate_ready' not found in scope	3	unique_decl_unresolved_mechanism_unobserved
dag/tools/rust_stage0_gates.dag	entry_affected_by_dependency_view	callee	v2.lens.affected_set.entry_selection	1	unobserved	unobserved	unobserved	unresolved	function 'entry_affected_by_dependency_view' not found in scope	0	unique_decl_unresolved_mechanism_unobserved
dag/test/claim/long/cited_symbol_resolution_witness_test.dag	cited_symbol_enrolled_refusal_count	callee	v2.lens.cited_symbol_resolution	1	unobserved	unobserved	unobserved	unresolved	function 'cited_symbol_enrolled_refusal_count' not found in scope	1	unique_decl_unresolved_mechanism_unobserved
dag/test/claim/long/cited_symbol_resolution_witness_test.dag	cited_symbol_enrolled_refusal_count	callee	v2.lens.cited_symbol_resolution	1	unobserved	unobserved	unobserved	unresolved	function 'cited_symbol_enrolled_refusal_count' not found in scope	1	unique_decl_unresolved_mechanism_unobserved
dag/test/claim/long/cited_symbol_resolution_witness_test.dag	cited_symbol_planted_ambiguous_control_facts	value	v2.lens.cited_symbol_resolution	1	unobserved	unobserved	unobserved	unresolved	undefined variable 'cited_symbol_planted_ambiguous_control_facts'	0	unique_decl_unresolved_mechanism_unobserved
dag/test/claim/long/cited_symbol_resolution_witness_test.dag	cited_symbol_planted_ambiguous_control_ref	value	v2.lens.cited_symbol_resolution	1	unobserved	unobserved	unobserved	unresolved	undefined variable 'cited_symbol_planted_ambiguous_control_ref'	0	unique_decl_unresolved_mechanism_unobserved
dag/test/claim/long/cited_symbol_resolution_witness_test.dag	cited_symbol_planted_control_refusal_count	callee	v2.lens.cited_symbol_resolution	1	unobserved	unobserved	unobserved	unresolved	function 'cited_symbol_planted_control_refusal_count' not found in scope	1	unique_decl_unresolved_mechanism_unobserved
dag/test/claim/long/cited_symbol_resolution_witness_test.dag	cited_symbol_planted_control_refusal_count	callee	v2.lens.cited_symbol_resolution	1	unobserved	unobserved	unobserved	unresolved	function 'cited_symbol_planted_control_refusal_count' not found in scope	1	unique_decl_unresolved_mechanism_unobserved
dag/test/claim/long/cited_symbol_resolution_witness_test.dag	cited_symbol_resolution_violation_count	callee	v2.lens.cited_symbol_resolution	1	unobserved	unobserved	unobserved	unresolved	function 'cited_symbol_resolution_violation_count' not found in scope	1	unique_decl_unresolved_mechanism_unobserved
dag/test/claim/long/cited_symbol_resolution_witness_test.dag	cited_symbol_resolution_violation_count	callee	v2.lens.cited_symbol_resolution	1	unobserved	unobserved	unobserved	unresolved	function 'cited_symbol_resolution_violation_count' not found in scope	1	unique_decl_unresolved_mechanism_unobserved
dag/gunbc/ci_release_bins.dag	ConstructionJustification	type	v2.lens.common.construction_justification	1	unobserved	unobserved	unobserved	unresolved	unresolved type 'ConstructionJustification'	1	unique_decl_unresolved_mechanism_unobserved
dag/gunbc/ci_release_bins.dag	ConstructionJustification	type	v2.lens.common.construction_justification	1	unobserved	unobserved	unobserved	unresolved	unresolved type 'ConstructionJustification'	1	unique_decl_unresolved_mechanism_unobserved
dag/test/claim/long/v1_complexity_capability_census_resolution_test.dag	complexity_variables_admits	callee	v2.lens.complexity	1	unobserved	unobserved	unobserved	unresolved	function 'complexity_variables_admits' not found in scope	0	unique_decl_unresolved_mechanism_unobserved
dag/test/claim/long/v1_complexity_capability_census_resolution_test.dag	complexity_variables_vacuous_validation	value	v2.lens.complexity	1	unobserved	unobserved	unobserved	unresolved	undefined variable 'complexity_variables_vacuous_validation'	0	unique_decl_unresolved_mechanism_unobserved
dag/test/claim/cli_run_floor_lens_oracle_witness_test.dag	disposition_is_terminal	callee	v2.lens.disposition_redundancy	1	unobserved	unobserved	unobserved	unresolved	function 'disposition_is_terminal' not found in scope	7	unique_decl_unresolved_mechanism_unobserved
dag/test/claim/cli_run_floor_lens_oracle_witness_test.dag	disposition_is_terminal	callee	v2.lens.disposition_redundancy	1	unobserved	unobserved	unobserved	unresolved	function 'disposition_is_terminal' not found in scope	7	unique_decl_unresolved_mechanism_unobserved
dag/test/claim/cli_run_floor_lens_oracle_witness_test.dag	disposition_is_terminal	callee	v2.lens.disposition_redundancy	1	unobserved	unobserved	unobserved	unresolved	function 'disposition_is_terminal' not found in scope	7	unique_decl_unresolved_mechanism_unobserved
dag/test/claim/cli_run_floor_lens_oracle_witness_test.dag	disposition_is_terminal	callee	v2.lens.disposition_redundancy	1	unobserved	unobserved	unobserved	unresolved	function 'disposition_is_terminal' not found in scope	7	unique_decl_unresolved_mechanism_unobserved
dag/test/claim/cli_run_floor_lens_oracle_witness_test.dag	disposition_is_terminal	callee	v2.lens.disposition_redundancy	1	unobserved	unobserved	unobserved	unresolved	function 'disposition_is_terminal' not found in scope	7	unique_decl_unresolved_mechanism_unobserved
dag/test/claim/cli_run_floor_lens_oracle_witness_test.dag	disposition_is_terminal	callee	v2.lens.disposition_redundancy	1	unobserved	unobserved	unobserved	unresolved	function 'disposition_is_terminal' not found in scope	7	unique_decl_unresolved_mechanism_unobserved
dag/test/claim/cli_run_floor_lens_oracle_witness_test.dag	disposition_is_terminal	callee	v2.lens.disposition_redundancy	1	unobserved	unobserved	unobserved	unresolved	function 'disposition_is_terminal' not found in scope	7	unique_decl_unresolved_mechanism_unobserved
dag/test/claim/cli_run_floor_lens_oracle_witness_test.dag	disposition_is_terminal	callee	v2.lens.disposition_redundancy	1	unobserved	unobserved	unobserved	unresolved	function 'disposition_is_terminal' not found in scope	7	unique_decl_unresolved_mechanism_unobserved
dag/gunbc/doc_graph_roots.dag	doc_graph_clean_holds	callee	v2.lens.doc_reachability	1	unobserved	unobserved	unobserved	unresolved	function 'doc_graph_clean_holds' not found in scope	0	unique_decl_unresolved_mechanism_unobserved
dag/gunbc/doc_graph_roots.dag	doc_graph_orphan_clean_holds	callee	v2.lens.doc_reachability	1	unobserved	unobserved	unobserved	unresolved	function 'doc_graph_orphan_clean_holds' not found in scope	0	unique_decl_unresolved_mechanism_unobserved
dag/test/claim/long/cited_symbol_resolution_witness_test.dag	enforcement_red_probe_body_leaf	value	v2.lens.enforcement.receipts	1	unobserved	unobserved	unobserved	unresolved	undefined variable 'enforcement_red_probe_body_leaf'	1	unique_decl_unresolved_mechanism_unobserved
dag/test/claim/long/cited_symbol_resolution_witness_test.dag	enforcement_red_probe_body_leaf	value	v2.lens.enforcement.receipts	1	unobserved	unobserved	unobserved	unresolved	undefined variable 'enforcement_red_probe_body_leaf'	1	unique_decl_unresolved_mechanism_unobserved
dag/test/claim/v1_complexity_decl_classification_witness_test.dag	enforcement_red_probe_body_leaf	value	v2.lens.enforcement.receipts	1	unobserved	unobserved	unobserved	unresolved	undefined variable 'enforcement_red_probe_body_leaf'	3	unique_decl_unresolved_mechanism_unobserved
dag/test/claim/v1_complexity_decl_classification_witness_test.dag	enforcement_red_probe_body_leaf	value	v2.lens.enforcement.receipts	1	unobserved	unobserved	unobserved	unresolved	undefined variable 'enforcement_red_probe_body_leaf'	3	unique_decl_unresolved_mechanism_unobserved
dag/test/claim/v1_complexity_decl_classification_witness_test.dag	enforcement_red_probe_body_leaf	value	v2.lens.enforcement.receipts	1	unobserved	unobserved	unobserved	unresolved	undefined variable 'enforcement_red_probe_body_leaf'	3	unique_decl_unresolved_mechanism_unobserved
dag/test/claim/v1_complexity_decl_classification_witness_test.dag	enforcement_red_probe_body_leaf	value	v2.lens.enforcement.receipts	1	unobserved	unobserved	unobserved	unresolved	undefined variable 'enforcement_red_probe_body_leaf'	3	unique_decl_unresolved_mechanism_unobserved
dag/test/fixture/scaffold_disposition_census/expected_classification.dag	enforcement_red_probe_body_leaf	value	v2.lens.enforcement.receipts	1	unobserved	unobserved	unobserved	unresolved	undefined variable 'enforcement_red_probe_body_leaf'	1	unique_decl_unresolved_mechanism_unobserved
dag/test/fixture/scaffold_disposition_census/expected_classification.dag	enforcement_red_probe_body_leaf	value	v2.lens.enforcement.receipts	1	unobserved	unobserved	unobserved	unresolved	undefined variable 'enforcement_red_probe_body_leaf'	1	unique_decl_unresolved_mechanism_unobserved
dag/test/claim/machine_shape_construction_wall_test.dag	machine_shape_compile_gate	callee	v2.lens.machine_shape	1	unobserved	unobserved	unobserved	unresolved	function 'machine_shape_compile_gate' not found in scope	1	unique_decl_unresolved_mechanism_unobserved
dag/test/claim/machine_shape_construction_wall_test.dag	machine_shape_compile_gate	callee	v2.lens.machine_shape	1	unobserved	unobserved	unobserved	unresolved	function 'machine_shape_compile_gate' not found in scope	1	unique_decl_unresolved_mechanism_unobserved
dag/gunbc/doc_graph_roots.dag	module_declaration_facts_live	callee	v2.lens.module_graph	1	unobserved	unobserved	unobserved	unresolved	function 'module_declaration_facts_live' not found in scope	0	unique_decl_unresolved_mechanism_unobserved
dag/test/claim/long/cited_symbol_resolution_witness_test.dag	ModuleDeclarationFact	type	v2.lens.module_graph	1	unobserved	unobserved	unobserved	unresolved	unresolved type 'ModuleDeclarationFact'	0	unique_decl_unresolved_mechanism_unobserved
dag/test/claim/long/cited_symbol_resolution_witness_test.dag	module_declaration_facts_live	callee	v2.lens.module_graph	1	unobserved	unobserved	unobserved	unresolved	function 'module_declaration_facts_live' not found in scope	2	unique_decl_unresolved_mechanism_unobserved
dag/test/claim/long/cited_symbol_resolution_witness_test.dag	module_declaration_facts_live	callee	v2.lens.module_graph	1	unobserved	unobserved	unobserved	unresolved	function 'module_declaration_facts_live' not found in scope	2	unique_decl_unresolved_mechanism_unobserved
dag/test/claim/long/cited_symbol_resolution_witness_test.dag	module_declaration_facts_live	callee	v2.lens.module_graph	1	unobserved	unobserved	unobserved	unresolved	function 'module_declaration_facts_live' not found in scope	2	unique_decl_unresolved_mechanism_unobserved
dag/test/claim/long/import_closure_live_test.dag	import_closure_live	callee	v2.lens.module_graph	1	unobserved	unobserved	unobserved	unresolved	function 'import_closure_live' not found in scope	0	unique_decl_unresolved_mechanism_unobserved
dag/test/claim/long/import_closure_live_test.dag	no_paths	value	v2.lens.module_graph	1	unobserved	unobserved	unobserved	unresolved	undefined variable 'no_paths'	0	unique_decl_unresolved_mechanism_unobserved
dag/test/claim/long/reference_closure_equivalence_test.dag	import_closure_live	callee	v2.lens.module_graph	1	unobserved	unobserved	unobserved	unresolved	function 'import_closure_live' not found in scope	0	unique_decl_unresolved_mechanism_unobserved
dag/test/claim/long/reference_closure_equivalence_test.dag	module_graph_exclude_substrings	value	v2.lens.module_graph	1	unobserved	unobserved	unobserved	unresolved	undefined variable 'module_graph_exclude_substrings'	0	unique_decl_unresolved_mechanism_unobserved
dag/test/claim/long/reference_closure_equivalence_test.dag	no_paths	value	v2.lens.module_graph	1	unobserved	unobserved	unobserved	unresolved	undefined variable 'no_paths'	0	unique_decl_unresolved_mechanism_unobserved
dag/test/claim/long/v1_complexity_capability_census_resolution_test.dag	ModuleDeclarationFact	type	v2.lens.module_graph	1	unobserved	unobserved	unobserved	unresolved	unresolved type 'ModuleDeclarationFact'	0	unique_decl_unresolved_mechanism_unobserved
dag/test/claim/long/v1_complexity_capability_census_resolution_test.dag	module_declaration_facts_live	callee	v2.lens.module_graph	1	unobserved	unobserved	unobserved	unresolved	function 'module_declaration_facts_live' not found in scope	0	unique_decl_unresolved_mechanism_unobserved
dag/test/claim/module_graph_edge_source_witness_test.dag	ImportResolutionFact	type	v2.lens.module_graph	1	unobserved	unobserved	unobserved	unresolved	unresolved type 'ImportResolutionFact'	2	unique_decl_unresolved_mechanism_unobserved
dag/test/claim/module_graph_edge_source_witness_test.dag	ImportResolutionFact	type	v2.lens.module_graph	1	unobserved	unobserved	unobserved	unresolved	unresolved type 'ImportResolutionFact'	2	unique_decl_unresolved_mechanism_unobserved
dag/test/claim/module_graph_edge_source_witness_test.dag	ImportResolutionFact	type	v2.lens.module_graph	1	unobserved	unobserved	unobserved	unresolved	unresolved type 'ImportResolutionFact'	2	unique_decl_unresolved_mechanism_unobserved
dag/test/claim/module_graph_edge_source_witness_test.dag	ModuleDependencyEdge	type	v2.lens.module_graph	1	unobserved	unobserved	unobserved	unresolved	unresolved type 'ModuleDependencyEdge'	1	unique_decl_unresolved_mechanism_unobserved
dag/test/claim/module_graph_edge_source_witness_test.dag	ModuleDependencyEdge	type	v2.lens.module_graph	1	unobserved	unobserved	unobserved	unresolved	unresolved type 'ModuleDependencyEdge'	1	unique_decl_unresolved_mechanism_unobserved
dag/test/claim/module_graph_edge_source_witness_test.dag	dependency_resolution_facts_live	callee	v2.lens.module_graph	1	unobserved	unobserved	unobserved	unresolved	function 'dependency_resolution_facts_live' not found in scope	0	unique_decl_unresolved_mechanism_unobserved
dag/test/claim/module_graph_edge_source_witness_test.dag	import_resolution_facts_live	callee	v2.lens.module_graph	1	unobserved	unobserved	unobserved	unresolved	function 'import_resolution_facts_live' not found in scope	0	unique_decl_unresolved_mechanism_unobserved
dag/test/claim/module_graph_edge_source_witness_test.dag	reference_derived_import_resolution_facts_live	callee	v2.lens.module_graph	1	unobserved	unobserved	unobserved	unresolved	function 'reference_derived_import_resolution_facts_live' not found in scope	0	unique_decl_unresolved_mechanism_unobserved
dag/test/claim/module_impact_query_witness_test.dag	ImportResolutionFact	type	v2.lens.module_graph	1	unobserved	unobserved	unobserved	unresolved	unresolved type 'ImportResolutionFact'	12	unique_decl_unresolved_mechanism_unobserved
dag/test/claim/module_impact_query_witness_test.dag	ImportResolutionFact	type	v2.lens.module_graph	1	unobserved	unobserved	unobserved	unresolved	unresolved type 'ImportResolutionFact'	12	unique_decl_unresolved_mechanism_unobserved
dag/test/claim/module_impact_query_witness_test.dag	ImportResolutionFact	type	v2.lens.module_graph	1	unobserved	unobserved	unobserved	unresolved	unresolved type 'ImportResolutionFact'	12	unique_decl_unresolved_mechanism_unobserved
dag/test/claim/module_impact_query_witness_test.dag	ImportResolutionFact	type	v2.lens.module_graph	1	unobserved	unobserved	unobserved	unresolved	unresolved type 'ImportResolutionFact'	12	unique_decl_unresolved_mechanism_unobserved
dag/test/claim/module_impact_query_witness_test.dag	ImportResolutionFact	type	v2.lens.module_graph	1	unobserved	unobserved	unobserved	unresolved	unresolved type 'ImportResolutionFact'	12	unique_decl_unresolved_mechanism_unobserved
dag/test/claim/module_impact_query_witness_test.dag	ImportResolutionFact	type	v2.lens.module_graph	1	unobserved	unobserved	unobserved	unresolved	unresolved type 'ImportResolutionFact'	12	unique_decl_unresolved_mechanism_unobserved
dag/test/claim/module_impact_query_witness_test.dag	ImportResolutionFact	type	v2.lens.module_graph	1	unobserved	unobserved	unobserved	unresolved	unresolved type 'ImportResolutionFact'	12	unique_decl_unresolved_mechanism_unobserved
dag/test/claim/module_impact_query_witness_test.dag	ImportResolutionFact	type	v2.lens.module_graph	1	unobserved	unobserved	unobserved	unresolved	unresolved type 'ImportResolutionFact'	12	unique_decl_unresolved_mechanism_unobserved
dag/test/claim/module_impact_query_witness_test.dag	ImportResolutionFact	type	v2.lens.module_graph	1	unobserved	unobserved	unobserved	unresolved	unresolved type 'ImportResolutionFact'	12	unique_decl_unresolved_mechanism_unobserved
dag/test/claim/module_impact_query_witness_test.dag	ImportResolutionFact	type	v2.lens.module_graph	1	unobserved	unobserved	unobserved	unresolved	unresolved type 'ImportResolutionFact'	12	unique_decl_unresolved_mechanism_unobserved
dag/test/claim/module_impact_query_witness_test.dag	ImportResolutionFact	type	v2.lens.module_graph	1	unobserved	unobserved	unobserved	unresolved	unresolved type 'ImportResolutionFact'	12	unique_decl_unresolved_mechanism_unobserved
dag/test/claim/module_impact_query_witness_test.dag	ImportResolutionFact	type	v2.lens.module_graph	1	unobserved	unobserved	unobserved	unresolved	unresolved type 'ImportResolutionFact'	12	unique_decl_unresolved_mechanism_unobserved
dag/test/claim/module_impact_query_witness_test.dag	ImportResolutionFact	type	v2.lens.module_graph	1	unobserved	unobserved	unobserved	unresolved	unresolved type 'ImportResolutionFact'	12	unique_decl_unresolved_mechanism_unobserved
dag/test/claim/module_impact_query_witness_test.dag	ModuleDeclarationFact	type	v2.lens.module_graph	1	unobserved	unobserved	unobserved	unresolved	unresolved type 'ModuleDeclarationFact'	8	unique_decl_unresolved_mechanism_unobserved
dag/test/claim/module_impact_query_witness_test.dag	ModuleDeclarationFact	type	v2.lens.module_graph	1	unobserved	unobserved	unobserved	unresolved	unresolved type 'ModuleDeclarationFact'	8	unique_decl_unresolved_mechanism_unobserved
dag/test/claim/module_impact_query_witness_test.dag	ModuleDeclarationFact	type	v2.lens.module_graph	1	unobserved	unobserved	unobserved	unresolved	unresolved type 'ModuleDeclarationFact'	8	unique_decl_unresolved_mechanism_unobserved
dag/test/claim/module_impact_query_witness_test.dag	ModuleDeclarationFact	type	v2.lens.module_graph	1	unobserved	unobserved	unobserved	unresolved	unresolved type 'ModuleDeclarationFact'	8	unique_decl_unresolved_mechanism_unobserved
dag/test/claim/module_impact_query_witness_test.dag	ModuleDeclarationFact	type	v2.lens.module_graph	1	unobserved	unobserved	unobserved	unresolved	unresolved type 'ModuleDeclarationFact'	8	unique_decl_unresolved_mechanism_unobserved
dag/test/claim/module_impact_query_witness_test.dag	ModuleDeclarationFact	type	v2.lens.module_graph	1	unobserved	unobserved	unobserved	unresolved	unresolved type 'ModuleDeclarationFact'	8	unique_decl_unresolved_mechanism_unobserved
dag/test/claim/module_impact_query_witness_test.dag	ModuleDeclarationFact	type	v2.lens.module_graph	1	unobserved	unobserved	unobserved	unresolved	unresolved type 'ModuleDeclarationFact'	8	unique_decl_unresolved_mechanism_unobserved
dag/test/claim/module_impact_query_witness_test.dag	ModuleDeclarationFact	type	v2.lens.module_graph	1	unobserved	unobserved	unobserved	unresolved	unresolved type 'ModuleDeclarationFact'	8	unique_decl_unresolved_mechanism_unobserved
dag/test/claim/module_impact_query_witness_test.dag	ModuleDeclarationFact	type	v2.lens.module_graph	1	unobserved	unobserved	unobserved	unresolved	unresolved type 'ModuleDeclarationFact'	8	unique_decl_unresolved_mechanism_unobserved
dag/test/claim/module_impact_query_witness_test.dag	ModuleDependencyEdge	type	v2.lens.module_graph	1	unobserved	unobserved	unobserved	unresolved	unresolved type 'ModuleDependencyEdge'	16	unique_decl_unresolved_mechanism_unobserved
dag/test/claim/module_impact_query_witness_test.dag	ModuleDependencyEdge	type	v2.lens.module_graph	1	unobserved	unobserved	unobserved	unresolved	unresolved type 'ModuleDependencyEdge'	16	unique_decl_unresolved_mechanism_unobserved
dag/test/claim/module_impact_query_witness_test.dag	ModuleDependencyEdge	type	v2.lens.module_graph	1	unobserved	unobserved	unobserved	unresolved	unresolved type 'ModuleDependencyEdge'	16	unique_decl_unresolved_mechanism_unobserved
dag/test/claim/module_impact_query_witness_test.dag	ModuleDependencyEdge	type	v2.lens.module_graph	1	unobserved	unobserved	unobserved	unresolved	unresolved type 'ModuleDependencyEdge'	16	unique_decl_unresolved_mechanism_unobserved
dag/test/claim/module_impact_query_witness_test.dag	ModuleDependencyEdge	type	v2.lens.module_graph	1	unobserved	unobserved	unobserved	unresolved	unresolved type 'ModuleDependencyEdge'	16	unique_decl_unresolved_mechanism_unobserved
dag/test/claim/module_impact_query_witness_test.dag	ModuleDependencyEdge	type	v2.lens.module_graph	1	unobserved	unobserved	unobserved	unresolved	unresolved type 'ModuleDependencyEdge'	16	unique_decl_unresolved_mechanism_unobserved
dag/test/claim/module_impact_query_witness_test.dag	ModuleDependencyEdge	type	v2.lens.module_graph	1	unobserved	unobserved	unobserved	unresolved	unresolved type 'ModuleDependencyEdge'	16	unique_decl_unresolved_mechanism_unobserved
dag/test/claim/module_impact_query_witness_test.dag	ModuleDependencyEdge	type	v2.lens.module_graph	1	unobserved	unobserved	unobserved	unresolved	unresolved type 'ModuleDependencyEdge'	16	unique_decl_unresolved_mechanism_unobserved
dag/test/claim/module_impact_query_witness_test.dag	ModuleDependencyEdge	type	v2.lens.module_graph	1	unobserved	unobserved	unobserved	unresolved	unresolved type 'ModuleDependencyEdge'	16	unique_decl_unresolved_mechanism_unobserved
dag/test/claim/module_impact_query_witness_test.dag	ModuleDependencyEdge	type	v2.lens.module_graph	1	unobserved	unobserved	unobserved	unresolved	unresolved type 'ModuleDependencyEdge'	16	unique_decl_unresolved_mechanism_unobserved
dag/test/claim/module_impact_query_witness_test.dag	ModuleDependencyEdge	type	v2.lens.module_graph	1	unobserved	unobserved	unobserved	unresolved	unresolved type 'ModuleDependencyEdge'	16	unique_decl_unresolved_mechanism_unobserved
dag/test/claim/module_impact_query_witness_test.dag	ModuleDependencyEdge	type	v2.lens.module_graph	1	unobserved	unobserved	unobserved	unresolved	unresolved type 'ModuleDependencyEdge'	16	unique_decl_unresolved_mechanism_unobserved
dag/test/claim/module_impact_query_witness_test.dag	ModuleDependencyEdge	type	v2.lens.module_graph	1	unobserved	unobserved	unobserved	unresolved	unresolved type 'ModuleDependencyEdge'	16	unique_decl_unresolved_mechanism_unobserved
dag/test/claim/module_impact_query_witness_test.dag	ModuleDependencyEdge	type	v2.lens.module_graph	1	unobserved	unobserved	unobserved	unresolved	unresolved type 'ModuleDependencyEdge'	16	unique_decl_unresolved_mechanism_unobserved
dag/test/claim/module_impact_query_witness_test.dag	ModuleDependencyEdge	type	v2.lens.module_graph	1	unobserved	unobserved	unobserved	unresolved	unresolved type 'ModuleDependencyEdge'	16	unique_decl_unresolved_mechanism_unobserved
dag/test/claim/module_impact_query_witness_test.dag	ModuleDependencyEdge	type	v2.lens.module_graph	1	unobserved	unobserved	unobserved	unresolved	unresolved type 'ModuleDependencyEdge'	16	unique_decl_unresolved_mechanism_unobserved
dag/test/claim/module_impact_query_witness_test.dag	ModuleDependencyEdge	type	v2.lens.module_graph	1	unobserved	unobserved	unobserved	unresolved	unresolved type 'ModuleDependencyEdge'	16	unique_decl_unresolved_mechanism_unobserved
dag/tools/dag_compile_clean_scope.dag	entry_affected_by_touched_paths	callee	v2.lens.module_graph	1	unobserved	unobserved	unobserved	unresolved	function 'entry_affected_by_touched_paths' not found in scope	0	unique_decl_unresolved_mechanism_unobserved
dag/tools/module_impact_query_front_door.dag	ImportResolutionFact	type	v2.lens.module_graph	1	unobserved	unobserved	unobserved	unresolved	unresolved type 'ImportResolutionFact'	0	unique_decl_unresolved_mechanism_unobserved
dag/tools/module_impact_query_front_door.dag	ModuleDeclarationFact	type	v2.lens.module_graph	1	unobserved	unobserved	unobserved	unresolved	unresolved type 'ModuleDeclarationFact'	1	unique_decl_unresolved_mechanism_unobserved
dag/tools/module_impact_query_front_door.dag	ModuleDeclarationFact	type	v2.lens.module_graph	1	unobserved	unobserved	unobserved	unresolved	unresolved type 'ModuleDeclarationFact'	1	unique_decl_unresolved_mechanism_unobserved
dag/tools/module_impact_query_front_door.dag	ModuleDependencyEdge	type	v2.lens.module_graph	1	unobserved	unobserved	unobserved	unresolved	unresolved type 'ModuleDependencyEdge'	0	unique_decl_unresolved_mechanism_unobserved
dag/tools/module_impact_query_front_door.dag	dependency_resolution_facts_live	callee	v2.lens.module_graph	1	unobserved	unobserved	unobserved	unresolved	function 'dependency_resolution_facts_live' not found in scope	0	unique_decl_unresolved_mechanism_unobserved
dag/tools/module_impact_query_front_door.dag	import_resolution_facts_live	callee	v2.lens.module_graph	1	unobserved	unobserved	unobserved	unresolved	function 'import_resolution_facts_live' not found in scope	0	unique_decl_unresolved_mechanism_unobserved
dag/tools/module_impact_query_front_door.dag	module_declaration_facts_live	callee	v2.lens.module_graph	1	unobserved	unobserved	unobserved	unresolved	function 'module_declaration_facts_live' not found in scope	0	unique_decl_unresolved_mechanism_unobserved
dag/test/claim/module_impact_query_witness_test.dag	ChangedSurfaceImpactOutcome	type	v2.lens.module_impact_query	1	unobserved	unobserved	unobserved	unresolved	unresolved type 'ChangedSurfaceImpactOutcome'	2	unique_decl_unresolved_mechanism_unobserved
dag/test/claim/module_impact_query_witness_test.dag	ChangedSurfaceImpactOutcome	type	v2.lens.module_impact_query	1	unobserved	unobserved	unobserved	unresolved	unresolved type 'ChangedSurfaceImpactOutcome'	2	unique_decl_unresolved_mechanism_unobserved
dag/test/claim/module_impact_query_witness_test.dag	ChangedSurfaceImpactOutcome	type	v2.lens.module_impact_query	1	unobserved	unobserved	unobserved	unresolved	unresolved type 'ChangedSurfaceImpactOutcome'	2	unique_decl_unresolved_mechanism_unobserved
dag/test/claim/module_impact_query_witness_test.dag	ImpactCycle	type	v2.lens.module_impact_query	1	unobserved	unobserved	unobserved	unresolved	unresolved type 'ImpactCycle'	0	unique_decl_unresolved_mechanism_unobserved
dag/test/claim/module_impact_query_witness_test.dag	ImpactReading	type	v2.lens.module_impact_query	1	unobserved	unobserved	unobserved	unresolved	unresolved type 'ImpactReading'	3	unique_decl_unresolved_mechanism_unobserved
dag/test/claim/module_impact_query_witness_test.dag	ImpactReading	type	v2.lens.module_impact_query	1	unobserved	unobserved	unobserved	unresolved	unresolved type 'ImpactReading'	3	unique_decl_unresolved_mechanism_unobserved
dag/test/claim/module_impact_query_witness_test.dag	ImpactReading	type	v2.lens.module_impact_query	1	unobserved	unobserved	unobserved	unresolved	unresolved type 'ImpactReading'	3	unique_decl_unresolved_mechanism_unobserved
dag/test/claim/module_impact_query_witness_test.dag	ImpactReading	type	v2.lens.module_impact_query	1	unobserved	unobserved	unobserved	unresolved	unresolved type 'ImpactReading'	3	unique_decl_unresolved_mechanism_unobserved
dag/test/claim/module_impact_query_witness_test.dag	ModuleIdentity	type	v2.lens.module_impact_query	1	unobserved	unobserved	unobserved	unresolved	unresolved type 'ModuleIdentity'	15	unique_decl_unresolved_mechanism_unobserved
dag/test/claim/module_impact_query_witness_test.dag	ModuleIdentity	type	v2.lens.module_impact_query	1	unobserved	unobserved	unobserved	unresolved	unresolved type 'ModuleIdentity'	15	unique_decl_unresolved_mechanism_unobserved
dag/test/claim/module_impact_query_witness_test.dag	ModuleIdentity	type	v2.lens.module_impact_query	1	unobserved	unobserved	unobserved	unresolved	unresolved type 'ModuleIdentity'	15	unique_decl_unresolved_mechanism_unobserved
dag/test/claim/module_impact_query_witness_test.dag	ModuleIdentity	type	v2.lens.module_impact_query	1	unobserved	unobserved	unobserved	unresolved	unresolved type 'ModuleIdentity'	15	unique_decl_unresolved_mechanism_unobserved
dag/test/claim/module_impact_query_witness_test.dag	ModuleIdentity	type	v2.lens.module_impact_query	1	unobserved	unobserved	unobserved	unresolved	unresolved type 'ModuleIdentity'	15	unique_decl_unresolved_mechanism_unobserved
dag/test/claim/module_impact_query_witness_test.dag	ModuleIdentity	type	v2.lens.module_impact_query	1	unobserved	unobserved	unobserved	unresolved	unresolved type 'ModuleIdentity'	15	unique_decl_unresolved_mechanism_unobserved
dag/test/claim/module_impact_query_witness_test.dag	ModuleIdentity	type	v2.lens.module_impact_query	1	unobserved	unobserved	unobserved	unresolved	unresolved type 'ModuleIdentity'	15	unique_decl_unresolved_mechanism_unobserved
dag/test/claim/module_impact_query_witness_test.dag	ModuleIdentity	type	v2.lens.module_impact_query	1	unobserved	unobserved	unobserved	unresolved	unresolved type 'ModuleIdentity'	15	unique_decl_unresolved_mechanism_unobserved
dag/test/claim/module_impact_query_witness_test.dag	ModuleIdentity	type	v2.lens.module_impact_query	1	unobserved	unobserved	unobserved	unresolved	unresolved type 'ModuleIdentity'	15	unique_decl_unresolved_mechanism_unobserved
dag/test/claim/module_impact_query_witness_test.dag	ModuleIdentity	type	v2.lens.module_impact_query	1	unobserved	unobserved	unobserved	unresolved	unresolved type 'ModuleIdentity'	15	unique_decl_unresolved_mechanism_unobserved
dag/test/claim/module_impact_query_witness_test.dag	ModuleIdentity	type	v2.lens.module_impact_query	1	unobserved	unobserved	unobserved	unresolved	unresolved type 'ModuleIdentity'	15	unique_decl_unresolved_mechanism_unobserved
dag/test/claim/module_impact_query_witness_test.dag	ModuleIdentity	type	v2.lens.module_impact_query	1	unobserved	unobserved	unobserved	unresolved	unresolved type 'ModuleIdentity'	15	unique_decl_unresolved_mechanism_unobserved
dag/test/claim/module_impact_query_witness_test.dag	ModuleIdentity	type	v2.lens.module_impact_query	1	unobserved	unobserved	unobserved	unresolved	unresolved type 'ModuleIdentity'	15	unique_decl_unresolved_mechanism_unobserved
dag/test/claim/module_impact_query_witness_test.dag	ModuleIdentity	type	v2.lens.module_impact_query	1	unobserved	unobserved	unobserved	unresolved	unresolved type 'ModuleIdentity'	15	unique_decl_unresolved_mechanism_unobserved
dag/test/claim/module_impact_query_witness_test.dag	ModuleIdentity	type	v2.lens.module_impact_query	1	unobserved	unobserved	unobserved	unresolved	unresolved type 'ModuleIdentity'	15	unique_decl_unresolved_mechanism_unobserved
dag/test/claim/module_impact_query_witness_test.dag	ModuleIdentity	type	v2.lens.module_impact_query	1	unobserved	unobserved	unobserved	unresolved	unresolved type 'ModuleIdentity'	15	unique_decl_unresolved_mechanism_unobserved
dag/test/claim/module_impact_query_witness_test.dag	changed_surface_impact_outcome	callee	v2.lens.module_impact_query	1	unobserved	unobserved	unobserved	unresolved	function 'changed_surface_impact_outcome' not found in scope	0	unique_decl_unresolved_mechanism_unobserved
dag/test/claim/module_impact_query_witness_test.dag	changed_surface_skip_authority	callee	v2.lens.module_impact_query	1	unobserved	unobserved	unobserved	unresolved	function 'changed_surface_skip_authority' not found in scope	2	unique_decl_unresolved_mechanism_unobserved
dag/test/claim/module_impact_query_witness_test.dag	changed_surface_skip_authority	callee	v2.lens.module_impact_query	1	unobserved	unobserved	unobserved	unresolved	function 'changed_surface_skip_authority' not found in scope	2	unique_decl_unresolved_mechanism_unobserved
dag/test/claim/module_impact_query_witness_test.dag	changed_surface_skip_authority	callee	v2.lens.module_impact_query	1	unobserved	unobserved	unobserved	unresolved	function 'changed_surface_skip_authority' not found in scope	2	unique_decl_unresolved_mechanism_unobserved
dag/test/claim/module_impact_query_witness_test.dag	impact_paths_for_module	callee	v2.lens.module_impact_query	1	unobserved	unobserved	unobserved	unresolved	function 'impact_paths_for_module' not found in scope	0	unique_decl_unresolved_mechanism_unobserved
dag/test/claim/module_impact_query_witness_test.dag	impact_seeds_for_path	callee	v2.lens.module_impact_query	1	unobserved	unobserved	unobserved	unresolved	function 'impact_seeds_for_path' not found in scope	1	unique_decl_unresolved_mechanism_unobserved
dag/test/claim/module_impact_query_witness_test.dag	impact_seeds_for_path	callee	v2.lens.module_impact_query	1	unobserved	unobserved	unobserved	unresolved	function 'impact_seeds_for_path' not found in scope	1	unique_decl_unresolved_mechanism_unobserved
dag/test/claim/module_impact_query_witness_test.dag	module_cycle_analysis	callee	v2.lens.module_impact_query	1	unobserved	unobserved	unobserved	unresolved	function 'module_cycle_analysis' not found in scope	6	unique_decl_unresolved_mechanism_unobserved
dag/test/claim/module_impact_query_witness_test.dag	module_cycle_analysis	callee	v2.lens.module_impact_query	1	unobserved	unobserved	unobserved	unresolved	function 'module_cycle_analysis' not found in scope	6	unique_decl_unresolved_mechanism_unobserved
dag/test/claim/module_impact_query_witness_test.dag	module_cycle_analysis	callee	v2.lens.module_impact_query	1	unobserved	unobserved	unobserved	unresolved	function 'module_cycle_analysis' not found in scope	6	unique_decl_unresolved_mechanism_unobserved
dag/test/claim/module_impact_query_witness_test.dag	module_cycle_analysis	callee	v2.lens.module_impact_query	1	unobserved	unobserved	unobserved	unresolved	function 'module_cycle_analysis' not found in scope	6	unique_decl_unresolved_mechanism_unobserved
dag/test/claim/module_impact_query_witness_test.dag	module_cycle_analysis	callee	v2.lens.module_impact_query	1	unobserved	unobserved	unobserved	unresolved	function 'module_cycle_analysis' not found in scope	6	unique_decl_unresolved_mechanism_unobserved
dag/test/claim/module_impact_query_witness_test.dag	module_cycle_analysis	callee	v2.lens.module_impact_query	1	unobserved	unobserved	unobserved	unresolved	function 'module_cycle_analysis' not found in scope	6	unique_decl_unresolved_mechanism_unobserved
dag/test/claim/module_impact_query_witness_test.dag	module_cycle_analysis	callee	v2.lens.module_impact_query	1	unobserved	unobserved	unobserved	unresolved	function 'module_cycle_analysis' not found in scope	6	unique_decl_unresolved_mechanism_unobserved
dag/test/claim/module_impact_query_witness_test.dag	module_impact_reading	callee	v2.lens.module_impact_query	1	unobserved	unobserved	unobserved	unresolved	function 'module_impact_reading' not found in scope	8	unique_decl_unresolved_mechanism_unobserved
dag/test/claim/module_impact_query_witness_test.dag	module_impact_reading	callee	v2.lens.module_impact_query	1	unobserved	unobserved	unobserved	unresolved	function 'module_impact_reading' not found in scope	8	unique_decl_unresolved_mechanism_unobserved
dag/test/claim/module_impact_query_witness_test.dag	module_impact_reading	callee	v2.lens.module_impact_query	1	unobserved	unobserved	unobserved	unresolved	function 'module_impact_reading' not found in scope	8	unique_decl_unresolved_mechanism_unobserved
dag/test/claim/module_impact_query_witness_test.dag	module_impact_reading	callee	v2.lens.module_impact_query	1	unobserved	unobserved	unobserved	unresolved	function 'module_impact_reading' not found in scope	8	unique_decl_unresolved_mechanism_unobserved
dag/test/claim/module_impact_query_witness_test.dag	module_impact_reading	callee	v2.lens.module_impact_query	1	unobserved	unobserved	unobserved	unresolved	function 'module_impact_reading' not found in scope	8	unique_decl_unresolved_mechanism_unobserved
dag/test/claim/module_impact_query_witness_test.dag	module_impact_reading	callee	v2.lens.module_impact_query	1	unobserved	unobserved	unobserved	unresolved	function 'module_impact_reading' not found in scope	8	unique_decl_unresolved_mechanism_unobserved
dag/test/claim/module_impact_query_witness_test.dag	module_impact_reading	callee	v2.lens.module_impact_query	1	unobserved	unobserved	unobserved	unresolved	function 'module_impact_reading' not found in scope	8	unique_decl_unresolved_mechanism_unobserved
dag/test/claim/module_impact_query_witness_test.dag	module_impact_reading	callee	v2.lens.module_impact_query	1	unobserved	unobserved	unobserved	unresolved	function 'module_impact_reading' not found in scope	8	unique_decl_unresolved_mechanism_unobserved
dag/test/claim/module_impact_query_witness_test.dag	module_impact_reading	callee	v2.lens.module_impact_query	1	unobserved	unobserved	unobserved	unresolved	function 'module_impact_reading' not found in scope	8	unique_decl_unresolved_mechanism_unobserved
dag/tools/module_impact_query_front_door.dag	ChangedPathSeeds	type	v2.lens.module_impact_query	1	unobserved	unobserved	unobserved	unresolved	unresolved type 'ChangedPathSeeds'	0	unique_decl_unresolved_mechanism_unobserved
dag/tools/module_impact_query_front_door.dag	ChangedSurfaceImpactOutcome	type	v2.lens.module_impact_query	1	unobserved	unobserved	unobserved	unresolved	unresolved type 'ChangedSurfaceImpactOutcome'	1	unique_decl_unresolved_mechanism_unobserved
dag/tools/module_impact_query_front_door.dag	ChangedSurfaceImpactOutcome	type	v2.lens.module_impact_query	1	unobserved	unobserved	unobserved	unresolved	unresolved type 'ChangedSurfaceImpactOutcome'	1	unique_decl_unresolved_mechanism_unobserved
dag/tools/module_impact_query_front_door.dag	ImpactCycle	type	v2.lens.module_impact_query	1	unobserved	unobserved	unobserved	unresolved	unresolved type 'ImpactCycle'	0	unique_decl_unresolved_mechanism_unobserved
dag/tools/module_impact_query_front_door.dag	ImpactReading	type	v2.lens.module_impact_query	1	unobserved	unobserved	unobserved	unresolved	unresolved type 'ImpactReading'	4	unique_decl_unresolved_mechanism_unobserved
dag/tools/module_impact_query_front_door.dag	ImpactReading	type	v2.lens.module_impact_query	1	unobserved	unobserved	unobserved	unresolved	unresolved type 'ImpactReading'	4	unique_decl_unresolved_mechanism_unobserved
dag/tools/module_impact_query_front_door.dag	ImpactReading	type	v2.lens.module_impact_query	1	unobserved	unobserved	unobserved	unresolved	unresolved type 'ImpactReading'	4	unique_decl_unresolved_mechanism_unobserved
dag/tools/module_impact_query_front_door.dag	ImpactReading	type	v2.lens.module_impact_query	1	unobserved	unobserved	unobserved	unresolved	unresolved type 'ImpactReading'	4	unique_decl_unresolved_mechanism_unobserved
dag/tools/module_impact_query_front_door.dag	ImpactReading	type	v2.lens.module_impact_query	1	unobserved	unobserved	unobserved	unresolved	unresolved type 'ImpactReading'	4	unique_decl_unresolved_mechanism_unobserved
dag/tools/module_impact_query_front_door.dag	ImpactStandingCause	type	v2.lens.module_impact_query	1	unobserved	unobserved	unobserved	unresolved	unresolved type 'ImpactStandingCause'	0	unique_decl_unresolved_mechanism_unobserved
dag/tools/module_impact_query_front_door.dag	ModuleIdentity	type	v2.lens.module_impact_query	1	unobserved	unobserved	unobserved	unresolved	unresolved type 'ModuleIdentity'	2	unique_decl_unresolved_mechanism_unobserved
dag/tools/module_impact_query_front_door.dag	ModuleIdentity	type	v2.lens.module_impact_query	1	unobserved	unobserved	unobserved	unresolved	unresolved type 'ModuleIdentity'	2	unique_decl_unresolved_mechanism_unobserved
dag/tools/module_impact_query_front_door.dag	ModuleIdentity	type	v2.lens.module_impact_query	1	unobserved	unobserved	unobserved	unresolved	unresolved type 'ModuleIdentity'	2	unique_decl_unresolved_mechanism_unobserved
dag/tools/module_impact_query_front_door.dag	SkipAuthority	type	v2.lens.module_impact_query	1	unobserved	unobserved	unobserved	unresolved	unresolved type 'SkipAuthority'	0	unique_decl_unresolved_mechanism_unobserved
dag/tools/module_impact_query_front_door.dag	UnresolvedSubject	type	v2.lens.module_impact_query	1	unobserved	unobserved	unobserved	unresolved	unresolved type 'UnresolvedSubject'	0	unique_decl_unresolved_mechanism_unobserved
dag/tools/module_impact_query_front_door.dag	changed_surface_impact_outcome	callee	v2.lens.module_impact_query	1	unobserved	unobserved	unobserved	unresolved	function 'changed_surface_impact_outcome' not found in scope	0	unique_decl_unresolved_mechanism_unobserved
dag/tools/module_impact_query_front_door.dag	changed_surface_skip_authority	callee	v2.lens.module_impact_query	1	unobserved	unobserved	unobserved	unresolved	function 'changed_surface_skip_authority' not found in scope	1	unique_decl_unresolved_mechanism_unobserved
dag/tools/module_impact_query_front_door.dag	changed_surface_skip_authority	callee	v2.lens.module_impact_query	1	unobserved	unobserved	unobserved	unresolved	function 'changed_surface_skip_authority' not found in scope	1	unique_decl_unresolved_mechanism_unobserved
dag/tools/module_impact_query_front_door.dag	impact_paths_for_module	callee	v2.lens.module_impact_query	1	unobserved	unobserved	unobserved	unresolved	function 'impact_paths_for_module' not found in scope	0	unique_decl_unresolved_mechanism_unobserved
dag/tools/module_impact_query_front_door.dag	impact_seeds_for_path	callee	v2.lens.module_impact_query	1	unobserved	unobserved	unobserved	unresolved	function 'impact_seeds_for_path' not found in scope	0	unique_decl_unresolved_mechanism_unobserved
dag/tools/module_impact_query_front_door.dag	module_cycle_analysis	callee	v2.lens.module_impact_query	1	unobserved	unobserved	unobserved	unresolved	function 'module_cycle_analysis' not found in scope	0	unique_decl_unresolved_mechanism_unobserved
dag/tools/module_impact_query_front_door.dag	module_impact_reading	callee	v2.lens.module_impact_query	1	unobserved	unobserved	unobserved	unresolved	function 'module_impact_reading' not found in scope	2	unique_decl_unresolved_mechanism_unobserved
dag/tools/module_impact_query_front_door.dag	module_impact_reading	callee	v2.lens.module_impact_query	1	unobserved	unobserved	unobserved	unresolved	function 'module_impact_reading' not found in scope	2	unique_decl_unresolved_mechanism_unobserved
dag/tools/module_impact_query_front_door.dag	module_impact_reading	callee	v2.lens.module_impact_query	1	unobserved	unobserved	unobserved	unresolved	function 'module_impact_reading' not found in scope	2	unique_decl_unresolved_mechanism_unobserved
dag/gunbc/realization_vocab_confinement_census.dag	realization_edge_path_prefixes	value	v2.lens.realization_vocabulary_containment	1	unobserved	unobserved	unobserved	unresolved	undefined variable 'realization_edge_path_prefixes'	3	unique_decl_unresolved_mechanism_unobserved
dag/gunbc/realization_vocab_confinement_census.dag	realization_edge_path_prefixes	value	v2.lens.realization_vocabulary_containment	1	unobserved	unobserved	unobserved	unresolved	undefined variable 'realization_edge_path_prefixes'	3	unique_decl_unresolved_mechanism_unobserved
dag/gunbc/realization_vocab_confinement_census.dag	realization_edge_path_prefixes	value	v2.lens.realization_vocabulary_containment	1	unobserved	unobserved	unobserved	unresolved	undefined variable 'realization_edge_path_prefixes'	3	unique_decl_unresolved_mechanism_unobserved
dag/gunbc/realization_vocab_confinement_census.dag	realization_edge_path_prefixes	value	v2.lens.realization_vocabulary_containment	1	unobserved	unobserved	unobserved	unresolved	undefined variable 'realization_edge_path_prefixes'	3	unique_decl_unresolved_mechanism_unobserved
dag/gunbc/realization_vocab_confinement_census.dag	realization_vocab_grandfathered_edge_keys	callee	v2.lens.realization_vocabulary_containment	1	unobserved	unobserved	unobserved	unresolved	function 'realization_vocab_grandfathered_edge_keys' not found in scope	1	unique_decl_unresolved_mechanism_unobserved
dag/gunbc/realization_vocab_confinement_census.dag	realization_vocab_grandfathered_edge_keys	callee	v2.lens.realization_vocabulary_containment	1	unobserved	unobserved	unobserved	unresolved	function 'realization_vocab_grandfathered_edge_keys' not found in scope	1	unique_decl_unresolved_mechanism_unobserved
dag/gunbc/realization_vocab_confinement_census.dag	target_ast_vocab_module_prefixes	value	v2.lens.realization_vocabulary_containment	1	unobserved	unobserved	unobserved	unresolved	undefined variable 'target_ast_vocab_module_prefixes'	3	unique_decl_unresolved_mechanism_unobserved
dag/gunbc/realization_vocab_confinement_census.dag	target_ast_vocab_module_prefixes	value	v2.lens.realization_vocabulary_containment	1	unobserved	unobserved	unobserved	unresolved	undefined variable 'target_ast_vocab_module_prefixes'	3	unique_decl_unresolved_mechanism_unobserved
dag/gunbc/realization_vocab_confinement_census.dag	target_ast_vocab_module_prefixes	value	v2.lens.realization_vocabulary_containment	1	unobserved	unobserved	unobserved	unresolved	undefined variable 'target_ast_vocab_module_prefixes'	3	unique_decl_unresolved_mechanism_unobserved
dag/gunbc/realization_vocab_confinement_census.dag	target_ast_vocab_module_prefixes	value	v2.lens.realization_vocabulary_containment	1	unobserved	unobserved	unobserved	unresolved	undefined variable 'target_ast_vocab_module_prefixes'	3	unique_decl_unresolved_mechanism_unobserved
dag/gunbc/realization_vocab_confinement_census.dag	target_ast_vocab_modules	value	v2.lens.realization_vocabulary_containment	1	unobserved	unobserved	unobserved	unresolved	undefined variable 'target_ast_vocab_modules'	2	unique_decl_unresolved_mechanism_unobserved
dag/gunbc/realization_vocab_confinement_census.dag	target_ast_vocab_modules	value	v2.lens.realization_vocabulary_containment	1	unobserved	unobserved	unobserved	unresolved	undefined variable 'target_ast_vocab_modules'	2	unique_decl_unresolved_mechanism_unobserved
dag/gunbc/realization_vocab_confinement_census.dag	target_ast_vocab_modules	value	v2.lens.realization_vocabulary_containment	1	unobserved	unobserved	unobserved	unresolved	undefined variable 'target_ast_vocab_modules'	2	unique_decl_unresolved_mechanism_unobserved
dag/test/claim/realization_vocab_confinement_census_test.dag	realization_edge_path_prefixes	value	v2.lens.realization_vocabulary_containment	1	unobserved	unobserved	unobserved	unresolved	undefined variable 'realization_edge_path_prefixes'	0	unique_decl_unresolved_mechanism_unobserved
dag/test/claim/realization_vocab_confinement_census_test.dag	realization_vocab_grandfathered_edge_keys	callee	v2.lens.realization_vocabulary_containment	1	unobserved	unobserved	unobserved	unresolved	function 'realization_vocab_grandfathered_edge_keys' not found in scope	0	unique_decl_unresolved_mechanism_unobserved
dag/test/claim/realization_vocab_confinement_census_test.dag	target_ast_vocab_module_prefixes	value	v2.lens.realization_vocabulary_containment	1	unobserved	unobserved	unobserved	unresolved	undefined variable 'target_ast_vocab_module_prefixes'	1	unique_decl_unresolved_mechanism_unobserved
dag/test/claim/realization_vocab_confinement_census_test.dag	target_ast_vocab_module_prefixes	value	v2.lens.realization_vocabulary_containment	1	unobserved	unobserved	unobserved	unresolved	undefined variable 'target_ast_vocab_module_prefixes'	1	unique_decl_unresolved_mechanism_unobserved
dag/test/claim/realization_vocab_confinement_census_test.dag	target_ast_vocab_modules	value	v2.lens.realization_vocabulary_containment	1	unobserved	unobserved	unobserved	unresolved	undefined variable 'target_ast_vocab_modules'	0	unique_decl_unresolved_mechanism_unobserved
dag/extdeps/github/app.dag	fold_list	callee	v2.std.algebra	1	unobserved	unobserved	unobserved	unresolved	function 'fold_list' not found in scope	5	unique_decl_unresolved_mechanism_unobserved
dag/extdeps/github/app.dag	fold_list	callee	v2.std.algebra	1	unobserved	unobserved	unobserved	unresolved	function 'fold_list' not found in scope	5	unique_decl_unresolved_mechanism_unobserved
dag/extdeps/github/app.dag	fold_list	callee	v2.std.algebra	1	unobserved	unobserved	unobserved	unresolved	function 'fold_list' not found in scope	5	unique_decl_unresolved_mechanism_unobserved
dag/extdeps/github/app.dag	fold_list	callee	v2.std.algebra	1	unobserved	unobserved	unobserved	unresolved	function 'fold_list' not found in scope	5	unique_decl_unresolved_mechanism_unobserved
dag/extdeps/github/app.dag	fold_list	callee	v2.std.algebra	1	unobserved	unobserved	unobserved	unresolved	function 'fold_list' not found in scope	5	unique_decl_unresolved_mechanism_unobserved
dag/extdeps/github/app.dag	fold_list	callee	v2.std.algebra	1	unobserved	unobserved	unobserved	unresolved	function 'fold_list' not found in scope	5	unique_decl_unresolved_mechanism_unobserved
dag/extdeps/github/effect.dag	fold_list	callee	v2.std.algebra	1	unobserved	unobserved	unobserved	unresolved	function 'fold_list' not found in scope	0	unique_decl_unresolved_mechanism_unobserved
dag/extdeps/llm/claude_agent_sdk_stream.dag	list_snoc_item	callee	v2.std.algebra	1	unobserved	unobserved	unobserved	unresolved	function 'list_snoc_item' not found in scope	0	unique_decl_unresolved_mechanism_unobserved
dag/gunbc/auth/secret_rotation.dag	fold_list	callee	v2.std.algebra	1	unobserved	unobserved	unobserved	unresolved	function 'fold_list' not found in scope	3	unique_decl_unresolved_mechanism_unobserved
dag/gunbc/auth/secret_rotation.dag	fold_list	callee	v2.std.algebra	1	unobserved	unobserved	unobserved	unresolved	function 'fold_list' not found in scope	3	unique_decl_unresolved_mechanism_unobserved
dag/gunbc/auth/secret_rotation.dag	fold_list	callee	v2.std.algebra	1	unobserved	unobserved	unobserved	unresolved	function 'fold_list' not found in scope	3	unique_decl_unresolved_mechanism_unobserved
dag/gunbc/auth/secret_rotation.dag	fold_list	callee	v2.std.algebra	1	unobserved	unobserved	unobserved	unresolved	function 'fold_list' not found in scope	3	unique_decl_unresolved_mechanism_unobserved
dag/gunbc/ci_deploy_access_observe.dag	fold_list	callee	v2.std.algebra	1	unobserved	unobserved	unobserved	unresolved	function 'fold_list' not found in scope	0	unique_decl_unresolved_mechanism_unobserved
dag/gunbc/ci_deploy_access_observe.dag	list_snoc_item	callee	v2.std.algebra	1	unobserved	unobserved	unobserved	unresolved	function 'list_snoc_item' not found in scope	1	unique_decl_unresolved_mechanism_unobserved
dag/gunbc/ci_deploy_access_observe.dag	list_snoc_item	callee	v2.std.algebra	1	unobserved	unobserved	unobserved	unresolved	function 'list_snoc_item' not found in scope	1	unique_decl_unresolved_mechanism_unobserved
dag/gunbc/ci_deploy_sudoers.dag	fold_list	callee	v2.std.algebra	1	unobserved	unobserved	unobserved	unresolved	function 'fold_list' not found in scope	1	unique_decl_unresolved_mechanism_unobserved
dag/gunbc/ci_deploy_sudoers.dag	fold_list	callee	v2.std.algebra	1	unobserved	unobserved	unobserved	unresolved	function 'fold_list' not found in scope	1	unique_decl_unresolved_mechanism_unobserved
dag/gunbc/ci_materialization.dag	for_all	callee	v2.std.algebra	1	unobserved	unobserved	unobserved	unresolved	function 'for_all' not found in scope	1	unique_decl_unresolved_mechanism_unobserved
dag/gunbc/ci_materialization.dag	for_all	callee	v2.std.algebra	1	unobserved	unobserved	unobserved	unresolved	function 'for_all' not found in scope	1	unique_decl_unresolved_mechanism_unobserved
dag/gunbc/doc_graph_roots.dag	list_flat_map	callee	v2.std.algebra	1	unobserved	unobserved	unobserved	unresolved	function 'list_flat_map' not found in scope	2	unique_decl_unresolved_mechanism_unobserved
dag/gunbc/doc_graph_roots.dag	list_flat_map	callee	v2.std.algebra	1	unobserved	unobserved	unobserved	unresolved	function 'list_flat_map' not found in scope	2	unique_decl_unresolved_mechanism_unobserved
dag/gunbc/doc_graph_roots.dag	list_flat_map	callee	v2.std.algebra	1	unobserved	unobserved	unobserved	unresolved	function 'list_flat_map' not found in scope	2	unique_decl_unresolved_mechanism_unobserved
dag/gunbc/econ/llm_attempt_receipt.dag	fold_list	callee	v2.std.algebra	1	unobserved	unobserved	unobserved	unresolved	function 'fold_list' not found in scope	2	unique_decl_unresolved_mechanism_unobserved
dag/gunbc/econ/llm_attempt_receipt.dag	fold_list	callee	v2.std.algebra	1	unobserved	unobserved	unobserved	unresolved	function 'fold_list' not found in scope	2	unique_decl_unresolved_mechanism_unobserved
dag/gunbc/econ/llm_attempt_receipt.dag	fold_list	callee	v2.std.algebra	1	unobserved	unobserved	unobserved	unresolved	function 'fold_list' not found in scope	2	unique_decl_unresolved_mechanism_unobserved
dag/gunbc/guarantee_probe_corpus.dag	fold_list	callee	v2.std.algebra	1	unobserved	unobserved	unobserved	unresolved	function 'fold_list' not found in scope	0	unique_decl_unresolved_mechanism_unobserved
dag/gunbc/heal_push_plan.dag	fold_list	callee	v2.std.algebra	1	unobserved	unobserved	unobserved	unresolved	function 'fold_list' not found in scope	3	unique_decl_unresolved_mechanism_unobserved
dag/gunbc/heal_push_plan.dag	fold_list	callee	v2.std.algebra	1	unobserved	unobserved	unobserved	unresolved	function 'fold_list' not found in scope	3	unique_decl_unresolved_mechanism_unobserved
dag/gunbc/heal_push_plan.dag	fold_list	callee	v2.std.algebra	1	unobserved	unobserved	unobserved	unresolved	function 'fold_list' not found in scope	3	unique_decl_unresolved_mechanism_unobserved
dag/gunbc/heal_push_plan.dag	fold_list	callee	v2.std.algebra	1	unobserved	unobserved	unobserved	unresolved	function 'fold_list' not found in scope	3	unique_decl_unresolved_mechanism_unobserved
dag/gunbc/host_assimilation_program.dag	fold_list	callee	v2.std.algebra	1	unobserved	unobserved	unobserved	unresolved	function 'fold_list' not found in scope	4	unique_decl_unresolved_mechanism_unobserved
dag/gunbc/host_assimilation_program.dag	fold_list	callee	v2.std.algebra	1	unobserved	unobserved	unobserved	unresolved	function 'fold_list' not found in scope	4	unique_decl_unresolved_mechanism_unobserved
dag/gunbc/host_assimilation_program.dag	fold_list	callee	v2.std.algebra	1	unobserved	unobserved	unobserved	unresolved	function 'fold_list' not found in scope	4	unique_decl_unresolved_mechanism_unobserved
dag/gunbc/host_assimilation_program.dag	fold_list	callee	v2.std.algebra	1	unobserved	unobserved	unobserved	unresolved	function 'fold_list' not found in scope	4	unique_decl_unresolved_mechanism_unobserved
dag/gunbc/host_assimilation_program.dag	fold_list	callee	v2.std.algebra	1	unobserved	unobserved	unobserved	unresolved	function 'fold_list' not found in scope	4	unique_decl_unresolved_mechanism_unobserved
dag/gunbc/host_effect_plan.dag	freemonoid_empty	callee	v2.std.algebra	1	unobserved	unobserved	unobserved	unresolved	function 'freemonoid_empty' not found in scope	1	unique_decl_unresolved_mechanism_unobserved
dag/gunbc/host_effect_plan.dag	freemonoid_empty	callee	v2.std.algebra	1	unobserved	unobserved	unobserved	unresolved	function 'freemonoid_empty' not found in scope	1	unique_decl_unresolved_mechanism_unobserved
dag/gunbc/host_effect_plan.dag	list_head	callee	v2.std.algebra	1	unobserved	unobserved	unobserved	unresolved	function 'list_head' not found in scope	1	unique_decl_unresolved_mechanism_unobserved
dag/gunbc/host_effect_plan.dag	list_head	callee	v2.std.algebra	1	unobserved	unobserved	unobserved	unresolved	function 'list_head' not found in scope	1	unique_decl_unresolved_mechanism_unobserved
dag/gunbc/host_effect_plan.dag	list_tail	callee	v2.std.algebra	1	unobserved	unobserved	unobserved	unresolved	function 'list_tail' not found in scope	1	unique_decl_unresolved_mechanism_unobserved
dag/gunbc/host_effect_plan.dag	list_tail	callee	v2.std.algebra	1	unobserved	unobserved	unobserved	unresolved	function 'list_tail' not found in scope	1	unique_decl_unresolved_mechanism_unobserved
dag/gunbc/host_effect_realize.dag	fold_list	callee	v2.std.algebra	1	unobserved	unobserved	unobserved	unresolved	function 'fold_list' not found in scope	0	unique_decl_unresolved_mechanism_unobserved
dag/gunbc/host_standup.dag	fold_list	callee	v2.std.algebra	1	unobserved	unobserved	unobserved	unresolved	function 'fold_list' not found in scope	2	unique_decl_unresolved_mechanism_unobserved
dag/gunbc/host_standup.dag	fold_list	callee	v2.std.algebra	1	unobserved	unobserved	unobserved	unresolved	function 'fold_list' not found in scope	2	unique_decl_unresolved_mechanism_unobserved
dag/gunbc/host_standup.dag	fold_list	callee	v2.std.algebra	1	unobserved	unobserved	unobserved	unresolved	function 'fold_list' not found in scope	2	unique_decl_unresolved_mechanism_unobserved
dag/gunbc/live_deploy/candidate.dag	list_append	callee	v2.std.algebra	1	unobserved	unobserved	unobserved	unresolved	function 'list_append' not found in scope	3	unique_decl_unresolved_mechanism_unobserved
dag/gunbc/live_deploy/candidate.dag	list_append	callee	v2.std.algebra	1	unobserved	unobserved	unobserved	unresolved	function 'list_append' not found in scope	3	unique_decl_unresolved_mechanism_unobserved
dag/gunbc/live_deploy/candidate.dag	list_append	callee	v2.std.algebra	1	unobserved	unobserved	unobserved	unresolved	function 'list_append' not found in scope	3	unique_decl_unresolved_mechanism_unobserved
dag/gunbc/live_deploy/candidate.dag	list_append	callee	v2.std.algebra	1	unobserved	unobserved	unobserved	unresolved	function 'list_append' not found in scope	3	unique_decl_unresolved_mechanism_unobserved
dag/gunbc/live_deploy/emit.dag	list_tail	callee	v2.std.algebra	1	unobserved	unobserved	unobserved	unresolved	function 'list_tail' not found in scope	0	unique_decl_unresolved_mechanism_unobserved
dag/gunbc/package_delivery.dag	filter	callee	v2.std.algebra	1	unobserved	unobserved	unobserved	unresolved	function 'filter' not found in scope	0	unique_decl_unresolved_mechanism_unobserved
dag/gunbc/roadmap_site_surface_expect.dag	list_append	callee	v2.std.algebra	1	unobserved	unobserved	unobserved	unresolved	function 'list_append' not found in scope	1	unique_decl_unresolved_mechanism_unobserved
dag/gunbc/roadmap_site_surface_expect.dag	list_append	callee	v2.std.algebra	1	unobserved	unobserved	unobserved	unresolved	function 'list_append' not found in scope	1	unique_decl_unresolved_mechanism_unobserved
dag/gunbc/roadmap_site_surface_render.dag	list_append	callee	v2.std.algebra	1	unobserved	unobserved	unobserved	unresolved	function 'list_append' not found in scope	0	unique_decl_unresolved_mechanism_unobserved
dag/gunbc/seed_growth_admission.dag	fold_list	callee	v2.std.algebra	1	unobserved	unobserved	unobserved	unresolved	function 'fold_list' not found in scope	0	unique_decl_unresolved_mechanism_unobserved
dag/gunbc/seed_growth_admission.dag	list_append	callee	v2.std.algebra	1	unobserved	unobserved	unobserved	unresolved	function 'list_append' not found in scope	0	unique_decl_unresolved_mechanism_unobserved
dag/gunbc/source_integration_landing_spine.dag	list_head	callee	v2.std.algebra	1	unobserved	unobserved	unobserved	unresolved	function 'list_head' not found in scope	0	unique_decl_unresolved_mechanism_unobserved
dag/gunbc/stage0_crate_layout_emit.dag	fold_list	callee	v2.std.algebra	1	unobserved	unobserved	unobserved	unresolved	function 'fold_list' not found in scope	1	unique_decl_unresolved_mechanism_unobserved
dag/gunbc/stage0_crate_layout_emit.dag	fold_list	callee	v2.std.algebra	1	unobserved	unobserved	unobserved	unresolved	function 'fold_list' not found in scope	1	unique_decl_unresolved_mechanism_unobserved
dag/gunbc/stage0_crate_partition_emit.dag	fold_list	callee	v2.std.algebra	1	unobserved	unobserved	unobserved	unresolved	function 'fold_list' not found in scope	1	unique_decl_unresolved_mechanism_unobserved
dag/gunbc/stage0_crate_partition_emit.dag	fold_list	callee	v2.std.algebra	1	unobserved	unobserved	unobserved	unresolved	function 'fold_list' not found in scope	1	unique_decl_unresolved_mechanism_unobserved
dag/gunbc/stage0_rust_host_observation.dag	fold_list	callee	v2.std.algebra	1	unobserved	unobserved	unobserved	unresolved	function 'fold_list' not found in scope	0	unique_decl_unresolved_mechanism_unobserved
dag/gunbc/stage0_rust_host_observation.dag	list_snoc_item	callee	v2.std.algebra	1	unobserved	unobserved	unobserved	unresolved	function 'list_snoc_item' not found in scope	0	unique_decl_unresolved_mechanism_unobserved
dag/gunbc/stage0_rust_lifecycle_totality.dag	fold_list	callee	v2.std.algebra	1	unobserved	unobserved	unobserved	unresolved	function 'fold_list' not found in scope	0	unique_decl_unresolved_mechanism_unobserved
dag/gunbc/stage0_rust_lifecycle_totality.dag	list_map	callee	v2.std.algebra	1	unobserved	unobserved	unobserved	unresolved	function 'list_map' not found in scope	2	unique_decl_unresolved_mechanism_unobserved
dag/gunbc/stage0_rust_lifecycle_totality.dag	list_map	callee	v2.std.algebra	1	unobserved	unobserved	unobserved	unresolved	function 'list_map' not found in scope	2	unique_decl_unresolved_mechanism_unobserved
dag/gunbc/stage0_rust_lifecycle_totality.dag	list_map	callee	v2.std.algebra	1	unobserved	unobserved	unobserved	unresolved	function 'list_map' not found in scope	2	unique_decl_unresolved_mechanism_unobserved
dag/gunbc/stage0_rust_lifecycle_totality.dag	list_snoc_item	callee	v2.std.algebra	1	unobserved	unobserved	unobserved	unresolved	function 'list_snoc_item' not found in scope	0	unique_decl_unresolved_mechanism_unobserved
dag/gunbc/stage0_rust_maintenance_census_report.dag	list_map	callee	v2.std.algebra	1	unobserved	unobserved	unobserved	unresolved	function 'list_map' not found in scope	0	unique_decl_unresolved_mechanism_unobserved
dag/gunbc/stage0_rust_product_reachability.dag	fold_list	callee	v2.std.algebra	1	unobserved	unobserved	unobserved	unresolved	function 'fold_list' not found in scope	0	unique_decl_unresolved_mechanism_unobserved
dag/gunbc/stage0_rust_product_reachability.dag	list_map	callee	v2.std.algebra	1	unobserved	unobserved	unobserved	unresolved	function 'list_map' not found in scope	0	unique_decl_unresolved_mechanism_unobserved
dag/gunbc/stage0_rust_product_reachability.dag	list_snoc_item	callee	v2.std.algebra	1	unobserved	unobserved	unobserved	unresolved	function 'list_snoc_item' not found in scope	2	unique_decl_unresolved_mechanism_unobserved
dag/gunbc/stage0_rust_product_reachability.dag	list_snoc_item	callee	v2.std.algebra	1	unobserved	unobserved	unobserved	unresolved	function 'list_snoc_item' not found in scope	2	unique_decl_unresolved_mechanism_unobserved
dag/gunbc/stage0_rust_product_reachability.dag	list_snoc_item	callee	v2.std.algebra	1	unobserved	unobserved	unobserved	unresolved	function 'list_snoc_item' not found in scope	2	unique_decl_unresolved_mechanism_unobserved
dag/gunbc/stage0_rust_source_lifecycle_scaffold.dag	any	callee	v2.std.algebra	1	unobserved	unobserved	unobserved	unresolved	function 'any' not found in scope	0	unique_decl_unresolved_mechanism_unobserved
dag/gunbc/stage0_rust_source_lifecycle_scaffold.dag	fold_list	callee	v2.std.algebra	1	unobserved	unobserved	unobserved	unresolved	function 'fold_list' not found in scope	18	unique_decl_unresolved_mechanism_unobserved
dag/gunbc/stage0_rust_source_lifecycle_scaffold.dag	fold_list	callee	v2.std.algebra	1	unobserved	unobserved	unobserved	unresolved	function 'fold_list' not found in scope	18	unique_decl_unresolved_mechanism_unobserved
dag/gunbc/stage0_rust_source_lifecycle_scaffold.dag	fold_list	callee	v2.std.algebra	1	unobserved	unobserved	unobserved	unresolved	function 'fold_list' not found in scope	18	unique_decl_unresolved_mechanism_unobserved
dag/gunbc/stage0_rust_source_lifecycle_scaffold.dag	fold_list	callee	v2.std.algebra	1	unobserved	unobserved	unobserved	unresolved	function 'fold_list' not found in scope	18	unique_decl_unresolved_mechanism_unobserved
dag/gunbc/stage0_rust_source_lifecycle_scaffold.dag	fold_list	callee	v2.std.algebra	1	unobserved	unobserved	unobserved	unresolved	function 'fold_list' not found in scope	18	unique_decl_unresolved_mechanism_unobserved
dag/gunbc/stage0_rust_source_lifecycle_scaffold.dag	fold_list	callee	v2.std.algebra	1	unobserved	unobserved	unobserved	unresolved	function 'fold_list' not found in scope	18	unique_decl_unresolved_mechanism_unobserved
dag/gunbc/stage0_rust_source_lifecycle_scaffold.dag	fold_list	callee	v2.std.algebra	1	unobserved	unobserved	unobserved	unresolved	function 'fold_list' not found in scope	18	unique_decl_unresolved_mechanism_unobserved
dag/gunbc/stage0_rust_source_lifecycle_scaffold.dag	fold_list	callee	v2.std.algebra	1	unobserved	unobserved	unobserved	unresolved	function 'fold_list' not found in scope	18	unique_decl_unresolved_mechanism_unobserved
dag/gunbc/stage0_rust_source_lifecycle_scaffold.dag	fold_list	callee	v2.std.algebra	1	unobserved	unobserved	unobserved	unresolved	function 'fold_list' not found in scope	18	unique_decl_unresolved_mechanism_unobserved
dag/gunbc/stage0_rust_source_lifecycle_scaffold.dag	fold_list	callee	v2.std.algebra	1	unobserved	unobserved	unobserved	unresolved	function 'fold_list' not found in scope	18	unique_decl_unresolved_mechanism_unobserved
dag/gunbc/stage0_rust_source_lifecycle_scaffold.dag	fold_list	callee	v2.std.algebra	1	unobserved	unobserved	unobserved	unresolved	function 'fold_list' not found in scope	18	unique_decl_unresolved_mechanism_unobserved
dag/gunbc/stage0_rust_source_lifecycle_scaffold.dag	fold_list	callee	v2.std.algebra	1	unobserved	unobserved	unobserved	unresolved	function 'fold_list' not found in scope	18	unique_decl_unresolved_mechanism_unobserved
dag/gunbc/stage0_rust_source_lifecycle_scaffold.dag	fold_list	callee	v2.std.algebra	1	unobserved	unobserved	unobserved	unresolved	function 'fold_list' not found in scope	18	unique_decl_unresolved_mechanism_unobserved
dag/gunbc/stage0_rust_source_lifecycle_scaffold.dag	fold_list	callee	v2.std.algebra	1	unobserved	unobserved	unobserved	unresolved	function 'fold_list' not found in scope	18	unique_decl_unresolved_mechanism_unobserved
dag/gunbc/stage0_rust_source_lifecycle_scaffold.dag	fold_list	callee	v2.std.algebra	1	unobserved	unobserved	unobserved	unresolved	function 'fold_list' not found in scope	18	unique_decl_unresolved_mechanism_unobserved
dag/gunbc/stage0_rust_source_lifecycle_scaffold.dag	fold_list	callee	v2.std.algebra	1	unobserved	unobserved	unobserved	unresolved	function 'fold_list' not found in scope	18	unique_decl_unresolved_mechanism_unobserved
dag/gunbc/stage0_rust_source_lifecycle_scaffold.dag	fold_list	callee	v2.std.algebra	1	unobserved	unobserved	unobserved	unresolved	function 'fold_list' not found in scope	18	unique_decl_unresolved_mechanism_unobserved
dag/gunbc/stage0_rust_source_lifecycle_scaffold.dag	fold_list	callee	v2.std.algebra	1	unobserved	unobserved	unobserved	unresolved	function 'fold_list' not found in scope	18	unique_decl_unresolved_mechanism_unobserved
dag/gunbc/stage0_rust_source_lifecycle_scaffold.dag	fold_list	callee	v2.std.algebra	1	unobserved	unobserved	unobserved	unresolved	function 'fold_list' not found in scope	18	unique_decl_unresolved_mechanism_unobserved
dag/gunbc/stage0_rust_source_lifecycle_scaffold.dag	list_map	callee	v2.std.algebra	1	unobserved	unobserved	unobserved	unresolved	function 'list_map' not found in scope	5	unique_decl_unresolved_mechanism_unobserved
dag/gunbc/stage0_rust_source_lifecycle_scaffold.dag	list_map	callee	v2.std.algebra	1	unobserved	unobserved	unobserved	unresolved	function 'list_map' not found in scope	5	unique_decl_unresolved_mechanism_unobserved
dag/gunbc/stage0_rust_source_lifecycle_scaffold.dag	list_map	callee	v2.std.algebra	1	unobserved	unobserved	unobserved	unresolved	function 'list_map' not found in scope	5	unique_decl_unresolved_mechanism_unobserved
dag/gunbc/stage0_rust_source_lifecycle_scaffold.dag	list_map	callee	v2.std.algebra	1	unobserved	unobserved	unobserved	unresolved	function 'list_map' not found in scope	5	unique_decl_unresolved_mechanism_unobserved
dag/gunbc/stage0_rust_source_lifecycle_scaffold.dag	list_map	callee	v2.std.algebra	1	unobserved	unobserved	unobserved	unresolved	function 'list_map' not found in scope	5	unique_decl_unresolved_mechanism_unobserved
dag/gunbc/stage0_rust_source_lifecycle_scaffold.dag	list_map	callee	v2.std.algebra	1	unobserved	unobserved	unobserved	unresolved	function 'list_map' not found in scope	5	unique_decl_unresolved_mechanism_unobserved
dag/gunbc/stage0_rust_source_lifecycle_scaffold.dag	list_snoc_item	callee	v2.std.algebra	1	unobserved	unobserved	unobserved	unresolved	function 'list_snoc_item' not found in scope	2	unique_decl_unresolved_mechanism_unobserved
dag/gunbc/stage0_rust_source_lifecycle_scaffold.dag	list_snoc_item	callee	v2.std.algebra	1	unobserved	unobserved	unobserved	unresolved	function 'list_snoc_item' not found in scope	2	unique_decl_unresolved_mechanism_unobserved
dag/gunbc/stage0_rust_source_lifecycle_scaffold.dag	list_snoc_item	callee	v2.std.algebra	1	unobserved	unobserved	unobserved	unresolved	function 'list_snoc_item' not found in scope	2	unique_decl_unresolved_mechanism_unobserved
dag/gunbc/systemctl_list_units.dag	filter	callee	v2.std.algebra	1	unobserved	unobserved	unobserved	unresolved	function 'filter' not found in scope	0	unique_decl_unresolved_mechanism_unobserved
dag/gunbc/typed_argv_exec.dag	list_head	callee	v2.std.algebra	1	unobserved	unobserved	unobserved	unresolved	function 'list_head' not found in scope	0	unique_decl_unresolved_mechanism_unobserved
dag/gunbc/typed_argv_exec.dag	list_tail	callee	v2.std.algebra	1	unobserved	unobserved	unobserved	unresolved	function 'list_tail' not found in scope	0	unique_decl_unresolved_mechanism_unobserved
dag/gunbc/v1_interpreter_dispatch_emit.dag	fold_list	callee	v2.std.algebra	1	unobserved	unobserved	unobserved	unresolved	function 'fold_list' not found in scope	3	unique_decl_unresolved_mechanism_unobserved
dag/gunbc/v1_interpreter_dispatch_emit.dag	fold_list	callee	v2.std.algebra	1	unobserved	unobserved	unobserved	unresolved	function 'fold_list' not found in scope	3	unique_decl_unresolved_mechanism_unobserved
dag/gunbc/v1_interpreter_dispatch_emit.dag	fold_list	callee	v2.std.algebra	1	unobserved	unobserved	unobserved	unresolved	function 'fold_list' not found in scope	3	unique_decl_unresolved_mechanism_unobserved
dag/gunbc/v1_interpreter_dispatch_emit.dag	fold_list	callee	v2.std.algebra	1	unobserved	unobserved	unobserved	unresolved	function 'fold_list' not found in scope	3	unique_decl_unresolved_mechanism_unobserved
dag/test/claim/ci_heal_job_witness_test.dag	list_head	callee	v2.std.algebra	1	unobserved	unobserved	unobserved	unresolved	function 'list_head' not found in scope	0	unique_decl_unresolved_mechanism_unobserved
dag/test/claim/floor_discovery_hand_rust_equivalence_witness_test.dag	fold_list	callee	v2.std.algebra	1	unobserved	unobserved	unobserved	unresolved	function 'fold_list' not found in scope	1	unique_decl_unresolved_mechanism_unobserved
dag/test/claim/floor_discovery_hand_rust_equivalence_witness_test.dag	fold_list	callee	v2.std.algebra	1	unobserved	unobserved	unobserved	unresolved	function 'fold_list' not found in scope	1	unique_decl_unresolved_mechanism_unobserved
dag/test/claim/floor_discovery_hand_rust_equivalence_witness_test.dag	list_head	callee	v2.std.algebra	1	unobserved	unobserved	unobserved	unresolved	function 'list_head' not found in scope	1	unique_decl_unresolved_mechanism_unobserved
dag/test/claim/floor_discovery_hand_rust_equivalence_witness_test.dag	list_head	callee	v2.std.algebra	1	unobserved	unobserved	unobserved	unresolved	function 'list_head' not found in scope	1	unique_decl_unresolved_mechanism_unobserved
dag/test/claim/generated_artifact_drift_test.dag	fold_list	callee	v2.std.algebra	1	unobserved	unobserved	unobserved	unresolved	function 'fold_list' not found in scope	1	unique_decl_unresolved_mechanism_unobserved
dag/test/claim/generated_artifact_drift_test.dag	fold_list	callee	v2.std.algebra	1	unobserved	unobserved	unobserved	unresolved	function 'fold_list' not found in scope	1	unique_decl_unresolved_mechanism_unobserved
dag/test/claim/github_app_registry_witness_test.dag	fold_list	callee	v2.std.algebra	1	unobserved	unobserved	unobserved	unresolved	function 'fold_list' not found in scope	5	unique_decl_unresolved_mechanism_unobserved
dag/test/claim/github_app_registry_witness_test.dag	fold_list	callee	v2.std.algebra	1	unobserved	unobserved	unobserved	unresolved	function 'fold_list' not found in scope	5	unique_decl_unresolved_mechanism_unobserved
dag/test/claim/github_app_registry_witness_test.dag	fold_list	callee	v2.std.algebra	1	unobserved	unobserved	unobserved	unresolved	function 'fold_list' not found in scope	5	unique_decl_unresolved_mechanism_unobserved
dag/test/claim/github_app_registry_witness_test.dag	fold_list	callee	v2.std.algebra	1	unobserved	unobserved	unobserved	unresolved	function 'fold_list' not found in scope	5	unique_decl_unresolved_mechanism_unobserved
dag/test/claim/github_app_registry_witness_test.dag	fold_list	callee	v2.std.algebra	1	unobserved	unobserved	unobserved	unresolved	function 'fold_list' not found in scope	5	unique_decl_unresolved_mechanism_unobserved
dag/test/claim/github_app_registry_witness_test.dag	fold_list	callee	v2.std.algebra	1	unobserved	unobserved	unobserved	unresolved	function 'fold_list' not found in scope	5	unique_decl_unresolved_mechanism_unobserved
dag/test/claim/guarantee_probe_corpus_witness_test.dag	fold_list	callee	v2.std.algebra	1	unobserved	unobserved	unobserved	unresolved	function 'fold_list' not found in scope	0	unique_decl_unresolved_mechanism_unobserved
dag/test/claim/live_deploy/readiness_witness_test.dag	fold_list	callee	v2.std.algebra	1	unobserved	unobserved	unobserved	unresolved	function 'fold_list' not found in scope	0	unique_decl_unresolved_mechanism_unobserved
dag/test/claim/long/import_closure_live_test.dag	fold_list	callee	v2.std.algebra	1	unobserved	unobserved	unobserved	unresolved	function 'fold_list' not found in scope	0	unique_decl_unresolved_mechanism_unobserved
dag/test/claim/long/import_closure_live_test.dag	for_all	callee	v2.std.algebra	1	unobserved	unobserved	unobserved	unresolved	function 'for_all' not found in scope	0	unique_decl_unresolved_mechanism_unobserved
dag/test/claim/long/import_closure_live_test.dag	list_snoc_item	callee	v2.std.algebra	1	unobserved	unobserved	unobserved	unresolved	function 'list_snoc_item' not found in scope	1	unique_decl_unresolved_mechanism_unobserved
dag/test/claim/long/import_closure_live_test.dag	list_snoc_item	callee	v2.std.algebra	1	unobserved	unobserved	unobserved	unresolved	function 'list_snoc_item' not found in scope	1	unique_decl_unresolved_mechanism_unobserved
dag/test/claim/long/reference_closure_equivalence_test.dag	fold_list	callee	v2.std.algebra	1	unobserved	unobserved	unobserved	unresolved	function 'fold_list' not found in scope	0	unique_decl_unresolved_mechanism_unobserved
dag/test/claim/long/reference_closure_equivalence_test.dag	for_all	callee	v2.std.algebra	1	unobserved	unobserved	unobserved	unresolved	function 'for_all' not found in scope	0	unique_decl_unresolved_mechanism_unobserved
dag/test/claim/long/reference_closure_equivalence_test.dag	list_snoc_item	callee	v2.std.algebra	1	unobserved	unobserved	unobserved	unresolved	function 'list_snoc_item' not found in scope	1	unique_decl_unresolved_mechanism_unobserved
dag/test/claim/long/reference_closure_equivalence_test.dag	list_snoc_item	callee	v2.std.algebra	1	unobserved	unobserved	unobserved	unresolved	function 'list_snoc_item' not found in scope	1	unique_decl_unresolved_mechanism_unobserved
dag/test/claim/module_impact_query_witness_test.dag	any	callee	v2.std.algebra	1	unobserved	unobserved	unobserved	unresolved	function 'any' not found in scope	16	unique_decl_unresolved_mechanism_unobserved
dag/test/claim/module_impact_query_witness_test.dag	any	callee	v2.std.algebra	1	unobserved	unobserved	unobserved	unresolved	function 'any' not found in scope	16	unique_decl_unresolved_mechanism_unobserved
dag/test/claim/module_impact_query_witness_test.dag	any	callee	v2.std.algebra	1	unobserved	unobserved	unobserved	unresolved	function 'any' not found in scope	16	unique_decl_unresolved_mechanism_unobserved
dag/test/claim/module_impact_query_witness_test.dag	any	callee	v2.std.algebra	1	unobserved	unobserved	unobserved	unresolved	function 'any' not found in scope	16	unique_decl_unresolved_mechanism_unobserved
dag/test/claim/module_impact_query_witness_test.dag	any	callee	v2.std.algebra	1	unobserved	unobserved	unobserved	unresolved	function 'any' not found in scope	16	unique_decl_unresolved_mechanism_unobserved
dag/test/claim/module_impact_query_witness_test.dag	any	callee	v2.std.algebra	1	unobserved	unobserved	unobserved	unresolved	function 'any' not found in scope	16	unique_decl_unresolved_mechanism_unobserved
dag/test/claim/module_impact_query_witness_test.dag	any	callee	v2.std.algebra	1	unobserved	unobserved	unobserved	unresolved	function 'any' not found in scope	16	unique_decl_unresolved_mechanism_unobserved
dag/test/claim/module_impact_query_witness_test.dag	any	callee	v2.std.algebra	1	unobserved	unobserved	unobserved	unresolved	function 'any' not found in scope	16	unique_decl_unresolved_mechanism_unobserved
dag/test/claim/module_impact_query_witness_test.dag	any	callee	v2.std.algebra	1	unobserved	unobserved	unobserved	unresolved	function 'any' not found in scope	16	unique_decl_unresolved_mechanism_unobserved
dag/test/claim/module_impact_query_witness_test.dag	any	callee	v2.std.algebra	1	unobserved	unobserved	unobserved	unresolved	function 'any' not found in scope	16	unique_decl_unresolved_mechanism_unobserved
dag/test/claim/module_impact_query_witness_test.dag	any	callee	v2.std.algebra	1	unobserved	unobserved	unobserved	unresolved	function 'any' not found in scope	16	unique_decl_unresolved_mechanism_unobserved
dag/test/claim/module_impact_query_witness_test.dag	any	callee	v2.std.algebra	1	unobserved	unobserved	unobserved	unresolved	function 'any' not found in scope	16	unique_decl_unresolved_mechanism_unobserved
dag/test/claim/module_impact_query_witness_test.dag	any	callee	v2.std.algebra	1	unobserved	unobserved	unobserved	unresolved	function 'any' not found in scope	16	unique_decl_unresolved_mechanism_unobserved
dag/test/claim/module_impact_query_witness_test.dag	any	callee	v2.std.algebra	1	unobserved	unobserved	unobserved	unresolved	function 'any' not found in scope	16	unique_decl_unresolved_mechanism_unobserved
dag/test/claim/module_impact_query_witness_test.dag	any	callee	v2.std.algebra	1	unobserved	unobserved	unobserved	unresolved	function 'any' not found in scope	16	unique_decl_unresolved_mechanism_unobserved
dag/test/claim/module_impact_query_witness_test.dag	any	callee	v2.std.algebra	1	unobserved	unobserved	unobserved	unresolved	function 'any' not found in scope	16	unique_decl_unresolved_mechanism_unobserved
dag/test/claim/module_impact_query_witness_test.dag	any	callee	v2.std.algebra	1	unobserved	unobserved	unobserved	unresolved	function 'any' not found in scope	16	unique_decl_unresolved_mechanism_unobserved
dag/test/claim/module_impact_query_witness_test.dag	contains	callee	v2.std.algebra	1	unobserved	unobserved	unobserved	unresolved	function 'contains' not found in scope	0	unique_decl_unresolved_mechanism_unobserved
dag/test/claim/module_impact_query_witness_test.dag	count_where	callee	v2.std.algebra	1	unobserved	unobserved	unobserved	unresolved	function 'count_where' not found in scope	25	unique_decl_unresolved_mechanism_unobserved
dag/test/claim/module_impact_query_witness_test.dag	count_where	callee	v2.std.algebra	1	unobserved	unobserved	unobserved	unresolved	function 'count_where' not found in scope	25	unique_decl_unresolved_mechanism_unobserved
dag/test/claim/module_impact_query_witness_test.dag	count_where	callee	v2.std.algebra	1	unobserved	unobserved	unobserved	unresolved	function 'count_where' not found in scope	25	unique_decl_unresolved_mechanism_unobserved
dag/test/claim/module_impact_query_witness_test.dag	count_where	callee	v2.std.algebra	1	unobserved	unobserved	unobserved	unresolved	function 'count_where' not found in scope	25	unique_decl_unresolved_mechanism_unobserved
dag/test/claim/module_impact_query_witness_test.dag	count_where	callee	v2.std.algebra	1	unobserved	unobserved	unobserved	unresolved	function 'count_where' not found in scope	25	unique_decl_unresolved_mechanism_unobserved
dag/test/claim/module_impact_query_witness_test.dag	count_where	callee	v2.std.algebra	1	unobserved	unobserved	unobserved	unresolved	function 'count_where' not found in scope	25	unique_decl_unresolved_mechanism_unobserved
dag/test/claim/module_impact_query_witness_test.dag	count_where	callee	v2.std.algebra	1	unobserved	unobserved	unobserved	unresolved	function 'count_where' not found in scope	25	unique_decl_unresolved_mechanism_unobserved
dag/test/claim/module_impact_query_witness_test.dag	count_where	callee	v2.std.algebra	1	unobserved	unobserved	unobserved	unresolved	function 'count_where' not found in scope	25	unique_decl_unresolved_mechanism_unobserved
dag/test/claim/module_impact_query_witness_test.dag	count_where	callee	v2.std.algebra	1	unobserved	unobserved	unobserved	unresolved	function 'count_where' not found in scope	25	unique_decl_unresolved_mechanism_unobserved
dag/test/claim/module_impact_query_witness_test.dag	count_where	callee	v2.std.algebra	1	unobserved	unobserved	unobserved	unresolved	function 'count_where' not found in scope	25	unique_decl_unresolved_mechanism_unobserved
dag/test/claim/module_impact_query_witness_test.dag	count_where	callee	v2.std.algebra	1	unobserved	unobserved	unobserved	unresolved	function 'count_where' not found in scope	25	unique_decl_unresolved_mechanism_unobserved
dag/test/claim/module_impact_query_witness_test.dag	count_where	callee	v2.std.algebra	1	unobserved	unobserved	unobserved	unresolved	function 'count_where' not found in scope	25	unique_decl_unresolved_mechanism_unobserved
dag/test/claim/module_impact_query_witness_test.dag	count_where	callee	v2.std.algebra	1	unobserved	unobserved	unobserved	unresolved	function 'count_where' not found in scope	25	unique_decl_unresolved_mechanism_unobserved
dag/test/claim/module_impact_query_witness_test.dag	count_where	callee	v2.std.algebra	1	unobserved	unobserved	unobserved	unresolved	function 'count_where' not found in scope	25	unique_decl_unresolved_mechanism_unobserved
dag/test/claim/module_impact_query_witness_test.dag	count_where	callee	v2.std.algebra	1	unobserved	unobserved	unobserved	unresolved	function 'count_where' not found in scope	25	unique_decl_unresolved_mechanism_unobserved
dag/test/claim/module_impact_query_witness_test.dag	count_where	callee	v2.std.algebra	1	unobserved	unobserved	unobserved	unresolved	function 'count_where' not found in scope	25	unique_decl_unresolved_mechanism_unobserved
dag/test/claim/module_impact_query_witness_test.dag	count_where	callee	v2.std.algebra	1	unobserved	unobserved	unobserved	unresolved	function 'count_where' not found in scope	25	unique_decl_unresolved_mechanism_unobserved
dag/test/claim/module_impact_query_witness_test.dag	count_where	callee	v2.std.algebra	1	unobserved	unobserved	unobserved	unresolved	function 'count_where' not found in scope	25	unique_decl_unresolved_mechanism_unobserved
dag/test/claim/module_impact_query_witness_test.dag	count_where	callee	v2.std.algebra	1	unobserved	unobserved	unobserved	unresolved	function 'count_where' not found in scope	25	unique_decl_unresolved_mechanism_unobserved
dag/test/claim/module_impact_query_witness_test.dag	count_where	callee	v2.std.algebra	1	unobserved	unobserved	unobserved	unresolved	function 'count_where' not found in scope	25	unique_decl_unresolved_mechanism_unobserved
dag/test/claim/module_impact_query_witness_test.dag	count_where	callee	v2.std.algebra	1	unobserved	unobserved	unobserved	unresolved	function 'count_where' not found in scope	25	unique_decl_unresolved_mechanism_unobserved
dag/test/claim/module_impact_query_witness_test.dag	count_where	callee	v2.std.algebra	1	unobserved	unobserved	unobserved	unresolved	function 'count_where' not found in scope	25	unique_decl_unresolved_mechanism_unobserved
dag/test/claim/module_impact_query_witness_test.dag	count_where	callee	v2.std.algebra	1	unobserved	unobserved	unobserved	unresolved	function 'count_where' not found in scope	25	unique_decl_unresolved_mechanism_unobserved
dag/test/claim/module_impact_query_witness_test.dag	count_where	callee	v2.std.algebra	1	unobserved	unobserved	unobserved	unresolved	function 'count_where' not found in scope	25	unique_decl_unresolved_mechanism_unobserved
dag/test/claim/module_impact_query_witness_test.dag	count_where	callee	v2.std.algebra	1	unobserved	unobserved	unobserved	unresolved	function 'count_where' not found in scope	25	unique_decl_unresolved_mechanism_unobserved
dag/test/claim/module_impact_query_witness_test.dag	count_where	callee	v2.std.algebra	1	unobserved	unobserved	unobserved	unresolved	function 'count_where' not found in scope	25	unique_decl_unresolved_mechanism_unobserved
dag/test/claim/module_impact_query_witness_test.dag	fold_list	callee	v2.std.algebra	1	unobserved	unobserved	unobserved	unresolved	function 'fold_list' not found in scope	1	unique_decl_unresolved_mechanism_unobserved
dag/test/claim/module_impact_query_witness_test.dag	fold_list	callee	v2.std.algebra	1	unobserved	unobserved	unobserved	unresolved	function 'fold_list' not found in scope	1	unique_decl_unresolved_mechanism_unobserved
dag/test/claim/operation_argv_corpus_witness_test.dag	any	callee	v2.std.algebra	1	unobserved	unobserved	unobserved	unresolved	function 'any' not found in scope	0	unique_decl_unresolved_mechanism_unobserved
dag/test/claim/operation_argv_corpus_witness_test.dag	fold_list	callee	v2.std.algebra	1	unobserved	unobserved	unobserved	unresolved	function 'fold_list' not found in scope	0	unique_decl_unresolved_mechanism_unobserved
dag/test/claim/operation_argv_corpus_witness_test.dag	list_head	callee	v2.std.algebra	1	unobserved	unobserved	unobserved	unresolved	function 'list_head' not found in scope	0	unique_decl_unresolved_mechanism_unobserved
dag/test/claim/provider_standing_probe_bridge_witness_test.dag	list_head	callee	v2.std.algebra	1	unobserved	unobserved	unobserved	unresolved	function 'list_head' not found in scope	0	unique_decl_unresolved_mechanism_unobserved
dag/test/claim/realization_vocab_confinement_census_test.dag	any	callee	v2.std.algebra	1	unobserved	unobserved	unobserved	unresolved	function 'any' not found in scope	0	unique_decl_unresolved_mechanism_unobserved
dag/test/claim/scaffold_disposition_census_fixture_witness_test.dag	count_where	callee	v2.std.algebra	1	unobserved	unobserved	unobserved	unresolved	function 'count_where' not found in scope	2	unique_decl_unresolved_mechanism_unobserved
dag/test/claim/scaffold_disposition_census_fixture_witness_test.dag	count_where	callee	v2.std.algebra	1	unobserved	unobserved	unobserved	unresolved	function 'count_where' not found in scope	2	unique_decl_unresolved_mechanism_unobserved
dag/test/claim/scaffold_disposition_census_fixture_witness_test.dag	count_where	callee	v2.std.algebra	1	unobserved	unobserved	unobserved	unresolved	function 'count_where' not found in scope	2	unique_decl_unresolved_mechanism_unobserved
dag/test/claim/scaffold_disposition_census_fixture_witness_test.dag	for_all	callee	v2.std.algebra	1	unobserved	unobserved	unobserved	unresolved	function 'for_all' not found in scope	3	unique_decl_unresolved_mechanism_unobserved
dag/test/claim/scaffold_disposition_census_fixture_witness_test.dag	for_all	callee	v2.std.algebra	1	unobserved	unobserved	unobserved	unresolved	function 'for_all' not found in scope	3	unique_decl_unresolved_mechanism_unobserved
dag/test/claim/scaffold_disposition_census_fixture_witness_test.dag	for_all	callee	v2.std.algebra	1	unobserved	unobserved	unobserved	unresolved	function 'for_all' not found in scope	3	unique_decl_unresolved_mechanism_unobserved
dag/test/claim/scaffold_disposition_census_fixture_witness_test.dag	for_all	callee	v2.std.algebra	1	unobserved	unobserved	unobserved	unresolved	function 'for_all' not found in scope	3	unique_decl_unresolved_mechanism_unobserved
dag/test/claim/scaffold_disposition_census_fixture_witness_test.dag	list_map	callee	v2.std.algebra	1	unobserved	unobserved	unobserved	unresolved	function 'list_map' not found in scope	1	unique_decl_unresolved_mechanism_unobserved
dag/test/claim/scaffold_disposition_census_fixture_witness_test.dag	list_map	callee	v2.std.algebra	1	unobserved	unobserved	unobserved	unresolved	function 'list_map' not found in scope	1	unique_decl_unresolved_mechanism_unobserved
dag/test/claim/scaffold_disposition_census_fixture_witness_test.dag	unique	callee	v2.std.algebra	1	unobserved	unobserved	unobserved	unresolved	function 'unique' not found in scope	0	unique_decl_unresolved_mechanism_unobserved
dag/test/claim/self_host_module_behavioral_transport_roster_test.dag	fold_list	callee	v2.std.algebra	1	unobserved	unobserved	unobserved	unresolved	function 'fold_list' not found in scope	0	unique_decl_unresolved_mechanism_unobserved
dag/test/claim/self_host_module_behavioral_transport_roster_test.dag	list_map	callee	v2.std.algebra	1	unobserved	unobserved	unobserved	unresolved	function 'list_map' not found in scope	1	unique_decl_unresolved_mechanism_unobserved
dag/test/claim/self_host_module_behavioral_transport_roster_test.dag	list_map	callee	v2.std.algebra	1	unobserved	unobserved	unobserved	unresolved	function 'list_map' not found in scope	1	unique_decl_unresolved_mechanism_unobserved
dag/test/claim/self_host_module_behavioral_transport_roster_test.dag	unique	callee	v2.std.algebra	1	unobserved	unobserved	unobserved	unresolved	function 'unique' not found in scope	0	unique_decl_unresolved_mechanism_unobserved
dag/test/claim/witness_row_cost_migration_disclosure_witness_test.dag	count_where	callee	v2.std.algebra	1	unobserved	unobserved	unobserved	unresolved	function 'count_where' not found in scope	0	unique_decl_unresolved_mechanism_unobserved
dag/test/claim/witness_row_cost_migration_disclosure_witness_test.dag	for_all	callee	v2.std.algebra	1	unobserved	unobserved	unobserved	unresolved	function 'for_all' not found in scope	0	unique_decl_unresolved_mechanism_unobserved
dag/tools/module_impact_query_front_door.dag	any	callee	v2.std.algebra	1	unobserved	unobserved	unobserved	unresolved	function 'any' not found in scope	0	unique_decl_unresolved_mechanism_unobserved
dag/tools/module_impact_query_front_door.dag	fold_list	callee	v2.std.algebra	1	unobserved	unobserved	unobserved	unresolved	function 'fold_list' not found in scope	9	unique_decl_unresolved_mechanism_unobserved
dag/tools/module_impact_query_front_door.dag	fold_list	callee	v2.std.algebra	1	unobserved	unobserved	unobserved	unresolved	function 'fold_list' not found in scope	9	unique_decl_unresolved_mechanism_unobserved
dag/tools/module_impact_query_front_door.dag	fold_list	callee	v2.std.algebra	1	unobserved	unobserved	unobserved	unresolved	function 'fold_list' not found in scope	9	unique_decl_unresolved_mechanism_unobserved
dag/tools/module_impact_query_front_door.dag	fold_list	callee	v2.std.algebra	1	unobserved	unobserved	unobserved	unresolved	function 'fold_list' not found in scope	9	unique_decl_unresolved_mechanism_unobserved
dag/tools/module_impact_query_front_door.dag	fold_list	callee	v2.std.algebra	1	unobserved	unobserved	unobserved	unresolved	function 'fold_list' not found in scope	9	unique_decl_unresolved_mechanism_unobserved
dag/tools/module_impact_query_front_door.dag	fold_list	callee	v2.std.algebra	1	unobserved	unobserved	unobserved	unresolved	function 'fold_list' not found in scope	9	unique_decl_unresolved_mechanism_unobserved
dag/tools/module_impact_query_front_door.dag	fold_list	callee	v2.std.algebra	1	unobserved	unobserved	unobserved	unresolved	function 'fold_list' not found in scope	9	unique_decl_unresolved_mechanism_unobserved
dag/tools/module_impact_query_front_door.dag	fold_list	callee	v2.std.algebra	1	unobserved	unobserved	unobserved	unresolved	function 'fold_list' not found in scope	9	unique_decl_unresolved_mechanism_unobserved
dag/tools/module_impact_query_front_door.dag	fold_list	callee	v2.std.algebra	1	unobserved	unobserved	unobserved	unresolved	function 'fold_list' not found in scope	9	unique_decl_unresolved_mechanism_unobserved
dag/tools/module_impact_query_front_door.dag	fold_list	callee	v2.std.algebra	1	unobserved	unobserved	unobserved	unresolved	function 'fold_list' not found in scope	9	unique_decl_unresolved_mechanism_unobserved
dag/tools/module_impact_query_front_door.dag	list_reverse	callee	v2.std.algebra	1	unobserved	unobserved	unobserved	unresolved	function 'list_reverse' not found in scope	5	unique_decl_unresolved_mechanism_unobserved
dag/tools/module_impact_query_front_door.dag	list_reverse	callee	v2.std.algebra	1	unobserved	unobserved	unobserved	unresolved	function 'list_reverse' not found in scope	5	unique_decl_unresolved_mechanism_unobserved
dag/tools/module_impact_query_front_door.dag	list_reverse	callee	v2.std.algebra	1	unobserved	unobserved	unobserved	unresolved	function 'list_reverse' not found in scope	5	unique_decl_unresolved_mechanism_unobserved
dag/tools/module_impact_query_front_door.dag	list_reverse	callee	v2.std.algebra	1	unobserved	unobserved	unobserved	unresolved	function 'list_reverse' not found in scope	5	unique_decl_unresolved_mechanism_unobserved
dag/tools/module_impact_query_front_door.dag	list_reverse	callee	v2.std.algebra	1	unobserved	unobserved	unobserved	unresolved	function 'list_reverse' not found in scope	5	unique_decl_unresolved_mechanism_unobserved
dag/tools/module_impact_query_front_door.dag	list_reverse	callee	v2.std.algebra	1	unobserved	unobserved	unobserved	unresolved	function 'list_reverse' not found in scope	5	unique_decl_unresolved_mechanism_unobserved
dag/tools/proactive_verification_ledger_transport.dag	fold_list	callee	v2.std.algebra	1	unobserved	unobserved	unobserved	unresolved	function 'fold_list' not found in scope	0	unique_decl_unresolved_mechanism_unobserved
dag/tools/self_host_curated_seed_linked_harness.dag	fold_list	callee	v2.std.algebra	1	unobserved	unobserved	unobserved	unresolved	function 'fold_list' not found in scope	1	unique_decl_unresolved_mechanism_unobserved
dag/tools/self_host_curated_seed_linked_harness.dag	fold_list	callee	v2.std.algebra	1	unobserved	unobserved	unobserved	unresolved	function 'fold_list' not found in scope	1	unique_decl_unresolved_mechanism_unobserved
dag/tools/self_host_module_behavioral_transport_roster.dag	fold_list	callee	v2.std.algebra	1	unobserved	unobserved	unobserved	unresolved	function 'fold_list' not found in scope	0	unique_decl_unresolved_mechanism_unobserved
dag/gunbc/commit_workflow.dag	Artifact	type	v2.std.artifact	1	unobserved	unobserved	unobserved	unresolved	unresolved type 'Artifact'	3	unique_decl_unresolved_mechanism_unobserved
dag/gunbc/commit_workflow.dag	Artifact	type	v2.std.artifact	1	unobserved	unobserved	unobserved	unresolved	unresolved type 'Artifact'	3	unique_decl_unresolved_mechanism_unobserved
dag/gunbc/commit_workflow.dag	Artifact	type	v2.std.artifact	1	unobserved	unobserved	unobserved	unresolved	unresolved type 'Artifact'	3	unique_decl_unresolved_mechanism_unobserved
dag/gunbc/commit_workflow.dag	Artifact	type	v2.std.artifact	1	unobserved	unobserved	unobserved	unresolved	unresolved type 'Artifact'	3	unique_decl_unresolved_mechanism_unobserved
dag/test/claim/claim_indexed_evidence_witness_test.dag	Artifact	type	v2.std.artifact	1	unobserved	unobserved	unobserved	unresolved	unresolved type 'Artifact'	0	unique_decl_unresolved_mechanism_unobserved
dag/test/claim/commit_writer_admission_witness_test.dag	Artifact	type	v2.std.artifact	1	unobserved	unobserved	unobserved	unresolved	unresolved type 'Artifact'	8	unique_decl_unresolved_mechanism_unobserved
dag/test/claim/commit_writer_admission_witness_test.dag	Artifact	type	v2.std.artifact	1	unobserved	unobserved	unobserved	unresolved	unresolved type 'Artifact'	8	unique_decl_unresolved_mechanism_unobserved
dag/test/claim/commit_writer_admission_witness_test.dag	Artifact	type	v2.std.artifact	1	unobserved	unobserved	unobserved	unresolved	unresolved type 'Artifact'	8	unique_decl_unresolved_mechanism_unobserved
dag/test/claim/commit_writer_admission_witness_test.dag	Artifact	type	v2.std.artifact	1	unobserved	unobserved	unobserved	unresolved	unresolved type 'Artifact'	8	unique_decl_unresolved_mechanism_unobserved
dag/test/claim/commit_writer_admission_witness_test.dag	Artifact	type	v2.std.artifact	1	unobserved	unobserved	unobserved	unresolved	unresolved type 'Artifact'	8	unique_decl_unresolved_mechanism_unobserved
dag/test/claim/commit_writer_admission_witness_test.dag	Artifact	type	v2.std.artifact	1	unobserved	unobserved	unobserved	unresolved	unresolved type 'Artifact'	8	unique_decl_unresolved_mechanism_unobserved
dag/test/claim/commit_writer_admission_witness_test.dag	Artifact	type	v2.std.artifact	1	unobserved	unobserved	unobserved	unresolved	unresolved type 'Artifact'	8	unique_decl_unresolved_mechanism_unobserved
dag/test/claim/commit_writer_admission_witness_test.dag	Artifact	type	v2.std.artifact	1	unobserved	unobserved	unobserved	unresolved	unresolved type 'Artifact'	8	unique_decl_unresolved_mechanism_unobserved
dag/test/claim/commit_writer_admission_witness_test.dag	Artifact	type	v2.std.artifact	1	unobserved	unobserved	unobserved	unresolved	unresolved type 'Artifact'	8	unique_decl_unresolved_mechanism_unobserved
dag/gunbc/native_scm_interaction_contract.dag	list_at_optional	callee	v2.std.collection	1	unobserved	unobserved	unobserved	unresolved	function 'list_at_optional' not found in scope	0	unique_decl_unresolved_mechanism_unobserved
dag/gunbc/source_integration_landing_spine.dag	list_at_optional	callee	v2.std.collection	1	unobserved	unobserved	unobserved	unresolved	function 'list_at_optional' not found in scope	0	unique_decl_unresolved_mechanism_unobserved
dag/test/claim/decl_facts_initializer_projection_witness_test.dag	data_initializer_is_constructor_resolution_refused_projection	callee	v2.std.data_initializer_identity	1	unobserved	unobserved	unobserved	unresolved	function 'data_initializer_is_constructor_resolution_refused_projection' not found in scope	1	unique_decl_unresolved_mechanism_unobserved
dag/test/claim/decl_facts_initializer_projection_witness_test.dag	data_initializer_is_constructor_resolution_refused_projection	callee	v2.std.data_initializer_identity	1	unobserved	unobserved	unobserved	unresolved	function 'data_initializer_is_constructor_resolution_refused_projection' not found in scope	1	unique_decl_unresolved_mechanism_unobserved
dag/test/claim/decl_facts_initializer_projection_witness_test.dag	data_initializer_is_typechecked_subject_absent_projection	callee	v2.std.data_initializer_identity	1	unobserved	unobserved	unobserved	unresolved	function 'data_initializer_is_typechecked_subject_absent_projection' not found in scope	1	unique_decl_unresolved_mechanism_unobserved
dag/test/claim/decl_facts_initializer_projection_witness_test.dag	data_initializer_is_typechecked_subject_absent_projection	callee	v2.std.data_initializer_identity	1	unobserved	unobserved	unobserved	unresolved	function 'data_initializer_is_typechecked_subject_absent_projection' not found in scope	1	unique_decl_unresolved_mechanism_unobserved
dag/test/claim/decl_facts_initializer_projection_witness_test.dag	decl_fact_lookup_is_missing	callee	v2.std.data_initializer_identity	1	unobserved	unobserved	unobserved	unresolved	function 'decl_fact_lookup_is_missing' not found in scope	0	unique_decl_unresolved_mechanism_unobserved
dag/test/claim/decl_facts_initializer_projection_witness_test.dag	record_field_projection_optional	callee	v2.std.data_initializer_identity	1	unobserved	unobserved	unobserved	unresolved	function 'record_field_projection_optional' not found in scope	1	unique_decl_unresolved_mechanism_unobserved
dag/test/claim/decl_facts_initializer_projection_witness_test.dag	record_field_projection_optional	callee	v2.std.data_initializer_identity	1	unobserved	unobserved	unobserved	unresolved	function 'record_field_projection_optional' not found in scope	1	unique_decl_unresolved_mechanism_unobserved
dag/test/claim/decl_facts_initializer_projection_witness_test.dag	value_projection_is_missing	callee	v2.std.data_initializer_identity	1	unobserved	unobserved	unobserved	unresolved	function 'value_projection_is_missing' not found in scope	1	unique_decl_unresolved_mechanism_unobserved
dag/test/claim/decl_facts_initializer_projection_witness_test.dag	value_projection_is_missing	callee	v2.std.data_initializer_identity	1	unobserved	unobserved	unobserved	unresolved	function 'value_projection_is_missing' not found in scope	1	unique_decl_unresolved_mechanism_unobserved
dag/test/claim/decl_facts_initializer_projection_witness_test.dag	value_projection_is_not_variant_value	callee	v2.std.data_initializer_identity	1	unobserved	unobserved	unobserved	unresolved	function 'value_projection_is_not_variant_value' not found in scope	0	unique_decl_unresolved_mechanism_unobserved
dag/test/claim/decl_facts_initializer_projection_witness_test.dag	value_projection_is_resolved_variant	callee	v2.std.data_initializer_identity	1	unobserved	unobserved	unobserved	unresolved	function 'value_projection_is_resolved_variant' not found in scope	0	unique_decl_unresolved_mechanism_unobserved
dag/test/claim/decl_facts_reflection_witness_support.dag	DeclFactLookup	type	v2.std.data_initializer_identity	1	unobserved	unobserved	unobserved	unresolved	unresolved type 'DeclFactLookup'	3	unique_decl_unresolved_mechanism_unobserved
dag/test/claim/decl_facts_reflection_witness_support.dag	DeclFactLookup	type	v2.std.data_initializer_identity	1	unobserved	unobserved	unobserved	unresolved	unresolved type 'DeclFactLookup'	3	unique_decl_unresolved_mechanism_unobserved
dag/test/claim/decl_facts_reflection_witness_support.dag	DeclFactLookup	type	v2.std.data_initializer_identity	1	unobserved	unobserved	unobserved	unresolved	unresolved type 'DeclFactLookup'	3	unique_decl_unresolved_mechanism_unobserved
dag/test/claim/decl_facts_reflection_witness_support.dag	DeclFactLookup	type	v2.std.data_initializer_identity	1	unobserved	unobserved	unobserved	unresolved	unresolved type 'DeclFactLookup'	3	unique_decl_unresolved_mechanism_unobserved
dag/test/claim/decl_facts_reflection_witness_support.dag	data_initializer_is_nullary_projection	callee	v2.std.data_initializer_identity	1	unobserved	unobserved	unobserved	unresolved	function 'data_initializer_is_nullary_projection' not found in scope	0	unique_decl_unresolved_mechanism_unobserved
dag/test/claim/decl_facts_reflection_witness_support.dag	data_initializer_is_plain_record_projection	callee	v2.std.data_initializer_identity	1	unobserved	unobserved	unobserved	unresolved	function 'data_initializer_is_plain_record_projection' not found in scope	4	unique_decl_unresolved_mechanism_unobserved
dag/test/claim/decl_facts_reflection_witness_support.dag	data_initializer_is_plain_record_projection	callee	v2.std.data_initializer_identity	1	unobserved	unobserved	unobserved	unresolved	function 'data_initializer_is_plain_record_projection' not found in scope	4	unique_decl_unresolved_mechanism_unobserved
dag/test/claim/decl_facts_reflection_witness_support.dag	data_initializer_is_plain_record_projection	callee	v2.std.data_initializer_identity	1	unobserved	unobserved	unobserved	unresolved	function 'data_initializer_is_plain_record_projection' not found in scope	4	unique_decl_unresolved_mechanism_unobserved
dag/test/claim/decl_facts_reflection_witness_support.dag	data_initializer_is_plain_record_projection	callee	v2.std.data_initializer_identity	1	unobserved	unobserved	unobserved	unresolved	function 'data_initializer_is_plain_record_projection' not found in scope	4	unique_decl_unresolved_mechanism_unobserved
dag/test/claim/decl_facts_reflection_witness_support.dag	data_initializer_is_plain_record_projection	callee	v2.std.data_initializer_identity	1	unobserved	unobserved	unobserved	unresolved	function 'data_initializer_is_plain_record_projection' not found in scope	4	unique_decl_unresolved_mechanism_unobserved
dag/test/claim/decl_facts_reflection_witness_support.dag	data_initializer_is_record_projection	callee	v2.std.data_initializer_identity	1	unobserved	unobserved	unobserved	unresolved	function 'data_initializer_is_record_projection' not found in scope	2	unique_decl_unresolved_mechanism_unobserved
dag/test/claim/decl_facts_reflection_witness_support.dag	data_initializer_is_record_projection	callee	v2.std.data_initializer_identity	1	unobserved	unobserved	unobserved	unresolved	function 'data_initializer_is_record_projection' not found in scope	2	unique_decl_unresolved_mechanism_unobserved
dag/test/claim/decl_facts_reflection_witness_support.dag	data_initializer_is_record_projection	callee	v2.std.data_initializer_identity	1	unobserved	unobserved	unobserved	unresolved	function 'data_initializer_is_record_projection' not found in scope	2	unique_decl_unresolved_mechanism_unobserved
dag/test/claim/decl_facts_reflection_witness_support.dag	decl_fact_lookup_by_pool_declaration_identity	callee	v2.std.data_initializer_identity	1	unobserved	unobserved	unobserved	unresolved	function 'decl_fact_lookup_by_pool_declaration_identity' not found in scope	0	unique_decl_unresolved_mechanism_unobserved
dag/test/claim/decl_facts_reflection_witness_support.dag	decl_fact_lookup_by_qualified_name	callee	v2.std.data_initializer_identity	1	unobserved	unobserved	unobserved	unresolved	function 'decl_fact_lookup_by_qualified_name' not found in scope	0	unique_decl_unresolved_mechanism_unobserved
dag/test/claim/decl_facts_reflection_witness_support.dag	decl_fact_lookup_candidate_count	callee	v2.std.data_initializer_identity	1	unobserved	unobserved	unobserved	unresolved	function 'decl_fact_lookup_candidate_count' not found in scope	0	unique_decl_unresolved_mechanism_unobserved
dag/test/claim/decl_facts_reflection_witness_support.dag	decl_fact_lookup_is_ambiguous	callee	v2.std.data_initializer_identity	1	unobserved	unobserved	unobserved	unresolved	function 'decl_fact_lookup_is_ambiguous' not found in scope	0	unique_decl_unresolved_mechanism_unobserved
dag/test/claim/decl_facts_reflection_witness_support.dag	decl_fact_lookup_is_unique	callee	v2.std.data_initializer_identity	1	unobserved	unobserved	unobserved	unresolved	function 'decl_fact_lookup_is_unique' not found in scope	0	unique_decl_unresolved_mechanism_unobserved
dag/test/claim/decl_facts_reflection_witness_support.dag	decl_fact_optional_by_qualified_name	callee	v2.std.data_initializer_identity	1	unobserved	unobserved	unobserved	unresolved	function 'decl_fact_optional_by_qualified_name' not found in scope	0	unique_decl_unresolved_mechanism_unobserved
dag/test/claim/decl_facts_reflection_witness_support.dag	plain_record_parent_qualified_name_optional	callee	v2.std.data_initializer_identity	1	unobserved	unobserved	unobserved	unresolved	function 'plain_record_parent_qualified_name_optional' not found in scope	1	unique_decl_unresolved_mechanism_unobserved
dag/test/claim/decl_facts_reflection_witness_support.dag	plain_record_parent_qualified_name_optional	callee	v2.std.data_initializer_identity	1	unobserved	unobserved	unobserved	unresolved	function 'plain_record_parent_qualified_name_optional' not found in scope	1	unique_decl_unresolved_mechanism_unobserved
dag/test/claim/decl_facts_reflection_witness_support.dag	pool_declaration_identity_from_fact	callee	v2.std.data_initializer_identity	1	unobserved	unobserved	unobserved	unresolved	function 'pool_declaration_identity_from_fact' not found in scope	0	unique_decl_unresolved_mechanism_unobserved
dag/test/claim/decl_facts_reflection_witness_support.dag	projection_named_child_optional	callee	v2.std.data_initializer_identity	1	unobserved	unobserved	unobserved	unresolved	function 'projection_named_child_optional' not found in scope	3	unique_decl_unresolved_mechanism_unobserved
dag/test/claim/decl_facts_reflection_witness_support.dag	projection_named_child_optional	callee	v2.std.data_initializer_identity	1	unobserved	unobserved	unobserved	unresolved	function 'projection_named_child_optional' not found in scope	3	unique_decl_unresolved_mechanism_unobserved
dag/test/claim/decl_facts_reflection_witness_support.dag	projection_named_child_optional	callee	v2.std.data_initializer_identity	1	unobserved	unobserved	unobserved	unresolved	function 'projection_named_child_optional' not found in scope	3	unique_decl_unresolved_mechanism_unobserved
dag/test/claim/decl_facts_reflection_witness_support.dag	projection_named_child_optional	callee	v2.std.data_initializer_identity	1	unobserved	unobserved	unobserved	unresolved	function 'projection_named_child_optional' not found in scope	3	unique_decl_unresolved_mechanism_unobserved
dag/test/claim/decl_facts_reflection_witness_support.dag	record_constructor_parent_qualified_name_optional	callee	v2.std.data_initializer_identity	1	unobserved	unobserved	unobserved	unresolved	function 'record_constructor_parent_qualified_name_optional' not found in scope	0	unique_decl_unresolved_mechanism_unobserved
dag/test/claim/decl_facts_reflection_witness_support.dag	record_constructor_variant_name_optional	callee	v2.std.data_initializer_identity	1	unobserved	unobserved	unobserved	unresolved	function 'record_constructor_variant_name_optional' not found in scope	1	unique_decl_unresolved_mechanism_unobserved
dag/test/claim/decl_facts_reflection_witness_support.dag	record_constructor_variant_name_optional	callee	v2.std.data_initializer_identity	1	unobserved	unobserved	unobserved	unresolved	function 'record_constructor_variant_name_optional' not found in scope	1	unique_decl_unresolved_mechanism_unobserved
dag/test/claim/decl_facts_reflection_witness_support.dag	record_field_projection_optional	callee	v2.std.data_initializer_identity	1	unobserved	unobserved	unobserved	unresolved	function 'record_field_projection_optional' not found in scope	0	unique_decl_unresolved_mechanism_unobserved
dag/test/claim/decl_facts_reflection_witness_support.dag	resolved_variant_name_optional	callee	v2.std.data_initializer_identity	1	unobserved	unobserved	unobserved	unresolved	function 'resolved_variant_name_optional' not found in scope	1	unique_decl_unresolved_mechanism_unobserved
dag/test/claim/decl_facts_reflection_witness_support.dag	resolved_variant_name_optional	callee	v2.std.data_initializer_identity	1	unobserved	unobserved	unobserved	unresolved	function 'resolved_variant_name_optional' not found in scope	1	unique_decl_unresolved_mechanism_unobserved
dag/test/claim/decl_facts_reflection_witness_support.dag	resolved_variant_parent_qualified_name_optional	callee	v2.std.data_initializer_identity	1	unobserved	unobserved	unobserved	unresolved	function 'resolved_variant_parent_qualified_name_optional' not found in scope	0	unique_decl_unresolved_mechanism_unobserved
dag/test/claim/decl_facts_reflection_witness_support.dag	value_projection_is_resolved_variant	callee	v2.std.data_initializer_identity	1	unobserved	unobserved	unobserved	unresolved	function 'value_projection_is_resolved_variant' not found in scope	2	unique_decl_unresolved_mechanism_unobserved
dag/test/claim/decl_facts_reflection_witness_support.dag	value_projection_is_resolved_variant	callee	v2.std.data_initializer_identity	1	unobserved	unobserved	unobserved	unresolved	function 'value_projection_is_resolved_variant' not found in scope	2	unique_decl_unresolved_mechanism_unobserved
dag/test/claim/decl_facts_reflection_witness_support.dag	value_projection_is_resolved_variant	callee	v2.std.data_initializer_identity	1	unobserved	unobserved	unobserved	unresolved	function 'value_projection_is_resolved_variant' not found in scope	2	unique_decl_unresolved_mechanism_unobserved
dag/test/claim/decl_facts_reflection_witness_test.dag	resolved_variant_name_optional	callee	v2.std.data_initializer_identity	1	unobserved	unobserved	unobserved	unresolved	function 'resolved_variant_name_optional' not found in scope	0	unique_decl_unresolved_mechanism_unobserved
dag/test/claim/decl_facts_reflection_witness_test.dag	value_projection_is_resolved_variant	callee	v2.std.data_initializer_identity	1	unobserved	unobserved	unobserved	unresolved	function 'value_projection_is_resolved_variant' not found in scope	1	unique_decl_unresolved_mechanism_unobserved
dag/test/claim/decl_facts_reflection_witness_test.dag	value_projection_is_resolved_variant	callee	v2.std.data_initializer_identity	1	unobserved	unobserved	unobserved	unresolved	function 'value_projection_is_resolved_variant' not found in scope	1	unique_decl_unresolved_mechanism_unobserved
dag/test/claim/decl_facts_reflection_witness_test.dag	decl_facts_nullary_variant_value_identity_gap_note	value	v2.std.decl_facts_skeleton	1	unobserved	unobserved	unobserved	unresolved	undefined variable 'decl_facts_nullary_variant_value_identity_gap_note'	1	unique_decl_unresolved_mechanism_unobserved
dag/test/claim/decl_facts_reflection_witness_test.dag	decl_facts_nullary_variant_value_identity_gap_note	value	v2.std.decl_facts_skeleton	1	unobserved	unobserved	unobserved	unresolved	undefined variable 'decl_facts_nullary_variant_value_identity_gap_note'	1	unique_decl_unresolved_mechanism_unobserved
dag/test/claim/decl_facts_reflection_witness_test.dag	decl_facts_outer_record_constructor_lexeme_authority_note	value	v2.std.decl_facts_skeleton	1	unobserved	unobserved	unobserved	unresolved	undefined variable 'decl_facts_outer_record_constructor_lexeme_authority_note'	1	unique_decl_unresolved_mechanism_unobserved
dag/test/claim/decl_facts_reflection_witness_test.dag	decl_facts_outer_record_constructor_lexeme_authority_note	value	v2.std.decl_facts_skeleton	1	unobserved	unobserved	unobserved	unresolved	undefined variable 'decl_facts_outer_record_constructor_lexeme_authority_note'	1	unique_decl_unresolved_mechanism_unobserved
dag/test/claim/decl_facts_reflection_witness_test.dag	skeleton_contains_marshal_atom_lexeme	callee	v2.std.decl_facts_skeleton	1	unobserved	unobserved	unobserved	unresolved	function 'skeleton_contains_marshal_atom_lexeme' not found in scope	2	unique_decl_unresolved_mechanism_unobserved
dag/test/claim/decl_facts_reflection_witness_test.dag	skeleton_contains_marshal_atom_lexeme	callee	v2.std.decl_facts_skeleton	1	unobserved	unobserved	unobserved	unresolved	function 'skeleton_contains_marshal_atom_lexeme' not found in scope	2	unique_decl_unresolved_mechanism_unobserved
dag/test/claim/decl_facts_reflection_witness_test.dag	skeleton_contains_marshal_atom_lexeme	callee	v2.std.decl_facts_skeleton	1	unobserved	unobserved	unobserved	unresolved	function 'skeleton_contains_marshal_atom_lexeme' not found in scope	2	unique_decl_unresolved_mechanism_unobserved
dag/test/claim/decl_facts_reflection_witness_test.dag	skeleton_contains_outer_record_constructor_lexeme	callee	v2.std.decl_facts_skeleton	1	unobserved	unobserved	unobserved	unresolved	function 'skeleton_contains_outer_record_constructor_lexeme' not found in scope	6	unique_decl_unresolved_mechanism_unobserved
dag/test/claim/decl_facts_reflection_witness_test.dag	skeleton_contains_outer_record_constructor_lexeme	callee	v2.std.decl_facts_skeleton	1	unobserved	unobserved	unobserved	unresolved	function 'skeleton_contains_outer_record_constructor_lexeme' not found in scope	6	unique_decl_unresolved_mechanism_unobserved
dag/test/claim/decl_facts_reflection_witness_test.dag	skeleton_contains_outer_record_constructor_lexeme	callee	v2.std.decl_facts_skeleton	1	unobserved	unobserved	unobserved	unresolved	function 'skeleton_contains_outer_record_constructor_lexeme' not found in scope	6	unique_decl_unresolved_mechanism_unobserved
dag/test/claim/decl_facts_reflection_witness_test.dag	skeleton_contains_outer_record_constructor_lexeme	callee	v2.std.decl_facts_skeleton	1	unobserved	unobserved	unobserved	unresolved	function 'skeleton_contains_outer_record_constructor_lexeme' not found in scope	6	unique_decl_unresolved_mechanism_unobserved
dag/test/claim/decl_facts_reflection_witness_test.dag	skeleton_contains_outer_record_constructor_lexeme	callee	v2.std.decl_facts_skeleton	1	unobserved	unobserved	unobserved	unresolved	function 'skeleton_contains_outer_record_constructor_lexeme' not found in scope	6	unique_decl_unresolved_mechanism_unobserved
dag/test/claim/decl_facts_reflection_witness_test.dag	skeleton_contains_outer_record_constructor_lexeme	callee	v2.std.decl_facts_skeleton	1	unobserved	unobserved	unobserved	unresolved	function 'skeleton_contains_outer_record_constructor_lexeme' not found in scope	6	unique_decl_unresolved_mechanism_unobserved
dag/test/claim/decl_facts_reflection_witness_test.dag	skeleton_contains_outer_record_constructor_lexeme	callee	v2.std.decl_facts_skeleton	1	unobserved	unobserved	unobserved	unresolved	function 'skeleton_contains_outer_record_constructor_lexeme' not found in scope	6	unique_decl_unresolved_mechanism_unobserved
dag/test/claim/scaffold_disposition_census_fixture_witness_test.dag	decl_facts_matching_qualified_name	callee	v2.std.decl_facts_skeleton	1	unobserved	unobserved	unobserved	unresolved	function 'decl_facts_matching_qualified_name' not found in scope	1	unique_decl_unresolved_mechanism_unobserved
dag/test/claim/scaffold_disposition_census_fixture_witness_test.dag	decl_facts_matching_qualified_name	callee	v2.std.decl_facts_skeleton	1	unobserved	unobserved	unobserved	unresolved	function 'decl_facts_matching_qualified_name' not found in scope	1	unique_decl_unresolved_mechanism_unobserved
dag/test/fixture/decl_facts_reflection/witness_support.dag	decl_fact_skeleton_for_resolution	callee	v2.std.decl_facts_skeleton	1	unobserved	unobserved	unobserved	unresolved	function 'decl_fact_skeleton_for_resolution' not found in scope	0	unique_decl_unresolved_mechanism_unobserved
dag/test/fixture/decl_facts_reflection/witness_support.dag	resolve_decl_fact_by_qualified_name	callee	v2.std.decl_facts_skeleton	1	unobserved	unobserved	unobserved	unresolved	function 'resolve_decl_fact_by_qualified_name' not found in scope	0	unique_decl_unresolved_mechanism_unobserved
dag/gunbc/v1_complexity_decl_classification.dag	DeclFact	type	v2.std.decl_index	1	unobserved	unobserved	unobserved	unresolved	unresolved type 'DeclFact'	9	unique_decl_unresolved_mechanism_unobserved
dag/gunbc/v1_complexity_decl_classification.dag	DeclFact	type	v2.std.decl_index	1	unobserved	unobserved	unobserved	unresolved	unresolved type 'DeclFact'	9	unique_decl_unresolved_mechanism_unobserved
dag/gunbc/v1_complexity_decl_classification.dag	DeclFact	type	v2.std.decl_index	1	unobserved	unobserved	unobserved	unresolved	unresolved type 'DeclFact'	9	unique_decl_unresolved_mechanism_unobserved
dag/gunbc/v1_complexity_decl_classification.dag	DeclFact	type	v2.std.decl_index	1	unobserved	unobserved	unobserved	unresolved	unresolved type 'DeclFact'	9	unique_decl_unresolved_mechanism_unobserved
dag/gunbc/v1_complexity_decl_classification.dag	DeclFact	type	v2.std.decl_index	1	unobserved	unobserved	unobserved	unresolved	unresolved type 'DeclFact'	9	unique_decl_unresolved_mechanism_unobserved
dag/gunbc/v1_complexity_decl_classification.dag	DeclFact	type	v2.std.decl_index	1	unobserved	unobserved	unobserved	unresolved	unresolved type 'DeclFact'	9	unique_decl_unresolved_mechanism_unobserved
dag/gunbc/v1_complexity_decl_classification.dag	DeclFact	type	v2.std.decl_index	1	unobserved	unobserved	unobserved	unresolved	unresolved type 'DeclFact'	9	unique_decl_unresolved_mechanism_unobserved
dag/gunbc/v1_complexity_decl_classification.dag	DeclFact	type	v2.std.decl_index	1	unobserved	unobserved	unobserved	unresolved	unresolved type 'DeclFact'	9	unique_decl_unresolved_mechanism_unobserved
dag/gunbc/v1_complexity_decl_classification.dag	DeclFact	type	v2.std.decl_index	1	unobserved	unobserved	unobserved	unresolved	unresolved type 'DeclFact'	9	unique_decl_unresolved_mechanism_unobserved
dag/gunbc/v1_complexity_decl_classification.dag	DeclFact	type	v2.std.decl_index	1	unobserved	unobserved	unobserved	unresolved	unresolved type 'DeclFact'	9	unique_decl_unresolved_mechanism_unobserved
dag/test/claim/decl_facts_reflection_witness_support.dag	DeclFact	type	v2.std.decl_index	1	unobserved	unobserved	unobserved	unresolved	unresolved type 'DeclFact'	1	unique_decl_unresolved_mechanism_unobserved
dag/test/claim/decl_facts_reflection_witness_support.dag	DeclFact	type	v2.std.decl_index	1	unobserved	unobserved	unobserved	unresolved	unresolved type 'DeclFact'	1	unique_decl_unresolved_mechanism_unobserved
dag/test/claim/long/cited_symbol_resolution_witness_test.dag	DeclFact	type	v2.std.decl_index	1	unobserved	unobserved	unobserved	unresolved	unresolved type 'DeclFact'	2	unique_decl_unresolved_mechanism_unobserved
dag/test/claim/long/cited_symbol_resolution_witness_test.dag	DeclFact	type	v2.std.decl_index	1	unobserved	unobserved	unobserved	unresolved	unresolved type 'DeclFact'	2	unique_decl_unresolved_mechanism_unobserved
dag/test/claim/long/cited_symbol_resolution_witness_test.dag	DeclFact	type	v2.std.decl_index	1	unobserved	unobserved	unobserved	unresolved	unresolved type 'DeclFact'	2	unique_decl_unresolved_mechanism_unobserved
dag/test/claim/long/v1_complexity_capability_census_resolution_test.dag	DeclFact	type	v2.std.decl_index	1	unobserved	unobserved	unobserved	unresolved	unresolved type 'DeclFact'	0	unique_decl_unresolved_mechanism_unobserved
dag/test/claim/long/v1_complexity_decl_classification_totality_test.dag	DeclFact	type	v2.std.decl_index	1	unobserved	unobserved	unobserved	unresolved	unresolved type 'DeclFact'	0	unique_decl_unresolved_mechanism_unobserved
dag/test/claim/scaffold_disposition_census_fixture_witness_test.dag	DeclFact	type	v2.std.decl_index	1	unobserved	unobserved	unobserved	unresolved	unresolved type 'DeclFact'	4	unique_decl_unresolved_mechanism_unobserved
dag/test/claim/scaffold_disposition_census_fixture_witness_test.dag	DeclFact	type	v2.std.decl_index	1	unobserved	unobserved	unobserved	unresolved	unresolved type 'DeclFact'	4	unique_decl_unresolved_mechanism_unobserved
dag/test/claim/scaffold_disposition_census_fixture_witness_test.dag	DeclFact	type	v2.std.decl_index	1	unobserved	unobserved	unobserved	unresolved	unresolved type 'DeclFact'	4	unique_decl_unresolved_mechanism_unobserved
dag/test/claim/scaffold_disposition_census_fixture_witness_test.dag	DeclFact	type	v2.std.decl_index	1	unobserved	unobserved	unobserved	unresolved	unresolved type 'DeclFact'	4	unique_decl_unresolved_mechanism_unobserved
dag/test/claim/scaffold_disposition_census_fixture_witness_test.dag	DeclFact	type	v2.std.decl_index	1	unobserved	unobserved	unobserved	unresolved	unresolved type 'DeclFact'	4	unique_decl_unresolved_mechanism_unobserved
dag/test/claim/v1_complexity_decl_classification_witness_test.dag	DeclFact	type	v2.std.decl_index	1	unobserved	unobserved	unobserved	unresolved	unresolved type 'DeclFact'	5	unique_decl_unresolved_mechanism_unobserved
dag/test/claim/v1_complexity_decl_classification_witness_test.dag	DeclFact	type	v2.std.decl_index	1	unobserved	unobserved	unobserved	unresolved	unresolved type 'DeclFact'	5	unique_decl_unresolved_mechanism_unobserved
dag/test/claim/v1_complexity_decl_classification_witness_test.dag	DeclFact	type	v2.std.decl_index	1	unobserved	unobserved	unobserved	unresolved	unresolved type 'DeclFact'	5	unique_decl_unresolved_mechanism_unobserved
dag/test/claim/v1_complexity_decl_classification_witness_test.dag	DeclFact	type	v2.std.decl_index	1	unobserved	unobserved	unobserved	unresolved	unresolved type 'DeclFact'	5	unique_decl_unresolved_mechanism_unobserved
dag/test/claim/v1_complexity_decl_classification_witness_test.dag	DeclFact	type	v2.std.decl_index	1	unobserved	unobserved	unobserved	unresolved	unresolved type 'DeclFact'	5	unique_decl_unresolved_mechanism_unobserved
dag/test/claim/v1_complexity_decl_classification_witness_test.dag	DeclFact	type	v2.std.decl_index	1	unobserved	unobserved	unobserved	unresolved	unresolved type 'DeclFact'	5	unique_decl_unresolved_mechanism_unobserved
dag/test/fixture/decl_facts_reflection/witness_support.dag	DeclFact	type	v2.std.decl_index	1	unobserved	unobserved	unobserved	unresolved	unresolved type 'DeclFact'	2	unique_decl_unresolved_mechanism_unobserved
dag/test/fixture/decl_facts_reflection/witness_support.dag	DeclFact	type	v2.std.decl_index	1	unobserved	unobserved	unobserved	unresolved	unresolved type 'DeclFact'	2	unique_decl_unresolved_mechanism_unobserved
dag/test/fixture/decl_facts_reflection/witness_support.dag	DeclFact	type	v2.std.decl_index	1	unobserved	unobserved	unobserved	unresolved	unresolved type 'DeclFact'	2	unique_decl_unresolved_mechanism_unobserved
dag/test/fixture/scaffold_disposition_census/expected_classification.dag	DeclFact	type	v2.std.decl_index	1	unobserved	unobserved	unobserved	unresolved	unresolved type 'DeclFact'	2	unique_decl_unresolved_mechanism_unobserved
dag/test/fixture/scaffold_disposition_census/expected_classification.dag	DeclFact	type	v2.std.decl_index	1	unobserved	unobserved	unobserved	unresolved	unresolved type 'DeclFact'	2	unique_decl_unresolved_mechanism_unobserved
dag/test/fixture/scaffold_disposition_census/expected_classification.dag	DeclFact	type	v2.std.decl_index	1	unobserved	unobserved	unobserved	unresolved	unresolved type 'DeclFact'	2	unique_decl_unresolved_mechanism_unobserved
dag/gunbc/doc_graph_roots.dag	declaration_ref_resolves	callee	v2.std.decl_ref_resolution	1	unobserved	unobserved	unobserved	unresolved	function 'declaration_ref_resolves' not found in scope	0	unique_decl_unresolved_mechanism_unobserved
dag/test/claim/long/cited_symbol_resolution_witness_test.dag	DeclarationRefResolutionCensus	type	v2.std.decl_ref_resolution	1	unobserved	unobserved	unobserved	unresolved	unresolved type 'DeclarationRefResolutionCensus'	0	unique_decl_unresolved_mechanism_unobserved
dag/test/claim/long/cited_symbol_resolution_witness_test.dag	cited_declaration_ref_refusal_count	callee	v2.std.decl_ref_resolution	1	unobserved	unobserved	unobserved	unresolved	function 'cited_declaration_ref_refusal_count' not found in scope	0	unique_decl_unresolved_mechanism_unobserved
dag/test/claim/long/cited_symbol_resolution_witness_test.dag	declaration_ref_resolution_census	callee	v2.std.decl_ref_resolution	1	unobserved	unobserved	unobserved	unresolved	function 'declaration_ref_resolution_census' not found in scope	1	unique_decl_unresolved_mechanism_unobserved
dag/test/claim/long/cited_symbol_resolution_witness_test.dag	declaration_ref_resolution_census	callee	v2.std.decl_ref_resolution	1	unobserved	unobserved	unobserved	unresolved	function 'declaration_ref_resolution_census' not found in scope	1	unique_decl_unresolved_mechanism_unobserved
dag/test/claim/long/cited_symbol_resolution_witness_test.dag	resolve_declaration_ref	callee	v2.std.decl_ref_resolution	1	unobserved	unobserved	unobserved	unresolved	function 'resolve_declaration_ref' not found in scope	6	unique_decl_unresolved_mechanism_unobserved
dag/test/claim/long/cited_symbol_resolution_witness_test.dag	resolve_declaration_ref	callee	v2.std.decl_ref_resolution	1	unobserved	unobserved	unobserved	unresolved	function 'resolve_declaration_ref' not found in scope	6	unique_decl_unresolved_mechanism_unobserved
dag/test/claim/long/cited_symbol_resolution_witness_test.dag	resolve_declaration_ref	callee	v2.std.decl_ref_resolution	1	unobserved	unobserved	unobserved	unresolved	function 'resolve_declaration_ref' not found in scope	6	unique_decl_unresolved_mechanism_unobserved
dag/test/claim/long/cited_symbol_resolution_witness_test.dag	resolve_declaration_ref	callee	v2.std.decl_ref_resolution	1	unobserved	unobserved	unobserved	unresolved	function 'resolve_declaration_ref' not found in scope	6	unique_decl_unresolved_mechanism_unobserved
dag/test/claim/long/cited_symbol_resolution_witness_test.dag	resolve_declaration_ref	callee	v2.std.decl_ref_resolution	1	unobserved	unobserved	unobserved	unresolved	function 'resolve_declaration_ref' not found in scope	6	unique_decl_unresolved_mechanism_unobserved
dag/test/claim/long/cited_symbol_resolution_witness_test.dag	resolve_declaration_ref	callee	v2.std.decl_ref_resolution	1	unobserved	unobserved	unobserved	unresolved	function 'resolve_declaration_ref' not found in scope	6	unique_decl_unresolved_mechanism_unobserved
dag/test/claim/long/cited_symbol_resolution_witness_test.dag	resolve_declaration_ref	callee	v2.std.decl_ref_resolution	1	unobserved	unobserved	unobserved	unresolved	function 'resolve_declaration_ref' not found in scope	6	unique_decl_unresolved_mechanism_unobserved
dag/test/claim/long/v1_complexity_capability_census_resolution_test.dag	cited_declaration_ref_refusal_count	callee	v2.std.decl_ref_resolution	1	unobserved	unobserved	unobserved	unresolved	function 'cited_declaration_ref_refusal_count' not found in scope	0	unique_decl_unresolved_mechanism_unobserved
dag/test/claim/long/v1_complexity_capability_census_resolution_test.dag	declaration_ref_resolves	callee	v2.std.decl_ref_resolution	1	unobserved	unobserved	unobserved	unresolved	function 'declaration_ref_resolves' not found in scope	0	unique_decl_unresolved_mechanism_unobserved
dag/test/claim/long/v1_complexity_capability_census_resolution_test.dag	resolve_declaration_ref	callee	v2.std.decl_ref_resolution	1	unobserved	unobserved	unobserved	unresolved	function 'resolve_declaration_ref' not found in scope	3	unique_decl_unresolved_mechanism_unobserved
dag/test/claim/long/v1_complexity_capability_census_resolution_test.dag	resolve_declaration_ref	callee	v2.std.decl_ref_resolution	1	unobserved	unobserved	unobserved	unresolved	function 'resolve_declaration_ref' not found in scope	3	unique_decl_unresolved_mechanism_unobserved
dag/test/claim/long/v1_complexity_capability_census_resolution_test.dag	resolve_declaration_ref	callee	v2.std.decl_ref_resolution	1	unobserved	unobserved	unobserved	unresolved	function 'resolve_declaration_ref' not found in scope	3	unique_decl_unresolved_mechanism_unobserved
dag/test/claim/long/v1_complexity_capability_census_resolution_test.dag	resolve_declaration_ref	callee	v2.std.decl_ref_resolution	1	unobserved	unobserved	unobserved	unresolved	function 'resolve_declaration_ref' not found in scope	3	unique_decl_unresolved_mechanism_unobserved
dag/gunbc/live_deploy/service_ready.dag	ready_set	callee	v2.std.dependency	1	unobserved	unobserved	unobserved	unresolved	function 'ready_set' not found in scope	0	unique_decl_unresolved_mechanism_unobserved
dag/gunbc/ci_spec.dag	EmitDirective	type	v2.std.diagnostic	1	unobserved	unobserved	unobserved	unresolved	unresolved type 'EmitDirective'	0	unique_decl_unresolved_mechanism_unobserved
dag/gunbc/guarantee_probe_corpus.dag	Diagnostics	type	v2.std.diagnostic	1	unobserved	unobserved	unobserved	unresolved	unresolved type 'Diagnostics'	0	unique_decl_unresolved_mechanism_unobserved
dag/gunbc/guarantee_probe_corpus.dag	NonEmptyDiagnostics	type	v2.std.diagnostic	1	unobserved	unobserved	unobserved	unresolved	unresolved type 'NonEmptyDiagnostics'	0	unique_decl_unresolved_mechanism_unobserved
dag/test/claim/machine_shape_construction_wall_test.dag	NonEmptyDiagnostics	type	v2.std.diagnostic	1	unobserved	unobserved	unobserved	unresolved	unresolved type 'NonEmptyDiagnostics'	0	unique_decl_unresolved_mechanism_unobserved
dag/gunbc/ci_deploy_access_observe.dag	EffectPlan	type	v2.std.effect_plan	1	unobserved	unobserved	unobserved	unresolved	unresolved type 'EffectPlan'	0	unique_decl_unresolved_mechanism_unobserved
dag/test/claim/ci_stage0_partition_compile_gate_witness_test.dag	EffectPlan	type	v2.std.effect_plan	1	unobserved	unobserved	unobserved	unresolved	unresolved type 'EffectPlan'	0	unique_decl_unresolved_mechanism_unobserved
dag/test/claim/effect_plan_bash_materialize_real_execution_witness_test.dag	EffectPlan	type	v2.std.effect_plan	1	unobserved	unobserved	unobserved	unresolved	unresolved type 'EffectPlan'	0	unique_decl_unresolved_mechanism_unobserved
dag/test/claim/host_effect_plan_real_execution_witness_test.dag	EffectPlan	type	v2.std.effect_plan	1	unobserved	unobserved	unobserved	unresolved	unresolved type 'EffectPlan'	2	unique_decl_unresolved_mechanism_unobserved
dag/test/claim/host_effect_plan_real_execution_witness_test.dag	EffectPlan	type	v2.std.effect_plan	1	unobserved	unobserved	unobserved	unresolved	unresolved type 'EffectPlan'	2	unique_decl_unresolved_mechanism_unobserved
dag/test/claim/host_effect_plan_real_execution_witness_test.dag	EffectPlan	type	v2.std.effect_plan	1	unobserved	unobserved	unobserved	unresolved	unresolved type 'EffectPlan'	2	unique_decl_unresolved_mechanism_unobserved
dag/test/claim/host_effect_plan_witness_test.dag	EffectPlan	type	v2.std.effect_plan	1	unobserved	unobserved	unobserved	unresolved	unresolved type 'EffectPlan'	2	unique_decl_unresolved_mechanism_unobserved
dag/test/claim/host_effect_plan_witness_test.dag	EffectPlan	type	v2.std.effect_plan	1	unobserved	unobserved	unobserved	unresolved	unresolved type 'EffectPlan'	2	unique_decl_unresolved_mechanism_unobserved
dag/test/claim/host_effect_plan_witness_test.dag	EffectPlan	type	v2.std.effect_plan	1	unobserved	unobserved	unobserved	unresolved	unresolved type 'EffectPlan'	2	unique_decl_unresolved_mechanism_unobserved
dag/test/claim/host_effect_plan_witness_test.dag	effect_plan_orchestration_succession_dissolve_on	value	v2.std.effect_plan	1	unobserved	unobserved	unobserved	unresolved	undefined variable 'effect_plan_orchestration_succession_dissolve_on'	0	unique_decl_unresolved_mechanism_unobserved
dag/test/claim/effect_axes_witness_test.dag	derive_live_tree_disposition	callee	v2.std.execution_envelope	1	unobserved	unobserved	unobserved	unresolved	function 'derive_live_tree_disposition' not found in scope	1	unique_decl_unresolved_mechanism_unobserved
dag/test/claim/effect_axes_witness_test.dag	derive_live_tree_disposition	callee	v2.std.execution_envelope	1	unobserved	unobserved	unobserved	unresolved	function 'derive_live_tree_disposition' not found in scope	1	unique_decl_unresolved_mechanism_unobserved
dag/test/claim/effect_axes_witness_test.dag	hermetic_envelope	callee	v2.std.execution_envelope	1	unobserved	unobserved	unobserved	unresolved	function 'hermetic_envelope' not found in scope	3	unique_decl_unresolved_mechanism_unobserved
dag/test/claim/effect_axes_witness_test.dag	hermetic_envelope	callee	v2.std.execution_envelope	1	unobserved	unobserved	unobserved	unresolved	function 'hermetic_envelope' not found in scope	3	unique_decl_unresolved_mechanism_unobserved
dag/test/claim/effect_axes_witness_test.dag	hermetic_envelope	callee	v2.std.execution_envelope	1	unobserved	unobserved	unobserved	unresolved	function 'hermetic_envelope' not found in scope	3	unique_decl_unresolved_mechanism_unobserved
dag/test/claim/effect_axes_witness_test.dag	hermetic_envelope	callee	v2.std.execution_envelope	1	unobserved	unobserved	unobserved	unresolved	function 'hermetic_envelope' not found in scope	3	unique_decl_unresolved_mechanism_unobserved
dag/test/claim/effect_axes_witness_test.dag	record_envelope	callee	v2.std.execution_envelope	1	unobserved	unobserved	unobserved	unresolved	function 'record_envelope' not found in scope	2	unique_decl_unresolved_mechanism_unobserved
dag/test/claim/effect_axes_witness_test.dag	record_envelope	callee	v2.std.execution_envelope	1	unobserved	unobserved	unobserved	unresolved	function 'record_envelope' not found in scope	2	unique_decl_unresolved_mechanism_unobserved
dag/test/claim/effect_axes_witness_test.dag	record_envelope	callee	v2.std.execution_envelope	1	unobserved	unobserved	unobserved	unresolved	function 'record_envelope' not found in scope	2	unique_decl_unresolved_mechanism_unobserved
dag/test/claim/effect_axes_witness_test.dag	wet_envelope	callee	v2.std.execution_envelope	1	unobserved	unobserved	unobserved	unresolved	function 'wet_envelope' not found in scope	6	unique_decl_unresolved_mechanism_unobserved
dag/test/claim/effect_axes_witness_test.dag	wet_envelope	callee	v2.std.execution_envelope	1	unobserved	unobserved	unobserved	unresolved	function 'wet_envelope' not found in scope	6	unique_decl_unresolved_mechanism_unobserved
dag/test/claim/effect_axes_witness_test.dag	wet_envelope	callee	v2.std.execution_envelope	1	unobserved	unobserved	unobserved	unresolved	function 'wet_envelope' not found in scope	6	unique_decl_unresolved_mechanism_unobserved
dag/test/claim/effect_axes_witness_test.dag	wet_envelope	callee	v2.std.execution_envelope	1	unobserved	unobserved	unobserved	unresolved	function 'wet_envelope' not found in scope	6	unique_decl_unresolved_mechanism_unobserved
dag/test/claim/effect_axes_witness_test.dag	wet_envelope	callee	v2.std.execution_envelope	1	unobserved	unobserved	unobserved	unresolved	function 'wet_envelope' not found in scope	6	unique_decl_unresolved_mechanism_unobserved
dag/test/claim/effect_axes_witness_test.dag	wet_envelope	callee	v2.std.execution_envelope	1	unobserved	unobserved	unobserved	unresolved	function 'wet_envelope' not found in scope	6	unique_decl_unresolved_mechanism_unobserved
dag/test/claim/effect_axes_witness_test.dag	wet_envelope	callee	v2.std.execution_envelope	1	unobserved	unobserved	unobserved	unresolved	function 'wet_envelope' not found in scope	6	unique_decl_unresolved_mechanism_unobserved
dag/examples/interp_test/interp_example.dag	LiveTreeDisposition	type	v2.std.live_tree	1	unobserved	unobserved	unobserved	unresolved	unresolved type 'LiveTreeDisposition'	0	unique_decl_unresolved_mechanism_unobserved
dag/gunbc/generated_artifact_observation.dag	LiveTreeDisposition	type	v2.std.live_tree	1	unobserved	unobserved	unobserved	unresolved	unresolved type 'LiveTreeDisposition'	0	unique_decl_unresolved_mechanism_unobserved
dag/test/claim/access_authorization_profile_witness_test.dag	LiveTreeDisposition	type	v2.std.live_tree	1	unobserved	unobserved	unobserved	unresolved	unresolved type 'LiveTreeDisposition'	0	unique_decl_unresolved_mechanism_unobserved
dag/test/claim/access_validation_test.dag	LiveTreeDisposition	type	v2.std.live_tree	1	unobserved	unobserved	unobserved	unresolved	unresolved type 'LiveTreeDisposition'	0	unique_decl_unresolved_mechanism_unobserved
dag/test/claim/acquisition_mechanism_witness_test.dag	LiveTreeDisposition	type	v2.std.live_tree	1	unobserved	unobserved	unobserved	unresolved	unresolved type 'LiveTreeDisposition'	0	unique_decl_unresolved_mechanism_unobserved
dag/test/claim/actions_job_grant_witness_test.dag	LiveTreeDisposition	type	v2.std.live_tree	1	unobserved	unobserved	unobserved	unresolved	unresolved type 'LiveTreeDisposition'	0	unique_decl_unresolved_mechanism_unobserved
dag/test/claim/advertising_interface_witness_test.dag	LiveTreeDisposition	type	v2.std.live_tree	1	unobserved	unobserved	unobserved	unresolved	unresolved type 'LiveTreeDisposition'	0	unique_decl_unresolved_mechanism_unobserved
dag/test/claim/annotation_carrier_witness_test.dag	LiveTreeDisposition	type	v2.std.live_tree	1	unobserved	unobserved	unobserved	unresolved	unresolved type 'LiveTreeDisposition'	0	unique_decl_unresolved_mechanism_unobserved
dag/test/claim/anomaly_evidence_witness_test.dag	LiveTreeDisposition	type	v2.std.live_tree	1	unobserved	unobserved	unobserved	unresolved	unresolved type 'LiveTreeDisposition'	0	unique_decl_unresolved_mechanism_unobserved
dag/test/claim/artifact_store_fs_witness_test.dag	LiveTreeDisposition	type	v2.std.live_tree	1	unobserved	unobserved	unobserved	unresolved	unresolved type 'LiveTreeDisposition'	0	unique_decl_unresolved_mechanism_unobserved
dag/test/claim/artifact_store_scratch_grant_witness_test.dag	LiveTreeDisposition	type	v2.std.live_tree	1	unobserved	unobserved	unobserved	unresolved	unresolved type 'LiveTreeDisposition'	0	unique_decl_unresolved_mechanism_unobserved
dag/test/claim/artifact_store_witness_test.dag	LiveTreeDisposition	type	v2.std.live_tree	1	unobserved	unobserved	unobserved	unresolved	unresolved type 'LiveTreeDisposition'	0	unique_decl_unresolved_mechanism_unobserved
dag/test/claim/asrock_live_probe_witness_test.dag	LiveTreeDisposition	type	v2.std.live_tree	1	unobserved	unobserved	unobserved	unresolved	unresolved type 'LiveTreeDisposition'	0	unique_decl_unresolved_mechanism_unobserved
dag/test/claim/bach_double_slit_observation_witness_test.dag	LiveTreeDisposition	type	v2.std.live_tree	1	unobserved	unobserved	unobserved	unresolved	unresolved type 'LiveTreeDisposition'	0	unique_decl_unresolved_mechanism_unobserved
dag/test/claim/bach_double_slit_path_additivity_synthetic_fixture_witness_test.dag	LiveTreeDisposition	type	v2.std.live_tree	1	unobserved	unobserved	unobserved	unresolved	unresolved type 'LiveTreeDisposition'	0	unique_decl_unresolved_mechanism_unobserved
dag/test/claim/base64_rfc4648_witness_test.dag	LiveTreeDisposition	type	v2.std.live_tree	1	unobserved	unobserved	unobserved	unresolved	unresolved type 'LiveTreeDisposition'	0	unique_decl_unresolved_mechanism_unobserved
dag/test/claim/bmc_auth_runtime_secret_seam_test.dag	LiveTreeDisposition	type	v2.std.live_tree	1	unobserved	unobserved	unobserved	unresolved	unresolved type 'LiveTreeDisposition'	0	unique_decl_unresolved_mechanism_unobserved
dag/test/claim/bmc_bootstrap_provision_witness_test.dag	LiveTreeDisposition	type	v2.std.live_tree	1	unobserved	unobserved	unobserved	unresolved	unresolved type 'LiveTreeDisposition'	0	unique_decl_unresolved_mechanism_unobserved
dag/test/claim/bmc_capability_solve_witness_test.dag	LiveTreeDisposition	type	v2.std.live_tree	1	unobserved	unobserved	unobserved	unresolved	unresolved type 'LiveTreeDisposition'	0	unique_decl_unresolved_mechanism_unobserved
dag/test/claim/bmc_factory_credential_witness_test.dag	LiveTreeDisposition	type	v2.std.live_tree	1	unobserved	unobserved	unobserved	unresolved	unresolved type 'LiveTreeDisposition'	0	unique_decl_unresolved_mechanism_unobserved
dag/test/claim/bmc_fan_converge_witness_test.dag	LiveTreeDisposition	type	v2.std.live_tree	1	unobserved	unobserved	unobserved	unresolved	unresolved type 'LiveTreeDisposition'	0	unique_decl_unresolved_mechanism_unobserved
dag/test/claim/bmc_firmware_thermal_witness_test.dag	LiveTreeDisposition	type	v2.std.live_tree	1	unobserved	unobserved	unobserved	unresolved	unresolved type 'LiveTreeDisposition'	0	unique_decl_unresolved_mechanism_unobserved
dag/test/claim/bmc_live_receipts_witness_test.dag	LiveTreeDisposition	type	v2.std.live_tree	1	unobserved	unobserved	unobserved	unresolved	unresolved type 'LiveTreeDisposition'	0	unique_decl_unresolved_mechanism_unobserved
dag/test/claim/bmc_onboard_body_witness_test.dag	LiveTreeDisposition	type	v2.std.live_tree	1	unobserved	unobserved	unobserved	unresolved	unresolved type 'LiveTreeDisposition'	0	unique_decl_unresolved_mechanism_unobserved
dag/test/claim/bmc_onboarding_lifecycle_witness_test.dag	LiveTreeDisposition	type	v2.std.live_tree	1	unobserved	unobserved	unobserved	unresolved	unresolved type 'LiveTreeDisposition'	0	unique_decl_unresolved_mechanism_unobserved
dag/test/claim/bmc_redfish_grounding_witness_test.dag	LiveTreeDisposition	type	v2.std.live_tree	1	unobserved	unobserved	unobserved	unresolved	unresolved type 'LiveTreeDisposition'	0	unique_decl_unresolved_mechanism_unobserved
dag/test/claim/bmc_token_federation_witness_test.dag	LiveTreeDisposition	type	v2.std.live_tree	1	unobserved	unobserved	unobserved	unresolved	unresolved type 'LiveTreeDisposition'	0	unique_decl_unresolved_mechanism_unobserved
dag/test/claim/bmc_typed_operations_witness_test.dag	LiveTreeDisposition	type	v2.std.live_tree	1	unobserved	unobserved	unobserved	unresolved	unresolved type 'LiveTreeDisposition'	0	unique_decl_unresolved_mechanism_unobserved
dag/test/claim/bmc_wif_delegation_chain_witness_test.dag	LiveTreeDisposition	type	v2.std.live_tree	1	unobserved	unobserved	unobserved	unresolved	unresolved type 'LiveTreeDisposition'	0	unique_decl_unresolved_mechanism_unobserved
dag/test/claim/budget_tree_witness_test.dag	LiveTreeDisposition	type	v2.std.live_tree	1	unobserved	unobserved	unobserved	unresolved	unresolved type 'LiveTreeDisposition'	0	unique_decl_unresolved_mechanism_unobserved
dag/test/claim/build_cache_endpoint_path_test.dag	LiveTreeDisposition	type	v2.std.live_tree	1	unobserved	unobserved	unobserved	unresolved	unresolved type 'LiveTreeDisposition'	0	unique_decl_unresolved_mechanism_unobserved
dag/test/claim/build_cache_ensure_test.dag	LiveTreeDisposition	type	v2.std.live_tree	1	unobserved	unobserved	unobserved	unresolved	unresolved type 'LiveTreeDisposition'	0	unique_decl_unresolved_mechanism_unobserved
dag/test/claim/build_cache_latency_probe_witness_test.dag	LiveTreeDisposition	type	v2.std.live_tree	1	unobserved	unobserved	unobserved	unresolved	unresolved type 'LiveTreeDisposition'	0	unique_decl_unresolved_mechanism_unobserved
dag/test/claim/build_cache_placement_observation_test.dag	LiveTreeDisposition	type	v2.std.live_tree	1	unobserved	unobserved	unobserved	unresolved	unresolved type 'LiveTreeDisposition'	0	unique_decl_unresolved_mechanism_unobserved
dag/test/claim/build_latency_actions_collect_witness_test.dag	LiveTreeDisposition	type	v2.std.live_tree	1	unobserved	unobserved	unobserved	unresolved	unresolved type 'LiveTreeDisposition'	0	unique_decl_unresolved_mechanism_unobserved
dag/test/claim/builtin_get_resolver_test.dag	LiveTreeDisposition	type	v2.std.live_tree	1	unobserved	unobserved	unobserved	unresolved	unresolved type 'LiveTreeDisposition'	0	unique_decl_unresolved_mechanism_unobserved
dag/test/claim/cache_key_completeness_test.dag	LiveTreeDisposition	type	v2.std.live_tree	1	unobserved	unobserved	unobserved	unresolved	unresolved type 'LiveTreeDisposition'	0	unique_decl_unresolved_mechanism_unobserved
dag/test/claim/cache_layer_planner_test.dag	LiveTreeDisposition	type	v2.std.live_tree	1	unobserved	unobserved	unobserved	unresolved	unresolved type 'LiveTreeDisposition'	0	unique_decl_unresolved_mechanism_unobserved
dag/test/claim/cache_purity_verdict_test.dag	LiveTreeDisposition	type	v2.std.live_tree	1	unobserved	unobserved	unobserved	unresolved	unresolved type 'LiveTreeDisposition'	0	unique_decl_unresolved_mechanism_unobserved
dag/test/claim/capability_binding_witness_test.dag	LiveTreeDisposition	type	v2.std.live_tree	1	unobserved	unobserved	unobserved	unresolved	unresolved type 'LiveTreeDisposition'	0	unique_decl_unresolved_mechanism_unobserved
dag/test/claim/card_intake_risk_witness_test.dag	LiveTreeDisposition	type	v2.std.live_tree	1	unobserved	unobserved	unobserved	unresolved	unresolved type 'LiveTreeDisposition'	0	unique_decl_unresolved_mechanism_unobserved
dag/test/claim/cargo_target_path_witness_test.dag	LiveTreeDisposition	type	v2.std.live_tree	1	unobserved	unobserved	unobserved	unresolved	unresolved type 'LiveTreeDisposition'	0	unique_decl_unresolved_mechanism_unobserved
dag/test/claim/cargo_version_witness_test.dag	LiveTreeDisposition	type	v2.std.live_tree	1	unobserved	unobserved	unobserved	unresolved	unresolved type 'LiveTreeDisposition'	0	unique_decl_unresolved_mechanism_unobserved
dag/test/claim/change_realization_witness_test.dag	LiveTreeDisposition	type	v2.std.live_tree	1	unobserved	unobserved	unobserved	unresolved	unresolved type 'LiveTreeDisposition'	0	unique_decl_unresolved_mechanism_unobserved
dag/test/claim/chapman_which_path_observation_witness_test.dag	LiveTreeDisposition	type	v2.std.live_tree	1	unobserved	unobserved	unobserved	unresolved	unresolved type 'LiveTreeDisposition'	0	unique_decl_unresolved_mechanism_unobserved
dag/test/claim/check_coverage_admission_witness_test.dag	LiveTreeDisposition	type	v2.std.live_tree	1	unobserved	unobserved	unobserved	unresolved	unresolved type 'LiveTreeDisposition'	0	unique_decl_unresolved_mechanism_unobserved
dag/test/claim/ci_budget_tree_witness_test.dag	LiveTreeDisposition	type	v2.std.live_tree	1	unobserved	unobserved	unobserved	unresolved	unresolved type 'LiveTreeDisposition'	0	unique_decl_unresolved_mechanism_unobserved
dag/test/claim/ci_compile_jobs_witness_test.dag	LiveTreeDisposition	type	v2.std.live_tree	1	unobserved	unobserved	unobserved	unresolved	unresolved type 'LiveTreeDisposition'	0	unique_decl_unresolved_mechanism_unobserved
dag/test/claim/ci_deploy_target_host_witness_test.dag	LiveTreeDisposition	type	v2.std.live_tree	1	unobserved	unobserved	unobserved	unresolved	unresolved type 'LiveTreeDisposition'	0	unique_decl_unresolved_mechanism_unobserved
dag/test/claim/ci_deploy_witness_test.dag	LiveTreeDisposition	type	v2.std.live_tree	1	unobserved	unobserved	unobserved	unresolved	unresolved type 'LiveTreeDisposition'	0	unique_decl_unresolved_mechanism_unobserved
dag/test/claim/ci_exclusion_proof_test.dag	LiveTreeDisposition	type	v2.std.live_tree	1	unobserved	unobserved	unobserved	unresolved	unresolved type 'LiveTreeDisposition'	0	unique_decl_unresolved_mechanism_unobserved
dag/test/claim/ci_failure_class_witness_test.dag	LiveTreeDisposition	type	v2.std.live_tree	1	unobserved	unobserved	unobserved	unresolved	unresolved type 'LiveTreeDisposition'	0	unique_decl_unresolved_mechanism_unobserved
dag/test/claim/ci_materialization_witness_test.dag	LiveTreeDisposition	type	v2.std.live_tree	1	unobserved	unobserved	unobserved	unresolved	unresolved type 'LiveTreeDisposition'	0	unique_decl_unresolved_mechanism_unobserved
dag/test/claim/ci_native_cache_root_witness_test.dag	LiveTreeDisposition	type	v2.std.live_tree	1	unobserved	unobserved	unobserved	unresolved	unresolved type 'LiveTreeDisposition'	0	unique_decl_unresolved_mechanism_unobserved
dag/test/claim/ci_oom_reclassify_witness_test.dag	LiveTreeDisposition	type	v2.std.live_tree	1	unobserved	unobserved	unobserved	unresolved	unresolved type 'LiveTreeDisposition'	0	unique_decl_unresolved_mechanism_unobserved
dag/test/claim/ci_release_bins_witness_test.dag	LiveTreeDisposition	type	v2.std.live_tree	1	unobserved	unobserved	unobserved	unresolved	unresolved type 'LiveTreeDisposition'	0	unique_decl_unresolved_mechanism_unobserved
dag/test/claim/ci_render_histogram_width_test.dag	LiveTreeDisposition	type	v2.std.live_tree	1	unobserved	unobserved	unobserved	unresolved	unresolved type 'LiveTreeDisposition'	0	unique_decl_unresolved_mechanism_unobserved
dag/test/claim/ci_render_slowest_hot_style_test.dag	LiveTreeDisposition	type	v2.std.live_tree	1	unobserved	unobserved	unobserved	unresolved	unresolved type 'LiveTreeDisposition'	0	unique_decl_unresolved_mechanism_unobserved
dag/test/claim/ci_runner_seam_witness_test.dag	LiveTreeDisposition	type	v2.std.live_tree	1	unobserved	unobserved	unobserved	unresolved	unresolved type 'LiveTreeDisposition'	0	unique_decl_unresolved_mechanism_unobserved
dag/test/claim/ci_workflow_witness_test.dag	LiveTreeDisposition	type	v2.std.live_tree	1	unobserved	unobserved	unobserved	unresolved	unresolved type 'LiveTreeDisposition'	0	unique_decl_unresolved_mechanism_unobserved
dag/test/claim/ci_yaml_serializer_witness_test.dag	LiveTreeDisposition	type	v2.std.live_tree	1	unobserved	unobserved	unobserved	unresolved	unresolved type 'LiveTreeDisposition'	0	unique_decl_unresolved_mechanism_unobserved
dag/test/claim/claim_indexed_evidence_witness_test.dag	LiveTreeDisposition	type	v2.std.live_tree	1	unobserved	unobserved	unobserved	unresolved	unresolved type 'LiveTreeDisposition'	0	unique_decl_unresolved_mechanism_unobserved
dag/test/claim/claude_sdk_parser_drop_live_witness_test.dag	LiveTreeDisposition	type	v2.std.live_tree	1	unobserved	unobserved	unobserved	unresolved	unresolved type 'LiveTreeDisposition'	0	unique_decl_unresolved_mechanism_unobserved
dag/test/claim/claude_sdk_parser_drop_witness_test.dag	LiveTreeDisposition	type	v2.std.live_tree	1	unobserved	unobserved	unobserved	unresolved	unresolved type 'LiveTreeDisposition'	0	unique_decl_unresolved_mechanism_unobserved
dag/test/claim/cli_run_repo_grant_hand_rust_equivalence_witness_test.dag	LiveTreeDisposition	type	v2.std.live_tree	1	unobserved	unobserved	unobserved	unresolved	unresolved type 'LiveTreeDisposition'	0	unique_decl_unresolved_mechanism_unobserved
dag/test/claim/cli_run_repo_grant_witness_test.dag	LiveTreeDisposition	type	v2.std.live_tree	1	unobserved	unobserved	unobserved	unresolved	unresolved type 'LiveTreeDisposition'	0	unique_decl_unresolved_mechanism_unobserved
dag/test/claim/code_change_workflow_witness_test.dag	LiveTreeDisposition	type	v2.std.live_tree	1	unobserved	unobserved	unobserved	unresolved	unresolved type 'LiveTreeDisposition'	0	unique_decl_unresolved_mechanism_unobserved
dag/test/claim/codex_app_server_press_wet_witness_test.dag	LiveTreeDisposition	type	v2.std.live_tree	1	unobserved	unobserved	unobserved	unresolved	unresolved type 'LiveTreeDisposition'	0	unique_decl_unresolved_mechanism_unobserved
dag/test/claim/codex_device_prompt_witness_test.dag	LiveTreeDisposition	type	v2.std.live_tree	1	unobserved	unobserved	unobserved	unresolved	unresolved type 'LiveTreeDisposition'	0	unique_decl_unresolved_mechanism_unobserved
dag/test/claim/codex_package_delivery_wet_witness_test.dag	LiveTreeDisposition	type	v2.std.live_tree	1	unobserved	unobserved	unobserved	unresolved	unresolved type 'LiveTreeDisposition'	0	unique_decl_unresolved_mechanism_unobserved
dag/test/claim/codex_package_lock_parse_witness_test.dag	LiveTreeDisposition	type	v2.std.live_tree	1	unobserved	unobserved	unobserved	unresolved	unresolved type 'LiveTreeDisposition'	0	unique_decl_unresolved_mechanism_unobserved
dag/test/claim/commit_check_demand_witness_test.dag	LiveTreeDisposition	type	v2.std.live_tree	1	unobserved	unobserved	unobserved	unresolved	unresolved type 'LiveTreeDisposition'	0	unique_decl_unresolved_mechanism_unobserved
dag/test/claim/commit_witness_claim_roster_witness_test.dag	LiveTreeDisposition	type	v2.std.live_tree	1	unobserved	unobserved	unobserved	unresolved	unresolved type 'LiveTreeDisposition'	0	unique_decl_unresolved_mechanism_unobserved
dag/test/claim/commit_workflow_witness_test.dag	LiveTreeDisposition	type	v2.std.live_tree	1	unobserved	unobserved	unobserved	unresolved	unresolved type 'LiveTreeDisposition'	0	unique_decl_unresolved_mechanism_unobserved
dag/test/claim/commit_writer_heal_admission_real_execution_witness_test.dag	LiveTreeDisposition	type	v2.std.live_tree	1	unobserved	unobserved	unobserved	unresolved	unresolved type 'LiveTreeDisposition'	0	unique_decl_unresolved_mechanism_unobserved
dag/test/claim/commit_writer_index_selection_witness_test.dag	LiveTreeDisposition	type	v2.std.live_tree	1	unobserved	unobserved	unobserved	unresolved	unresolved type 'LiveTreeDisposition'	0	unique_decl_unresolved_mechanism_unobserved
dag/test/claim/compile_clean_cost_clamp_witness_test.dag	LiveTreeDisposition	type	v2.std.live_tree	1	unobserved	unobserved	unobserved	unresolved	unresolved type 'LiveTreeDisposition'	0	unique_decl_unresolved_mechanism_unobserved
dag/test/claim/compile_diagnostic_census_witness_test.dag	LiveTreeDisposition	type	v2.std.live_tree	1	unobserved	unobserved	unobserved	unresolved	unresolved type 'LiveTreeDisposition'	0	unique_decl_unresolved_mechanism_unobserved
dag/test/claim/compile_pool_ensure_test.dag	LiveTreeDisposition	type	v2.std.live_tree	1	unobserved	unobserved	unobserved	unresolved	unresolved type 'LiveTreeDisposition'	0	unique_decl_unresolved_mechanism_unobserved
dag/test/claim/compile_source_model_witness_test.dag	LiveTreeDisposition	type	v2.std.live_tree	1	unobserved	unobserved	unobserved	unresolved	unresolved type 'LiveTreeDisposition'	0	unique_decl_unresolved_mechanism_unobserved
dag/test/claim/component_dispatch_button_witness_test.dag	LiveTreeDisposition	type	v2.std.live_tree	1	unobserved	unobserved	unobserved	unresolved	unresolved type 'LiveTreeDisposition'	0	unique_decl_unresolved_mechanism_unobserved
dag/test/claim/computation_demand_duplication_witness_test.dag	LiveTreeDisposition	type	v2.std.live_tree	1	unobserved	unobserved	unobserved	unresolved	unresolved type 'LiveTreeDisposition'	0	unique_decl_unresolved_mechanism_unobserved
dag/test/claim/compute_fabric_resource_witness_test.dag	LiveTreeDisposition	type	v2.std.live_tree	1	unobserved	unobserved	unobserved	unresolved	unresolved type 'LiveTreeDisposition'	0	unique_decl_unresolved_mechanism_unobserved
dag/test/claim/config_record_emit_test.dag	LiveTreeDisposition	type	v2.std.live_tree	1	unobserved	unobserved	unobserved	unresolved	unresolved type 'LiveTreeDisposition'	0	unique_decl_unresolved_mechanism_unobserved
dag/test/claim/contracts_placement_test.dag	LiveTreeDisposition	type	v2.std.live_tree	1	unobserved	unobserved	unobserved	unresolved	unresolved type 'LiveTreeDisposition'	0	unique_decl_unresolved_mechanism_unobserved
dag/test/claim/cost_estimate_float_witness_test.dag	LiveTreeDisposition	type	v2.std.live_tree	1	unobserved	unobserved	unobserved	unresolved	unresolved type 'LiveTreeDisposition'	0	unique_decl_unresolved_mechanism_unobserved
dag/test/claim/cpu_l1_cache_geometry_witness_test.dag	LiveTreeDisposition	type	v2.std.live_tree	1	unobserved	unobserved	unobserved	unresolved	unresolved type 'LiveTreeDisposition'	0	unique_decl_unresolved_mechanism_unobserved
dag/test/claim/cpu_l2_l3_cache_geometry_witness_test.dag	LiveTreeDisposition	type	v2.std.live_tree	1	unobserved	unobserved	unobserved	unresolved	unresolved type 'LiveTreeDisposition'	0	unique_decl_unresolved_mechanism_unobserved
dag/test/claim/cr1000a_dhcp_lease_naming_witness_test.dag	LiveTreeDisposition	type	v2.std.live_tree	1	unobserved	unobserved	unobserved	unresolved	unresolved type 'LiveTreeDisposition'	0	unique_decl_unresolved_mechanism_unobserved
dag/test/claim/crm_stage_vocabulary_witness_test.dag	LiveTreeDisposition	type	v2.std.live_tree	1	unobserved	unobserved	unobserved	unresolved	unresolved type 'LiveTreeDisposition'	0	unique_decl_unresolved_mechanism_unobserved
dag/test/claim/cron_tag_witness_test.dag	LiveTreeDisposition	type	v2.std.live_tree	1	unobserved	unobserved	unobserved	unresolved	unresolved type 'LiveTreeDisposition'	0	unique_decl_unresolved_mechanism_unobserved
dag/test/claim/cross_file_binding_assembly_witness_test.dag	LiveTreeDisposition	type	v2.std.live_tree	1	unobserved	unobserved	unobserved	unresolved	unresolved type 'LiveTreeDisposition'	0	unique_decl_unresolved_mechanism_unobserved
dag/test/claim/crosstree_probe_test.dag	LiveTreeDisposition	type	v2.std.live_tree	1	unobserved	unobserved	unobserved	unresolved	unresolved type 'LiveTreeDisposition'	0	unique_decl_unresolved_mechanism_unobserved
dag/test/claim/css_grain_witness_test.dag	LiveTreeDisposition	type	v2.std.live_tree	1	unobserved	unobserved	unobserved	unresolved	unresolved type 'LiveTreeDisposition'	0	unique_decl_unresolved_mechanism_unobserved
dag/test/claim/dag_collect_fingerprint_witness_test.dag	LiveTreeDisposition	type	v2.std.live_tree	1	unobserved	unobserved	unobserved	unresolved	unresolved type 'LiveTreeDisposition'	0	unique_decl_unresolved_mechanism_unobserved
dag/test/claim/dag_compile_clean_cli_floor_agreement_witness_test.dag	LiveTreeDisposition	type	v2.std.live_tree	1	unobserved	unobserved	unobserved	unresolved	unresolved type 'LiveTreeDisposition'	0	unique_decl_unresolved_mechanism_unobserved
dag/test/claim/dag_compile_clean_perturb_receipts_test.dag	LiveTreeDisposition	type	v2.std.live_tree	1	unobserved	unobserved	unobserved	unresolved	unresolved type 'LiveTreeDisposition'	0	unique_decl_unresolved_mechanism_unobserved
dag/test/claim/dag_compile_clean_scope_witness_test.dag	LiveTreeDisposition	type	v2.std.live_tree	1	unobserved	unobserved	unobserved	unresolved	unresolved type 'LiveTreeDisposition'	0	unique_decl_unresolved_mechanism_unobserved
dag/test/claim/dag_compile_clean_seam_witness_test.dag	LiveTreeDisposition	type	v2.std.live_tree	1	unobserved	unobserved	unobserved	unresolved	unresolved type 'LiveTreeDisposition'	0	unique_decl_unresolved_mechanism_unobserved
dag/test/claim/dag_compile_clean_shard_a_witness_test.dag	LiveTreeDisposition	type	v2.std.live_tree	1	unobserved	unobserved	unobserved	unresolved	unresolved type 'LiveTreeDisposition'	0	unique_decl_unresolved_mechanism_unobserved
dag/test/claim/dag_compile_clean_shard_totality_witness_test.dag	LiveTreeDisposition	type	v2.std.live_tree	1	unobserved	unobserved	unobserved	unresolved	unresolved type 'LiveTreeDisposition'	0	unique_decl_unresolved_mechanism_unobserved
dag/test/claim/deploy_access_privilege_witness_test.dag	LiveTreeDisposition	type	v2.std.live_tree	1	unobserved	unobserved	unobserved	unresolved	unresolved type 'LiveTreeDisposition'	0	unique_decl_unresolved_mechanism_unobserved
dag/test/claim/deploy_mutation_gate_witness_test.dag	LiveTreeDisposition	type	v2.std.live_tree	1	unobserved	unobserved	unobserved	unresolved	unresolved type 'LiveTreeDisposition'	0	unique_decl_unresolved_mechanism_unobserved
dag/test/claim/deploy_revision_witness_test.dag	LiveTreeDisposition	type	v2.std.live_tree	1	unobserved	unobserved	unobserved	unresolved	unresolved type 'LiveTreeDisposition'	0	unique_decl_unresolved_mechanism_unobserved
dag/test/claim/descent_evidence_lattice_witness_test.dag	LiveTreeDisposition	type	v2.std.live_tree	1	unobserved	unobserved	unobserved	unresolved	unresolved type 'LiveTreeDisposition'	0	unique_decl_unresolved_mechanism_unobserved
dag/test/claim/design_argument_witness_test.dag	LiveTreeDisposition	type	v2.std.live_tree	1	unobserved	unobserved	unobserved	unresolved	unresolved type 'LiveTreeDisposition'	0	unique_decl_unresolved_mechanism_unobserved
dag/test/claim/design_palette_witness_test.dag	LiveTreeDisposition	type	v2.std.live_tree	1	unobserved	unobserved	unobserved	unresolved	unresolved type 'LiveTreeDisposition'	0	unique_decl_unresolved_mechanism_unobserved
dag/test/claim/design_register_lift_parity_witness_test.dag	LiveTreeDisposition	type	v2.std.live_tree	1	unobserved	unobserved	unobserved	unresolved	unresolved type 'LiveTreeDisposition'	0	unique_decl_unresolved_mechanism_unobserved
dag/test/claim/dgx_spark_witness_test.dag	LiveTreeDisposition	type	v2.std.live_tree	1	unobserved	unobserved	unobserved	unresolved	unresolved type 'LiveTreeDisposition'	0	unique_decl_unresolved_mechanism_unobserved
dag/test/claim/dhcp_v4_mac_pinned_witness_test.dag	LiveTreeDisposition	type	v2.std.live_tree	1	unobserved	unobserved	unobserved	unresolved	unresolved type 'LiveTreeDisposition'	0	unique_decl_unresolved_mechanism_unobserved
dag/test/claim/diagnostics_test.dag	LiveTreeDisposition	type	v2.std.live_tree	1	unobserved	unobserved	unobserved	unresolved	unresolved type 'LiveTreeDisposition'	0	unique_decl_unresolved_mechanism_unobserved
dag/test/claim/diff_baseline_witness_test.dag	LiveTreeDisposition	type	v2.std.live_tree	1	unobserved	unobserved	unobserved	unresolved	unresolved type 'LiveTreeDisposition'	0	unique_decl_unresolved_mechanism_unobserved
dag/test/claim/diff_window_cross_seam_witness_test.dag	LiveTreeDisposition	type	v2.std.live_tree	1	unobserved	unobserved	unobserved	unresolved	unresolved type 'LiveTreeDisposition'	0	unique_decl_unresolved_mechanism_unobserved
dag/test/claim/direct_rust_door_write_compile_witness_test.dag	LiveTreeDisposition	type	v2.std.live_tree	1	unobserved	unobserved	unobserved	unresolved	unresolved type 'LiveTreeDisposition'	0	unique_decl_unresolved_mechanism_unobserved
dag/test/claim/dispatch_attempts_witness_test.dag	LiveTreeDisposition	type	v2.std.live_tree	1	unobserved	unobserved	unobserved	unresolved	unresolved type 'LiveTreeDisposition'	0	unique_decl_unresolved_mechanism_unobserved
dag/test/claim/dispatch_presentation_witness_test.dag	LiveTreeDisposition	type	v2.std.live_tree	1	unobserved	unobserved	unobserved	unresolved	unresolved type 'LiveTreeDisposition'	0	unique_decl_unresolved_mechanism_unobserved
dag/test/claim/dispatch_stop_witness_test.dag	LiveTreeDisposition	type	v2.std.live_tree	1	unobserved	unobserved	unobserved	unresolved	unresolved type 'LiveTreeDisposition'	0	unique_decl_unresolved_mechanism_unobserved
dag/test/claim/dissolution_census_a_projection_witness_test.dag	LiveTreeDisposition	type	v2.std.live_tree	1	unobserved	unobserved	unobserved	unresolved	unresolved type 'LiveTreeDisposition'	0	unique_decl_unresolved_mechanism_unobserved
dag/test/claim/doc_reachability_witness_test.dag	LiveTreeDisposition	type	v2.std.live_tree	1	unobserved	unobserved	unobserved	unresolved	unresolved type 'LiveTreeDisposition'	0	unique_decl_unresolved_mechanism_unobserved
dag/test/claim/docker_container_stats_witness_test.dag	LiveTreeDisposition	type	v2.std.live_tree	1	unobserved	unobserved	unobserved	unresolved	unresolved type 'LiveTreeDisposition'	0	unique_decl_unresolved_mechanism_unobserved
dag/test/claim/domain_name_parse_witness_test.dag	LiveTreeDisposition	type	v2.std.live_tree	1	unobserved	unobserved	unobserved	unresolved	unresolved type 'LiveTreeDisposition'	0	unique_decl_unresolved_mechanism_unobserved
dag/test/claim/ebay_listing_witness_test.dag	LiveTreeDisposition	type	v2.std.live_tree	1	unobserved	unobserved	unobserved	unresolved	unresolved type 'LiveTreeDisposition'	0	unique_decl_unresolved_mechanism_unobserved
dag/test/claim/econ_wedge_witness_test.dag	LiveTreeDisposition	type	v2.std.live_tree	1	unobserved	unobserved	unobserved	unresolved	unresolved type 'LiveTreeDisposition'	0	unique_decl_unresolved_mechanism_unobserved
dag/test/claim/effect_grant_witness_test.dag	LiveTreeDisposition	type	v2.std.live_tree	1	unobserved	unobserved	unobserved	unresolved	unresolved type 'LiveTreeDisposition'	0	unique_decl_unresolved_mechanism_unobserved
dag/test/claim/effect_plan_bash_materialize_real_execution_witness_test.dag	LiveTreeDisposition	type	v2.std.live_tree	1	unobserved	unobserved	unobserved	unresolved	unresolved type 'LiveTreeDisposition'	0	unique_decl_unresolved_mechanism_unobserved
dag/test/claim/effects_rest_transport_parse_witness_test.dag	LiveTreeDisposition	type	v2.std.live_tree	1	unobserved	unobserved	unobserved	unresolved	unresolved type 'LiveTreeDisposition'	0	unique_decl_unresolved_mechanism_unobserved
dag/test/claim/effects_witness_test.dag	LiveTreeDisposition	type	v2.std.live_tree	1	unobserved	unobserved	unobserved	unresolved	unresolved type 'LiveTreeDisposition'	0	unique_decl_unresolved_mechanism_unobserved
dag/test/claim/emit_host_gate_witness_test.dag	LiveTreeDisposition	type	v2.std.live_tree	1	unobserved	unobserved	unobserved	unresolved	unresolved type 'LiveTreeDisposition'	0	unique_decl_unresolved_mechanism_unobserved
dag/test/claim/exact_witness_admission_witness_test.dag	LiveTreeDisposition	type	v2.std.live_tree	1	unobserved	unobserved	unobserved	unresolved	unresolved type 'LiveTreeDisposition'	0	unique_decl_unresolved_mechanism_unobserved
dag/test/claim/exec_arg_limit_witness_test.dag	LiveTreeDisposition	type	v2.std.live_tree	1	unobserved	unobserved	unobserved	unresolved	unresolved type 'LiveTreeDisposition'	0	unique_decl_unresolved_mechanism_unobserved
dag/test/claim/expectation_frontier_witness_test.dag	LiveTreeDisposition	type	v2.std.live_tree	1	unobserved	unobserved	unobserved	unresolved	unresolved type 'LiveTreeDisposition'	0	unique_decl_unresolved_mechanism_unobserved
dag/test/claim/extdeps_anemia_grounding_witness_test.dag	LiveTreeDisposition	type	v2.std.live_tree	1	unobserved	unobserved	unobserved	unresolved	unresolved type 'LiveTreeDisposition'	0	unique_decl_unresolved_mechanism_unobserved
dag/test/claim/extdeps_dpkg_witness_test.dag	LiveTreeDisposition	type	v2.std.live_tree	1	unobserved	unobserved	unobserved	unresolved	unresolved type 'LiveTreeDisposition'	0	unique_decl_unresolved_mechanism_unobserved
dag/test/claim/extdeps_git_diff_name_status_witness_test.dag	LiveTreeDisposition	type	v2.std.live_tree	1	unobserved	unobserved	unobserved	unresolved	unresolved type 'LiveTreeDisposition'	0	unique_decl_unresolved_mechanism_unobserved
dag/test/claim/extdeps_git_versioning_witness_test.dag	LiveTreeDisposition	type	v2.std.live_tree	1	unobserved	unobserved	unobserved	unresolved	unresolved type 'LiveTreeDisposition'	0	unique_decl_unresolved_mechanism_unobserved
dag/test/claim/extdeps_github_errors_url_grounding_witness_test.dag	LiveTreeDisposition	type	v2.std.live_tree	1	unobserved	unobserved	unobserved	unresolved	unresolved type 'LiveTreeDisposition'	0	unique_decl_unresolved_mechanism_unobserved
dag/test/claim/extdeps_llm_claude_trust_witness_test.dag	LiveTreeDisposition	type	v2.std.live_tree	1	unobserved	unobserved	unobserved	unresolved	unresolved type 'LiveTreeDisposition'	0	unique_decl_unresolved_mechanism_unobserved
dag/test/claim/extdeps_llm_type_grounding_witness_test.dag	LiveTreeDisposition	type	v2.std.live_tree	1	unobserved	unobserved	unobserved	unresolved	unresolved type 'LiveTreeDisposition'	0	unique_decl_unresolved_mechanism_unobserved
dag/test/claim/extdeps_round2_grounding_witness_test.dag	LiveTreeDisposition	type	v2.std.live_tree	1	unobserved	unobserved	unobserved	unresolved	unresolved type 'LiveTreeDisposition'	0	unique_decl_unresolved_mechanism_unobserved
dag/test/claim/extdeps_version_semver_witness_test.dag	LiveTreeDisposition	type	v2.std.live_tree	1	unobserved	unobserved	unobserved	unresolved	unresolved type 'LiveTreeDisposition'	0	unique_decl_unresolved_mechanism_unobserved
dag/test/claim/extdeps_version_witness_test.dag	LiveTreeDisposition	type	v2.std.live_tree	1	unobserved	unobserved	unobserved	unresolved	unresolved type 'LiveTreeDisposition'	0	unique_decl_unresolved_mechanism_unobserved
dag/test/claim/external_model_scope_live_cover_witness_test.dag	LiveTreeDisposition	type	v2.std.live_tree	1	unobserved	unobserved	unobserved	unresolved	unresolved type 'LiveTreeDisposition'	0	unique_decl_unresolved_mechanism_unobserved
dag/test/claim/external_model_scope_witness_test.dag	LiveTreeDisposition	type	v2.std.live_tree	1	unobserved	unobserved	unobserved	unresolved	unresolved type 'LiveTreeDisposition'	0	unique_decl_unresolved_mechanism_unobserved
dag/test/claim/falsifier_alert_decision_witness_test.dag	LiveTreeDisposition	type	v2.std.live_tree	1	unobserved	unobserved	unobserved	unresolved	unresolved type 'LiveTreeDisposition'	0	unique_decl_unresolved_mechanism_unobserved
dag/test/claim/falsifier_alert_migration_witness_test.dag	LiveTreeDisposition	type	v2.std.live_tree	1	unobserved	unobserved	unobserved	unresolved	unresolved type 'LiveTreeDisposition'	0	unique_decl_unresolved_mechanism_unobserved
dag/test/claim/falsifier_lane_witness_test.dag	LiveTreeDisposition	type	v2.std.live_tree	1	unobserved	unobserved	unobserved	unresolved	unresolved type 'LiveTreeDisposition'	0	unique_decl_unresolved_mechanism_unobserved
dag/test/claim/falsifier_workflow_witness_test.dag	LiveTreeDisposition	type	v2.std.live_tree	1	unobserved	unobserved	unobserved	unresolved	unresolved type 'LiveTreeDisposition'	0	unique_decl_unresolved_mechanism_unobserved
dag/test/claim/filesystem_entry_kind_witness_test.dag	LiveTreeDisposition	type	v2.std.live_tree	1	unobserved	unobserved	unobserved	unresolved	unresolved type 'LiveTreeDisposition'	0	unique_decl_unresolved_mechanism_unobserved
dag/test/claim/fleet_converge_apply_witness_test.dag	LiveTreeDisposition	type	v2.std.live_tree	1	unobserved	unobserved	unobserved	unresolved	unresolved type 'LiveTreeDisposition'	0	unique_decl_unresolved_mechanism_unobserved
dag/test/claim/fleet_converge_cli_witness_test.dag	LiveTreeDisposition	type	v2.std.live_tree	1	unobserved	unobserved	unobserved	unresolved	unresolved type 'LiveTreeDisposition'	0	unique_decl_unresolved_mechanism_unobserved
dag/test/claim/fleet_host_budget_test.dag	LiveTreeDisposition	type	v2.std.live_tree	1	unobserved	unobserved	unobserved	unresolved	unresolved type 'LiveTreeDisposition'	0	unique_decl_unresolved_mechanism_unobserved
dag/test/claim/fleet_intent_memory_witness_test.dag	LiveTreeDisposition	type	v2.std.live_tree	1	unobserved	unobserved	unobserved	unresolved	unresolved type 'LiveTreeDisposition'	0	unique_decl_unresolved_mechanism_unobserved
dag/test/claim/fleet_intent_network_witness_test.dag	LiveTreeDisposition	type	v2.std.live_tree	1	unobserved	unobserved	unobserved	unresolved	unresolved type 'LiveTreeDisposition'	0	unique_decl_unresolved_mechanism_unobserved
dag/test/claim/fleet_intent_storage_witness_test.dag	LiveTreeDisposition	type	v2.std.live_tree	1	unobserved	unobserved	unobserved	unresolved	unresolved type 'LiveTreeDisposition'	0	unique_decl_unresolved_mechanism_unobserved
dag/test/claim/fleet_observation_producers_witness_test.dag	LiveTreeDisposition	type	v2.std.live_tree	1	unobserved	unobserved	unobserved	unresolved	unresolved type 'LiveTreeDisposition'	0	unique_decl_unresolved_mechanism_unobserved
dag/test/claim/fleet_runner_connectivity_witness_test.dag	LiveTreeDisposition	type	v2.std.live_tree	1	unobserved	unobserved	unobserved	unresolved	unresolved type 'LiveTreeDisposition'	0	unique_decl_unresolved_mechanism_unobserved
dag/test/claim/fleet_show_effective_read_witness_test.dag	LiveTreeDisposition	type	v2.std.live_tree	1	unobserved	unobserved	unobserved	unresolved	unresolved type 'LiveTreeDisposition'	0	unique_decl_unresolved_mechanism_unobserved
dag/test/claim/float_add_associativity_law_witness_test.dag	LiveTreeDisposition	type	v2.std.live_tree	1	unobserved	unobserved	unobserved	unresolved	unresolved type 'LiveTreeDisposition'	0	unique_decl_unresolved_mechanism_unobserved
dag/test/claim/floor_batch_clamp_authority_witness_test.dag	LiveTreeDisposition	type	v2.std.live_tree	1	unobserved	unobserved	unobserved	unresolved	unresolved type 'LiveTreeDisposition'	0	unique_decl_unresolved_mechanism_unobserved
dag/test/claim/floor_component_receipt_witness_test.dag	LiveTreeDisposition	type	v2.std.live_tree	1	unobserved	unobserved	unobserved	unresolved	unresolved type 'LiveTreeDisposition'	0	unique_decl_unresolved_mechanism_unobserved
dag/test/claim/floor_discovery_hand_rust_equivalence_witness_test.dag	LiveTreeDisposition	type	v2.std.live_tree	1	unobserved	unobserved	unobserved	unresolved	unresolved type 'LiveTreeDisposition'	0	unique_decl_unresolved_mechanism_unobserved
dag/test/claim/floor_discovery_roster_fixture_test.dag	LiveTreeDisposition	type	v2.std.live_tree	1	unobserved	unobserved	unobserved	unresolved	unresolved type 'LiveTreeDisposition'	0	unique_decl_unresolved_mechanism_unobserved
dag/test/claim/floor_materialization_witness_test.dag	LiveTreeDisposition	type	v2.std.live_tree	1	unobserved	unobserved	unobserved	unresolved	unresolved type 'LiveTreeDisposition'	0	unique_decl_unresolved_mechanism_unobserved
dag/test/claim/floor_skip_discovery_witness_test.dag	LiveTreeDisposition	type	v2.std.live_tree	1	unobserved	unobserved	unobserved	unresolved	unresolved type 'LiveTreeDisposition'	0	unique_decl_unresolved_mechanism_unobserved
dag/test/claim/free_tier_serving_witness_test.dag	LiveTreeDisposition	type	v2.std.live_tree	1	unobserved	unobserved	unobserved	unresolved	unresolved type 'LiveTreeDisposition'	0	unique_decl_unresolved_mechanism_unobserved
dag/test/claim/generated_artifact_drift_test.dag	LiveTreeDisposition	type	v2.std.live_tree	1	unobserved	unobserved	unobserved	unresolved	unresolved type 'LiveTreeDisposition'	0	unique_decl_unresolved_mechanism_unobserved
dag/test/claim/generated_artifact_merge_driver_real_execution_witness_test.dag	LiveTreeDisposition	type	v2.std.live_tree	1	unobserved	unobserved	unobserved	unresolved	unresolved type 'LiveTreeDisposition'	0	unique_decl_unresolved_mechanism_unobserved
dag/test/claim/generic_item_clone_bound_witness_test.dag	LiveTreeDisposition	type	v2.std.live_tree	1	unobserved	unobserved	unobserved	unresolved	unresolved type 'LiveTreeDisposition'	0	unique_decl_unresolved_mechanism_unobserved
dag/test/claim/gha_expression_roundtrip_test.dag	LiveTreeDisposition	type	v2.std.live_tree	1	unobserved	unobserved	unobserved	unresolved	unresolved type 'LiveTreeDisposition'	0	unique_decl_unresolved_mechanism_unobserved
dag/test/claim/gha_job_projection_witness_test.dag	LiveTreeDisposition	type	v2.std.live_tree	1	unobserved	unobserved	unobserved	unresolved	unresolved type 'LiveTreeDisposition'	0	unique_decl_unresolved_mechanism_unobserved
dag/test/claim/git_ls_remote_witness_test.dag	LiveTreeDisposition	type	v2.std.live_tree	1	unobserved	unobserved	unobserved	unresolved	unresolved type 'LiveTreeDisposition'	0	unique_decl_unresolved_mechanism_unobserved
dag/test/claim/gitattributes_emit_witness_test.dag	LiveTreeDisposition	type	v2.std.live_tree	1	unobserved	unobserved	unobserved	unresolved	unresolved type 'LiveTreeDisposition'	0	unique_decl_unresolved_mechanism_unobserved
dag/test/claim/githooks_pre_push_emit_test.dag	LiveTreeDisposition	type	v2.std.live_tree	1	unobserved	unobserved	unobserved	unresolved	unresolved type 'LiveTreeDisposition'	0	unique_decl_unresolved_mechanism_unobserved
dag/test/claim/githooks_pre_push_plan_test.dag	LiveTreeDisposition	type	v2.std.live_tree	1	unobserved	unobserved	unobserved	unresolved	unresolved type 'LiveTreeDisposition'	0	unique_decl_unresolved_mechanism_unobserved
dag/test/claim/githooks_repo_local_git_config_emit_witness_test.dag	LiveTreeDisposition	type	v2.std.live_tree	1	unobserved	unobserved	unobserved	unresolved	unresolved type 'LiveTreeDisposition'	0	unique_decl_unresolved_mechanism_unobserved
dag/test/claim/github_app_registry_witness_test.dag	LiveTreeDisposition	type	v2.std.live_tree	1	unobserved	unobserved	unobserved	unresolved	unresolved type 'LiveTreeDisposition'	0	unique_decl_unresolved_mechanism_unobserved
dag/test/claim/github_checks_witness_test.dag	LiveTreeDisposition	type	v2.std.live_tree	1	unobserved	unobserved	unobserved	unresolved	unresolved type 'LiveTreeDisposition'	0	unique_decl_unresolved_mechanism_unobserved
dag/test/claim/github_merge_state_witness_test.dag	LiveTreeDisposition	type	v2.std.live_tree	1	unobserved	unobserved	unobserved	unresolved	unresolved type 'LiveTreeDisposition'	0	unique_decl_unresolved_mechanism_unobserved
dag/test/claim/github_mergeable_state_witness_test.dag	LiveTreeDisposition	type	v2.std.live_tree	1	unobserved	unobserved	unobserved	unresolved	unresolved type 'LiveTreeDisposition'	0	unique_decl_unresolved_mechanism_unobserved
dag/test/claim/github_workflow_runs_witness_test.dag	LiveTreeDisposition	type	v2.std.live_tree	1	unobserved	unobserved	unobserved	unresolved	unresolved type 'LiveTreeDisposition'	0	unique_decl_unresolved_mechanism_unobserved
dag/test/claim/gitignore_gate_test.dag	LiveTreeDisposition	type	v2.std.live_tree	1	unobserved	unobserved	unobserved	unresolved	unresolved type 'LiveTreeDisposition'	0	unique_decl_unresolved_mechanism_unobserved
dag/test/claim/gitlab_10k_income_series_witness_test.dag	LiveTreeDisposition	type	v2.std.live_tree	1	unobserved	unobserved	unobserved	unresolved	unresolved type 'LiveTreeDisposition'	0	unique_decl_unresolved_mechanism_unobserved
dag/test/claim/go_module_versioning_witness_test.dag	LiveTreeDisposition	type	v2.std.live_tree	1	unobserved	unobserved	unobserved	unresolved	unresolved type 'LiveTreeDisposition'	0	unique_decl_unresolved_mechanism_unobserved
dag/test/claim/gpu_interconnect_and_sm_cache_witness_test.dag	LiveTreeDisposition	type	v2.std.live_tree	1	unobserved	unobserved	unobserved	unresolved	unresolved type 'LiveTreeDisposition'	0	unique_decl_unresolved_mechanism_unobserved
dag/test/claim/grounded_principal_witness_test.dag	LiveTreeDisposition	type	v2.std.live_tree	1	unobserved	unobserved	unobserved	unresolved	unresolved type 'LiveTreeDisposition'	0	unique_decl_unresolved_mechanism_unobserved
dag/test/claim/guarantee_probe_corpus_witness_test.dag	LiveTreeDisposition	type	v2.std.live_tree	1	unobserved	unobserved	unobserved	unresolved	unresolved type 'LiveTreeDisposition'	0	unique_decl_unresolved_mechanism_unobserved
dag/test/claim/gunbc_invoke_witness_test.dag	LiveTreeDisposition	type	v2.std.live_tree	1	unobserved	unobserved	unobserved	unresolved	unresolved type 'LiveTreeDisposition'	0	unique_decl_unresolved_mechanism_unobserved
dag/test/claim/gunbhub_react_browse_witness_test.dag	LiveTreeDisposition	type	v2.std.live_tree	1	unobserved	unobserved	unobserved	unresolved	unresolved type 'LiveTreeDisposition'	0	unique_decl_unresolved_mechanism_unobserved
dag/test/claim/gunbhub_serve_witness_test.dag	LiveTreeDisposition	type	v2.std.live_tree	1	unobserved	unobserved	unobserved	unresolved	unresolved type 'LiveTreeDisposition'	0	unique_decl_unresolved_mechanism_unobserved
dag/test/claim/hand_lens_host_bridge_scaffold_watchdog_test.dag	LiveTreeDisposition	type	v2.std.live_tree	1	unobserved	unobserved	unobserved	unresolved	unresolved type 'LiveTreeDisposition'	0	unique_decl_unresolved_mechanism_unobserved
dag/test/claim/hardware_selection_witness_test.dag	LiveTreeDisposition	type	v2.std.live_tree	1	unobserved	unobserved	unobserved	unresolved	unresolved type 'LiveTreeDisposition'	0	unique_decl_unresolved_mechanism_unobserved
dag/test/claim/hermetic_fixture_realization_test.dag	LiveTreeDisposition	type	v2.std.live_tree	1	unobserved	unobserved	unobserved	unresolved	unresolved type 'LiveTreeDisposition'	0	unique_decl_unresolved_mechanism_unobserved
dag/test/claim/hetzner_cost_quote_witness_test.dag	LiveTreeDisposition	type	v2.std.live_tree	1	unobserved	unobserved	unobserved	unresolved	unresolved type 'LiveTreeDisposition'	0	unique_decl_unresolved_mechanism_unobserved
dag/test/claim/host_allocation_conservation_test.dag	LiveTreeDisposition	type	v2.std.live_tree	1	unobserved	unobserved	unobserved	unresolved	unresolved type 'LiveTreeDisposition'	0	unique_decl_unresolved_mechanism_unobserved
dag/test/claim/host_budget_source_witness_test.dag	LiveTreeDisposition	type	v2.std.live_tree	1	unobserved	unobserved	unobserved	unresolved	unresolved type 'LiveTreeDisposition'	0	unique_decl_unresolved_mechanism_unobserved
dag/test/claim/host_build_cache_provision_design_witness_test.dag	LiveTreeDisposition	type	v2.std.live_tree	1	unobserved	unobserved	unobserved	unresolved	unresolved type 'LiveTreeDisposition'	0	unique_decl_unresolved_mechanism_unobserved
dag/test/claim/host_build_cache_provision_real_execution_witness_test.dag	LiveTreeDisposition	type	v2.std.live_tree	1	unobserved	unobserved	unobserved	unresolved	unresolved type 'LiveTreeDisposition'	0	unique_decl_unresolved_mechanism_unobserved
dag/test/claim/host_compile_pool_test.dag	LiveTreeDisposition	type	v2.std.live_tree	1	unobserved	unobserved	unobserved	unresolved	unresolved type 'LiveTreeDisposition'	0	unique_decl_unresolved_mechanism_unobserved
dag/test/claim/host_converge_delta_witness_test.dag	LiveTreeDisposition	type	v2.std.live_tree	1	unobserved	unobserved	unobserved	unresolved	unresolved type 'LiveTreeDisposition'	0	unique_decl_unresolved_mechanism_unobserved
dag/test/claim/host_converge_realize_witness_test.dag	LiveTreeDisposition	type	v2.std.live_tree	1	unobserved	unobserved	unobserved	unresolved	unresolved type 'LiveTreeDisposition'	0	unique_decl_unresolved_mechanism_unobserved
dag/test/claim/host_converge_slice1_witness_test.dag	LiveTreeDisposition	type	v2.std.live_tree	1	unobserved	unobserved	unobserved	unresolved	unresolved type 'LiveTreeDisposition'	0	unique_decl_unresolved_mechanism_unobserved
dag/test/claim/host_effect_apply_witness_test.dag	LiveTreeDisposition	type	v2.std.live_tree	1	unobserved	unobserved	unobserved	unresolved	unresolved type 'LiveTreeDisposition'	0	unique_decl_unresolved_mechanism_unobserved
dag/test/claim/host_effect_plan_real_execution_witness_test.dag	LiveTreeDisposition	type	v2.std.live_tree	1	unobserved	unobserved	unobserved	unresolved	unresolved type 'LiveTreeDisposition'	0	unique_decl_unresolved_mechanism_unobserved
dag/test/claim/host_effect_plan_witness_test.dag	LiveTreeDisposition	type	v2.std.live_tree	1	unobserved	unobserved	unobserved	unresolved	unresolved type 'LiveTreeDisposition'	0	unique_decl_unresolved_mechanism_unobserved
dag/test/claim/host_hygiene_liveness_test.dag	LiveTreeDisposition	type	v2.std.live_tree	1	unobserved	unobserved	unobserved	unresolved	unresolved type 'LiveTreeDisposition'	0	unique_decl_unresolved_mechanism_unobserved
dag/test/claim/host_hygiene_reaper_test.dag	LiveTreeDisposition	type	v2.std.live_tree	1	unobserved	unobserved	unobserved	unresolved	unresolved type 'LiveTreeDisposition'	0	unique_decl_unresolved_mechanism_unobserved
dag/test/claim/host_identity_observation_witness_test.dag	LiveTreeDisposition	type	v2.std.live_tree	1	unobserved	unobserved	unobserved	unresolved	unresolved type 'LiveTreeDisposition'	0	unique_decl_unresolved_mechanism_unobserved
dag/test/claim/host_network_diagnosis_witness_test.dag	LiveTreeDisposition	type	v2.std.live_tree	1	unobserved	unobserved	unobserved	unresolved	unresolved type 'LiveTreeDisposition'	0	unique_decl_unresolved_mechanism_unobserved
dag/test/claim/host_phase_status_witness_test.dag	LiveTreeDisposition	type	v2.std.live_tree	1	unobserved	unobserved	unobserved	unresolved	unresolved type 'LiveTreeDisposition'	0	unique_decl_unresolved_mechanism_unobserved
dag/test/claim/host_standup_assimilation_deduction_witness_test.dag	LiveTreeDisposition	type	v2.std.live_tree	1	unobserved	unobserved	unobserved	unresolved	unresolved type 'LiveTreeDisposition'	0	unique_decl_unresolved_mechanism_unobserved
dag/test/claim/host_standup_spine_witness_test.dag	LiveTreeDisposition	type	v2.std.live_tree	1	unobserved	unobserved	unobserved	unresolved	unresolved type 'LiveTreeDisposition'	0	unique_decl_unresolved_mechanism_unobserved
dag/test/claim/host_swap_backing_witness_test.dag	LiveTreeDisposition	type	v2.std.live_tree	1	unobserved	unobserved	unobserved	unresolved	unresolved type 'LiveTreeDisposition'	0	unique_decl_unresolved_mechanism_unobserved
dag/test/claim/host_toolchain_components_witness_test.dag	LiveTreeDisposition	type	v2.std.live_tree	1	unobserved	unobserved	unobserved	unresolved	unresolved type 'LiveTreeDisposition'	0	unique_decl_unresolved_mechanism_unobserved
dag/test/claim/hostname_allocation_witness_test.dag	LiveTreeDisposition	type	v2.std.live_tree	1	unobserved	unobserved	unobserved	unresolved	unresolved type 'LiveTreeDisposition'	0	unique_decl_unresolved_mechanism_unobserved
dag/test/claim/html_emit_witness_test.dag	LiveTreeDisposition	type	v2.std.live_tree	1	unobserved	unobserved	unobserved	unresolved	unresolved type 'LiveTreeDisposition'	0	unique_decl_unresolved_mechanism_unobserved
dag/test/claim/html_markup_xss_witness_test.dag	LiveTreeDisposition	type	v2.std.live_tree	1	unobserved	unobserved	unobserved	unresolved	unresolved type 'LiveTreeDisposition'	0	unique_decl_unresolved_mechanism_unobserved
dag/test/claim/html_roundtrip_test.dag	LiveTreeDisposition	type	v2.std.live_tree	1	unobserved	unobserved	unobserved	unresolved	unresolved type 'LiveTreeDisposition'	0	unique_decl_unresolved_mechanism_unobserved
dag/test/claim/http_client_get_real_execution_witness_test.dag	LiveTreeDisposition	type	v2.std.live_tree	1	unobserved	unobserved	unobserved	unresolved	unresolved type 'LiveTreeDisposition'	0	unique_decl_unresolved_mechanism_unobserved
dag/test/claim/input_envelope_admission_test.dag	LiveTreeDisposition	type	v2.std.live_tree	1	unobserved	unobserved	unobserved	unresolved	unresolved type 'LiveTreeDisposition'	0	unique_decl_unresolved_mechanism_unobserved
dag/test/claim/instrument_bob_witness_test.dag	LiveTreeDisposition	type	v2.std.live_tree	1	unobserved	unobserved	unobserved	unresolved	unresolved type 'LiveTreeDisposition'	0	unique_decl_unresolved_mechanism_unobserved
dag/test/claim/instrument_camera_witness_test.dag	LiveTreeDisposition	type	v2.std.live_tree	1	unobserved	unobserved	unobserved	unresolved	unresolved type 'LiveTreeDisposition'	0	unique_decl_unresolved_mechanism_unobserved
dag/test/claim/instrument_physical_witness_test.dag	LiveTreeDisposition	type	v2.std.live_tree	1	unobserved	unobserved	unobserved	unresolved	unresolved type 'LiveTreeDisposition'	0	unique_decl_unresolved_mechanism_unobserved
dag/test/claim/instrument_sandbox_witness_test.dag	LiveTreeDisposition	type	v2.std.live_tree	1	unobserved	unobserved	unobserved	unresolved	unresolved type 'LiveTreeDisposition'	0	unique_decl_unresolved_mechanism_unobserved
dag/test/claim/instrument_tuner_witness_test.dag	LiveTreeDisposition	type	v2.std.live_tree	1	unobserved	unobserved	unobserved	unresolved	unresolved type 'LiveTreeDisposition'	0	unique_decl_unresolved_mechanism_unobserved
dag/test/claim/interp_recorded_fixture_witness_test.dag	LiveTreeDisposition	type	v2.std.live_tree	1	unobserved	unobserved	unobserved	unresolved	unresolved type 'LiveTreeDisposition'	0	unique_decl_unresolved_mechanism_unobserved
dag/test/claim/interpreter_dispatch_bijection_real_roster_witness_test.dag	LiveTreeDisposition	type	v2.std.live_tree	1	unobserved	unobserved	unobserved	unresolved	unresolved type 'LiveTreeDisposition'	0	unique_decl_unresolved_mechanism_unobserved
dag/test/claim/interpreter_kernel_model_witness_test.dag	LiveTreeDisposition	type	v2.std.live_tree	1	unobserved	unobserved	unobserved	unresolved	unresolved type 'LiveTreeDisposition'	0	unique_decl_unresolved_mechanism_unobserved
dag/test/claim/jedec_ddr_generation_witness_test.dag	LiveTreeDisposition	type	v2.std.live_tree	1	unobserved	unobserved	unobserved	unresolved	unresolved type 'LiveTreeDisposition'	0	unique_decl_unresolved_mechanism_unobserved
dag/test/claim/js_site_emit_test.dag	LiveTreeDisposition	type	v2.std.live_tree	1	unobserved	unobserved	unobserved	unresolved	unresolved type 'LiveTreeDisposition'	0	unique_decl_unresolved_mechanism_unobserved
dag/test/claim/json_emit_witness_test.dag	LiveTreeDisposition	type	v2.std.live_tree	1	unobserved	unobserved	unobserved	unresolved	unresolved type 'LiveTreeDisposition'	0	unique_decl_unresolved_mechanism_unobserved
dag/test/claim/json_parse_witness_test.dag	LiveTreeDisposition	type	v2.std.live_tree	1	unobserved	unobserved	unobserved	unresolved	unresolved type 'LiveTreeDisposition'	0	unique_decl_unresolved_mechanism_unobserved
dag/test/claim/keyed_delta_fold_witness_test.dag	LiveTreeDisposition	type	v2.std.live_tree	1	unobserved	unobserved	unobserved	unresolved	unresolved type 'LiveTreeDisposition'	0	unique_decl_unresolved_mechanism_unobserved
dag/test/claim/keyed_roster_witness_test.dag	LiveTreeDisposition	type	v2.std.live_tree	1	unobserved	unobserved	unobserved	unresolved	unresolved type 'LiveTreeDisposition'	0	unique_decl_unresolved_mechanism_unobserved
dag/test/claim/language_source_scaffold_index_test.dag	LiveTreeDisposition	type	v2.std.live_tree	1	unobserved	unobserved	unobserved	unresolved	unresolved type 'LiveTreeDisposition'	0	unique_decl_unresolved_mechanism_unobserved
dag/test/claim/layout_render_witness_test.dag	LiveTreeDisposition	type	v2.std.live_tree	1	unobserved	unobserved	unobserved	unresolved	unresolved type 'LiveTreeDisposition'	0	unique_decl_unresolved_mechanism_unobserved
dag/test/claim/legacy_test_behavior_disposition_acceptance_test.dag	LiveTreeDisposition	type	v2.std.live_tree	1	unobserved	unobserved	unobserved	unresolved	unresolved type 'LiveTreeDisposition'	0	unique_decl_unresolved_mechanism_unobserved
dag/test/claim/legacy_test_behavior_disposition_witness_test.dag	LiveTreeDisposition	type	v2.std.live_tree	1	unobserved	unobserved	unobserved	unresolved	unresolved type 'LiveTreeDisposition'	0	unique_decl_unresolved_mechanism_unobserved
dag/test/claim/legacy_test_inflow_witness_test.dag	LiveTreeDisposition	type	v2.std.live_tree	1	unobserved	unobserved	unobserved	unresolved	unresolved type 'LiveTreeDisposition'	0	unique_decl_unresolved_mechanism_unobserved
dag/test/claim/lens_verdict_witness_test.dag	LiveTreeDisposition	type	v2.std.live_tree	1	unobserved	unobserved	unobserved	unresolved	unresolved type 'LiveTreeDisposition'	0	unique_decl_unresolved_mechanism_unobserved
dag/test/claim/lever_a_local_receipt_witness_test.dag	LiveTreeDisposition	type	v2.std.live_tree	1	unobserved	unobserved	unobserved	unresolved	unresolved type 'LiveTreeDisposition'	0	unique_decl_unresolved_mechanism_unobserved
dag/test/claim/live_deploy/apply_witness_test.dag	LiveTreeDisposition	type	v2.std.live_tree	1	unobserved	unobserved	unobserved	unresolved	unresolved type 'LiveTreeDisposition'	0	unique_decl_unresolved_mechanism_unobserved
dag/test/claim/live_deploy/candidate_checkout_witness_test.dag	LiveTreeDisposition	type	v2.std.live_tree	1	unobserved	unobserved	unobserved	unresolved	unresolved type 'LiveTreeDisposition'	0	unique_decl_unresolved_mechanism_unobserved
dag/test/claim/live_deploy/emit_test.dag	LiveTreeDisposition	type	v2.std.live_tree	1	unobserved	unobserved	unobserved	unresolved	unresolved type 'LiveTreeDisposition'	0	unique_decl_unresolved_mechanism_unobserved
dag/test/claim/live_deploy/intent_witness_test.dag	LiveTreeDisposition	type	v2.std.live_tree	1	unobserved	unobserved	unobserved	unresolved	unresolved type 'LiveTreeDisposition'	0	unique_decl_unresolved_mechanism_unobserved
dag/test/claim/live_deploy/operations_witness_test.dag	LiveTreeDisposition	type	v2.std.live_tree	1	unobserved	unobserved	unobserved	unresolved	unresolved type 'LiveTreeDisposition'	0	unique_decl_unresolved_mechanism_unobserved
dag/test/claim/live_deploy/readiness_witness_test.dag	LiveTreeDisposition	type	v2.std.live_tree	1	unobserved	unobserved	unobserved	unresolved	unresolved type 'LiveTreeDisposition'	0	unique_decl_unresolved_mechanism_unobserved
dag/test/claim/live_deploy/service_ready_witness_test.dag	LiveTreeDisposition	type	v2.std.live_tree	1	unobserved	unobserved	unobserved	unresolved	unresolved type 'LiveTreeDisposition'	0	unique_decl_unresolved_mechanism_unobserved
dag/test/claim/llm_attempt_receipt_witness_test.dag	LiveTreeDisposition	type	v2.std.live_tree	1	unobserved	unobserved	unobserved	unresolved	unresolved type 'LiveTreeDisposition'	0	unique_decl_unresolved_mechanism_unobserved
dag/test/claim/long/commit_witness_claim_roster_witness_test.dag	LiveTreeDisposition	type	v2.std.live_tree	1	unobserved	unobserved	unobserved	unresolved	unresolved type 'LiveTreeDisposition'	0	unique_decl_unresolved_mechanism_unobserved
dag/test/claim/long/dag_compile_clean_perturb_corpus_witness_test.dag	LiveTreeDisposition	type	v2.std.live_tree	1	unobserved	unobserved	unobserved	unresolved	unresolved type 'LiveTreeDisposition'	0	unique_decl_unresolved_mechanism_unobserved
dag/test/claim/long/dag_compile_clean_scope_disposition_witness_test.dag	LiveTreeDisposition	type	v2.std.live_tree	1	unobserved	unobserved	unobserved	unresolved	unresolved type 'LiveTreeDisposition'	0	unique_decl_unresolved_mechanism_unobserved
dag/test/claim/long/generated_artifact_drift_fixed_point_witness_test.dag	LiveTreeDisposition	type	v2.std.live_tree	1	unobserved	unobserved	unobserved	unresolved	unresolved type 'LiveTreeDisposition'	0	unique_decl_unresolved_mechanism_unobserved
dag/test/claim/long/import_closure_live_test.dag	LiveTreeDisposition	type	v2.std.live_tree	1	unobserved	unobserved	unobserved	unresolved	unresolved type 'LiveTreeDisposition'	0	unique_decl_unresolved_mechanism_unobserved
dag/test/claim/long/inert_lens_hygiene_witness_test.dag	LiveTreeDisposition	type	v2.std.live_tree	1	unobserved	unobserved	unobserved	unresolved	unresolved type 'LiveTreeDisposition'	0	unique_decl_unresolved_mechanism_unobserved
dag/test/claim/long/instrument_sandbox_live_witness_test.dag	LiveTreeDisposition	type	v2.std.live_tree	1	unobserved	unobserved	unobserved	unresolved	unresolved type 'LiveTreeDisposition'	0	unique_decl_unresolved_mechanism_unobserved
dag/test/claim/long/qualified_declaration_reference_emit_cross_module_witness_test.dag	LiveTreeDisposition	type	v2.std.live_tree	1	unobserved	unobserved	unobserved	unresolved	unresolved type 'LiveTreeDisposition'	0	unique_decl_unresolved_mechanism_unobserved
dag/test/claim/machine_shape_catalog_integration_witness_test.dag	LiveTreeDisposition	type	v2.std.live_tree	1	unobserved	unobserved	unobserved	unresolved	unresolved type 'LiveTreeDisposition'	0	unique_decl_unresolved_mechanism_unobserved
dag/test/claim/machine_shape_construction_wall_test.dag	LiveTreeDisposition	type	v2.std.live_tree	1	unobserved	unobserved	unobserved	unresolved	unresolved type 'LiveTreeDisposition'	0	unique_decl_unresolved_mechanism_unobserved
dag/test/claim/machine_shape_witness_test.dag	LiveTreeDisposition	type	v2.std.live_tree	1	unobserved	unobserved	unobserved	unresolved	unresolved type 'LiveTreeDisposition'	0	unique_decl_unresolved_mechanism_unobserved
dag/test/claim/managed_directory_witness_test.dag	LiveTreeDisposition	type	v2.std.live_tree	1	unobserved	unobserved	unobserved	unresolved	unresolved type 'LiveTreeDisposition'	0	unique_decl_unresolved_mechanism_unobserved
dag/test/claim/map_lookup_dual_dispatch_witness_test.dag	LiveTreeDisposition	type	v2.std.live_tree	1	unobserved	unobserved	unobserved	unresolved	unresolved type 'LiveTreeDisposition'	0	unique_decl_unresolved_mechanism_unobserved
dag/test/claim/markdown_inline_render_test.dag	LiveTreeDisposition	type	v2.std.live_tree	1	unobserved	unobserved	unobserved	unresolved	unresolved type 'LiveTreeDisposition'	0	unique_decl_unresolved_mechanism_unobserved
dag/test/claim/markdown_markup_xss_witness_test.dag	LiveTreeDisposition	type	v2.std.live_tree	1	unobserved	unobserved	unobserved	unresolved	unresolved type 'LiveTreeDisposition'	0	unique_decl_unresolved_mechanism_unobserved
dag/test/claim/markdown_roundtrip_test.dag	LiveTreeDisposition	type	v2.std.live_tree	1	unobserved	unobserved	unobserved	unresolved	unresolved type 'LiveTreeDisposition'	0	unique_decl_unresolved_mechanism_unobserved
dag/test/claim/markdown_source_emit_test.dag	LiveTreeDisposition	type	v2.std.live_tree	1	unobserved	unobserved	unobserved	unresolved	unresolved type 'LiveTreeDisposition'	0	unique_decl_unresolved_mechanism_unobserved
dag/test/claim/markup_medium_convergence_test.dag	LiveTreeDisposition	type	v2.std.live_tree	1	unobserved	unobserved	unobserved	unresolved	unresolved type 'LiveTreeDisposition'	0	unique_decl_unresolved_mechanism_unobserved
dag/test/claim/markup_serializer_witness_test.dag	LiveTreeDisposition	type	v2.std.live_tree	1	unobserved	unobserved	unobserved	unresolved	unresolved type 'LiveTreeDisposition'	0	unique_decl_unresolved_mechanism_unobserved
dag/test/claim/materialization_ladder_witness_test.dag	LiveTreeDisposition	type	v2.std.live_tree	1	unobserved	unobserved	unobserved	unresolved	unresolved type 'LiveTreeDisposition'	0	unique_decl_unresolved_mechanism_unobserved
dag/test/claim/materialization_provider_witness_test.dag	LiveTreeDisposition	type	v2.std.live_tree	1	unobserved	unobserved	unobserved	unresolved	unresolved type 'LiveTreeDisposition'	0	unique_decl_unresolved_mechanism_unobserved
dag/test/claim/materialized_secret_witness_test.dag	LiveTreeDisposition	type	v2.std.live_tree	1	unobserved	unobserved	unobserved	unresolved	unresolved type 'LiveTreeDisposition'	0	unique_decl_unresolved_mechanism_unobserved
dag/test/claim/measure_lifted_algebra_test.dag	LiveTreeDisposition	type	v2.std.live_tree	1	unobserved	unobserved	unobserved	unresolved	unresolved type 'LiveTreeDisposition'	0	unique_decl_unresolved_mechanism_unobserved
dag/test/claim/measure_magnitude_carrier_test.dag	LiveTreeDisposition	type	v2.std.live_tree	1	unobserved	unobserved	unobserved	unresolved	unresolved type 'LiveTreeDisposition'	0	unique_decl_unresolved_mechanism_unobserved
dag/test/claim/media_type_witness_test.dag	LiveTreeDisposition	type	v2.std.live_tree	1	unobserved	unobserved	unobserved	unresolved	unresolved type 'LiveTreeDisposition'	0	unique_decl_unresolved_mechanism_unobserved
dag/test/claim/medium_fidelity_witness_test.dag	LiveTreeDisposition	type	v2.std.live_tree	1	unobserved	unobserved	unobserved	unresolved	unresolved type 'LiveTreeDisposition'	0	unique_decl_unresolved_mechanism_unobserved
dag/test/claim/membership_reconcile_witness_test.dag	LiveTreeDisposition	type	v2.std.live_tree	1	unobserved	unobserved	unobserved	unresolved	unresolved type 'LiveTreeDisposition'	0	unique_decl_unresolved_mechanism_unobserved
dag/test/claim/memory_scale_factor_derivation_test.dag	LiveTreeDisposition	type	v2.std.live_tree	1	unobserved	unobserved	unobserved	unresolved	unresolved type 'LiveTreeDisposition'	0	unique_decl_unresolved_mechanism_unobserved
dag/test/claim/merge_admission_actuator_witness_test.dag	LiveTreeDisposition	type	v2.std.live_tree	1	unobserved	unobserved	unobserved	unresolved	unresolved type 'LiveTreeDisposition'	0	unique_decl_unresolved_mechanism_unobserved
dag/test/claim/merge_admission_attempt_witness_test.dag	LiveTreeDisposition	type	v2.std.live_tree	1	unobserved	unobserved	unobserved	unresolved	unresolved type 'LiveTreeDisposition'	0	unique_decl_unresolved_mechanism_unobserved
dag/test/claim/merge_admission_deployed_gate_control_test.dag	LiveTreeDisposition	type	v2.std.live_tree	1	unobserved	unobserved	unobserved	unresolved	unresolved type 'LiveTreeDisposition'	0	unique_decl_unresolved_mechanism_unobserved
dag/test/claim/merge_admission_enforcement_witness_test.dag	LiveTreeDisposition	type	v2.std.live_tree	1	unobserved	unobserved	unobserved	unresolved	unresolved type 'LiveTreeDisposition'	0	unique_decl_unresolved_mechanism_unobserved
dag/test/claim/merge_admission_producer_witness_test.dag	LiveTreeDisposition	type	v2.std.live_tree	1	unobserved	unobserved	unobserved	unresolved	unresolved type 'LiveTreeDisposition'	0	unique_decl_unresolved_mechanism_unobserved
dag/test/claim/merge_admission_witness_test.dag	LiveTreeDisposition	type	v2.std.live_tree	1	unobserved	unobserved	unobserved	unresolved	unresolved type 'LiveTreeDisposition'	0	unique_decl_unresolved_mechanism_unobserved
dag/test/claim/merge_lifecycle_interleaving_witness_test.dag	LiveTreeDisposition	type	v2.std.live_tree	1	unobserved	unobserved	unobserved	unresolved	unresolved type 'LiveTreeDisposition'	0	unique_decl_unresolved_mechanism_unobserved
dag/test/claim/namespace_reference_derived_closure_acceptance_test.dag	LiveTreeDisposition	type	v2.std.live_tree	1	unobserved	unobserved	unobserved	unresolved	unresolved type 'LiveTreeDisposition'	0	unique_decl_unresolved_mechanism_unobserved
dag/test/claim/namespace_structural_root_exposure_generated_witness_test.dag	LiveTreeDisposition	type	v2.std.live_tree	1	unobserved	unobserved	unobserved	unresolved	unresolved type 'LiveTreeDisposition'	0	unique_decl_unresolved_mechanism_unobserved
dag/test/claim/native_scm_interaction_contract_witness_test.dag	LiveTreeDisposition	type	v2.std.live_tree	1	unobserved	unobserved	unobserved	unresolved	unresolved type 'LiveTreeDisposition'	0	unique_decl_unresolved_mechanism_unobserved
dag/test/claim/nbd_proxy_endpoint_witness_test.dag	LiveTreeDisposition	type	v2.std.live_tree	1	unobserved	unobserved	unobserved	unresolved	unresolved type 'LiveTreeDisposition'	0	unique_decl_unresolved_mechanism_unobserved
dag/test/claim/nbd_proxy_serve_transport_witness_test.dag	LiveTreeDisposition	type	v2.std.live_tree	1	unobserved	unobserved	unobserved	unresolved	unresolved type 'LiveTreeDisposition'	0	unique_decl_unresolved_mechanism_unobserved
dag/test/claim/nbd_proxy_virtual_media_install_witness_test.dag	LiveTreeDisposition	type	v2.std.live_tree	1	unobserved	unobserved	unobserved	unresolved	unresolved type 'LiveTreeDisposition'	0	unique_decl_unresolved_mechanism_unobserved
dag/test/claim/network_grounding_witness_test.dag	LiveTreeDisposition	type	v2.std.live_tree	1	unobserved	unobserved	unobserved	unresolved	unresolved type 'LiveTreeDisposition'	0	unique_decl_unresolved_mechanism_unobserved
dag/test/claim/no_fake_anomalies_witness_test.dag	LiveTreeDisposition	type	v2.std.live_tree	1	unobserved	unobserved	unobserved	unresolved	unresolved type 'LiveTreeDisposition'	0	unique_decl_unresolved_mechanism_unobserved
dag/test/claim/node_http_server_emit_test.dag	LiveTreeDisposition	type	v2.std.live_tree	1	unobserved	unobserved	unobserved	unresolved	unresolved type 'LiveTreeDisposition'	0	unique_decl_unresolved_mechanism_unobserved
dag/test/claim/non_fold_residue_witness_test.dag	LiveTreeDisposition	type	v2.std.live_tree	1	unobserved	unobserved	unobserved	unresolved	unresolved type 'LiveTreeDisposition'	0	unique_decl_unresolved_mechanism_unobserved
dag/test/claim/observability_channel_routing_witness_test.dag	LiveTreeDisposition	type	v2.std.live_tree	1	unobserved	unobserved	unobserved	unresolved	unresolved type 'LiveTreeDisposition'	0	unique_decl_unresolved_mechanism_unobserved
dag/test/claim/observation_ci_render_witness_test.dag	LiveTreeDisposition	type	v2.std.live_tree	1	unobserved	unobserved	unobserved	unresolved	unresolved type 'LiveTreeDisposition'	0	unique_decl_unresolved_mechanism_unobserved
dag/test/claim/observation_crawl_replay_test.dag	LiveTreeDisposition	type	v2.std.live_tree	1	unobserved	unobserved	unobserved	unresolved	unresolved type 'LiveTreeDisposition'	0	unique_decl_unresolved_mechanism_unobserved
dag/test/claim/observation_emit_census_witness_test.dag	LiveTreeDisposition	type	v2.std.live_tree	1	unobserved	unobserved	unobserved	unresolved	unresolved type 'LiveTreeDisposition'	0	unique_decl_unresolved_mechanism_unobserved
dag/test/claim/observation_lockstep_witness_test.dag	LiveTreeDisposition	type	v2.std.live_tree	1	unobserved	unobserved	unobserved	unresolved	unresolved type 'LiveTreeDisposition'	0	unique_decl_unresolved_mechanism_unobserved
dag/test/claim/observation_model_witness_test.dag	LiveTreeDisposition	type	v2.std.live_tree	1	unobserved	unobserved	unobserved	unresolved	unresolved type 'LiveTreeDisposition'	0	unique_decl_unresolved_mechanism_unobserved
dag/test/claim/observation_raw_print_retirement_acceptance_test.dag	LiveTreeDisposition	type	v2.std.live_tree	1	unobserved	unobserved	unobserved	unresolved	unresolved type 'LiveTreeDisposition'	0	unique_decl_unresolved_mechanism_unobserved
dag/test/claim/observation_tty_render_witness_test.dag	LiveTreeDisposition	type	v2.std.live_tree	1	unobserved	unobserved	unobserved	unresolved	unresolved type 'LiveTreeDisposition'	0	unique_decl_unresolved_mechanism_unobserved
dag/test/claim/oomd_install_grounding_witness_test.dag	LiveTreeDisposition	type	v2.std.live_tree	1	unobserved	unobserved	unobserved	unresolved	unresolved type 'LiveTreeDisposition'	0	unique_decl_unresolved_mechanism_unobserved
dag/test/claim/operation_argv_binding_wall_witness_test.dag	LiveTreeDisposition	type	v2.std.live_tree	1	unobserved	unobserved	unobserved	unresolved	unresolved type 'LiveTreeDisposition'	0	unique_decl_unresolved_mechanism_unobserved
dag/test/claim/operation_argv_corpus_witness_test.dag	LiveTreeDisposition	type	v2.std.live_tree	1	unobserved	unobserved	unobserved	unresolved	unresolved type 'LiveTreeDisposition'	0	unique_decl_unresolved_mechanism_unobserved
dag/test/claim/optional_carrier_signature_test.dag	LiveTreeDisposition	type	v2.std.live_tree	1	unobserved	unobserved	unobserved	unresolved	unresolved type 'LiveTreeDisposition'	0	unique_decl_unresolved_mechanism_unobserved
dag/test/claim/optional_consumer_fail_closed_test.dag	LiveTreeDisposition	type	v2.std.live_tree	1	unobserved	unobserved	unobserved	unresolved	unresolved type 'LiveTreeDisposition'	0	unique_decl_unresolved_mechanism_unobserved
dag/test/claim/os_free_witness_test.dag	LiveTreeDisposition	type	v2.std.live_tree	1	unobserved	unobserved	unobserved	unresolved	unresolved type 'LiveTreeDisposition'	0	unique_decl_unresolved_mechanism_unobserved
dag/test/claim/os_install_actuator_selection_witness_test.dag	LiveTreeDisposition	type	v2.std.live_tree	1	unobserved	unobserved	unobserved	unresolved	unresolved type 'LiveTreeDisposition'	0	unique_decl_unresolved_mechanism_unobserved
dag/test/claim/os_install_actuator_toolchain_grant_witness_test.dag	LiveTreeDisposition	type	v2.std.live_tree	1	unobserved	unobserved	unobserved	unresolved	unresolved type 'LiveTreeDisposition'	0	unique_decl_unresolved_mechanism_unobserved
dag/test/claim/os_install_deduction_witness_test.dag	LiveTreeDisposition	type	v2.std.live_tree	1	unobserved	unobserved	unobserved	unresolved	unresolved type 'LiveTreeDisposition'	0	unique_decl_unresolved_mechanism_unobserved
dag/test/claim/os_proc_meminfo_witness_test.dag	LiveTreeDisposition	type	v2.std.live_tree	1	unobserved	unobserved	unobserved	unresolved	unresolved type 'LiveTreeDisposition'	0	unique_decl_unresolved_mechanism_unobserved
dag/test/claim/os_systemd_witness_test.dag	LiveTreeDisposition	type	v2.std.live_tree	1	unobserved	unobserved	unobserved	unresolved	unresolved type 'LiveTreeDisposition'	0	unique_decl_unresolved_mechanism_unobserved
dag/test/claim/output_policy_witness_test.dag	LiveTreeDisposition	type	v2.std.live_tree	1	unobserved	unobserved	unobserved	unresolved	unresolved type 'LiveTreeDisposition'	0	unique_decl_unresolved_mechanism_unobserved
dag/test/claim/pareto_dominance_witness_test.dag	LiveTreeDisposition	type	v2.std.live_tree	1	unobserved	unobserved	unobserved	unresolved	unresolved type 'LiveTreeDisposition'	0	unique_decl_unresolved_mechanism_unobserved
dag/test/claim/parse_test.dag	LiveTreeDisposition	type	v2.std.live_tree	1	unobserved	unobserved	unobserved	unresolved	unresolved type 'LiveTreeDisposition'	0	unique_decl_unresolved_mechanism_unobserved
dag/test/claim/peak_resident_measured_witness_test.dag	LiveTreeDisposition	type	v2.std.live_tree	1	unobserved	unobserved	unobserved	unresolved	unresolved type 'LiveTreeDisposition'	0	unique_decl_unresolved_mechanism_unobserved
dag/test/claim/perturbation_kernel_test.dag	LiveTreeDisposition	type	v2.std.live_tree	1	unobserved	unobserved	unobserved	unresolved	unresolved type 'LiveTreeDisposition'	0	unique_decl_unresolved_mechanism_unobserved
dag/test/claim/pipeline_transport_emit_rest_shell_witness_test.dag	LiveTreeDisposition	type	v2.std.live_tree	1	unobserved	unobserved	unobserved	unresolved	unresolved type 'LiveTreeDisposition'	0	unique_decl_unresolved_mechanism_unobserved
dag/test/claim/plan_lens_witness_test.dag	LiveTreeDisposition	type	v2.std.live_tree	1	unobserved	unobserved	unobserved	unresolved	unresolved type 'LiveTreeDisposition'	0	unique_decl_unresolved_mechanism_unobserved
dag/test/claim/power_watt_witness_test.dag	LiveTreeDisposition	type	v2.std.live_tree	1	unobserved	unobserved	unobserved	unresolved	unresolved type 'LiveTreeDisposition'	0	unique_decl_unresolved_mechanism_unobserved
dag/test/claim/pricing_surface_witness_test.dag	LiveTreeDisposition	type	v2.std.live_tree	1	unobserved	unobserved	unobserved	unresolved	unresolved type 'LiveTreeDisposition'	0	unique_decl_unresolved_mechanism_unobserved
dag/test/claim/principal_projection_witness_test.dag	LiveTreeDisposition	type	v2.std.live_tree	1	unobserved	unobserved	unobserved	unresolved	unresolved type 'LiveTreeDisposition'	0	unique_decl_unresolved_mechanism_unobserved
dag/test/claim/proc_self_cgroup_real_execution_witness_test.dag	LiveTreeDisposition	type	v2.std.live_tree	1	unobserved	unobserved	unobserved	unresolved	unresolved type 'LiveTreeDisposition'	0	unique_decl_unresolved_mechanism_unobserved
dag/test/claim/proc_self_cgroup_witness_test.dag	LiveTreeDisposition	type	v2.std.live_tree	1	unobserved	unobserved	unobserved	unresolved	unresolved type 'LiveTreeDisposition'	0	unique_decl_unresolved_mechanism_unobserved
dag/test/claim/provider_lifecycle_witness_test.dag	LiveTreeDisposition	type	v2.std.live_tree	1	unobserved	unobserved	unobserved	unresolved	unresolved type 'LiveTreeDisposition'	0	unique_decl_unresolved_mechanism_unobserved
dag/test/claim/publication_publisher_witness_test.dag	LiveTreeDisposition	type	v2.std.live_tree	1	unobserved	unobserved	unobserved	unresolved	unresolved type 'LiveTreeDisposition'	0	unique_decl_unresolved_mechanism_unobserved
dag/test/claim/push_before_main_push_selection_witness_test.dag	LiveTreeDisposition	type	v2.std.live_tree	1	unobserved	unobserved	unobserved	unresolved	unresolved type 'LiveTreeDisposition'	0	unique_decl_unresolved_mechanism_unobserved
dag/test/claim/push_event_witness_test.dag	LiveTreeDisposition	type	v2.std.live_tree	1	unobserved	unobserved	unobserved	unresolved	unresolved type 'LiveTreeDisposition'	0	unique_decl_unresolved_mechanism_unobserved
dag/test/claim/push_event_witness_wet_test.dag	LiveTreeDisposition	type	v2.std.live_tree	1	unobserved	unobserved	unobserved	unresolved	unresolved type 'LiveTreeDisposition'	0	unique_decl_unresolved_mechanism_unobserved
dag/test/claim/python_pep440_version_witness_test.dag	LiveTreeDisposition	type	v2.std.live_tree	1	unobserved	unobserved	unobserved	unresolved	unresolved type 'LiveTreeDisposition'	0	unique_decl_unresolved_mechanism_unobserved
dag/test/claim/random_bytes_csprng_witness_test.dag	LiveTreeDisposition	type	v2.std.live_tree	1	unobserved	unobserved	unobserved	unresolved	unresolved type 'LiveTreeDisposition'	0	unique_decl_unresolved_mechanism_unobserved
dag/test/claim/react_jsx_emit_test.dag	LiveTreeDisposition	type	v2.std.live_tree	1	unobserved	unobserved	unobserved	unresolved	unresolved type 'LiveTreeDisposition'	0	unique_decl_unresolved_mechanism_unobserved
dag/test/claim/readback_independence_witness_test.dag	LiveTreeDisposition	type	v2.std.live_tree	1	unobserved	unobserved	unobserved	unresolved	unresolved type 'LiveTreeDisposition'	0	unique_decl_unresolved_mechanism_unobserved
dag/test/claim/realization_measurement_keystone_test.dag	LiveTreeDisposition	type	v2.std.live_tree	1	unobserved	unobserved	unobserved	unresolved	unresolved type 'LiveTreeDisposition'	0	unique_decl_unresolved_mechanism_unobserved
dag/test/claim/realization_reconcile_witness_test.dag	LiveTreeDisposition	type	v2.std.live_tree	1	unobserved	unobserved	unobserved	unresolved	unresolved type 'LiveTreeDisposition'	0	unique_decl_unresolved_mechanism_unobserved
dag/test/claim/realization_scale_agnostic_test.dag	LiveTreeDisposition	type	v2.std.live_tree	1	unobserved	unobserved	unobserved	unresolved	unresolved type 'LiveTreeDisposition'	0	unique_decl_unresolved_mechanism_unobserved
dag/test/claim/realization_schedule_critical_path_test.dag	LiveTreeDisposition	type	v2.std.live_tree	1	unobserved	unobserved	unobserved	unresolved	unresolved type 'LiveTreeDisposition'	0	unique_decl_unresolved_mechanism_unobserved
dag/test/claim/realization_schedule_witness_test.dag	LiveTreeDisposition	type	v2.std.live_tree	1	unobserved	unobserved	unobserved	unresolved	unresolved type 'LiveTreeDisposition'	0	unique_decl_unresolved_mechanism_unobserved
dag/test/claim/realization_vocab_confinement_census_test.dag	LiveTreeDisposition	type	v2.std.live_tree	1	unobserved	unobserved	unobserved	unresolved	unresolved type 'LiveTreeDisposition'	0	unique_decl_unresolved_mechanism_unobserved
dag/test/claim/realization_width_witness_test.dag	LiveTreeDisposition	type	v2.std.live_tree	1	unobserved	unobserved	unobserved	unresolved	unresolved type 'LiveTreeDisposition'	0	unique_decl_unresolved_mechanism_unobserved
dag/test/claim/realization_witness_test.dag	LiveTreeDisposition	type	v2.std.live_tree	1	unobserved	unobserved	unobserved	unresolved	unresolved type 'LiveTreeDisposition'	0	unique_decl_unresolved_mechanism_unobserved
dag/test/claim/realize_kernel_test.dag	LiveTreeDisposition	type	v2.std.live_tree	1	unobserved	unobserved	unobserved	unresolved	unresolved type 'LiveTreeDisposition'	0	unique_decl_unresolved_mechanism_unobserved
dag/test/claim/realize_pack_witness_test.dag	LiveTreeDisposition	type	v2.std.live_tree	1	unobserved	unobserved	unobserved	unresolved	unresolved type 'LiveTreeDisposition'	0	unique_decl_unresolved_mechanism_unobserved
dag/test/claim/reconcile_in_process_cache_test.dag	LiveTreeDisposition	type	v2.std.live_tree	1	unobserved	unobserved	unobserved	unresolved	unresolved type 'LiveTreeDisposition'	0	unique_decl_unresolved_mechanism_unobserved
dag/test/claim/reference_instrument_witness_test.dag	LiveTreeDisposition	type	v2.std.live_tree	1	unobserved	unobserved	unobserved	unresolved	unresolved type 'LiveTreeDisposition'	0	unique_decl_unresolved_mechanism_unobserved
dag/test/claim/regional_compute_witness_test.dag	LiveTreeDisposition	type	v2.std.live_tree	1	unobserved	unobserved	unobserved	unresolved	unresolved type 'LiveTreeDisposition'	0	unique_decl_unresolved_mechanism_unobserved
dag/test/claim/render_glyphs_ansi_witness_test.dag	LiveTreeDisposition	type	v2.std.live_tree	1	unobserved	unobserved	unobserved	unresolved	unresolved type 'LiveTreeDisposition'	0	unique_decl_unresolved_mechanism_unobserved
dag/test/claim/render_repeat_string_witness_test.dag	LiveTreeDisposition	type	v2.std.live_tree	1	unobserved	unobserved	unobserved	unresolved	unresolved type 'LiveTreeDisposition'	0	unique_decl_unresolved_mechanism_unobserved
dag/test/claim/render_surface_witness_test.dag	LiveTreeDisposition	type	v2.std.live_tree	1	unobserved	unobserved	unobserved	unresolved	unresolved type 'LiveTreeDisposition'	0	unique_decl_unresolved_mechanism_unobserved
dag/test/claim/repo_local_git_config_real_execution_witness_test.dag	LiveTreeDisposition	type	v2.std.live_tree	1	unobserved	unobserved	unobserved	unresolved	unresolved type 'LiveTreeDisposition'	0	unique_decl_unresolved_mechanism_unobserved
dag/test/claim/repo_local_git_config_witness_test.dag	LiveTreeDisposition	type	v2.std.live_tree	1	unobserved	unobserved	unobserved	unresolved	unresolved type 'LiveTreeDisposition'	0	unique_decl_unresolved_mechanism_unobserved
dag/test/claim/repository_census_coverage_witness_test.dag	LiveTreeDisposition	type	v2.std.live_tree	1	unobserved	unobserved	unobserved	unresolved	unresolved type 'LiveTreeDisposition'	0	unique_decl_unresolved_mechanism_unobserved
dag/test/claim/repository_census_observation_witness_test.dag	LiveTreeDisposition	type	v2.std.live_tree	1	unobserved	unobserved	unobserved	unresolved	unresolved type 'LiveTreeDisposition'	0	unique_decl_unresolved_mechanism_unobserved
dag/test/claim/resolution_divergence_silent_pick_gate_witness_test.dag	LiveTreeDisposition	type	v2.std.live_tree	1	unobserved	unobserved	unobserved	unresolved	unresolved type 'LiveTreeDisposition'	0	unique_decl_unresolved_mechanism_unobserved
dag/test/claim/resource_namespace_upsert_witness_test.dag	LiveTreeDisposition	type	v2.std.live_tree	1	unobserved	unobserved	unobserved	unresolved	unresolved type 'LiveTreeDisposition'	0	unique_decl_unresolved_mechanism_unobserved
dag/test/claim/rest_exchange_replay_test.dag	LiveTreeDisposition	type	v2.std.live_tree	1	unobserved	unobserved	unobserved	unresolved	unresolved type 'LiveTreeDisposition'	0	unique_decl_unresolved_mechanism_unobserved
dag/test/claim/rest_transport_axes_emit_witness_test.dag	LiveTreeDisposition	type	v2.std.live_tree	1	unobserved	unobserved	unobserved	unresolved	unresolved type 'LiveTreeDisposition'	0	unique_decl_unresolved_mechanism_unobserved
dag/test/claim/reviewer_source_witness_test.dag	LiveTreeDisposition	type	v2.std.live_tree	1	unobserved	unobserved	unobserved	unresolved	unresolved type 'LiveTreeDisposition'	0	unique_decl_unresolved_mechanism_unobserved
dag/test/claim/roadmap_altitude_witness_test.dag	LiveTreeDisposition	type	v2.std.live_tree	1	unobserved	unobserved	unobserved	unresolved	unresolved type 'LiveTreeDisposition'	0	unique_decl_unresolved_mechanism_unobserved
dag/test/claim/roadmap_authority_test.dag	LiveTreeDisposition	type	v2.std.live_tree	1	unobserved	unobserved	unobserved	unresolved	unresolved type 'LiveTreeDisposition'	0	unique_decl_unresolved_mechanism_unobserved
dag/test/claim/roadmap_belt_actuate_witness_test.dag	LiveTreeDisposition	type	v2.std.live_tree	1	unobserved	unobserved	unobserved	unresolved	unresolved type 'LiveTreeDisposition'	0	unique_decl_unresolved_mechanism_unobserved
dag/test/claim/roadmap_dispatch_actuator_witness_test.dag	LiveTreeDisposition	type	v2.std.live_tree	1	unobserved	unobserved	unobserved	unresolved	unresolved type 'LiveTreeDisposition'	0	unique_decl_unresolved_mechanism_unobserved
dag/test/claim/roadmap_document_test.dag	LiveTreeDisposition	type	v2.std.live_tree	1	unobserved	unobserved	unobserved	unresolved	unresolved type 'LiveTreeDisposition'	0	unique_decl_unresolved_mechanism_unobserved
dag/test/claim/roadmap_emit_test.dag	LiveTreeDisposition	type	v2.std.live_tree	1	unobserved	unobserved	unobserved	unresolved	unresolved type 'LiveTreeDisposition'	0	unique_decl_unresolved_mechanism_unobserved
dag/test/claim/roadmap_focus_witness_test.dag	LiveTreeDisposition	type	v2.std.live_tree	1	unobserved	unobserved	unobserved	unresolved	unresolved type 'LiveTreeDisposition'	0	unique_decl_unresolved_mechanism_unobserved
dag/test/claim/roadmap_forecast_witness_test.dag	LiveTreeDisposition	type	v2.std.live_tree	1	unobserved	unobserved	unobserved	unresolved	unresolved type 'LiveTreeDisposition'	0	unique_decl_unresolved_mechanism_unobserved
dag/test/claim/roadmap_frontier_witness_test.dag	LiveTreeDisposition	type	v2.std.live_tree	1	unobserved	unobserved	unobserved	unresolved	unresolved type 'LiveTreeDisposition'	0	unique_decl_unresolved_mechanism_unobserved
dag/test/claim/roadmap_gate_test.dag	LiveTreeDisposition	type	v2.std.live_tree	1	unobserved	unobserved	unobserved	unresolved	unresolved type 'LiveTreeDisposition'	0	unique_decl_unresolved_mechanism_unobserved
dag/test/claim/roadmap_identity_witness_test.dag	LiveTreeDisposition	type	v2.std.live_tree	1	unobserved	unobserved	unobserved	unresolved	unresolved type 'LiveTreeDisposition'	0	unique_decl_unresolved_mechanism_unobserved
dag/test/claim/roadmap_model_test.dag	LiveTreeDisposition	type	v2.std.live_tree	1	unobserved	unobserved	unobserved	unresolved	unresolved type 'LiveTreeDisposition'	0	unique_decl_unresolved_mechanism_unobserved
dag/test/claim/roadmap_page_witness_test.dag	LiveTreeDisposition	type	v2.std.live_tree	1	unobserved	unobserved	unobserved	unresolved	unresolved type 'LiveTreeDisposition'	0	unique_decl_unresolved_mechanism_unobserved
dag/test/claim/roadmap_presentation_witness_test.dag	LiveTreeDisposition	type	v2.std.live_tree	1	unobserved	unobserved	unobserved	unresolved	unresolved type 'LiveTreeDisposition'	0	unique_decl_unresolved_mechanism_unobserved
dag/test/claim/roadmap_program_view_live_corpus_receipt_test.dag	LiveTreeDisposition	type	v2.std.live_tree	1	unobserved	unobserved	unobserved	unresolved	unresolved type 'LiveTreeDisposition'	0	unique_decl_unresolved_mechanism_unobserved
dag/test/claim/roadmap_publish_observe_witness_test.dag	LiveTreeDisposition	type	v2.std.live_tree	1	unobserved	unobserved	unobserved	unresolved	unresolved type 'LiveTreeDisposition'	0	unique_decl_unresolved_mechanism_unobserved
dag/test/claim/roadmap_receipt_continuity_acceptance_test.dag	LiveTreeDisposition	type	v2.std.live_tree	1	unobserved	unobserved	unobserved	unresolved	unresolved type 'LiveTreeDisposition'	0	unique_decl_unresolved_mechanism_unobserved
dag/test/claim/roadmap_receipt_continuity_live_witness_test.dag	LiveTreeDisposition	type	v2.std.live_tree	1	unobserved	unobserved	unobserved	unresolved	unresolved type 'LiveTreeDisposition'	0	unique_decl_unresolved_mechanism_unobserved
dag/test/claim/roadmap_register_witness_test.dag	LiveTreeDisposition	type	v2.std.live_tree	1	unobserved	unobserved	unobserved	unresolved	unresolved type 'LiveTreeDisposition'	0	unique_decl_unresolved_mechanism_unobserved
dag/test/claim/roadmap_row_witness_test.dag	LiveTreeDisposition	type	v2.std.live_tree	1	unobserved	unobserved	unobserved	unresolved	unresolved type 'LiveTreeDisposition'	0	unique_decl_unresolved_mechanism_unobserved
dag/test/claim/roadmap_sandbox_witness_test.dag	LiveTreeDisposition	type	v2.std.live_tree	1	unobserved	unobserved	unobserved	unresolved	unresolved type 'LiveTreeDisposition'	0	unique_decl_unresolved_mechanism_unobserved
dag/test/claim/roadmap_site_surface_readiness_witness_test.dag	LiveTreeDisposition	type	v2.std.live_tree	1	unobserved	unobserved	unobserved	unresolved	unresolved type 'LiveTreeDisposition'	0	unique_decl_unresolved_mechanism_unobserved
dag/test/claim/roadmap_spawner_witness_test.dag	LiveTreeDisposition	type	v2.std.live_tree	1	unobserved	unobserved	unobserved	unresolved	unresolved type 'LiveTreeDisposition'	0	unique_decl_unresolved_mechanism_unobserved
dag/test/claim/roadmap_static_site_witness_test.dag	LiveTreeDisposition	type	v2.std.live_tree	1	unobserved	unobserved	unobserved	unresolved	unresolved type 'LiveTreeDisposition'	0	unique_decl_unresolved_mechanism_unobserved
dag/test/claim/roadmap_status_test.dag	LiveTreeDisposition	type	v2.std.live_tree	1	unobserved	unobserved	unobserved	unresolved	unresolved type 'LiveTreeDisposition'	0	unique_decl_unresolved_mechanism_unobserved
dag/test/claim/roadmap_tactile_witness_test.dag	LiveTreeDisposition	type	v2.std.live_tree	1	unobserved	unobserved	unobserved	unresolved	unresolved type 'LiveTreeDisposition'	0	unique_decl_unresolved_mechanism_unobserved
dag/test/claim/roadmap_workflow_command_witness_test.dag	LiveTreeDisposition	type	v2.std.live_tree	1	unobserved	unobserved	unobserved	unresolved	unresolved type 'LiveTreeDisposition'	0	unique_decl_unresolved_mechanism_unobserved
dag/test/claim/root4_measure_missing_generics_witness_test.dag	LiveTreeDisposition	type	v2.std.live_tree	1	unobserved	unobserved	unobserved	unresolved	unresolved type 'LiveTreeDisposition'	0	unique_decl_unresolved_mechanism_unobserved
dag/test/claim/runnable_resource_profile_witness_test.dag	LiveTreeDisposition	type	v2.std.live_tree	1	unobserved	unobserved	unobserved	unresolved	unresolved type 'LiveTreeDisposition'	0	unique_decl_unresolved_mechanism_unobserved
dag/test/claim/runner_activation_wall_test.dag	LiveTreeDisposition	type	v2.std.live_tree	1	unobserved	unobserved	unobserved	unresolved	unresolved type 'LiveTreeDisposition'	0	unique_decl_unresolved_mechanism_unobserved
dag/test/claim/runner_broker_progress_watchdog_witness_test.dag	LiveTreeDisposition	type	v2.std.live_tree	1	unobserved	unobserved	unobserved	unresolved	unresolved type 'LiveTreeDisposition'	0	unique_decl_unresolved_mechanism_unobserved
dag/test/claim/runner_capacity_operator_access_witness_test.dag	LiveTreeDisposition	type	v2.std.live_tree	1	unobserved	unobserved	unobserved	unresolved	unresolved type 'LiveTreeDisposition'	0	unique_decl_unresolved_mechanism_unobserved
dag/test/claim/runner_capacity_plan_witness_test.dag	LiveTreeDisposition	type	v2.std.live_tree	1	unobserved	unobserved	unobserved	unresolved	unresolved type 'LiveTreeDisposition'	0	unique_decl_unresolved_mechanism_unobserved
dag/test/claim/runner_capacity_realize_witness_test.dag	LiveTreeDisposition	type	v2.std.live_tree	1	unobserved	unobserved	unobserved	unresolved	unresolved type 'LiveTreeDisposition'	0	unique_decl_unresolved_mechanism_unobserved
dag/test/claim/runner_connectivity_recovery_witness_test.dag	LiveTreeDisposition	type	v2.std.live_tree	1	unobserved	unobserved	unobserved	unresolved	unresolved type 'LiveTreeDisposition'	0	unique_decl_unresolved_mechanism_unobserved
dag/test/claim/runner_connectivity_repair_plan_witness_test.dag	LiveTreeDisposition	type	v2.std.live_tree	1	unobserved	unobserved	unobserved	unresolved	unresolved type 'LiveTreeDisposition'	0	unique_decl_unresolved_mechanism_unobserved
dag/test/claim/runner_placement_witness_test.dag	LiveTreeDisposition	type	v2.std.live_tree	1	unobserved	unobserved	unobserved	unresolved	unresolved type 'LiveTreeDisposition'	0	unique_decl_unresolved_mechanism_unobserved
dag/test/claim/runner_replace_incarnation_seam_witness_test.dag	LiveTreeDisposition	type	v2.std.live_tree	1	unobserved	unobserved	unobserved	unresolved	unresolved type 'LiveTreeDisposition'	0	unique_decl_unresolved_mechanism_unobserved
dag/test/claim/runner_slot_allocation_witness_test.dag	LiveTreeDisposition	type	v2.std.live_tree	1	unobserved	unobserved	unobserved	unresolved	unresolved type 'LiveTreeDisposition'	0	unique_decl_unresolved_mechanism_unobserved
dag/test/claim/runner_slot_enforcement_grounding_witness_test.dag	LiveTreeDisposition	type	v2.std.live_tree	1	unobserved	unobserved	unobserved	unresolved	unresolved type 'LiveTreeDisposition'	0	unique_decl_unresolved_mechanism_unobserved
dag/test/claim/runner_unit_live_read_witness_test.dag	LiveTreeDisposition	type	v2.std.live_tree	1	unobserved	unobserved	unobserved	unresolved	unresolved type 'LiveTreeDisposition'	0	unique_decl_unresolved_mechanism_unobserved
dag/test/claim/rust_gates_ci_witness_test.dag	LiveTreeDisposition	type	v2.std.live_tree	1	unobserved	unobserved	unobserved	unresolved	unresolved type 'LiveTreeDisposition'	0	unique_decl_unresolved_mechanism_unobserved
dag/test/claim/rust_stage0_gates_witness_test.dag	LiveTreeDisposition	type	v2.std.live_tree	1	unobserved	unobserved	unobserved	unresolved	unresolved type 'LiveTreeDisposition'	0	unique_decl_unresolved_mechanism_unobserved
dag/test/claim/salience_witness_test.dag	LiveTreeDisposition	type	v2.std.live_tree	1	unobserved	unobserved	unobserved	unresolved	unresolved type 'LiveTreeDisposition'	0	unique_decl_unresolved_mechanism_unobserved
dag/test/claim/sccache_local_content_verified_on_read_test.dag	LiveTreeDisposition	type	v2.std.live_tree	1	unobserved	unobserved	unobserved	unresolved	unresolved type 'LiveTreeDisposition'	0	unique_decl_unresolved_mechanism_unobserved
dag/test/claim/sccache_pin_witness_test.dag	LiveTreeDisposition	type	v2.std.live_tree	1	unobserved	unobserved	unobserved	unresolved	unresolved type 'LiveTreeDisposition'	0	unique_decl_unresolved_mechanism_unobserved
dag/test/claim/scm_agentic_stress_witness_test.dag	LiveTreeDisposition	type	v2.std.live_tree	1	unobserved	unobserved	unobserved	unresolved	unresolved type 'LiveTreeDisposition'	0	unique_decl_unresolved_mechanism_unobserved
dag/test/claim/scm_compatibility_git_witness_test.dag	LiveTreeDisposition	type	v2.std.live_tree	1	unobserved	unobserved	unobserved	unresolved	unresolved type 'LiveTreeDisposition'	0	unique_decl_unresolved_mechanism_unobserved
dag/test/claim/scm_compatibility_mercurial_witness_test.dag	LiveTreeDisposition	type	v2.std.live_tree	1	unobserved	unobserved	unobserved	unresolved	unresolved type 'LiveTreeDisposition'	0	unique_decl_unresolved_mechanism_unobserved
dag/test/claim/scm_compatibility_pijul_witness_test.dag	LiveTreeDisposition	type	v2.std.live_tree	1	unobserved	unobserved	unobserved	unresolved	unresolved type 'LiveTreeDisposition'	0	unique_decl_unresolved_mechanism_unobserved
dag/test/claim/scm_compatibility_shape_witness_test.dag	LiveTreeDisposition	type	v2.std.live_tree	1	unobserved	unobserved	unobserved	unresolved	unresolved type 'LiveTreeDisposition'	0	unique_decl_unresolved_mechanism_unobserved
dag/test/claim/scm_issuer_corpus_witness_test.dag	LiveTreeDisposition	type	v2.std.live_tree	1	unobserved	unobserved	unobserved	unresolved	unresolved type 'LiveTreeDisposition'	0	unique_decl_unresolved_mechanism_unobserved
dag/test/claim/scm_provider_matrix_witness_test.dag	LiveTreeDisposition	type	v2.std.live_tree	1	unobserved	unobserved	unobserved	unresolved	unresolved type 'LiveTreeDisposition'	0	unique_decl_unresolved_mechanism_unobserved
dag/test/claim/scm_serving_model_witness_test.dag	LiveTreeDisposition	type	v2.std.live_tree	1	unobserved	unobserved	unobserved	unresolved	unresolved type 'LiveTreeDisposition'	0	unique_decl_unresolved_mechanism_unobserved
dag/test/claim/sec_edgar_rollins_chemed_witness_test.dag	LiveTreeDisposition	type	v2.std.live_tree	1	unobserved	unobserved	unobserved	unresolved	unresolved type 'LiveTreeDisposition'	0	unique_decl_unresolved_mechanism_unobserved
dag/test/claim/sec_edgar_witness_test.dag	LiveTreeDisposition	type	v2.std.live_tree	1	unobserved	unobserved	unobserved	unresolved	unresolved type 'LiveTreeDisposition'	0	unique_decl_unresolved_mechanism_unobserved
dag/test/claim/secret_manager_access_version_witness_test.dag	LiveTreeDisposition	type	v2.std.live_tree	1	unobserved	unobserved	unobserved	unresolved	unresolved type 'LiveTreeDisposition'	0	unique_decl_unresolved_mechanism_unobserved
dag/test/claim/secret_rotation_witness_test.dag	LiveTreeDisposition	type	v2.std.live_tree	1	unobserved	unobserved	unobserved	unresolved	unresolved type 'LiveTreeDisposition'	0	unique_decl_unresolved_mechanism_unobserved
dag/test/claim/selection_degradation_receipt_witness_test.dag	LiveTreeDisposition	type	v2.std.live_tree	1	unobserved	unobserved	unobserved	unresolved	unresolved type 'LiveTreeDisposition'	0	unique_decl_unresolved_mechanism_unobserved
dag/test/claim/self_host_03_normalize_behavioral_witness_test.dag	LiveTreeDisposition	type	v2.std.live_tree	1	unobserved	unobserved	unobserved	unresolved	unresolved type 'LiveTreeDisposition'	0	unique_decl_unresolved_mechanism_unobserved
dag/test/claim/served_surface_browser_artifact_integrity_witness_test.dag	LiveTreeDisposition	type	v2.std.live_tree	1	unobserved	unobserved	unobserved	unresolved	unresolved type 'LiveTreeDisposition'	0	unique_decl_unresolved_mechanism_unobserved
dag/test/claim/session_residency_witness_test.dag	LiveTreeDisposition	type	v2.std.live_tree	1	unobserved	unobserved	unobserved	unresolved	unresolved type 'LiveTreeDisposition'	0	unique_decl_unresolved_mechanism_unobserved
dag/test/claim/sessions_panel_witness_test.dag	LiveTreeDisposition	type	v2.std.live_tree	1	unobserved	unobserved	unobserved	unresolved	unresolved type 'LiveTreeDisposition'	0	unique_decl_unresolved_mechanism_unobserved
dag/test/claim/shared_pool_encoding_control_test.dag	LiveTreeDisposition	type	v2.std.live_tree	1	unobserved	unobserved	unobserved	unresolved	unresolved type 'LiveTreeDisposition'	0	unique_decl_unresolved_mechanism_unobserved
dag/test/claim/shell_bash_runner_witness_test.dag	LiveTreeDisposition	type	v2.std.live_tree	1	unobserved	unobserved	unobserved	unresolved	unresolved type 'LiveTreeDisposition'	0	unique_decl_unresolved_mechanism_unobserved
dag/test/claim/shell_dag_census_5a_typed_ops_witness_test.dag	LiveTreeDisposition	type	v2.std.live_tree	1	unobserved	unobserved	unobserved	unresolved	unresolved type 'LiveTreeDisposition'	0	unique_decl_unresolved_mechanism_unobserved
dag/test/claim/shell_exec_run_argv_embed_witness_test.dag	LiveTreeDisposition	type	v2.std.live_tree	1	unobserved	unobserved	unobserved	unresolved	unresolved type 'LiveTreeDisposition'	0	unique_decl_unresolved_mechanism_unobserved
dag/test/claim/site_accent_study_witness_test.dag	LiveTreeDisposition	type	v2.std.live_tree	1	unobserved	unobserved	unobserved	unresolved	unresolved type 'LiveTreeDisposition'	0	unique_decl_unresolved_mechanism_unobserved
dag/test/claim/site_register_witness_test.dag	LiveTreeDisposition	type	v2.std.live_tree	1	unobserved	unobserved	unobserved	unresolved	unresolved type 'LiveTreeDisposition'	0	unique_decl_unresolved_mechanism_unobserved
dag/test/claim/source_integration_landing_spine_witness_test.dag	LiveTreeDisposition	type	v2.std.live_tree	1	unobserved	unobserved	unobserved	unresolved	unresolved type 'LiveTreeDisposition'	0	unique_decl_unresolved_mechanism_unobserved
dag/test/claim/source_integration_proof_kernel_acceptance_test.dag	LiveTreeDisposition	type	v2.std.live_tree	1	unobserved	unobserved	unobserved	unresolved	unresolved type 'LiveTreeDisposition'	0	unique_decl_unresolved_mechanism_unobserved
dag/test/claim/source_integration_proof_kernel_model_witness_test.dag	LiveTreeDisposition	type	v2.std.live_tree	1	unobserved	unobserved	unobserved	unresolved	unresolved type 'LiveTreeDisposition'	0	unique_decl_unresolved_mechanism_unobserved
dag/test/claim/spark_provisioning_witness_test.dag	LiveTreeDisposition	type	v2.std.live_tree	1	unobserved	unobserved	unobserved	unresolved	unresolved type 'LiveTreeDisposition'	0	unique_decl_unresolved_mechanism_unobserved
dag/test/claim/spatial_placement_witness_test.dag	LiveTreeDisposition	type	v2.std.live_tree	1	unobserved	unobserved	unobserved	unresolved	unresolved type 'LiveTreeDisposition'	0	unique_decl_unresolved_mechanism_unobserved
dag/test/claim/srv3_bmc_credential_resolve_witness_test.dag	LiveTreeDisposition	type	v2.std.live_tree	1	unobserved	unobserved	unobserved	unresolved	unresolved type 'LiveTreeDisposition'	0	unique_decl_unresolved_mechanism_unobserved
dag/test/claim/srv3_boot_once_cd_witness_test.dag	LiveTreeDisposition	type	v2.std.live_tree	1	unobserved	unobserved	unobserved	unresolved	unresolved type 'LiveTreeDisposition'	0	unique_decl_unresolved_mechanism_unobserved
dag/test/claim/srv3_host_effect_apply_witness_test.dag	LiveTreeDisposition	type	v2.std.live_tree	1	unobserved	unobserved	unobserved	unresolved	unresolved type 'LiveTreeDisposition'	0	unique_decl_unresolved_mechanism_unobserved
dag/test/claim/srv3_host_effect_realize_witness_test.dag	LiveTreeDisposition	type	v2.std.live_tree	1	unobserved	unobserved	unobserved	unresolved	unresolved type 'LiveTreeDisposition'	0	unique_decl_unresolved_mechanism_unobserved
dag/test/claim/srv3_install_media_fetch_real_execution_witness_test.dag	LiveTreeDisposition	type	v2.std.live_tree	1	unobserved	unobserved	unobserved	unresolved	unresolved type 'LiveTreeDisposition'	0	unique_decl_unresolved_mechanism_unobserved
dag/test/claim/srv3_install_media_fetch_witness_test.dag	LiveTreeDisposition	type	v2.std.live_tree	1	unobserved	unobserved	unobserved	unresolved	unresolved type 'LiveTreeDisposition'	0	unique_decl_unresolved_mechanism_unobserved
dag/test/claim/srv3_install_server_emit_test.dag	LiveTreeDisposition	type	v2.std.live_tree	1	unobserved	unobserved	unobserved	unresolved	unresolved type 'LiveTreeDisposition'	0	unique_decl_unresolved_mechanism_unobserved
dag/test/claim/srv3_network_identity_subsumption_witness_test.dag	LiveTreeDisposition	type	v2.std.live_tree	1	unobserved	unobserved	unobserved	unresolved	unresolved type 'LiveTreeDisposition'	0	unique_decl_unresolved_mechanism_unobserved
dag/test/claim/srv3_os_install_actuate_scope_witness_test.dag	LiveTreeDisposition	type	v2.std.live_tree	1	unobserved	unobserved	unobserved	unresolved	unresolved type 'LiveTreeDisposition'	0	unique_decl_unresolved_mechanism_unobserved
dag/test/claim/srv3_os_install_actuate_witness_test.dag	LiveTreeDisposition	type	v2.std.live_tree	1	unobserved	unobserved	unobserved	unresolved	unresolved type 'LiveTreeDisposition'	0	unique_decl_unresolved_mechanism_unobserved
dag/test/claim/srv3_os_install_actuate_workflow_witness_test.dag	LiveTreeDisposition	type	v2.std.live_tree	1	unobserved	unobserved	unobserved	unresolved	unresolved type 'LiveTreeDisposition'	0	unique_decl_unresolved_mechanism_unobserved
dag/test/claim/srv3_os_install_actuator_toolchain_ensure_witness_test.dag	LiveTreeDisposition	type	v2.std.live_tree	1	unobserved	unobserved	unobserved	unresolved	unresolved type 'LiveTreeDisposition'	0	unique_decl_unresolved_mechanism_unobserved
dag/test/claim/srv3_os_install_diagnostic_witness_test.dag	LiveTreeDisposition	type	v2.std.live_tree	1	unobserved	unobserved	unobserved	unresolved	unresolved type 'LiveTreeDisposition'	0	unique_decl_unresolved_mechanism_unobserved
dag/test/claim/srv3_os_install_emit_test.dag	LiveTreeDisposition	type	v2.std.live_tree	1	unobserved	unobserved	unobserved	unresolved	unresolved type 'LiveTreeDisposition'	0	unique_decl_unresolved_mechanism_unobserved
dag/test/claim/srv3_os_install_witness_test.dag	LiveTreeDisposition	type	v2.std.live_tree	1	unobserved	unobserved	unobserved	unresolved	unresolved type 'LiveTreeDisposition'	0	unique_decl_unresolved_mechanism_unobserved
dag/test/claim/srv3_runner_memory_cap_plan_verify_witness_test.dag	LiveTreeDisposition	type	v2.std.live_tree	1	unobserved	unobserved	unobserved	unresolved	unresolved type 'LiveTreeDisposition'	0	unique_decl_unresolved_mechanism_unobserved
dag/test/claim/srv3_runner_memory_converge_witness_test.dag	LiveTreeDisposition	type	v2.std.live_tree	1	unobserved	unobserved	unobserved	unresolved	unresolved type 'LiveTreeDisposition'	0	unique_decl_unresolved_mechanism_unobserved
dag/test/claim/srv3_seeded_install_media_real_execution_witness_test.dag	LiveTreeDisposition	type	v2.std.live_tree	1	unobserved	unobserved	unobserved	unresolved	unresolved type 'LiveTreeDisposition'	0	unique_decl_unresolved_mechanism_unobserved
dag/test/claim/srv3_seeded_install_media_witness_test.dag	LiveTreeDisposition	type	v2.std.live_tree	1	unobserved	unobserved	unobserved	unresolved	unresolved type 'LiveTreeDisposition'	0	unique_decl_unresolved_mechanism_unobserved
dag/test/claim/srv3_subsumption_witness_test.dag	LiveTreeDisposition	type	v2.std.live_tree	1	unobserved	unobserved	unobserved	unresolved	unresolved type 'LiveTreeDisposition'	0	unique_decl_unresolved_mechanism_unobserved
dag/test/claim/ssh_transport_witness_test.dag	LiveTreeDisposition	type	v2.std.live_tree	1	unobserved	unobserved	unobserved	unresolved	unresolved type 'LiveTreeDisposition'	0	unique_decl_unresolved_mechanism_unobserved
dag/test/claim/stage0_emit_model_witness_test.dag	LiveTreeDisposition	type	v2.std.live_tree	1	unobserved	unobserved	unobserved	unresolved	unresolved type 'LiveTreeDisposition'	0	unique_decl_unresolved_mechanism_unobserved
dag/test/claim/stage0_rust_host_observation_live_witness_test.dag	LiveTreeDisposition	type	v2.std.live_tree	1	unobserved	unobserved	unobserved	unresolved	unresolved type 'LiveTreeDisposition'	0	unique_decl_unresolved_mechanism_unobserved
dag/test/claim/stage0_rust_maintenance_census_report_live_witness_test.dag	LiveTreeDisposition	type	v2.std.live_tree	1	unobserved	unobserved	unobserved	unresolved	unresolved type 'LiveTreeDisposition'	0	unique_decl_unresolved_mechanism_unobserved
dag/test/claim/state_durability_witness_test.dag	LiveTreeDisposition	type	v2.std.live_tree	1	unobserved	unobserved	unobserved	unresolved	unresolved type 'LiveTreeDisposition'	0	unique_decl_unresolved_mechanism_unobserved
dag/test/claim/state_response_totality_witness_test.dag	LiveTreeDisposition	type	v2.std.live_tree	1	unobserved	unobserved	unobserved	unresolved	unresolved type 'LiveTreeDisposition'	0	unique_decl_unresolved_mechanism_unobserved
dag/test/claim/storage_nvme_grounding_witness_test.dag	LiveTreeDisposition	type	v2.std.live_tree	1	unobserved	unobserved	unobserved	unresolved	unresolved type 'LiveTreeDisposition'	0	unique_decl_unresolved_mechanism_unobserved
dag/test/claim/string_family_cast_witness_test.dag	LiveTreeDisposition	type	v2.std.live_tree	1	unobserved	unobserved	unobserved	unresolved	unresolved type 'LiveTreeDisposition'	0	unique_decl_unresolved_mechanism_unobserved
dag/test/claim/systemctl_status_read_scaffold_witness_test.dag	LiveTreeDisposition	type	v2.std.live_tree	1	unobserved	unobserved	unobserved	unresolved	unresolved type 'LiveTreeDisposition'	0	unique_decl_unresolved_mechanism_unobserved
dag/test/claim/tailscale_acl_phase2_design_witness_test.dag	LiveTreeDisposition	type	v2.std.live_tree	1	unobserved	unobserved	unobserved	unresolved	unresolved type 'LiveTreeDisposition'	0	unique_decl_unresolved_mechanism_unobserved
dag/test/claim/tailscale_acl_witness_test.dag	LiveTreeDisposition	type	v2.std.live_tree	1	unobserved	unobserved	unobserved	unresolved	unresolved type 'LiveTreeDisposition'	0	unique_decl_unresolved_mechanism_unobserved
dag/test/claim/temporal_effect_spine_witness_test.dag	LiveTreeDisposition	type	v2.std.live_tree	1	unobserved	unobserved	unobserved	unresolved	unresolved type 'LiveTreeDisposition'	0	unique_decl_unresolved_mechanism_unobserved
dag/test/claim/terminal_capability_witness_test.dag	LiveTreeDisposition	type	v2.std.live_tree	1	unobserved	unobserved	unobserved	unresolved	unresolved type 'LiveTreeDisposition'	0	unique_decl_unresolved_mechanism_unobserved
dag/test/claim/terminal_wire_projection_witness_test.dag	LiveTreeDisposition	type	v2.std.live_tree	1	unobserved	unobserved	unobserved	unresolved	unresolved type 'LiveTreeDisposition'	0	unique_decl_unresolved_mechanism_unobserved
dag/test/claim/test_module_hygiene_hand_rust_equivalence_witness_test.dag	LiveTreeDisposition	type	v2.std.live_tree	1	unobserved	unobserved	unobserved	unresolved	unresolved type 'LiveTreeDisposition'	0	unique_decl_unresolved_mechanism_unobserved
dag/test/claim/time_scale_factor_derivation_test.dag	LiveTreeDisposition	type	v2.std.live_tree	1	unobserved	unobserved	unobserved	unresolved	unresolved type 'LiveTreeDisposition'	0	unique_decl_unresolved_mechanism_unobserved
dag/test/claim/tool_pin_witness_test.dag	LiveTreeDisposition	type	v2.std.live_tree	1	unobserved	unobserved	unobserved	unresolved	unresolved type 'LiveTreeDisposition'	0	unique_decl_unresolved_mechanism_unobserved
dag/test/claim/tool_readiness_witness_test.dag	LiveTreeDisposition	type	v2.std.live_tree	1	unobserved	unobserved	unobserved	unresolved	unresolved type 'LiveTreeDisposition'	0	unique_decl_unresolved_mechanism_unobserved
dag/test/claim/transport_fidelity_witness_test.dag	LiveTreeDisposition	type	v2.std.live_tree	1	unobserved	unobserved	unobserved	unresolved	unresolved type 'LiveTreeDisposition'	0	unique_decl_unresolved_mechanism_unobserved
dag/test/claim/transport_script_stdin_byte_fidelity_witness_test.dag	LiveTreeDisposition	type	v2.std.live_tree	1	unobserved	unobserved	unobserved	unresolved	unresolved type 'LiveTreeDisposition'	0	unique_decl_unresolved_mechanism_unobserved
dag/test/claim/transport_script_wall_compile_red_test.dag	LiveTreeDisposition	type	v2.std.live_tree	1	unobserved	unobserved	unobserved	unresolved	unresolved type 'LiveTreeDisposition'	0	unique_decl_unresolved_mechanism_unobserved
dag/test/claim/type_ref_hit_ne_bind_measure_witness_test.dag	LiveTreeDisposition	type	v2.std.live_tree	1	unobserved	unobserved	unobserved	unresolved	unresolved type 'LiveTreeDisposition'	0	unique_decl_unresolved_mechanism_unobserved
dag/test/claim/type_reference_resolve_changeover_equivalence_witness_test.dag	LiveTreeDisposition	type	v2.std.live_tree	1	unobserved	unobserved	unobserved	unresolved	unresolved type 'LiveTreeDisposition'	0	unique_decl_unresolved_mechanism_unobserved
dag/test/claim/typed_argv_exec_realization_witness_test.dag	LiveTreeDisposition	type	v2.std.live_tree	1	unobserved	unobserved	unobserved	unresolved	unresolved type 'LiveTreeDisposition'	0	unique_decl_unresolved_mechanism_unobserved
dag/test/claim/typed_module_cache_capacity_witness_test.dag	LiveTreeDisposition	type	v2.std.live_tree	1	unobserved	unobserved	unobserved	unresolved	unresolved type 'LiveTreeDisposition'	0	unique_decl_unresolved_mechanism_unobserved
dag/test/claim/typed_witness_invocation_test.dag	LiveTreeDisposition	type	v2.std.live_tree	1	unobserved	unobserved	unobserved	unresolved	unresolved type 'LiveTreeDisposition'	0	unique_decl_unresolved_mechanism_unobserved
dag/test/claim/types_arch_collapse_witness_test.dag	LiveTreeDisposition	type	v2.std.live_tree	1	unobserved	unobserved	unobserved	unresolved	unresolved type 'LiveTreeDisposition'	0	unique_decl_unresolved_mechanism_unobserved
dag/test/claim/typescript_extdeps_language_witness_test.dag	LiveTreeDisposition	type	v2.std.live_tree	1	unobserved	unobserved	unobserved	unresolved	unresolved type 'LiveTreeDisposition'	0	unique_decl_unresolved_mechanism_unobserved
dag/test/claim/typescript_program_serializer_test.dag	LiveTreeDisposition	type	v2.std.live_tree	1	unobserved	unobserved	unobserved	unresolved	unresolved type 'LiveTreeDisposition'	0	unique_decl_unresolved_mechanism_unobserved
dag/test/claim/unicode_ident_xid_grounding_test.dag	LiveTreeDisposition	type	v2.std.live_tree	1	unobserved	unobserved	unobserved	unresolved	unresolved type 'LiveTreeDisposition'	0	unique_decl_unresolved_mechanism_unobserved
dag/test/claim/uri_grounding_witness_test.dag	LiveTreeDisposition	type	v2.std.live_tree	1	unobserved	unobserved	unobserved	unresolved	unresolved type 'LiveTreeDisposition'	0	unique_decl_unresolved_mechanism_unobserved
dag/test/claim/uri_path_parse_witness_test.dag	LiveTreeDisposition	type	v2.std.live_tree	1	unobserved	unobserved	unobserved	unresolved	unresolved type 'LiveTreeDisposition'	0	unique_decl_unresolved_mechanism_unobserved
dag/test/claim/uri_percent_encode_witness_test.dag	LiveTreeDisposition	type	v2.std.live_tree	1	unobserved	unobserved	unobserved	unresolved	unresolved type 'LiveTreeDisposition'	0	unique_decl_unresolved_mechanism_unobserved
dag/test/claim/uri_witness_test.dag	LiveTreeDisposition	type	v2.std.live_tree	1	unobserved	unobserved	unobserved	unresolved	unresolved type 'LiveTreeDisposition'	0	unique_decl_unresolved_mechanism_unobserved
dag/test/claim/v1_dag_parse_witness_test.dag	LiveTreeDisposition	type	v2.std.live_tree	1	unobserved	unobserved	unobserved	unresolved	unresolved type 'LiveTreeDisposition'	0	unique_decl_unresolved_mechanism_unobserved
dag/test/claim/v1_interpreter_primitive_dispatch_authority_acceptance_test.dag	LiveTreeDisposition	type	v2.std.live_tree	1	unobserved	unobserved	unobserved	unresolved	unresolved type 'LiveTreeDisposition'	0	unique_decl_unresolved_mechanism_unobserved
dag/test/claim/v1_interpreter_primitive_roster_acceptance_test.dag	LiveTreeDisposition	type	v2.std.live_tree	1	unobserved	unobserved	unobserved	unresolved	unresolved type 'LiveTreeDisposition'	0	unique_decl_unresolved_mechanism_unobserved
dag/test/claim/v1_source_audit_witness_test.dag	LiveTreeDisposition	type	v2.std.live_tree	1	unobserved	unobserved	unobserved	unresolved	unresolved type 'LiveTreeDisposition'	0	unique_decl_unresolved_mechanism_unobserved
dag/test/claim/void_element_test.dag	LiveTreeDisposition	type	v2.std.live_tree	1	unobserved	unobserved	unobserved	unresolved	unresolved type 'LiveTreeDisposition'	0	unique_decl_unresolved_mechanism_unobserved
dag/test/claim/wcag_contrast_witness_test.dag	LiveTreeDisposition	type	v2.std.live_tree	1	unobserved	unobserved	unobserved	unresolved	unresolved type 'LiveTreeDisposition'	0	unique_decl_unresolved_mechanism_unobserved
dag/test/claim/web_motion_binding_witness_test.dag	LiveTreeDisposition	type	v2.std.live_tree	1	unobserved	unobserved	unobserved	unresolved	unresolved type 'LiveTreeDisposition'	0	unique_decl_unresolved_mechanism_unobserved
dag/test/claim/websocat_install_source_witness_test.dag	LiveTreeDisposition	type	v2.std.live_tree	1	unobserved	unobserved	unobserved	unresolved	unresolved type 'LiveTreeDisposition'	0	unique_decl_unresolved_mechanism_unobserved
dag/test/claim/wet_hermetic_equivalence_witness_test.dag	LiveTreeDisposition	type	v2.std.live_tree	1	unobserved	unobserved	unobserved	unresolved	unresolved type 'LiveTreeDisposition'	0	unique_decl_unresolved_mechanism_unobserved
dag/test/claim/where_refinement_enforcement_witness_test.dag	LiveTreeDisposition	type	v2.std.live_tree	1	unobserved	unobserved	unobserved	unresolved	unresolved type 'LiveTreeDisposition'	0	unique_decl_unresolved_mechanism_unobserved
dag/test/claim/witness_deferral_freeze_witness_test.dag	LiveTreeDisposition	type	v2.std.live_tree	1	unobserved	unobserved	unobserved	unresolved	unresolved type 'LiveTreeDisposition'	0	unique_decl_unresolved_mechanism_unobserved
dag/test/claim/workflow_recursive_witness_test.dag	LiveTreeDisposition	type	v2.std.live_tree	1	unobserved	unobserved	unobserved	unresolved	unresolved type 'LiveTreeDisposition'	0	unique_decl_unresolved_mechanism_unobserved
dag/test/claim/yaml_ingest_witness_test.dag	LiveTreeDisposition	type	v2.std.live_tree	1	unobserved	unobserved	unobserved	unresolved	unresolved type 'LiveTreeDisposition'	0	unique_decl_unresolved_mechanism_unobserved
dag/test/claim/yaml_multiline_block_witness_test.dag	LiveTreeDisposition	type	v2.std.live_tree	1	unobserved	unobserved	unobserved	unresolved	unresolved type 'LiveTreeDisposition'	0	unique_decl_unresolved_mechanism_unobserved
dag/test/claim/yaml_quoting_witness_test.dag	LiveTreeDisposition	type	v2.std.live_tree	1	unobserved	unobserved	unobserved	unresolved	unresolved type 'LiveTreeDisposition'	0	unique_decl_unresolved_mechanism_unobserved
dag/test/manual/git_upstream_model_execution_test.dag	LiveTreeDisposition	type	v2.std.live_tree	1	unobserved	unobserved	unobserved	unresolved	unresolved type 'LiveTreeDisposition'	0	unique_decl_unresolved_mechanism_unobserved
dag/test/manual/mercurial_upstream_model_execution_test.dag	LiveTreeDisposition	type	v2.std.live_tree	1	unobserved	unobserved	unobserved	unresolved	unresolved type 'LiveTreeDisposition'	0	unique_decl_unresolved_mechanism_unobserved
dag/test/manual/pijul_upstream_model_execution_test.dag	LiveTreeDisposition	type	v2.std.live_tree	1	unobserved	unobserved	unobserved	unresolved	unresolved type 'LiveTreeDisposition'	0	unique_decl_unresolved_mechanism_unobserved
dag/gunbc/commit_workflow.dag	Symbol	type	v2.std.node	1	unobserved	unobserved	unobserved	unresolved	unresolved type 'Symbol'	0	unique_decl_unresolved_mechanism_unobserved
dag/gunbc/guarantee_probe_corpus.dag	Symbol	type	v2.std.node	1	unobserved	unobserved	unobserved	unresolved	unresolved type 'Symbol'	0	unique_decl_unresolved_mechanism_unobserved
dag/gunbc/guarantee_probe_corpus.dag	content_hash	callee	v2.std.node	1	unobserved	unobserved	unobserved	unresolved	function 'content_hash' not found in scope	0	unique_decl_unresolved_mechanism_unobserved
dag/gunbc/proactive_verification_ledger.dag	Symbol	type	v2.std.node	1	unobserved	unobserved	unobserved	unresolved	unresolved type 'Symbol'	1	unique_decl_unresolved_mechanism_unobserved
dag/gunbc/proactive_verification_ledger.dag	Symbol	type	v2.std.node	1	unobserved	unobserved	unobserved	unresolved	unresolved type 'Symbol'	1	unique_decl_unresolved_mechanism_unobserved
dag/gunbc/witness_family_fanout.dag	Symbol	type	v2.std.node	1	unobserved	unobserved	unobserved	unresolved	unresolved type 'Symbol'	0	unique_decl_unresolved_mechanism_unobserved
dag/test/claim/machine_shape_construction_wall_test.dag	Edge	type	v2.std.node	1	unobserved	unobserved	unobserved	unresolved	unresolved type 'Edge'	1	unique_decl_unresolved_mechanism_unobserved
dag/test/claim/machine_shape_construction_wall_test.dag	Edge	type	v2.std.node	1	unobserved	unobserved	unobserved	unresolved	unresolved type 'Edge'	1	unique_decl_unresolved_mechanism_unobserved
dag/test/claim/machine_shape_construction_wall_test.dag	Node	type	v2.std.node	1	unobserved	unobserved	unobserved	unresolved	unresolved type 'Node'	2	unique_decl_unresolved_mechanism_unobserved
dag/test/claim/machine_shape_construction_wall_test.dag	Node	type	v2.std.node	1	unobserved	unobserved	unobserved	unresolved	unresolved type 'Node'	2	unique_decl_unresolved_mechanism_unobserved
dag/test/claim/machine_shape_construction_wall_test.dag	Node	type	v2.std.node	1	unobserved	unobserved	unobserved	unresolved	unresolved type 'Node'	2	unique_decl_unresolved_mechanism_unobserved
dag/test/claim/machine_shape_construction_wall_test.dag	Symbol	type	v2.std.node	1	unobserved	unobserved	unobserved	unresolved	unresolved type 'Symbol'	2	unique_decl_unresolved_mechanism_unobserved
dag/test/claim/machine_shape_construction_wall_test.dag	Symbol	type	v2.std.node	1	unobserved	unobserved	unobserved	unresolved	unresolved type 'Symbol'	2	unique_decl_unresolved_mechanism_unobserved
dag/test/claim/machine_shape_construction_wall_test.dag	Symbol	type	v2.std.node	1	unobserved	unobserved	unobserved	unresolved	unresolved type 'Symbol'	2	unique_decl_unresolved_mechanism_unobserved
dag/test/claim/module_graph/conformance_imports_only.dag	Symbol	type	v2.std.node	1	unobserved	unobserved	unobserved	unresolved	unresolved type 'Symbol'	3	unique_decl_unresolved_mechanism_unobserved
dag/test/claim/module_graph/conformance_imports_only.dag	Symbol	type	v2.std.node	1	unobserved	unobserved	unobserved	unresolved	unresolved type 'Symbol'	3	unique_decl_unresolved_mechanism_unobserved
dag/test/claim/module_graph/conformance_imports_only.dag	Symbol	type	v2.std.node	1	unobserved	unobserved	unobserved	unresolved	unresolved type 'Symbol'	3	unique_decl_unresolved_mechanism_unobserved
dag/test/claim/module_graph/conformance_imports_only.dag	Symbol	type	v2.std.node	1	unobserved	unobserved	unobserved	unresolved	unresolved type 'Symbol'	3	unique_decl_unresolved_mechanism_unobserved
dag/test/claim/occurrence_binding_witness_test.dag	Symbol	type	v2.std.node	1	unobserved	unobserved	unobserved	unresolved	unresolved type 'Symbol'	10	unique_decl_unresolved_mechanism_unobserved
dag/test/claim/occurrence_binding_witness_test.dag	Symbol	type	v2.std.node	1	unobserved	unobserved	unobserved	unresolved	unresolved type 'Symbol'	10	unique_decl_unresolved_mechanism_unobserved
dag/test/claim/occurrence_binding_witness_test.dag	Symbol	type	v2.std.node	1	unobserved	unobserved	unobserved	unresolved	unresolved type 'Symbol'	10	unique_decl_unresolved_mechanism_unobserved
dag/test/claim/occurrence_binding_witness_test.dag	Symbol	type	v2.std.node	1	unobserved	unobserved	unobserved	unresolved	unresolved type 'Symbol'	10	unique_decl_unresolved_mechanism_unobserved
dag/test/claim/occurrence_binding_witness_test.dag	Symbol	type	v2.std.node	1	unobserved	unobserved	unobserved	unresolved	unresolved type 'Symbol'	10	unique_decl_unresolved_mechanism_unobserved
dag/test/claim/occurrence_binding_witness_test.dag	Symbol	type	v2.std.node	1	unobserved	unobserved	unobserved	unresolved	unresolved type 'Symbol'	10	unique_decl_unresolved_mechanism_unobserved
dag/test/claim/occurrence_binding_witness_test.dag	Symbol	type	v2.std.node	1	unobserved	unobserved	unobserved	unresolved	unresolved type 'Symbol'	10	unique_decl_unresolved_mechanism_unobserved
dag/test/claim/occurrence_binding_witness_test.dag	Symbol	type	v2.std.node	1	unobserved	unobserved	unobserved	unresolved	unresolved type 'Symbol'	10	unique_decl_unresolved_mechanism_unobserved
dag/test/claim/occurrence_binding_witness_test.dag	Symbol	type	v2.std.node	1	unobserved	unobserved	unobserved	unresolved	unresolved type 'Symbol'	10	unique_decl_unresolved_mechanism_unobserved
dag/test/claim/occurrence_binding_witness_test.dag	Symbol	type	v2.std.node	1	unobserved	unobserved	unobserved	unresolved	unresolved type 'Symbol'	10	unique_decl_unresolved_mechanism_unobserved
dag/test/claim/occurrence_binding_witness_test.dag	Symbol	type	v2.std.node	1	unobserved	unobserved	unobserved	unresolved	unresolved type 'Symbol'	10	unique_decl_unresolved_mechanism_unobserved
dag/test/claim/occurrence_identity_witness_test.dag	NodeOccurrenceId	type	v2.std.node	1	unobserved	unobserved	unobserved	unresolved	unresolved type 'NodeOccurrenceId'	1	unique_decl_unresolved_mechanism_unobserved
dag/test/claim/occurrence_identity_witness_test.dag	NodeOccurrenceId	type	v2.std.node	1	unobserved	unobserved	unobserved	unresolved	unresolved type 'NodeOccurrenceId'	1	unique_decl_unresolved_mechanism_unobserved
dag/test/claim/occurrence_identity_witness_test.dag	node_occurrence_id_from_shared	callee	v2.std.node	1	unobserved	unobserved	unobserved	unresolved	function 'node_occurrence_id_from_shared' not found in scope	2	unique_decl_unresolved_mechanism_unobserved
dag/test/claim/occurrence_identity_witness_test.dag	node_occurrence_id_from_shared	callee	v2.std.node	1	unobserved	unobserved	unobserved	unresolved	function 'node_occurrence_id_from_shared' not found in scope	2	unique_decl_unresolved_mechanism_unobserved
dag/test/claim/occurrence_identity_witness_test.dag	node_occurrence_id_from_shared	callee	v2.std.node	1	unobserved	unobserved	unobserved	unresolved	function 'node_occurrence_id_from_shared' not found in scope	2	unique_decl_unresolved_mechanism_unobserved
dag/test/claim/occurrence_identity_witness_test.dag	node_occurrence_id_to_shared	callee	v2.std.node	1	unobserved	unobserved	unobserved	unresolved	function 'node_occurrence_id_to_shared' not found in scope	2	unique_decl_unresolved_mechanism_unobserved
dag/test/claim/occurrence_identity_witness_test.dag	node_occurrence_id_to_shared	callee	v2.std.node	1	unobserved	unobserved	unobserved	unresolved	function 'node_occurrence_id_to_shared' not found in scope	2	unique_decl_unresolved_mechanism_unobserved
dag/test/claim/occurrence_identity_witness_test.dag	node_occurrence_id_to_shared	callee	v2.std.node	1	unobserved	unobserved	unobserved	unresolved	function 'node_occurrence_id_to_shared' not found in scope	2	unique_decl_unresolved_mechanism_unobserved
dag/test/claim/record_construction_census_witness_test.dag	Edge	type	v2.std.node	1	unobserved	unobserved	unobserved	unresolved	unresolved type 'Edge'	0	unique_decl_unresolved_mechanism_unobserved
dag/test/claim/record_construction_census_witness_test.dag	NodeFold	type	v2.std.node	1	unobserved	unobserved	unobserved	unresolved	unresolved type 'NodeFold'	0	unique_decl_unresolved_mechanism_unobserved
dag/test/claim/record_construction_census_witness_test.dag	Symbol	type	v2.std.node	1	unobserved	unobserved	unobserved	unresolved	unresolved type 'Symbol'	3	unique_decl_unresolved_mechanism_unobserved
dag/test/claim/record_construction_census_witness_test.dag	Symbol	type	v2.std.node	1	unobserved	unobserved	unobserved	unresolved	unresolved type 'Symbol'	3	unique_decl_unresolved_mechanism_unobserved
dag/test/claim/record_construction_census_witness_test.dag	Symbol	type	v2.std.node	1	unobserved	unobserved	unobserved	unresolved	unresolved type 'Symbol'	3	unique_decl_unresolved_mechanism_unobserved
dag/test/claim/record_construction_census_witness_test.dag	Symbol	type	v2.std.node	1	unobserved	unobserved	unobserved	unresolved	unresolved type 'Symbol'	3	unique_decl_unresolved_mechanism_unobserved
dag/test/claim/record_construction_census_witness_test.dag	fold_node	callee	v2.std.node	1	unobserved	unobserved	unobserved	unresolved	function 'fold_node' not found in scope	0	unique_decl_unresolved_mechanism_unobserved
dag/test/claim/seed_honesty_discharge_unavailable_test.dag	Symbol	type	v2.std.node	1	unobserved	unobserved	unobserved	unresolved	unresolved type 'Symbol'	13	unique_decl_unresolved_mechanism_unobserved
dag/test/claim/seed_honesty_discharge_unavailable_test.dag	Symbol	type	v2.std.node	1	unobserved	unobserved	unobserved	unresolved	unresolved type 'Symbol'	13	unique_decl_unresolved_mechanism_unobserved
dag/test/claim/seed_honesty_discharge_unavailable_test.dag	Symbol	type	v2.std.node	1	unobserved	unobserved	unobserved	unresolved	unresolved type 'Symbol'	13	unique_decl_unresolved_mechanism_unobserved
dag/test/claim/seed_honesty_discharge_unavailable_test.dag	Symbol	type	v2.std.node	1	unobserved	unobserved	unobserved	unresolved	unresolved type 'Symbol'	13	unique_decl_unresolved_mechanism_unobserved
dag/test/claim/seed_honesty_discharge_unavailable_test.dag	Symbol	type	v2.std.node	1	unobserved	unobserved	unobserved	unresolved	unresolved type 'Symbol'	13	unique_decl_unresolved_mechanism_unobserved
dag/test/claim/seed_honesty_discharge_unavailable_test.dag	Symbol	type	v2.std.node	1	unobserved	unobserved	unobserved	unresolved	unresolved type 'Symbol'	13	unique_decl_unresolved_mechanism_unobserved
dag/test/claim/seed_honesty_discharge_unavailable_test.dag	Symbol	type	v2.std.node	1	unobserved	unobserved	unobserved	unresolved	unresolved type 'Symbol'	13	unique_decl_unresolved_mechanism_unobserved
dag/test/claim/seed_honesty_discharge_unavailable_test.dag	Symbol	type	v2.std.node	1	unobserved	unobserved	unobserved	unresolved	unresolved type 'Symbol'	13	unique_decl_unresolved_mechanism_unobserved
dag/test/claim/seed_honesty_discharge_unavailable_test.dag	Symbol	type	v2.std.node	1	unobserved	unobserved	unobserved	unresolved	unresolved type 'Symbol'	13	unique_decl_unresolved_mechanism_unobserved
dag/test/claim/seed_honesty_discharge_unavailable_test.dag	Symbol	type	v2.std.node	1	unobserved	unobserved	unobserved	unresolved	unresolved type 'Symbol'	13	unique_decl_unresolved_mechanism_unobserved
dag/test/claim/seed_honesty_discharge_unavailable_test.dag	Symbol	type	v2.std.node	1	unobserved	unobserved	unobserved	unresolved	unresolved type 'Symbol'	13	unique_decl_unresolved_mechanism_unobserved
dag/test/claim/seed_honesty_discharge_unavailable_test.dag	Symbol	type	v2.std.node	1	unobserved	unobserved	unobserved	unresolved	unresolved type 'Symbol'	13	unique_decl_unresolved_mechanism_unobserved
dag/test/claim/seed_honesty_discharge_unavailable_test.dag	Symbol	type	v2.std.node	1	unobserved	unobserved	unobserved	unresolved	unresolved type 'Symbol'	13	unique_decl_unresolved_mechanism_unobserved
dag/test/claim/seed_honesty_discharge_unavailable_test.dag	Symbol	type	v2.std.node	1	unobserved	unobserved	unobserved	unresolved	unresolved type 'Symbol'	13	unique_decl_unresolved_mechanism_unobserved
dag/tools/emit_host_transport.dag	Node	type	v2.std.node	1	unobserved	unobserved	unobserved	unresolved	unresolved type 'Node'	0	unique_decl_unresolved_mechanism_unobserved
dag/extdeps/transports/rest.dag	OperationRef	type	v2.std.operation_argv	1	unobserved	unobserved	unobserved	unresolved	unresolved type 'OperationRef'	0	unique_decl_unresolved_mechanism_unobserved
dag/gunbc/hostname_read.dag	ArgvMaterialization	type	v2.std.operation_argv	1	unobserved	unobserved	unobserved	unresolved	unresolved type 'ArgvMaterialization'	0	unique_decl_unresolved_mechanism_unobserved
dag/gunbc/hostname_read.dag	operation_argv_cause_label	callee	v2.std.operation_argv	1	unobserved	unobserved	unobserved	unresolved	function 'operation_argv_cause_label' not found in scope	0	unique_decl_unresolved_mechanism_unobserved
dag/gunbc/roadmap_publish.dag	OperationRef	type	v2.std.operation_argv	1	unobserved	unobserved	unobserved	unresolved	unresolved type 'OperationRef'	3	unique_decl_unresolved_mechanism_unobserved
dag/gunbc/roadmap_publish.dag	OperationRef	type	v2.std.operation_argv	1	unobserved	unobserved	unobserved	unresolved	unresolved type 'OperationRef'	3	unique_decl_unresolved_mechanism_unobserved
dag/gunbc/roadmap_publish.dag	OperationRef	type	v2.std.operation_argv	1	unobserved	unobserved	unobserved	unresolved	unresolved type 'OperationRef'	3	unique_decl_unresolved_mechanism_unobserved
dag/gunbc/roadmap_publish.dag	OperationRef	type	v2.std.operation_argv	1	unobserved	unobserved	unobserved	unresolved	unresolved type 'OperationRef'	3	unique_decl_unresolved_mechanism_unobserved
dag/gunbc/roadmap_publish.dag	operation_ref_label	callee	v2.std.operation_argv	1	unobserved	unobserved	unobserved	unresolved	function 'operation_ref_label' not found in scope	1	unique_decl_unresolved_mechanism_unobserved
dag/gunbc/roadmap_publish.dag	operation_ref_label	callee	v2.std.operation_argv	1	unobserved	unobserved	unobserved	unresolved	function 'operation_ref_label' not found in scope	1	unique_decl_unresolved_mechanism_unobserved
dag/gunbc/systemctl_show_read.dag	ArgvMaterialization	type	v2.std.operation_argv	1	unobserved	unobserved	unobserved	unresolved	unresolved type 'ArgvMaterialization'	0	unique_decl_unresolved_mechanism_unobserved
dag/gunbc/systemctl_show_read.dag	operation_argv_bind_text	callee	v2.std.operation_argv	1	unobserved	unobserved	unobserved	unresolved	function 'operation_argv_bind_text' not found in scope	1	unique_decl_unresolved_mechanism_unobserved
dag/gunbc/systemctl_show_read.dag	operation_argv_bind_text	callee	v2.std.operation_argv	1	unobserved	unobserved	unobserved	unresolved	function 'operation_argv_bind_text' not found in scope	1	unique_decl_unresolved_mechanism_unobserved
dag/gunbc/systemctl_show_read.dag	operation_argv_cause_label	callee	v2.std.operation_argv	1	unobserved	unobserved	unobserved	unresolved	function 'operation_argv_cause_label' not found in scope	0	unique_decl_unresolved_mechanism_unobserved
dag/gunbc/systemctl_status_read.dag	ArgvMaterialization	type	v2.std.operation_argv	1	unobserved	unobserved	unobserved	unresolved	unresolved type 'ArgvMaterialization'	0	unique_decl_unresolved_mechanism_unobserved
dag/gunbc/systemctl_status_read.dag	operation_argv_bind_text	callee	v2.std.operation_argv	1	unobserved	unobserved	unobserved	unresolved	function 'operation_argv_bind_text' not found in scope	0	unique_decl_unresolved_mechanism_unobserved
dag/gunbc/systemctl_status_read.dag	operation_argv_cause_label	callee	v2.std.operation_argv	1	unobserved	unobserved	unobserved	unresolved	function 'operation_argv_cause_label' not found in scope	0	unique_decl_unresolved_mechanism_unobserved
dag/test/claim/ci_stage0_partition_compile_gate_witness_test.dag	OperationRef	type	v2.std.operation_argv	1	unobserved	unobserved	unobserved	unresolved	unresolved type 'OperationRef'	0	unique_decl_unresolved_mechanism_unobserved
dag/test/claim/ci_stage0_partition_compile_gate_witness_test.dag	operation_argv_bind_text_list	callee	v2.std.operation_argv	1	unobserved	unobserved	unobserved	unresolved	function 'operation_argv_bind_text_list' not found in scope	0	unique_decl_unresolved_mechanism_unobserved
dag/test/claim/effect_plan_bash_materialize_real_execution_witness_test.dag	OperationInputBinding	type	v2.std.operation_argv	1	unobserved	unobserved	unobserved	unresolved	unresolved type 'OperationInputBinding'	0	unique_decl_unresolved_mechanism_unobserved
dag/test/claim/effect_plan_bash_materialize_real_execution_witness_test.dag	OperationRef	type	v2.std.operation_argv	1	unobserved	unobserved	unobserved	unresolved	unresolved type 'OperationRef'	1	unique_decl_unresolved_mechanism_unobserved
dag/test/claim/effect_plan_bash_materialize_real_execution_witness_test.dag	OperationRef	type	v2.std.operation_argv	1	unobserved	unobserved	unobserved	unresolved	unresolved type 'OperationRef'	1	unique_decl_unresolved_mechanism_unobserved
dag/test/claim/effect_plan_bash_materialize_real_execution_witness_test.dag	operation_argv_bind_text	callee	v2.std.operation_argv	1	unobserved	unobserved	unobserved	unresolved	function 'operation_argv_bind_text' not found in scope	0	unique_decl_unresolved_mechanism_unobserved
dag/test/claim/extdeps_dpkg_witness_test.dag	operation_argv_bind_text	callee	v2.std.operation_argv	1	unobserved	unobserved	unobserved	unresolved	function 'operation_argv_bind_text' not found in scope	0	unique_decl_unresolved_mechanism_unobserved
dag/test/claim/extdeps_dpkg_witness_test.dag	operation_argv_tokens_or_refusal_label	callee	v2.std.operation_argv	1	unobserved	unobserved	unobserved	unresolved	function 'operation_argv_tokens_or_refusal_label' not found in scope	0	unique_decl_unresolved_mechanism_unobserved
dag/test/claim/live_deploy/operations_witness_test.dag	operation_argv_bind_text	callee	v2.std.operation_argv	1	unobserved	unobserved	unobserved	unresolved	function 'operation_argv_bind_text' not found in scope	4	unique_decl_unresolved_mechanism_unobserved
dag/test/claim/live_deploy/operations_witness_test.dag	operation_argv_bind_text	callee	v2.std.operation_argv	1	unobserved	unobserved	unobserved	unresolved	function 'operation_argv_bind_text' not found in scope	4	unique_decl_unresolved_mechanism_unobserved
dag/test/claim/live_deploy/operations_witness_test.dag	operation_argv_bind_text	callee	v2.std.operation_argv	1	unobserved	unobserved	unobserved	unresolved	function 'operation_argv_bind_text' not found in scope	4	unique_decl_unresolved_mechanism_unobserved
dag/test/claim/live_deploy/operations_witness_test.dag	operation_argv_bind_text	callee	v2.std.operation_argv	1	unobserved	unobserved	unobserved	unresolved	function 'operation_argv_bind_text' not found in scope	4	unique_decl_unresolved_mechanism_unobserved
dag/test/claim/live_deploy/operations_witness_test.dag	operation_argv_bind_text	callee	v2.std.operation_argv	1	unobserved	unobserved	unobserved	unresolved	function 'operation_argv_bind_text' not found in scope	4	unique_decl_unresolved_mechanism_unobserved
dag/test/claim/live_deploy/operations_witness_test.dag	operation_argv_tokens_or_refusal_label	callee	v2.std.operation_argv	1	unobserved	unobserved	unobserved	unresolved	function 'operation_argv_tokens_or_refusal_label' not found in scope	5	unique_decl_unresolved_mechanism_unobserved
dag/test/claim/live_deploy/operations_witness_test.dag	operation_argv_tokens_or_refusal_label	callee	v2.std.operation_argv	1	unobserved	unobserved	unobserved	unresolved	function 'operation_argv_tokens_or_refusal_label' not found in scope	5	unique_decl_unresolved_mechanism_unobserved
dag/test/claim/live_deploy/operations_witness_test.dag	operation_argv_tokens_or_refusal_label	callee	v2.std.operation_argv	1	unobserved	unobserved	unobserved	unresolved	function 'operation_argv_tokens_or_refusal_label' not found in scope	5	unique_decl_unresolved_mechanism_unobserved
dag/test/claim/live_deploy/operations_witness_test.dag	operation_argv_tokens_or_refusal_label	callee	v2.std.operation_argv	1	unobserved	unobserved	unobserved	unresolved	function 'operation_argv_tokens_or_refusal_label' not found in scope	5	unique_decl_unresolved_mechanism_unobserved
dag/test/claim/live_deploy/operations_witness_test.dag	operation_argv_tokens_or_refusal_label	callee	v2.std.operation_argv	1	unobserved	unobserved	unobserved	unresolved	function 'operation_argv_tokens_or_refusal_label' not found in scope	5	unique_decl_unresolved_mechanism_unobserved
dag/test/claim/live_deploy/operations_witness_test.dag	operation_argv_tokens_or_refusal_label	callee	v2.std.operation_argv	1	unobserved	unobserved	unobserved	unresolved	function 'operation_argv_tokens_or_refusal_label' not found in scope	5	unique_decl_unresolved_mechanism_unobserved
dag/test/claim/operation_argv_binding_wall_witness_test.dag	ArgvMaterialization	type	v2.std.operation_argv	1	unobserved	unobserved	unobserved	unresolved	unresolved type 'ArgvMaterialization'	1	unique_decl_unresolved_mechanism_unobserved
dag/test/claim/operation_argv_binding_wall_witness_test.dag	ArgvMaterialization	type	v2.std.operation_argv	1	unobserved	unobserved	unobserved	unresolved	unresolved type 'ArgvMaterialization'	1	unique_decl_unresolved_mechanism_unobserved
dag/test/claim/operation_argv_binding_wall_witness_test.dag	OperationInputBinding	type	v2.std.operation_argv	1	unobserved	unobserved	unobserved	unresolved	unresolved type 'OperationInputBinding'	0	unique_decl_unresolved_mechanism_unobserved
dag/test/claim/operation_argv_binding_wall_witness_test.dag	operation_argv_bind_text	callee	v2.std.operation_argv	1	unobserved	unobserved	unobserved	unresolved	function 'operation_argv_bind_text' not found in scope	22	unique_decl_unresolved_mechanism_unobserved
dag/test/claim/operation_argv_binding_wall_witness_test.dag	operation_argv_bind_text	callee	v2.std.operation_argv	1	unobserved	unobserved	unobserved	unresolved	function 'operation_argv_bind_text' not found in scope	22	unique_decl_unresolved_mechanism_unobserved
dag/test/claim/operation_argv_binding_wall_witness_test.dag	operation_argv_bind_text	callee	v2.std.operation_argv	1	unobserved	unobserved	unobserved	unresolved	function 'operation_argv_bind_text' not found in scope	22	unique_decl_unresolved_mechanism_unobserved
dag/test/claim/operation_argv_binding_wall_witness_test.dag	operation_argv_bind_text	callee	v2.std.operation_argv	1	unobserved	unobserved	unobserved	unresolved	function 'operation_argv_bind_text' not found in scope	22	unique_decl_unresolved_mechanism_unobserved
dag/test/claim/operation_argv_binding_wall_witness_test.dag	operation_argv_bind_text	callee	v2.std.operation_argv	1	unobserved	unobserved	unobserved	unresolved	function 'operation_argv_bind_text' not found in scope	22	unique_decl_unresolved_mechanism_unobserved
dag/test/claim/operation_argv_binding_wall_witness_test.dag	operation_argv_bind_text	callee	v2.std.operation_argv	1	unobserved	unobserved	unobserved	unresolved	function 'operation_argv_bind_text' not found in scope	22	unique_decl_unresolved_mechanism_unobserved
dag/test/claim/operation_argv_binding_wall_witness_test.dag	operation_argv_bind_text	callee	v2.std.operation_argv	1	unobserved	unobserved	unobserved	unresolved	function 'operation_argv_bind_text' not found in scope	22	unique_decl_unresolved_mechanism_unobserved
dag/test/claim/operation_argv_binding_wall_witness_test.dag	operation_argv_bind_text	callee	v2.std.operation_argv	1	unobserved	unobserved	unobserved	unresolved	function 'operation_argv_bind_text' not found in scope	22	unique_decl_unresolved_mechanism_unobserved
dag/test/claim/operation_argv_binding_wall_witness_test.dag	operation_argv_bind_text	callee	v2.std.operation_argv	1	unobserved	unobserved	unobserved	unresolved	function 'operation_argv_bind_text' not found in scope	22	unique_decl_unresolved_mechanism_unobserved
dag/test/claim/operation_argv_binding_wall_witness_test.dag	operation_argv_bind_text	callee	v2.std.operation_argv	1	unobserved	unobserved	unobserved	unresolved	function 'operation_argv_bind_text' not found in scope	22	unique_decl_unresolved_mechanism_unobserved
dag/test/claim/operation_argv_binding_wall_witness_test.dag	operation_argv_bind_text	callee	v2.std.operation_argv	1	unobserved	unobserved	unobserved	unresolved	function 'operation_argv_bind_text' not found in scope	22	unique_decl_unresolved_mechanism_unobserved
dag/test/claim/operation_argv_binding_wall_witness_test.dag	operation_argv_bind_text	callee	v2.std.operation_argv	1	unobserved	unobserved	unobserved	unresolved	function 'operation_argv_bind_text' not found in scope	22	unique_decl_unresolved_mechanism_unobserved
dag/test/claim/operation_argv_binding_wall_witness_test.dag	operation_argv_bind_text	callee	v2.std.operation_argv	1	unobserved	unobserved	unobserved	unresolved	function 'operation_argv_bind_text' not found in scope	22	unique_decl_unresolved_mechanism_unobserved
dag/test/claim/operation_argv_binding_wall_witness_test.dag	operation_argv_bind_text	callee	v2.std.operation_argv	1	unobserved	unobserved	unobserved	unresolved	function 'operation_argv_bind_text' not found in scope	22	unique_decl_unresolved_mechanism_unobserved
dag/test/claim/operation_argv_binding_wall_witness_test.dag	operation_argv_bind_text	callee	v2.std.operation_argv	1	unobserved	unobserved	unobserved	unresolved	function 'operation_argv_bind_text' not found in scope	22	unique_decl_unresolved_mechanism_unobserved
dag/test/claim/operation_argv_binding_wall_witness_test.dag	operation_argv_bind_text	callee	v2.std.operation_argv	1	unobserved	unobserved	unobserved	unresolved	function 'operation_argv_bind_text' not found in scope	22	unique_decl_unresolved_mechanism_unobserved
dag/test/claim/operation_argv_binding_wall_witness_test.dag	operation_argv_bind_text	callee	v2.std.operation_argv	1	unobserved	unobserved	unobserved	unresolved	function 'operation_argv_bind_text' not found in scope	22	unique_decl_unresolved_mechanism_unobserved
dag/test/claim/operation_argv_binding_wall_witness_test.dag	operation_argv_bind_text	callee	v2.std.operation_argv	1	unobserved	unobserved	unobserved	unresolved	function 'operation_argv_bind_text' not found in scope	22	unique_decl_unresolved_mechanism_unobserved
dag/test/claim/operation_argv_binding_wall_witness_test.dag	operation_argv_bind_text	callee	v2.std.operation_argv	1	unobserved	unobserved	unobserved	unresolved	function 'operation_argv_bind_text' not found in scope	22	unique_decl_unresolved_mechanism_unobserved
dag/test/claim/operation_argv_binding_wall_witness_test.dag	operation_argv_bind_text	callee	v2.std.operation_argv	1	unobserved	unobserved	unobserved	unresolved	function 'operation_argv_bind_text' not found in scope	22	unique_decl_unresolved_mechanism_unobserved
dag/test/claim/operation_argv_binding_wall_witness_test.dag	operation_argv_bind_text	callee	v2.std.operation_argv	1	unobserved	unobserved	unobserved	unresolved	function 'operation_argv_bind_text' not found in scope	22	unique_decl_unresolved_mechanism_unobserved
dag/test/claim/operation_argv_binding_wall_witness_test.dag	operation_argv_bind_text	callee	v2.std.operation_argv	1	unobserved	unobserved	unobserved	unresolved	function 'operation_argv_bind_text' not found in scope	22	unique_decl_unresolved_mechanism_unobserved
dag/test/claim/operation_argv_binding_wall_witness_test.dag	operation_argv_bind_text	callee	v2.std.operation_argv	1	unobserved	unobserved	unobserved	unresolved	function 'operation_argv_bind_text' not found in scope	22	unique_decl_unresolved_mechanism_unobserved
dag/test/claim/operation_argv_binding_wall_witness_test.dag	operation_argv_bind_text_list	callee	v2.std.operation_argv	1	unobserved	unobserved	unobserved	unresolved	function 'operation_argv_bind_text_list' not found in scope	1	unique_decl_unresolved_mechanism_unobserved
dag/test/claim/operation_argv_binding_wall_witness_test.dag	operation_argv_bind_text_list	callee	v2.std.operation_argv	1	unobserved	unobserved	unobserved	unresolved	function 'operation_argv_bind_text_list' not found in scope	1	unique_decl_unresolved_mechanism_unobserved
dag/test/claim/operation_argv_binding_wall_witness_test.dag	operation_argv_refusal_label	callee	v2.std.operation_argv	1	unobserved	unobserved	unobserved	unresolved	function 'operation_argv_refusal_label' not found in scope	6	unique_decl_unresolved_mechanism_unobserved
dag/test/claim/operation_argv_binding_wall_witness_test.dag	operation_argv_refusal_label	callee	v2.std.operation_argv	1	unobserved	unobserved	unobserved	unresolved	function 'operation_argv_refusal_label' not found in scope	6	unique_decl_unresolved_mechanism_unobserved
dag/test/claim/operation_argv_binding_wall_witness_test.dag	operation_argv_refusal_label	callee	v2.std.operation_argv	1	unobserved	unobserved	unobserved	unresolved	function 'operation_argv_refusal_label' not found in scope	6	unique_decl_unresolved_mechanism_unobserved
dag/test/claim/operation_argv_binding_wall_witness_test.dag	operation_argv_refusal_label	callee	v2.std.operation_argv	1	unobserved	unobserved	unobserved	unresolved	function 'operation_argv_refusal_label' not found in scope	6	unique_decl_unresolved_mechanism_unobserved
dag/test/claim/operation_argv_binding_wall_witness_test.dag	operation_argv_refusal_label	callee	v2.std.operation_argv	1	unobserved	unobserved	unobserved	unresolved	function 'operation_argv_refusal_label' not found in scope	6	unique_decl_unresolved_mechanism_unobserved
dag/test/claim/operation_argv_binding_wall_witness_test.dag	operation_argv_refusal_label	callee	v2.std.operation_argv	1	unobserved	unobserved	unobserved	unresolved	function 'operation_argv_refusal_label' not found in scope	6	unique_decl_unresolved_mechanism_unobserved
dag/test/claim/operation_argv_binding_wall_witness_test.dag	operation_argv_refusal_label	callee	v2.std.operation_argv	1	unobserved	unobserved	unobserved	unresolved	function 'operation_argv_refusal_label' not found in scope	6	unique_decl_unresolved_mechanism_unobserved
dag/test/claim/operation_argv_binding_wall_witness_test.dag	operation_argv_tokens_or_refusal_label	callee	v2.std.operation_argv	1	unobserved	unobserved	unobserved	unresolved	function 'operation_argv_tokens_or_refusal_label' not found in scope	0	unique_decl_unresolved_mechanism_unobserved
dag/test/claim/operation_argv_corpus_witness_test.dag	ArgvMaterialization	type	v2.std.operation_argv	1	unobserved	unobserved	unobserved	unresolved	unresolved type 'ArgvMaterialization'	0	unique_decl_unresolved_mechanism_unobserved
dag/test/claim/operation_argv_corpus_witness_test.dag	ShellTransportOperationRow	type	v2.std.operation_argv	1	unobserved	unobserved	unobserved	unresolved	unresolved type 'ShellTransportOperationRow'	2	unique_decl_unresolved_mechanism_unobserved
dag/test/claim/operation_argv_corpus_witness_test.dag	ShellTransportOperationRow	type	v2.std.operation_argv	1	unobserved	unobserved	unobserved	unresolved	unresolved type 'ShellTransportOperationRow'	2	unique_decl_unresolved_mechanism_unobserved
dag/test/claim/operation_argv_corpus_witness_test.dag	ShellTransportOperationRow	type	v2.std.operation_argv	1	unobserved	unobserved	unobserved	unresolved	unresolved type 'ShellTransportOperationRow'	2	unique_decl_unresolved_mechanism_unobserved
dag/test/claim/operation_argv_corpus_witness_test.dag	operation_argv_bind_text	callee	v2.std.operation_argv	1	unobserved	unobserved	unobserved	unresolved	function 'operation_argv_bind_text' not found in scope	1	unique_decl_unresolved_mechanism_unobserved
dag/test/claim/operation_argv_corpus_witness_test.dag	operation_argv_bind_text	callee	v2.std.operation_argv	1	unobserved	unobserved	unobserved	unresolved	function 'operation_argv_bind_text' not found in scope	1	unique_decl_unresolved_mechanism_unobserved
dag/test/claim/operation_argv_corpus_witness_test.dag	operation_argv_classify	callee	v2.std.operation_argv	1	unobserved	unobserved	unobserved	unresolved	function 'operation_argv_classify' not found in scope	0	unique_decl_unresolved_mechanism_unobserved
dag/test/claim/operation_argv_corpus_witness_test.dag	operation_argv_refusal_label	callee	v2.std.operation_argv	1	unobserved	unobserved	unobserved	unresolved	function 'operation_argv_refusal_label' not found in scope	0	unique_decl_unresolved_mechanism_unobserved
dag/test/claim/operation_argv_corpus_witness_test.dag	operation_argv_row_bindings	callee	v2.std.operation_argv	1	unobserved	unobserved	unobserved	unresolved	function 'operation_argv_row_bindings' not found in scope	0	unique_decl_unresolved_mechanism_unobserved
dag/test/claim/rest_exchange_replay_test.dag	OperationRef	type	v2.std.operation_argv	1	unobserved	unobserved	unobserved	unresolved	unresolved type 'OperationRef'	0	unique_decl_unresolved_mechanism_unobserved
dag/gunbc/dispatch_selection.dag	optional_absent	callee	v2.std.optional	1	unobserved	unobserved	unobserved	unresolved	function 'optional_absent' not found in scope	1	unique_decl_unresolved_mechanism_unobserved
dag/gunbc/dispatch_selection.dag	optional_absent	callee	v2.std.optional	1	unobserved	unobserved	unobserved	unresolved	function 'optional_absent' not found in scope	1	unique_decl_unresolved_mechanism_unobserved
dag/gunbc/dispatch_selection.dag	optional_present	callee	v2.std.optional	1	unobserved	unobserved	unobserved	unresolved	function 'optional_present' not found in scope	0	unique_decl_unresolved_mechanism_unobserved
dag/gunbc/native_scm_interaction_contract.dag	optional_absent	callee	v2.std.optional	1	unobserved	unobserved	unobserved	unresolved	function 'optional_absent' not found in scope	1	unique_decl_unresolved_mechanism_unobserved
dag/gunbc/native_scm_interaction_contract.dag	optional_absent	callee	v2.std.optional	1	unobserved	unobserved	unobserved	unresolved	function 'optional_absent' not found in scope	1	unique_decl_unresolved_mechanism_unobserved
dag/gunbc/native_scm_interaction_contract.dag	optional_present	callee	v2.std.optional	1	unobserved	unobserved	unobserved	unresolved	function 'optional_present' not found in scope	0	unique_decl_unresolved_mechanism_unobserved
dag/gunbc/provider_standing.dag	optional_absent	callee	v2.std.optional	1	unobserved	unobserved	unobserved	unresolved	function 'optional_absent' not found in scope	5	unique_decl_unresolved_mechanism_unobserved
dag/gunbc/provider_standing.dag	optional_absent	callee	v2.std.optional	1	unobserved	unobserved	unobserved	unresolved	function 'optional_absent' not found in scope	5	unique_decl_unresolved_mechanism_unobserved
dag/gunbc/provider_standing.dag	optional_absent	callee	v2.std.optional	1	unobserved	unobserved	unobserved	unresolved	function 'optional_absent' not found in scope	5	unique_decl_unresolved_mechanism_unobserved
dag/gunbc/provider_standing.dag	optional_absent	callee	v2.std.optional	1	unobserved	unobserved	unobserved	unresolved	function 'optional_absent' not found in scope	5	unique_decl_unresolved_mechanism_unobserved
dag/gunbc/provider_standing.dag	optional_absent	callee	v2.std.optional	1	unobserved	unobserved	unobserved	unresolved	function 'optional_absent' not found in scope	5	unique_decl_unresolved_mechanism_unobserved
dag/gunbc/provider_standing.dag	optional_absent	callee	v2.std.optional	1	unobserved	unobserved	unobserved	unresolved	function 'optional_absent' not found in scope	5	unique_decl_unresolved_mechanism_unobserved
dag/gunbc/provider_standing.dag	optional_present	callee	v2.std.optional	1	unobserved	unobserved	unobserved	unresolved	function 'optional_present' not found in scope	3	unique_decl_unresolved_mechanism_unobserved
dag/gunbc/provider_standing.dag	optional_present	callee	v2.std.optional	1	unobserved	unobserved	unobserved	unresolved	function 'optional_present' not found in scope	3	unique_decl_unresolved_mechanism_unobserved
dag/gunbc/provider_standing.dag	optional_present	callee	v2.std.optional	1	unobserved	unobserved	unobserved	unresolved	function 'optional_present' not found in scope	3	unique_decl_unresolved_mechanism_unobserved
dag/gunbc/provider_standing.dag	optional_present	callee	v2.std.optional	1	unobserved	unobserved	unobserved	unresolved	function 'optional_present' not found in scope	3	unique_decl_unresolved_mechanism_unobserved
dag/gunbc/test_module_hygiene.dag	optional_absent	callee	v2.std.optional	1	unobserved	unobserved	unobserved	unresolved	function 'optional_absent' not found in scope	1	unique_decl_unresolved_mechanism_unobserved
dag/gunbc/test_module_hygiene.dag	optional_absent	callee	v2.std.optional	1	unobserved	unobserved	unobserved	unresolved	function 'optional_absent' not found in scope	1	unique_decl_unresolved_mechanism_unobserved
dag/gunbc/test_module_hygiene.dag	optional_present	callee	v2.std.optional	1	unobserved	unobserved	unobserved	unresolved	function 'optional_present' not found in scope	3	unique_decl_unresolved_mechanism_unobserved
dag/gunbc/test_module_hygiene.dag	optional_present	callee	v2.std.optional	1	unobserved	unobserved	unobserved	unresolved	function 'optional_present' not found in scope	3	unique_decl_unresolved_mechanism_unobserved
dag/gunbc/test_module_hygiene.dag	optional_present	callee	v2.std.optional	1	unobserved	unobserved	unobserved	unresolved	function 'optional_present' not found in scope	3	unique_decl_unresolved_mechanism_unobserved
dag/gunbc/test_module_hygiene.dag	optional_present	callee	v2.std.optional	1	unobserved	unobserved	unobserved	unresolved	function 'optional_present' not found in scope	3	unique_decl_unresolved_mechanism_unobserved
dag/test/claim/decl_facts_reflection_witness_support.dag	optional_absent	callee	v2.std.optional	1	unobserved	unobserved	unobserved	unresolved	function 'optional_absent' not found in scope	20	unique_decl_unresolved_mechanism_unobserved
dag/test/claim/decl_facts_reflection_witness_support.dag	optional_absent	callee	v2.std.optional	1	unobserved	unobserved	unobserved	unresolved	function 'optional_absent' not found in scope	20	unique_decl_unresolved_mechanism_unobserved
dag/test/claim/decl_facts_reflection_witness_support.dag	optional_absent	callee	v2.std.optional	1	unobserved	unobserved	unobserved	unresolved	function 'optional_absent' not found in scope	20	unique_decl_unresolved_mechanism_unobserved
dag/test/claim/decl_facts_reflection_witness_support.dag	optional_absent	callee	v2.std.optional	1	unobserved	unobserved	unobserved	unresolved	function 'optional_absent' not found in scope	20	unique_decl_unresolved_mechanism_unobserved
dag/test/claim/decl_facts_reflection_witness_support.dag	optional_absent	callee	v2.std.optional	1	unobserved	unobserved	unobserved	unresolved	function 'optional_absent' not found in scope	20	unique_decl_unresolved_mechanism_unobserved
dag/test/claim/decl_facts_reflection_witness_support.dag	optional_absent	callee	v2.std.optional	1	unobserved	unobserved	unobserved	unresolved	function 'optional_absent' not found in scope	20	unique_decl_unresolved_mechanism_unobserved
dag/test/claim/decl_facts_reflection_witness_support.dag	optional_absent	callee	v2.std.optional	1	unobserved	unobserved	unobserved	unresolved	function 'optional_absent' not found in scope	20	unique_decl_unresolved_mechanism_unobserved
dag/test/claim/decl_facts_reflection_witness_support.dag	optional_absent	callee	v2.std.optional	1	unobserved	unobserved	unobserved	unresolved	function 'optional_absent' not found in scope	20	unique_decl_unresolved_mechanism_unobserved
dag/test/claim/decl_facts_reflection_witness_support.dag	optional_absent	callee	v2.std.optional	1	unobserved	unobserved	unobserved	unresolved	function 'optional_absent' not found in scope	20	unique_decl_unresolved_mechanism_unobserved
dag/test/claim/decl_facts_reflection_witness_support.dag	optional_absent	callee	v2.std.optional	1	unobserved	unobserved	unobserved	unresolved	function 'optional_absent' not found in scope	20	unique_decl_unresolved_mechanism_unobserved
dag/test/claim/decl_facts_reflection_witness_support.dag	optional_absent	callee	v2.std.optional	1	unobserved	unobserved	unobserved	unresolved	function 'optional_absent' not found in scope	20	unique_decl_unresolved_mechanism_unobserved
dag/test/claim/decl_facts_reflection_witness_support.dag	optional_absent	callee	v2.std.optional	1	unobserved	unobserved	unobserved	unresolved	function 'optional_absent' not found in scope	20	unique_decl_unresolved_mechanism_unobserved
dag/test/claim/decl_facts_reflection_witness_support.dag	optional_absent	callee	v2.std.optional	1	unobserved	unobserved	unobserved	unresolved	function 'optional_absent' not found in scope	20	unique_decl_unresolved_mechanism_unobserved
dag/test/claim/decl_facts_reflection_witness_support.dag	optional_absent	callee	v2.std.optional	1	unobserved	unobserved	unobserved	unresolved	function 'optional_absent' not found in scope	20	unique_decl_unresolved_mechanism_unobserved
dag/test/claim/decl_facts_reflection_witness_support.dag	optional_absent	callee	v2.std.optional	1	unobserved	unobserved	unobserved	unresolved	function 'optional_absent' not found in scope	20	unique_decl_unresolved_mechanism_unobserved
dag/test/claim/decl_facts_reflection_witness_support.dag	optional_absent	callee	v2.std.optional	1	unobserved	unobserved	unobserved	unresolved	function 'optional_absent' not found in scope	20	unique_decl_unresolved_mechanism_unobserved
dag/test/claim/decl_facts_reflection_witness_support.dag	optional_absent	callee	v2.std.optional	1	unobserved	unobserved	unobserved	unresolved	function 'optional_absent' not found in scope	20	unique_decl_unresolved_mechanism_unobserved
dag/test/claim/decl_facts_reflection_witness_support.dag	optional_absent	callee	v2.std.optional	1	unobserved	unobserved	unobserved	unresolved	function 'optional_absent' not found in scope	20	unique_decl_unresolved_mechanism_unobserved
dag/test/claim/decl_facts_reflection_witness_support.dag	optional_absent	callee	v2.std.optional	1	unobserved	unobserved	unobserved	unresolved	function 'optional_absent' not found in scope	20	unique_decl_unresolved_mechanism_unobserved
dag/test/claim/decl_facts_reflection_witness_support.dag	optional_absent	callee	v2.std.optional	1	unobserved	unobserved	unobserved	unresolved	function 'optional_absent' not found in scope	20	unique_decl_unresolved_mechanism_unobserved
dag/test/claim/decl_facts_reflection_witness_support.dag	optional_absent	callee	v2.std.optional	1	unobserved	unobserved	unobserved	unresolved	function 'optional_absent' not found in scope	20	unique_decl_unresolved_mechanism_unobserved
dag/test/claim/decl_facts_reflection_witness_support.dag	optional_present	callee	v2.std.optional	1	unobserved	unobserved	unobserved	unresolved	function 'optional_present' not found in scope	4	unique_decl_unresolved_mechanism_unobserved
dag/test/claim/decl_facts_reflection_witness_support.dag	optional_present	callee	v2.std.optional	1	unobserved	unobserved	unobserved	unresolved	function 'optional_present' not found in scope	4	unique_decl_unresolved_mechanism_unobserved
dag/test/claim/decl_facts_reflection_witness_support.dag	optional_present	callee	v2.std.optional	1	unobserved	unobserved	unobserved	unresolved	function 'optional_present' not found in scope	4	unique_decl_unresolved_mechanism_unobserved
dag/test/claim/decl_facts_reflection_witness_support.dag	optional_present	callee	v2.std.optional	1	unobserved	unobserved	unobserved	unresolved	function 'optional_present' not found in scope	4	unique_decl_unresolved_mechanism_unobserved
dag/test/claim/decl_facts_reflection_witness_support.dag	optional_present	callee	v2.std.optional	1	unobserved	unobserved	unobserved	unresolved	function 'optional_present' not found in scope	4	unique_decl_unresolved_mechanism_unobserved
dag/test/claim/materialization_kernel_closing_frontier_audit_witness_test.dag	optional_absent	callee	v2.std.optional	1	unobserved	unobserved	unobserved	unresolved	function 'optional_absent' not found in scope	1	unique_decl_unresolved_mechanism_unobserved
dag/test/claim/materialization_kernel_closing_frontier_audit_witness_test.dag	optional_absent	callee	v2.std.optional	1	unobserved	unobserved	unobserved	unresolved	function 'optional_absent' not found in scope	1	unique_decl_unresolved_mechanism_unobserved
dag/test/claim/materialization_kernel_closing_frontier_audit_witness_test.dag	optional_present	callee	v2.std.optional	1	unobserved	unobserved	unobserved	unresolved	function 'optional_present' not found in scope	0	unique_decl_unresolved_mechanism_unobserved
dag/test/claim/native_scm_interaction_scenario_fixture.dag	optional_present	callee	v2.std.optional	1	unobserved	unobserved	unobserved	unresolved	function 'optional_present' not found in scope	1	unique_decl_unresolved_mechanism_unobserved
dag/test/claim/native_scm_interaction_scenario_fixture.dag	optional_present	callee	v2.std.optional	1	unobserved	unobserved	unobserved	unresolved	function 'optional_present' not found in scope	1	unique_decl_unresolved_mechanism_unobserved
dag/tools/self_host_module_behavioral_transport_roster.dag	optional_absent	callee	v2.std.optional	1	unobserved	unobserved	unobserved	unresolved	function 'optional_absent' not found in scope	0	unique_decl_unresolved_mechanism_unobserved
dag/tools/self_host_module_behavioral_transport_roster.dag	optional_present	callee	v2.std.optional	1	unobserved	unobserved	unobserved	unresolved	function 'optional_present' not found in scope	0	unique_decl_unresolved_mechanism_unobserved
dag/gunbc/assimilate/bmc_token_federation.dag	Pipeline	type	v2.std.orchestration	1	unobserved	unobserved	unobserved	unresolved	unresolved type 'Pipeline'	1	unique_decl_unresolved_mechanism_unobserved
dag/gunbc/assimilate/bmc_token_federation.dag	Pipeline	type	v2.std.orchestration	1	unobserved	unobserved	unobserved	unresolved	unresolved type 'Pipeline'	1	unique_decl_unresolved_mechanism_unobserved
dag/gunbc/assimilate/bmc_token_federation.dag	PipelineStep	type	v2.std.orchestration	1	unobserved	unobserved	unobserved	unresolved	unresolved type 'PipelineStep'	0	unique_decl_unresolved_mechanism_unobserved
dag/gunbc/assimilate/bmc_token_federation.dag	Run	type	v2.std.orchestration	1	unobserved	unobserved	unobserved	unresolved	unresolved type 'Run'	1	unique_decl_unresolved_mechanism_unobserved
dag/gunbc/assimilate/bmc_token_federation.dag	Run	type	v2.std.orchestration	1	unobserved	unobserved	unobserved	unresolved	unresolved type 'Run'	1	unique_decl_unresolved_mechanism_unobserved
dag/gunbc/ci_spec.dag	EscalationLevel	type	v2.std.orchestration	1	unobserved	unobserved	unobserved	unresolved	unresolved type 'EscalationLevel'	1	unique_decl_unresolved_mechanism_unobserved
dag/gunbc/ci_spec.dag	EscalationLevel	type	v2.std.orchestration	1	unobserved	unobserved	unobserved	unresolved	unresolved type 'EscalationLevel'	1	unique_decl_unresolved_mechanism_unobserved
dag/gunbc/ci_spec.dag	Pipeline	type	v2.std.orchestration	1	unobserved	unobserved	unobserved	unresolved	unresolved type 'Pipeline'	2	unique_decl_unresolved_mechanism_unobserved
dag/gunbc/ci_spec.dag	Pipeline	type	v2.std.orchestration	1	unobserved	unobserved	unobserved	unresolved	unresolved type 'Pipeline'	2	unique_decl_unresolved_mechanism_unobserved
dag/gunbc/ci_spec.dag	Pipeline	type	v2.std.orchestration	1	unobserved	unobserved	unobserved	unresolved	unresolved type 'Pipeline'	2	unique_decl_unresolved_mechanism_unobserved
dag/gunbc/ci_spec.dag	PipelineStep	type	v2.std.orchestration	1	unobserved	unobserved	unobserved	unresolved	unresolved type 'PipelineStep'	0	unique_decl_unresolved_mechanism_unobserved
dag/gunbc/ci_spec.dag	Run	type	v2.std.orchestration	1	unobserved	unobserved	unobserved	unresolved	unresolved type 'Run'	2	unique_decl_unresolved_mechanism_unobserved
dag/gunbc/ci_spec.dag	Run	type	v2.std.orchestration	1	unobserved	unobserved	unobserved	unresolved	unresolved type 'Run'	2	unique_decl_unresolved_mechanism_unobserved
dag/gunbc/ci_spec.dag	Run	type	v2.std.orchestration	1	unobserved	unobserved	unobserved	unresolved	unresolved type 'Run'	2	unique_decl_unresolved_mechanism_unobserved
dag/gunbc/live_deploy/emit.dag	Pipeline	type	v2.std.orchestration	1	unobserved	unobserved	unobserved	unresolved	unresolved type 'Pipeline'	7	unique_decl_unresolved_mechanism_unobserved
dag/gunbc/live_deploy/emit.dag	Pipeline	type	v2.std.orchestration	1	unobserved	unobserved	unobserved	unresolved	unresolved type 'Pipeline'	7	unique_decl_unresolved_mechanism_unobserved
dag/gunbc/live_deploy/emit.dag	Pipeline	type	v2.std.orchestration	1	unobserved	unobserved	unobserved	unresolved	unresolved type 'Pipeline'	7	unique_decl_unresolved_mechanism_unobserved
dag/gunbc/live_deploy/emit.dag	Pipeline	type	v2.std.orchestration	1	unobserved	unobserved	unobserved	unresolved	unresolved type 'Pipeline'	7	unique_decl_unresolved_mechanism_unobserved
dag/gunbc/live_deploy/emit.dag	Pipeline	type	v2.std.orchestration	1	unobserved	unobserved	unobserved	unresolved	unresolved type 'Pipeline'	7	unique_decl_unresolved_mechanism_unobserved
dag/gunbc/live_deploy/emit.dag	Pipeline	type	v2.std.orchestration	1	unobserved	unobserved	unobserved	unresolved	unresolved type 'Pipeline'	7	unique_decl_unresolved_mechanism_unobserved
dag/gunbc/live_deploy/emit.dag	Pipeline	type	v2.std.orchestration	1	unobserved	unobserved	unobserved	unresolved	unresolved type 'Pipeline'	7	unique_decl_unresolved_mechanism_unobserved
dag/gunbc/live_deploy/emit.dag	Pipeline	type	v2.std.orchestration	1	unobserved	unobserved	unobserved	unresolved	unresolved type 'Pipeline'	7	unique_decl_unresolved_mechanism_unobserved
dag/gunbc/live_deploy/emit.dag	PipelineStep	type	v2.std.orchestration	1	unobserved	unobserved	unobserved	unresolved	unresolved type 'PipelineStep'	15	unique_decl_unresolved_mechanism_unobserved
dag/gunbc/live_deploy/emit.dag	PipelineStep	type	v2.std.orchestration	1	unobserved	unobserved	unobserved	unresolved	unresolved type 'PipelineStep'	15	unique_decl_unresolved_mechanism_unobserved
dag/gunbc/live_deploy/emit.dag	PipelineStep	type	v2.std.orchestration	1	unobserved	unobserved	unobserved	unresolved	unresolved type 'PipelineStep'	15	unique_decl_unresolved_mechanism_unobserved
dag/gunbc/live_deploy/emit.dag	PipelineStep	type	v2.std.orchestration	1	unobserved	unobserved	unobserved	unresolved	unresolved type 'PipelineStep'	15	unique_decl_unresolved_mechanism_unobserved
dag/gunbc/live_deploy/emit.dag	PipelineStep	type	v2.std.orchestration	1	unobserved	unobserved	unobserved	unresolved	unresolved type 'PipelineStep'	15	unique_decl_unresolved_mechanism_unobserved
dag/gunbc/live_deploy/emit.dag	PipelineStep	type	v2.std.orchestration	1	unobserved	unobserved	unobserved	unresolved	unresolved type 'PipelineStep'	15	unique_decl_unresolved_mechanism_unobserved
dag/gunbc/live_deploy/emit.dag	PipelineStep	type	v2.std.orchestration	1	unobserved	unobserved	unobserved	unresolved	unresolved type 'PipelineStep'	15	unique_decl_unresolved_mechanism_unobserved
dag/gunbc/live_deploy/emit.dag	PipelineStep	type	v2.std.orchestration	1	unobserved	unobserved	unobserved	unresolved	unresolved type 'PipelineStep'	15	unique_decl_unresolved_mechanism_unobserved
dag/gunbc/live_deploy/emit.dag	PipelineStep	type	v2.std.orchestration	1	unobserved	unobserved	unobserved	unresolved	unresolved type 'PipelineStep'	15	unique_decl_unresolved_mechanism_unobserved
dag/gunbc/live_deploy/emit.dag	PipelineStep	type	v2.std.orchestration	1	unobserved	unobserved	unobserved	unresolved	unresolved type 'PipelineStep'	15	unique_decl_unresolved_mechanism_unobserved
dag/gunbc/live_deploy/emit.dag	PipelineStep	type	v2.std.orchestration	1	unobserved	unobserved	unobserved	unresolved	unresolved type 'PipelineStep'	15	unique_decl_unresolved_mechanism_unobserved
dag/gunbc/live_deploy/emit.dag	PipelineStep	type	v2.std.orchestration	1	unobserved	unobserved	unobserved	unresolved	unresolved type 'PipelineStep'	15	unique_decl_unresolved_mechanism_unobserved
dag/gunbc/live_deploy/emit.dag	PipelineStep	type	v2.std.orchestration	1	unobserved	unobserved	unobserved	unresolved	unresolved type 'PipelineStep'	15	unique_decl_unresolved_mechanism_unobserved
dag/gunbc/live_deploy/emit.dag	PipelineStep	type	v2.std.orchestration	1	unobserved	unobserved	unobserved	unresolved	unresolved type 'PipelineStep'	15	unique_decl_unresolved_mechanism_unobserved
dag/gunbc/live_deploy/emit.dag	PipelineStep	type	v2.std.orchestration	1	unobserved	unobserved	unobserved	unresolved	unresolved type 'PipelineStep'	15	unique_decl_unresolved_mechanism_unobserved
dag/gunbc/live_deploy/emit.dag	PipelineStep	type	v2.std.orchestration	1	unobserved	unobserved	unobserved	unresolved	unresolved type 'PipelineStep'	15	unique_decl_unresolved_mechanism_unobserved
dag/gunbc/live_deploy/emit.dag	Run	type	v2.std.orchestration	1	unobserved	unobserved	unobserved	unresolved	unresolved type 'Run'	1	unique_decl_unresolved_mechanism_unobserved
dag/gunbc/live_deploy/emit.dag	Run	type	v2.std.orchestration	1	unobserved	unobserved	unobserved	unresolved	unresolved type 'Run'	1	unique_decl_unresolved_mechanism_unobserved
dag/test/claim/host_effect_plan_witness_test.dag	Run	type	v2.std.orchestration	1	unobserved	unobserved	unobserved	unresolved	unresolved type 'Run'	0	unique_decl_unresolved_mechanism_unobserved
dag/test/claim/host_effect_plan_witness_test.dag	orchestration_to_effect_plan_dissolve_on	value	v2.std.orchestration	1	unobserved	unobserved	unobserved	unresolved	undefined variable 'orchestration_to_effect_plan_dissolve_on'	0	unique_decl_unresolved_mechanism_unobserved
dag/test/claim/orchestration_if_emit_test.dag	Pipeline	type	v2.std.orchestration	1	unobserved	unobserved	unobserved	unresolved	unresolved type 'Pipeline'	7	unique_decl_unresolved_mechanism_unobserved
dag/test/claim/orchestration_if_emit_test.dag	Pipeline	type	v2.std.orchestration	1	unobserved	unobserved	unobserved	unresolved	unresolved type 'Pipeline'	7	unique_decl_unresolved_mechanism_unobserved
dag/test/claim/orchestration_if_emit_test.dag	Pipeline	type	v2.std.orchestration	1	unobserved	unobserved	unobserved	unresolved	unresolved type 'Pipeline'	7	unique_decl_unresolved_mechanism_unobserved
dag/test/claim/orchestration_if_emit_test.dag	Pipeline	type	v2.std.orchestration	1	unobserved	unobserved	unobserved	unresolved	unresolved type 'Pipeline'	7	unique_decl_unresolved_mechanism_unobserved
dag/test/claim/orchestration_if_emit_test.dag	Pipeline	type	v2.std.orchestration	1	unobserved	unobserved	unobserved	unresolved	unresolved type 'Pipeline'	7	unique_decl_unresolved_mechanism_unobserved
dag/test/claim/orchestration_if_emit_test.dag	Pipeline	type	v2.std.orchestration	1	unobserved	unobserved	unobserved	unresolved	unresolved type 'Pipeline'	7	unique_decl_unresolved_mechanism_unobserved
dag/test/claim/orchestration_if_emit_test.dag	Pipeline	type	v2.std.orchestration	1	unobserved	unobserved	unobserved	unresolved	unresolved type 'Pipeline'	7	unique_decl_unresolved_mechanism_unobserved
dag/test/claim/orchestration_if_emit_test.dag	Pipeline	type	v2.std.orchestration	1	unobserved	unobserved	unobserved	unresolved	unresolved type 'Pipeline'	7	unique_decl_unresolved_mechanism_unobserved
dag/test/claim/orchestration_if_emit_test.dag	PipelineStep	type	v2.std.orchestration	1	unobserved	unobserved	unobserved	unresolved	unresolved type 'PipelineStep'	6	unique_decl_unresolved_mechanism_unobserved
dag/test/claim/orchestration_if_emit_test.dag	PipelineStep	type	v2.std.orchestration	1	unobserved	unobserved	unobserved	unresolved	unresolved type 'PipelineStep'	6	unique_decl_unresolved_mechanism_unobserved
dag/test/claim/orchestration_if_emit_test.dag	PipelineStep	type	v2.std.orchestration	1	unobserved	unobserved	unobserved	unresolved	unresolved type 'PipelineStep'	6	unique_decl_unresolved_mechanism_unobserved
dag/test/claim/orchestration_if_emit_test.dag	PipelineStep	type	v2.std.orchestration	1	unobserved	unobserved	unobserved	unresolved	unresolved type 'PipelineStep'	6	unique_decl_unresolved_mechanism_unobserved
dag/test/claim/orchestration_if_emit_test.dag	PipelineStep	type	v2.std.orchestration	1	unobserved	unobserved	unobserved	unresolved	unresolved type 'PipelineStep'	6	unique_decl_unresolved_mechanism_unobserved
dag/test/claim/orchestration_if_emit_test.dag	PipelineStep	type	v2.std.orchestration	1	unobserved	unobserved	unobserved	unresolved	unresolved type 'PipelineStep'	6	unique_decl_unresolved_mechanism_unobserved
dag/test/claim/orchestration_if_emit_test.dag	PipelineStep	type	v2.std.orchestration	1	unobserved	unobserved	unobserved	unresolved	unresolved type 'PipelineStep'	6	unique_decl_unresolved_mechanism_unobserved
dag/test/claim/orchestration_if_emit_test.dag	Run	type	v2.std.orchestration	1	unobserved	unobserved	unobserved	unresolved	unresolved type 'Run'	9	unique_decl_unresolved_mechanism_unobserved
dag/test/claim/orchestration_if_emit_test.dag	Run	type	v2.std.orchestration	1	unobserved	unobserved	unobserved	unresolved	unresolved type 'Run'	9	unique_decl_unresolved_mechanism_unobserved
dag/test/claim/orchestration_if_emit_test.dag	Run	type	v2.std.orchestration	1	unobserved	unobserved	unobserved	unresolved	unresolved type 'Run'	9	unique_decl_unresolved_mechanism_unobserved
dag/test/claim/orchestration_if_emit_test.dag	Run	type	v2.std.orchestration	1	unobserved	unobserved	unobserved	unresolved	unresolved type 'Run'	9	unique_decl_unresolved_mechanism_unobserved
dag/test/claim/orchestration_if_emit_test.dag	Run	type	v2.std.orchestration	1	unobserved	unobserved	unobserved	unresolved	unresolved type 'Run'	9	unique_decl_unresolved_mechanism_unobserved
dag/test/claim/orchestration_if_emit_test.dag	Run	type	v2.std.orchestration	1	unobserved	unobserved	unobserved	unresolved	unresolved type 'Run'	9	unique_decl_unresolved_mechanism_unobserved
dag/test/claim/orchestration_if_emit_test.dag	Run	type	v2.std.orchestration	1	unobserved	unobserved	unobserved	unresolved	unresolved type 'Run'	9	unique_decl_unresolved_mechanism_unobserved
dag/test/claim/orchestration_if_emit_test.dag	Run	type	v2.std.orchestration	1	unobserved	unobserved	unobserved	unresolved	unresolved type 'Run'	9	unique_decl_unresolved_mechanism_unobserved
dag/test/claim/orchestration_if_emit_test.dag	Run	type	v2.std.orchestration	1	unobserved	unobserved	unobserved	unresolved	unresolved type 'Run'	9	unique_decl_unresolved_mechanism_unobserved
dag/test/claim/orchestration_if_emit_test.dag	Run	type	v2.std.orchestration	1	unobserved	unobserved	unobserved	unresolved	unresolved type 'Run'	9	unique_decl_unresolved_mechanism_unobserved
dag/test/claim/commit_writer_admission_witness_test.dag	span_index_empty	callee	v2.std.provenance	1	unobserved	unobserved	unobserved	unresolved	function 'span_index_empty' not found in scope	0	unique_decl_unresolved_mechanism_unobserved
dag/gunbc/v1_interpreter_dispatch_emit.dag	QualifiedName	type	v2.std.qualified_name	1	unobserved	unobserved	unobserved	unresolved	unresolved type 'QualifiedName'	3	unique_decl_unresolved_mechanism_unobserved
dag/gunbc/v1_interpreter_dispatch_emit.dag	QualifiedName	type	v2.std.qualified_name	1	unobserved	unobserved	unobserved	unresolved	unresolved type 'QualifiedName'	3	unique_decl_unresolved_mechanism_unobserved
dag/gunbc/v1_interpreter_dispatch_emit.dag	QualifiedName	type	v2.std.qualified_name	1	unobserved	unobserved	unobserved	unresolved	unresolved type 'QualifiedName'	3	unique_decl_unresolved_mechanism_unobserved
dag/gunbc/v1_interpreter_dispatch_emit.dag	QualifiedName	type	v2.std.qualified_name	1	unobserved	unobserved	unobserved	unresolved	unresolved type 'QualifiedName'	3	unique_decl_unresolved_mechanism_unobserved
dag/gunbc/v1_interpreter_dispatch_emit.dag	qualified_name_to_dotted_string	callee	v2.std.qualified_name	1	unobserved	unobserved	unobserved	unresolved	function 'qualified_name_to_dotted_string' not found in scope	1	unique_decl_unresolved_mechanism_unobserved
dag/gunbc/v1_interpreter_dispatch_emit.dag	qualified_name_to_dotted_string	callee	v2.std.qualified_name	1	unobserved	unobserved	unobserved	unresolved	function 'qualified_name_to_dotted_string' not found in scope	1	unique_decl_unresolved_mechanism_unobserved
dag/gunbc/v1_interpreter_primitive_surface.dag	QualifiedName	type	v2.std.qualified_name	1	unobserved	unobserved	unobserved	unresolved	unresolved type 'QualifiedName'	0	unique_decl_unresolved_mechanism_unobserved
dag/test/claim/v1_interpreter_primitive_dispatch_authority_acceptance_test.dag	qualified_name_from_dotted_string	callee	v2.std.qualified_name	1	unobserved	unobserved	unobserved	unresolved	function 'qualified_name_from_dotted_string' not found in scope	1	unique_decl_unresolved_mechanism_unobserved
dag/test/claim/v1_interpreter_primitive_dispatch_authority_acceptance_test.dag	qualified_name_from_dotted_string	callee	v2.std.qualified_name	1	unobserved	unobserved	unobserved	unresolved	function 'qualified_name_from_dotted_string' not found in scope	1	unique_decl_unresolved_mechanism_unobserved
dag/test/claim/long/v1_complexity_capability_census_resolution_test.dag	vacuous_admits_marker	value	v2.std.refinement	1	unobserved	unobserved	unobserved	unresolved	undefined variable 'vacuous_admits_marker'	0	unique_decl_unresolved_mechanism_unobserved
dag/tools/regen_verify_transport.dag	string_is_empty	callee	v2.std.text	1	unobserved	unobserved	unobserved	unresolved	function 'string_is_empty' not found in scope	1	unique_decl_unresolved_mechanism_unobserved
dag/tools/regen_verify_transport.dag	string_is_empty	callee	v2.std.text	1	unobserved	unobserved	unobserved	unresolved	function 'string_is_empty' not found in scope	1	unique_decl_unresolved_mechanism_unobserved
dag/test/claim/rest_exchange_replay_test.dag	WitnessEvaluationFrame	type	v2.std.witness_evaluation	1	unobserved	unobserved	unobserved	unresolved	unresolved type 'WitnessEvaluationFrame'	1	unique_decl_unresolved_mechanism_unobserved
dag/test/claim/rest_exchange_replay_test.dag	WitnessEvaluationFrame	type	v2.std.witness_evaluation	1	unobserved	unobserved	unobserved	unresolved	unresolved type 'WitnessEvaluationFrame'	1	unique_decl_unresolved_mechanism_unobserved
dag/test/claim/rest_exchange_replay_test.dag	evaluate_in_witness_frame	callee	v2.std.witness_evaluation	1	unobserved	unobserved	unobserved	unresolved	function 'evaluate_in_witness_frame' not found in scope	8	unique_decl_unresolved_mechanism_unobserved
dag/test/claim/rest_exchange_replay_test.dag	evaluate_in_witness_frame	callee	v2.std.witness_evaluation	1	unobserved	unobserved	unobserved	unresolved	function 'evaluate_in_witness_frame' not found in scope	8	unique_decl_unresolved_mechanism_unobserved
dag/test/claim/rest_exchange_replay_test.dag	evaluate_in_witness_frame	callee	v2.std.witness_evaluation	1	unobserved	unobserved	unobserved	unresolved	function 'evaluate_in_witness_frame' not found in scope	8	unique_decl_unresolved_mechanism_unobserved
dag/test/claim/rest_exchange_replay_test.dag	evaluate_in_witness_frame	callee	v2.std.witness_evaluation	1	unobserved	unobserved	unobserved	unresolved	function 'evaluate_in_witness_frame' not found in scope	8	unique_decl_unresolved_mechanism_unobserved
dag/test/claim/rest_exchange_replay_test.dag	evaluate_in_witness_frame	callee	v2.std.witness_evaluation	1	unobserved	unobserved	unobserved	unresolved	function 'evaluate_in_witness_frame' not found in scope	8	unique_decl_unresolved_mechanism_unobserved
dag/test/claim/rest_exchange_replay_test.dag	evaluate_in_witness_frame	callee	v2.std.witness_evaluation	1	unobserved	unobserved	unobserved	unresolved	function 'evaluate_in_witness_frame' not found in scope	8	unique_decl_unresolved_mechanism_unobserved
dag/test/claim/rest_exchange_replay_test.dag	evaluate_in_witness_frame	callee	v2.std.witness_evaluation	1	unobserved	unobserved	unobserved	unresolved	function 'evaluate_in_witness_frame' not found in scope	8	unique_decl_unresolved_mechanism_unobserved
dag/test/claim/rest_exchange_replay_test.dag	evaluate_in_witness_frame	callee	v2.std.witness_evaluation	1	unobserved	unobserved	unobserved	unresolved	function 'evaluate_in_witness_frame' not found in scope	8	unique_decl_unresolved_mechanism_unobserved
dag/test/claim/rest_exchange_replay_test.dag	evaluate_in_witness_frame	callee	v2.std.witness_evaluation	1	unobserved	unobserved	unobserved	unresolved	function 'evaluate_in_witness_frame' not found in scope	8	unique_decl_unresolved_mechanism_unobserved
dag/test/claim/rest_exchange_replay_test.dag	witness_diagnostic_rendered_reason	callee	v2.std.witness_evaluation	1	unobserved	unobserved	unobserved	unresolved	function 'witness_diagnostic_rendered_reason' not found in scope	3	unique_decl_unresolved_mechanism_unobserved
dag/test/claim/rest_exchange_replay_test.dag	witness_diagnostic_rendered_reason	callee	v2.std.witness_evaluation	1	unobserved	unobserved	unobserved	unresolved	function 'witness_diagnostic_rendered_reason' not found in scope	3	unique_decl_unresolved_mechanism_unobserved
dag/test/claim/rest_exchange_replay_test.dag	witness_diagnostic_rendered_reason	callee	v2.std.witness_evaluation	1	unobserved	unobserved	unobserved	unresolved	function 'witness_diagnostic_rendered_reason' not found in scope	3	unique_decl_unresolved_mechanism_unobserved
dag/test/claim/rest_exchange_replay_test.dag	witness_diagnostic_rendered_reason	callee	v2.std.witness_evaluation	1	unobserved	unobserved	unobserved	unresolved	function 'witness_diagnostic_rendered_reason' not found in scope	3	unique_decl_unresolved_mechanism_unobserved
dag/test/claim/rest_exchange_replay_test.dag	witness_evaluation_frame_active	callee	v2.std.witness_evaluation	1	unobserved	unobserved	unobserved	unresolved	function 'witness_evaluation_frame_active' not found in scope	1	unique_decl_unresolved_mechanism_unobserved
dag/test/claim/rest_exchange_replay_test.dag	witness_evaluation_frame_active	callee	v2.std.witness_evaluation	1	unobserved	unobserved	unobserved	unresolved	function 'witness_evaluation_frame_active' not found in scope	1	unique_decl_unresolved_mechanism_unobserved
dag/test/claim/walk_plan_stage_fixture_hand_rust_witness_test.dag	walk_plan_stage_attempt_id	value	v2.test.fixture.walk_plan_stage.common	1	unobserved	unobserved	unobserved	unresolved	undefined variable 'walk_plan_stage_attempt_id'	0	unique_decl_unresolved_mechanism_unobserved
dag/test/claim/walk_plan_stage_fixture_hand_rust_witness_test.dag	walk_plan_stage_stage1_receipt_path	value	v2.test.fixture.walk_plan_stage.common	1	unobserved	unobserved	unobserved	unresolved	undefined variable 'walk_plan_stage_stage1_receipt_path'	0	unique_decl_unresolved_mechanism_unobserved
dag/test/claim/walk_plan_stage_fixture_hand_rust_witness_test.dag	walk_plan_stage_overlap_barrier_recipe	value	v2.test.fixture.walk_plan_stage.plan	1	unobserved	unobserved	unobserved	unresolved	undefined variable 'walk_plan_stage_overlap_barrier_recipe'	1	unique_decl_unresolved_mechanism_unobserved
dag/test/claim/walk_plan_stage_fixture_hand_rust_witness_test.dag	walk_plan_stage_overlap_barrier_recipe	value	v2.test.fixture.walk_plan_stage.plan	1	unobserved	unobserved	unobserved	unresolved	undefined variable 'walk_plan_stage_overlap_barrier_recipe'	1	unique_decl_unresolved_mechanism_unobserved
dag/gunbc/dispatch_pipe_pane_emit.dag	bash_fold_serialize_node	callee	v2.workflow.bash_command_fold_serialize	1	unobserved	unobserved	unobserved	unresolved	function 'bash_fold_serialize_node' not found in scope	0	unique_decl_unresolved_mechanism_unobserved
dag/gunbc/live_deploy/emit.dag	bash_fold_serialize_node	callee	v2.workflow.bash_command_fold_serialize	1	unobserved	unobserved	unobserved	unresolved	function 'bash_fold_serialize_node' not found in scope	0	unique_decl_unresolved_mechanism_unobserved
dag/test/claim/seed_honesty_discharge_unavailable_test.dag	BootstrapHashPin	type	v2.workflow.bootstrap	1	unobserved	unobserved	unobserved	unresolved	unresolved type 'BootstrapHashPin'	3	unique_decl_unresolved_mechanism_unobserved
dag/test/claim/seed_honesty_discharge_unavailable_test.dag	BootstrapHashPin	type	v2.workflow.bootstrap	1	unobserved	unobserved	unobserved	unresolved	unresolved type 'BootstrapHashPin'	3	unique_decl_unresolved_mechanism_unobserved
dag/test/claim/seed_honesty_discharge_unavailable_test.dag	BootstrapHashPin	type	v2.workflow.bootstrap	1	unobserved	unobserved	unobserved	unresolved	unresolved type 'BootstrapHashPin'	3	unique_decl_unresolved_mechanism_unobserved
dag/test/claim/seed_honesty_discharge_unavailable_test.dag	BootstrapHashPin	type	v2.workflow.bootstrap	1	unobserved	unobserved	unobserved	unresolved	unresolved type 'BootstrapHashPin'	3	unique_decl_unresolved_mechanism_unobserved
dag/test/claim/seed_honesty_discharge_unavailable_test.dag	DiverseCompilationAgreement	type	v2.workflow.bootstrap	1	unobserved	unobserved	unobserved	unresolved	unresolved type 'DiverseCompilationAgreement'	1	unique_decl_unresolved_mechanism_unobserved
dag/test/claim/seed_honesty_discharge_unavailable_test.dag	DiverseCompilationAgreement	type	v2.workflow.bootstrap	1	unobserved	unobserved	unobserved	unresolved	unresolved type 'DiverseCompilationAgreement'	1	unique_decl_unresolved_mechanism_unobserved
dag/test/claim/seed_honesty_discharge_unavailable_test.dag	DiverseCompilationRun	type	v2.workflow.bootstrap	1	unobserved	unobserved	unobserved	unresolved	unresolved type 'DiverseCompilationRun'	4	unique_decl_unresolved_mechanism_unobserved
dag/test/claim/seed_honesty_discharge_unavailable_test.dag	DiverseCompilationRun	type	v2.workflow.bootstrap	1	unobserved	unobserved	unobserved	unresolved	unresolved type 'DiverseCompilationRun'	4	unique_decl_unresolved_mechanism_unobserved
dag/test/claim/seed_honesty_discharge_unavailable_test.dag	DiverseCompilationRun	type	v2.workflow.bootstrap	1	unobserved	unobserved	unobserved	unresolved	unresolved type 'DiverseCompilationRun'	4	unique_decl_unresolved_mechanism_unobserved
dag/test/claim/seed_honesty_discharge_unavailable_test.dag	DiverseCompilationRun	type	v2.workflow.bootstrap	1	unobserved	unobserved	unobserved	unresolved	unresolved type 'DiverseCompilationRun'	4	unique_decl_unresolved_mechanism_unobserved
dag/test/claim/seed_honesty_discharge_unavailable_test.dag	DiverseCompilationRun	type	v2.workflow.bootstrap	1	unobserved	unobserved	unobserved	unresolved	unresolved type 'DiverseCompilationRun'	4	unique_decl_unresolved_mechanism_unobserved
dag/test/claim/seed_honesty_discharge_unavailable_test.dag	IndependentCompilerPair	type	v2.workflow.bootstrap	1	unobserved	unobserved	unobserved	unresolved	unresolved type 'IndependentCompilerPair'	0	unique_decl_unresolved_mechanism_unobserved
dag/test/claim/seed_honesty_discharge_unavailable_test.dag	SeedHonestyDecision	type	v2.workflow.bootstrap	1	unobserved	unobserved	unobserved	unresolved	unresolved type 'SeedHonestyDecision'	0	unique_decl_unresolved_mechanism_unobserved
dag/test/claim/seed_honesty_discharge_unavailable_test.dag	bootstrap_seed_honesty_discharge	value	v2.workflow.bootstrap	1	unobserved	unobserved	unobserved	unresolved	undefined variable 'bootstrap_seed_honesty_discharge'	0	unique_decl_unresolved_mechanism_unobserved
dag/test/claim/seed_honesty_discharge_unavailable_test.dag	bootstrap_seed_honesty_discharge_witness	callee	v2.workflow.bootstrap	1	unobserved	unobserved	unobserved	unresolved	function 'bootstrap_seed_honesty_discharge_witness' not found in scope	1	unique_decl_unresolved_mechanism_unobserved
dag/test/claim/seed_honesty_discharge_unavailable_test.dag	bootstrap_seed_honesty_discharge_witness	callee	v2.workflow.bootstrap	1	unobserved	unobserved	unobserved	unresolved	function 'bootstrap_seed_honesty_discharge_witness' not found in scope	1	unique_decl_unresolved_mechanism_unobserved
dag/test/claim/seed_honesty_discharge_unavailable_test.dag	independent_compiler_evidence_unavailable	callee	v2.workflow.bootstrap	1	unobserved	unobserved	unobserved	unresolved	function 'independent_compiler_evidence_unavailable' not found in scope	2	unique_decl_unresolved_mechanism_unobserved
dag/test/claim/seed_honesty_discharge_unavailable_test.dag	independent_compiler_evidence_unavailable	callee	v2.workflow.bootstrap	1	unobserved	unobserved	unobserved	unresolved	function 'independent_compiler_evidence_unavailable' not found in scope	2	unique_decl_unresolved_mechanism_unobserved
dag/test/claim/seed_honesty_discharge_unavailable_test.dag	independent_compiler_evidence_unavailable	callee	v2.workflow.bootstrap	1	unobserved	unobserved	unobserved	unresolved	function 'independent_compiler_evidence_unavailable' not found in scope	2	unique_decl_unresolved_mechanism_unobserved
dag/test/claim/seed_honesty_discharge_unavailable_test.dag	independent_compiler_pair_witness	callee	v2.workflow.bootstrap	1	unobserved	unobserved	unobserved	unresolved	function 'independent_compiler_pair_witness' not found in scope	2	unique_decl_unresolved_mechanism_unobserved
dag/test/claim/seed_honesty_discharge_unavailable_test.dag	independent_compiler_pair_witness	callee	v2.workflow.bootstrap	1	unobserved	unobserved	unobserved	unresolved	function 'independent_compiler_pair_witness' not found in scope	2	unique_decl_unresolved_mechanism_unobserved
dag/test/claim/seed_honesty_discharge_unavailable_test.dag	independent_compiler_pair_witness	callee	v2.workflow.bootstrap	1	unobserved	unobserved	unobserved	unresolved	function 'independent_compiler_pair_witness' not found in scope	2	unique_decl_unresolved_mechanism_unobserved
dag/test/claim/seed_honesty_discharge_unavailable_test.dag	pinned_v4_fixed_point_hash	value	v2.workflow.bootstrap	1	unobserved	unobserved	unobserved	unresolved	undefined variable 'pinned_v4_fixed_point_hash'	2	unique_decl_unresolved_mechanism_unobserved
dag/test/claim/seed_honesty_discharge_unavailable_test.dag	pinned_v4_fixed_point_hash	value	v2.workflow.bootstrap	1	unobserved	unobserved	unobserved	unresolved	undefined variable 'pinned_v4_fixed_point_hash'	2	unique_decl_unresolved_mechanism_unobserved
dag/test/claim/seed_honesty_discharge_unavailable_test.dag	pinned_v4_fixed_point_hash	value	v2.workflow.bootstrap	1	unobserved	unobserved	unobserved	unresolved	undefined variable 'pinned_v4_fixed_point_hash'	2	unique_decl_unresolved_mechanism_unobserved
dag/test/claim/seed_honesty_discharge_unavailable_test.dag	seed_honesty_decision	value	v2.workflow.bootstrap	1	unobserved	unobserved	unobserved	unresolved	undefined variable 'seed_honesty_decision'	0	unique_decl_unresolved_mechanism_unobserved
dag/test/claim/seed_honesty_discharge_unavailable_test.dag	seed_self_verify_check	callee	v2.workflow.bootstrap	1	unobserved	unobserved	unobserved	unresolved	function 'seed_self_verify_check' not found in scope	3	unique_decl_unresolved_mechanism_unobserved
dag/test/claim/seed_honesty_discharge_unavailable_test.dag	seed_self_verify_check	callee	v2.workflow.bootstrap	1	unobserved	unobserved	unobserved	unresolved	function 'seed_self_verify_check' not found in scope	3	unique_decl_unresolved_mechanism_unobserved
dag/test/claim/seed_honesty_discharge_unavailable_test.dag	seed_self_verify_check	callee	v2.workflow.bootstrap	1	unobserved	unobserved	unobserved	unresolved	function 'seed_self_verify_check' not found in scope	3	unique_decl_unresolved_mechanism_unobserved
dag/test/claim/seed_honesty_discharge_unavailable_test.dag	seed_self_verify_check	callee	v2.workflow.bootstrap	1	unobserved	unobserved	unobserved	unresolved	function 'seed_self_verify_check' not found in scope	3	unique_decl_unresolved_mechanism_unobserved
dag/gunbc/ci_workflow.dag	ci_floor_peak_post_script	callee	v2.workflow.ci_floor_peak_emit	1	unobserved	unobserved	unobserved	unresolved	function 'ci_floor_peak_post_script' not found in scope	0	unique_decl_unresolved_mechanism_unobserved
dag/gunbc/ci_workflow.dag	ci_floor_peak_pre_script	callee	v2.workflow.ci_floor_peak_emit	1	unobserved	unobserved	unobserved	unresolved	function 'ci_floor_peak_pre_script' not found in scope	0	unique_decl_unresolved_mechanism_unobserved
dag/gunbc/ci_workflow.dag	ci_floor_phase_journal_env_name	value	v2.workflow.ci_floor_peak_emit	1	unobserved	unobserved	unobserved	unresolved	undefined variable 'ci_floor_phase_journal_env_name'	1	unique_decl_unresolved_mechanism_unobserved
dag/gunbc/ci_workflow.dag	ci_floor_phase_journal_env_name	value	v2.workflow.ci_floor_peak_emit	1	unobserved	unobserved	unobserved	unresolved	undefined variable 'ci_floor_phase_journal_env_name'	1	unique_decl_unresolved_mechanism_unobserved
dag/gunbc/ci_workflow.dag	ci_floor_phase_journal_path	value	v2.workflow.ci_floor_peak_emit	1	unobserved	unobserved	unobserved	unresolved	undefined variable 'ci_floor_phase_journal_path'	1	unique_decl_unresolved_mechanism_unobserved
dag/gunbc/ci_workflow.dag	ci_floor_phase_journal_path	value	v2.workflow.ci_floor_peak_emit	1	unobserved	unobserved	unobserved	unresolved	undefined variable 'ci_floor_phase_journal_path'	1	unique_decl_unresolved_mechanism_unobserved
dag/gunbc/falsifier_workflow.dag	ci_floor_phase_journal_env_name	value	v2.workflow.ci_floor_peak_emit	1	unobserved	unobserved	unobserved	unresolved	undefined variable 'ci_floor_phase_journal_env_name'	0	unique_decl_unresolved_mechanism_unobserved
dag/gunbc/falsifier_workflow.dag	ci_floor_phase_journal_path	value	v2.workflow.ci_floor_peak_emit	1	unobserved	unobserved	unobserved	unresolved	undefined variable 'ci_floor_phase_journal_path'	0	unique_decl_unresolved_mechanism_unobserved
dag/gunbc/witness_row_cost.dag	gunbc_ci_fast_lane_eval_budget_ms	callee	v2.workflow.ci_floor_plan	1	unobserved	unobserved	unobserved	unresolved	function 'gunbc_ci_fast_lane_eval_budget_ms' not found in scope	0	unique_decl_unresolved_mechanism_unobserved
dag/test/claim/compile_clean_cost_clamp_witness_test.dag	gunbc_ci_compile_clean_clamp_ms	callee	v2.workflow.ci_floor_plan	1	unobserved	unobserved	unobserved	unresolved	function 'gunbc_ci_compile_clean_clamp_ms' not found in scope	1	unique_decl_unresolved_mechanism_unobserved
dag/test/claim/compile_clean_cost_clamp_witness_test.dag	gunbc_ci_compile_clean_clamp_ms	callee	v2.workflow.ci_floor_plan	1	unobserved	unobserved	unobserved	unresolved	function 'gunbc_ci_compile_clean_clamp_ms' not found in scope	1	unique_decl_unresolved_mechanism_unobserved
dag/test/claim/compile_clean_cost_clamp_witness_test.dag	gunbc_ci_compile_clean_clamp_overhead_seconds	callee	v2.workflow.ci_floor_plan	1	unobserved	unobserved	unobserved	unresolved	function 'gunbc_ci_compile_clean_clamp_overhead_seconds' not found in scope	1	unique_decl_unresolved_mechanism_unobserved
dag/test/claim/compile_clean_cost_clamp_witness_test.dag	gunbc_ci_compile_clean_clamp_overhead_seconds	callee	v2.workflow.ci_floor_plan	1	unobserved	unobserved	unobserved	unresolved	function 'gunbc_ci_compile_clean_clamp_overhead_seconds' not found in scope	1	unique_decl_unresolved_mechanism_unobserved
dag/test/claim/compile_clean_cost_clamp_witness_test.dag	gunbc_ci_compile_clean_clamp_rate_per_unit_ms	callee	v2.workflow.ci_floor_plan	1	unobserved	unobserved	unobserved	unresolved	function 'gunbc_ci_compile_clean_clamp_rate_per_unit_ms' not found in scope	0	unique_decl_unresolved_mechanism_unobserved
dag/test/claim/compile_clean_cost_clamp_witness_test.dag	gunbc_ci_compile_clean_wall_exceeds_clamp	callee	v2.workflow.ci_floor_plan	1	unobserved	unobserved	unobserved	unresolved	function 'gunbc_ci_compile_clean_wall_exceeds_clamp' not found in scope	2	unique_decl_unresolved_mechanism_unobserved
dag/test/claim/compile_clean_cost_clamp_witness_test.dag	gunbc_ci_compile_clean_wall_exceeds_clamp	callee	v2.workflow.ci_floor_plan	1	unobserved	unobserved	unobserved	unresolved	function 'gunbc_ci_compile_clean_wall_exceeds_clamp' not found in scope	2	unique_decl_unresolved_mechanism_unobserved
dag/test/claim/compile_clean_cost_clamp_witness_test.dag	gunbc_ci_compile_clean_wall_exceeds_clamp	callee	v2.workflow.ci_floor_plan	1	unobserved	unobserved	unobserved	unresolved	function 'gunbc_ci_compile_clean_wall_exceeds_clamp' not found in scope	2	unique_decl_unresolved_mechanism_unobserved
dag/test/claim/realization_schedule_witness_test.dag	cheap_floor_gate_step_labels	callee	v2.workflow.ci_floor_plan	1	unobserved	unobserved	unobserved	unresolved	function 'cheap_floor_gate_step_labels' not found in scope	1	unique_decl_unresolved_mechanism_unobserved
dag/test/claim/realization_schedule_witness_test.dag	cheap_floor_gate_step_labels	callee	v2.workflow.ci_floor_plan	1	unobserved	unobserved	unobserved	unresolved	function 'cheap_floor_gate_step_labels' not found in scope	1	unique_decl_unresolved_mechanism_unobserved
dag/gunbc/ci_materialization_gate.dag	ci_heal_revalidation_preflight_script	callee	v2.workflow.ci_heal_revalidation_preflight_emit	1	unobserved	unobserved	unobserved	unresolved	function 'ci_heal_revalidation_preflight_script' not found in scope	1	unique_decl_unresolved_mechanism_unobserved
dag/gunbc/ci_materialization_gate.dag	ci_heal_revalidation_preflight_script	callee	v2.workflow.ci_heal_revalidation_preflight_emit	1	unobserved	unobserved	unobserved	unresolved	function 'ci_heal_revalidation_preflight_script' not found in scope	1	unique_decl_unresolved_mechanism_unobserved
dag/gunbc/ci_workflow.dag	ci_heal_revalidation_preflight_script	callee	v2.workflow.ci_heal_revalidation_preflight_emit	1	unobserved	unobserved	unobserved	unresolved	function 'ci_heal_revalidation_preflight_script' not found in scope	0	unique_decl_unresolved_mechanism_unobserved
dag/gunbc/ci_spec.dag	ci_heal_binary_source_skew_guard_script	callee	v2.workflow.ci_heal_skew_guard_emit	1	unobserved	unobserved	unobserved	unresolved	function 'ci_heal_binary_source_skew_guard_script' not found in scope	0	unique_decl_unresolved_mechanism_unobserved
dag/gunbc/ci_spec.dag	ci_regen_ensure_rustfmt_path_script	callee	v2.workflow.ci_regen_rustfmt_path_emit	1	unobserved	unobserved	unobserved	unresolved	function 'ci_regen_ensure_rustfmt_path_script' not found in scope	0	unique_decl_unresolved_mechanism_unobserved
dag/test/claim/tool_readiness_witness_test.dag	ci_regen_rustfmt_unpinned_frontier	value	v2.workflow.ci_regen_rustfmt_path_emit	1	unobserved	unobserved	unobserved	unresolved	undefined variable 'ci_regen_rustfmt_unpinned_frontier'	5	unique_decl_unresolved_mechanism_unobserved
dag/test/claim/tool_readiness_witness_test.dag	ci_regen_rustfmt_unpinned_frontier	value	v2.workflow.ci_regen_rustfmt_path_emit	1	unobserved	unobserved	unobserved	unresolved	undefined variable 'ci_regen_rustfmt_unpinned_frontier'	5	unique_decl_unresolved_mechanism_unobserved
dag/test/claim/tool_readiness_witness_test.dag	ci_regen_rustfmt_unpinned_frontier	value	v2.workflow.ci_regen_rustfmt_path_emit	1	unobserved	unobserved	unobserved	unresolved	undefined variable 'ci_regen_rustfmt_unpinned_frontier'	5	unique_decl_unresolved_mechanism_unobserved
dag/test/claim/tool_readiness_witness_test.dag	ci_regen_rustfmt_unpinned_frontier	value	v2.workflow.ci_regen_rustfmt_path_emit	1	unobserved	unobserved	unobserved	unresolved	undefined variable 'ci_regen_rustfmt_unpinned_frontier'	5	unique_decl_unresolved_mechanism_unobserved
dag/test/claim/tool_readiness_witness_test.dag	ci_regen_rustfmt_unpinned_frontier	value	v2.workflow.ci_regen_rustfmt_path_emit	1	unobserved	unobserved	unobserved	unresolved	undefined variable 'ci_regen_rustfmt_unpinned_frontier'	5	unique_decl_unresolved_mechanism_unobserved
dag/test/claim/tool_readiness_witness_test.dag	ci_regen_rustfmt_unpinned_frontier	value	v2.workflow.ci_regen_rustfmt_path_emit	1	unobserved	unobserved	unobserved	unresolved	undefined variable 'ci_regen_rustfmt_unpinned_frontier'	5	unique_decl_unresolved_mechanism_unobserved
dag/gunbc/ci_materialization.dag	ci_release_build_script	callee	v2.workflow.ci_release_build_emit	1	unobserved	unobserved	unobserved	unresolved	function 'ci_release_build_script' not found in scope	0	unique_decl_unresolved_mechanism_unobserved
dag/gunbc/ci_materialization_gate.dag	ci_release_build_script	callee	v2.workflow.ci_release_build_emit	1	unobserved	unobserved	unobserved	unresolved	function 'ci_release_build_script' not found in scope	3	unique_decl_unresolved_mechanism_unobserved
dag/gunbc/ci_materialization_gate.dag	ci_release_build_script	callee	v2.workflow.ci_release_build_emit	1	unobserved	unobserved	unobserved	unresolved	function 'ci_release_build_script' not found in scope	3	unique_decl_unresolved_mechanism_unobserved
dag/gunbc/ci_materialization_gate.dag	ci_release_build_script	callee	v2.workflow.ci_release_build_emit	1	unobserved	unobserved	unobserved	unresolved	function 'ci_release_build_script' not found in scope	3	unique_decl_unresolved_mechanism_unobserved
dag/gunbc/ci_materialization_gate.dag	ci_release_build_script	callee	v2.workflow.ci_release_build_emit	1	unobserved	unobserved	unobserved	unresolved	function 'ci_release_build_script' not found in scope	3	unique_decl_unresolved_mechanism_unobserved
dag/gunbc/ci_workflow.dag	ci_release_build_script	callee	v2.workflow.ci_release_build_emit	1	unobserved	unobserved	unobserved	unresolved	function 'ci_release_build_script' not found in scope	0	unique_decl_unresolved_mechanism_unobserved
dag/test/claim/ci_deploy_witness_test.dag	ci_release_build_script	callee	v2.workflow.ci_release_build_emit	1	unobserved	unobserved	unobserved	unresolved	function 'ci_release_build_script' not found in scope	0	unique_decl_unresolved_mechanism_unobserved
dag/test/claim/ci_yaml_serializer_witness_test.dag	ci_release_build_script	callee	v2.workflow.ci_release_build_emit	1	unobserved	unobserved	unobserved	unresolved	function 'ci_release_build_script' not found in scope	0	unique_decl_unresolved_mechanism_unobserved
dag/tools/gunbc_ci.dag	gunbc_ci_run_script	callee	v2.workflow.ci_release_build_emit	1	unobserved	unobserved	unobserved	unresolved	function 'gunbc_ci_run_script' not found in scope	0	unique_decl_unresolved_mechanism_unobserved
dag/gunbc/ci_workflow.dag	ci_cargo_eagain_retry_script	callee	v2.workflow.ci_retry_emit	1	unobserved	unobserved	unobserved	unresolved	function 'ci_cargo_eagain_retry_script' not found in scope	0	unique_decl_unresolved_mechanism_unobserved
dag/gunbc/ci_workflow.dag	ci_stage0_partition_compile_gate_script	callee	v2.workflow.ci_stage0_partition_compile_gate_emit	1	unobserved	unobserved	unobserved	unresolved	function 'ci_stage0_partition_compile_gate_script' not found in scope	0	unique_decl_unresolved_mechanism_unobserved
dag/test/claim/ci_stage0_partition_compile_gate_witness_test.dag	ci_stage0_partition_compile_gate_extra_args	callee	v2.workflow.ci_stage0_partition_compile_gate_emit	1	unobserved	unobserved	unobserved	unresolved	function 'ci_stage0_partition_compile_gate_extra_args' not found in scope	0	unique_decl_unresolved_mechanism_unobserved
dag/test/claim/ci_stage0_partition_compile_gate_witness_test.dag	ci_stage0_partition_compile_gate_intent	callee	v2.workflow.ci_stage0_partition_compile_gate_emit	1	unobserved	unobserved	unobserved	unresolved	function 'ci_stage0_partition_compile_gate_intent' not found in scope	0	unique_decl_unresolved_mechanism_unobserved
dag/test/claim/ci_stage0_partition_compile_gate_witness_test.dag	ci_stage0_partition_compile_gate_package_count_holds	callee	v2.workflow.ci_stage0_partition_compile_gate_emit	1	unobserved	unobserved	unobserved	unresolved	function 'ci_stage0_partition_compile_gate_package_count_holds' not found in scope	0	unique_decl_unresolved_mechanism_unobserved
dag/test/claim/ci_stage0_partition_compile_gate_witness_test.dag	ci_stage0_partition_compile_gate_refusal_prefix	value	v2.workflow.ci_stage0_partition_compile_gate_emit	1	unobserved	unobserved	unobserved	unresolved	undefined variable 'ci_stage0_partition_compile_gate_refusal_prefix'	0	unique_decl_unresolved_mechanism_unobserved
dag/test/claim/ci_stage0_partition_compile_gate_witness_test.dag	ci_stage0_partition_compile_gate_render	callee	v2.workflow.ci_stage0_partition_compile_gate_emit	1	unobserved	unobserved	unobserved	unresolved	function 'ci_stage0_partition_compile_gate_render' not found in scope	0	unique_decl_unresolved_mechanism_unobserved
dag/test/claim/ci_stage0_partition_compile_gate_witness_test.dag	ci_stage0_partition_compile_gate_script	callee	v2.workflow.ci_stage0_partition_compile_gate_emit	1	unobserved	unobserved	unobserved	unresolved	function 'ci_stage0_partition_compile_gate_script' not found in scope	2	unique_decl_unresolved_mechanism_unobserved
dag/test/claim/ci_stage0_partition_compile_gate_witness_test.dag	ci_stage0_partition_compile_gate_script	callee	v2.workflow.ci_stage0_partition_compile_gate_emit	1	unobserved	unobserved	unobserved	unresolved	function 'ci_stage0_partition_compile_gate_script' not found in scope	2	unique_decl_unresolved_mechanism_unobserved
dag/test/claim/ci_stage0_partition_compile_gate_witness_test.dag	ci_stage0_partition_compile_gate_script	callee	v2.workflow.ci_stage0_partition_compile_gate_emit	1	unobserved	unobserved	unobserved	unresolved	function 'ci_stage0_partition_compile_gate_script' not found in scope	2	unique_decl_unresolved_mechanism_unobserved
dag/test/claim/ci_stage0_partition_compile_gate_witness_test.dag	ci_stage0_partition_compile_gate_shell_emit_dissolution_trigger	value	v2.workflow.ci_stage0_partition_compile_gate_emit	1	unobserved	unobserved	unobserved	unresolved	undefined variable 'ci_stage0_partition_compile_gate_shell_emit_dissolution_trigger'	0	unique_decl_unresolved_mechanism_unobserved
dag/test/claim/ci_stage0_partition_compile_gate_witness_test.dag	ci_stage0_partition_compile_gate_shell_emit_scaffold	value	v2.workflow.ci_stage0_partition_compile_gate_emit	1	unobserved	unobserved	unobserved	unresolved	undefined variable 'ci_stage0_partition_compile_gate_shell_emit_scaffold'	0	unique_decl_unresolved_mechanism_unobserved
dag/gunbc/ci_workflow.dag	ci_v1_compiler_tests_compile_gate_command	callee	v2.workflow.ci_v1_compiler_tests_compile_gate_emit	1	unobserved	unobserved	unobserved	unresolved	function 'ci_v1_compiler_tests_compile_gate_command' not found in scope	0	unique_decl_unresolved_mechanism_unobserved
dag/gunbc/ci_workflow.dag	ci_v1_compiler_tests_compile_gate_shell_emit_dissolution_trigger	value	v2.workflow.ci_v1_compiler_tests_compile_gate_emit	1	unobserved	unobserved	unobserved	unresolved	undefined variable 'ci_v1_compiler_tests_compile_gate_shell_emit_dissolution_trigger'	0	unique_decl_unresolved_mechanism_unobserved
dag/test/claim/ci_v1_compiler_tests_compile_gate_witness_test.dag	ci_v1_compiler_tests_compile_gate_script	callee	v2.workflow.ci_v1_compiler_tests_compile_gate_emit	1	unobserved	unobserved	unobserved	unresolved	function 'ci_v1_compiler_tests_compile_gate_script' not found in scope	0	unique_decl_unresolved_mechanism_unobserved
dag/test/claim/ci_v1_compiler_tests_compile_gate_witness_test.dag	ci_v1_compiler_tests_compile_gate_shell_emit_scaffold	value	v2.workflow.ci_v1_compiler_tests_compile_gate_emit	1	unobserved	unobserved	unobserved	unresolved	undefined variable 'ci_v1_compiler_tests_compile_gate_shell_emit_scaffold'	0	unique_decl_unresolved_mechanism_unobserved
dag/gunbc/ci_workflow.dag	ci_isolate_toolchain_script	callee	v2.workflow.ci_workflow_run_emit	1	unobserved	unobserved	unobserved	unresolved	function 'ci_isolate_toolchain_script' not found in scope	0	unique_decl_unresolved_mechanism_unobserved
dag/gunbc/ci_workflow.dag	ci_native_cache_root_script	callee	v2.workflow.ci_workflow_run_emit	1	unobserved	unobserved	unobserved	unresolved	function 'ci_native_cache_root_script' not found in scope	0	unique_decl_unresolved_mechanism_unobserved
dag/gunbc/ci_workflow.dag	ci_pin_rustup_default_script	callee	v2.workflow.ci_workflow_run_emit	1	unobserved	unobserved	unobserved	unresolved	function 'ci_pin_rustup_default_script' not found in scope	0	unique_decl_unresolved_mechanism_unobserved
dag/gunbc/ci_workflow.dag	ci_selection_control_script	callee	v2.workflow.ci_workflow_run_emit	1	unobserved	unobserved	unobserved	unresolved	function 'ci_selection_control_script' not found in scope	0	unique_decl_unresolved_mechanism_unobserved
dag/test/claim/ci_native_cache_root_witness_test.dag	ci_isolate_toolchain_script	callee	v2.workflow.ci_workflow_run_emit	1	unobserved	unobserved	unobserved	unresolved	function 'ci_isolate_toolchain_script' not found in scope	0	unique_decl_unresolved_mechanism_unobserved
dag/test/claim/ci_native_cache_root_witness_test.dag	ci_isolate_toolchain_script_excludes_segment_derivation	callee	v2.workflow.ci_workflow_run_emit	1	unobserved	unobserved	unobserved	unresolved	function 'ci_isolate_toolchain_script_excludes_segment_derivation' not found in scope	0	unique_decl_unresolved_mechanism_unobserved
dag/test/claim/ci_native_cache_root_witness_test.dag	ci_native_cache_fabricated_segment_literal	value	v2.workflow.ci_workflow_run_emit	1	unobserved	unobserved	unobserved	unresolved	undefined variable 'ci_native_cache_fabricated_segment_literal'	5	unique_decl_unresolved_mechanism_unobserved
dag/test/claim/ci_native_cache_root_witness_test.dag	ci_native_cache_fabricated_segment_literal	value	v2.workflow.ci_workflow_run_emit	1	unobserved	unobserved	unobserved	unresolved	undefined variable 'ci_native_cache_fabricated_segment_literal'	5	unique_decl_unresolved_mechanism_unobserved
dag/test/claim/ci_native_cache_root_witness_test.dag	ci_native_cache_fabricated_segment_literal	value	v2.workflow.ci_workflow_run_emit	1	unobserved	unobserved	unobserved	unresolved	undefined variable 'ci_native_cache_fabricated_segment_literal'	5	unique_decl_unresolved_mechanism_unobserved
dag/test/claim/ci_native_cache_root_witness_test.dag	ci_native_cache_fabricated_segment_literal	value	v2.workflow.ci_workflow_run_emit	1	unobserved	unobserved	unobserved	unresolved	undefined variable 'ci_native_cache_fabricated_segment_literal'	5	unique_decl_unresolved_mechanism_unobserved
dag/test/claim/ci_native_cache_root_witness_test.dag	ci_native_cache_fabricated_segment_literal	value	v2.workflow.ci_workflow_run_emit	1	unobserved	unobserved	unobserved	unresolved	undefined variable 'ci_native_cache_fabricated_segment_literal'	5	unique_decl_unresolved_mechanism_unobserved
dag/test/claim/ci_native_cache_root_witness_test.dag	ci_native_cache_fabricated_segment_literal	value	v2.workflow.ci_workflow_run_emit	1	unobserved	unobserved	unobserved	unresolved	undefined variable 'ci_native_cache_fabricated_segment_literal'	5	unique_decl_unresolved_mechanism_unobserved
dag/test/claim/ci_native_cache_root_witness_test.dag	ci_native_cache_root_script	callee	v2.workflow.ci_workflow_run_emit	1	unobserved	unobserved	unobserved	unresolved	function 'ci_native_cache_root_script' not found in scope	2	unique_decl_unresolved_mechanism_unobserved
dag/test/claim/ci_native_cache_root_witness_test.dag	ci_native_cache_root_script	callee	v2.workflow.ci_workflow_run_emit	1	unobserved	unobserved	unobserved	unresolved	function 'ci_native_cache_root_script' not found in scope	2	unique_decl_unresolved_mechanism_unobserved
dag/test/claim/ci_native_cache_root_witness_test.dag	ci_native_cache_root_script	callee	v2.workflow.ci_workflow_run_emit	1	unobserved	unobserved	unobserved	unresolved	function 'ci_native_cache_root_script' not found in scope	2	unique_decl_unresolved_mechanism_unobserved
dag/test/claim/ci_native_cache_root_witness_test.dag	ci_native_cache_root_shell_emit_dissolution_trigger	value	v2.workflow.ci_workflow_run_emit	1	unobserved	unobserved	unobserved	unresolved	undefined variable 'ci_native_cache_root_shell_emit_dissolution_trigger'	0	unique_decl_unresolved_mechanism_unobserved
dag/test/claim/ci_native_cache_root_witness_test.dag	ci_native_cache_root_shell_emit_scaffold	value	v2.workflow.ci_workflow_run_emit	1	unobserved	unobserved	unobserved	unresolved	undefined variable 'ci_native_cache_root_shell_emit_scaffold'	0	unique_decl_unresolved_mechanism_unobserved
dag/test/claim/ci_native_cache_root_witness_test.dag	ci_native_cache_segment_script_refuses_fabrication	callee	v2.workflow.ci_workflow_run_emit	1	unobserved	unobserved	unobserved	unresolved	function 'ci_native_cache_segment_script_refuses_fabrication' not found in scope	2	unique_decl_unresolved_mechanism_unobserved
dag/test/claim/ci_native_cache_root_witness_test.dag	ci_native_cache_segment_script_refuses_fabrication	callee	v2.workflow.ci_workflow_run_emit	1	unobserved	unobserved	unobserved	unresolved	function 'ci_native_cache_segment_script_refuses_fabrication' not found in scope	2	unique_decl_unresolved_mechanism_unobserved
dag/test/claim/ci_native_cache_root_witness_test.dag	ci_native_cache_segment_script_refuses_fabrication	callee	v2.workflow.ci_workflow_run_emit	1	unobserved	unobserved	unobserved	unresolved	function 'ci_native_cache_segment_script_refuses_fabrication' not found in scope	2	unique_decl_unresolved_mechanism_unobserved
dag/test/claim/rust_test_fixtures_import_closure_witness_test.dag	class_b_ambient_pool_provider_preserves_listed_import	callee	v2.workflow.class_b_import_closure_transport	1	unobserved	unobserved	unobserved	unresolved	function 'class_b_ambient_pool_provider_preserves_listed_import' not found in scope	0	unique_decl_unresolved_mechanism_unobserved
dag/test/claim/rust_test_fixtures_import_closure_witness_test.dag	class_b_declared_import_closure_lists_rust_import	callee	v2.workflow.class_b_import_closure_transport	1	unobserved	unobserved	unobserved	unresolved	function 'class_b_declared_import_closure_lists_rust_import' not found in scope	0	unique_decl_unresolved_mechanism_unobserved
dag/test/claim/long/commit_witness_claim_roster_witness_test.dag	commit_witness_claim_roster_live_unresolvable_count	callee	v2.workflow.commit_witness_claim_roster	1	unobserved	unobserved	unobserved	unresolved	function 'commit_witness_claim_roster_live_unresolvable_count' not found in scope	0	unique_decl_unresolved_mechanism_unobserved
dag/gunbc/bash_materialized_transport.dag	EffectPlanBashMaterialization	type	v2.workflow.effect_plan_bash_materialize	1	unobserved	unobserved	unobserved	unresolved	unresolved type 'EffectPlanBashMaterialization'	0	unique_decl_unresolved_mechanism_unobserved
dag/test/claim/ci_stage0_partition_compile_gate_witness_test.dag	BashBoundOperationInvocation	type	v2.workflow.effect_plan_bash_materialize	1	unobserved	unobserved	unobserved	unresolved	unresolved type 'BashBoundOperationInvocation'	1	unique_decl_unresolved_mechanism_unobserved
dag/test/claim/ci_stage0_partition_compile_gate_witness_test.dag	BashBoundOperationInvocation	type	v2.workflow.effect_plan_bash_materialize	1	unobserved	unobserved	unobserved	unresolved	unresolved type 'BashBoundOperationInvocation'	1	unique_decl_unresolved_mechanism_unobserved
dag/test/claim/ci_stage0_partition_compile_gate_witness_test.dag	bash_bind_operation_invocation	callee	v2.workflow.effect_plan_bash_materialize	1	unobserved	unobserved	unobserved	unresolved	function 'bash_bind_operation_invocation' not found in scope	0	unique_decl_unresolved_mechanism_unobserved
dag/test/claim/ci_stage0_partition_compile_gate_witness_test.dag	effect_plan_bash_materialize	callee	v2.workflow.effect_plan_bash_materialize	1	unobserved	unobserved	unobserved	unresolved	function 'effect_plan_bash_materialize' not found in scope	0	unique_decl_unresolved_mechanism_unobserved
dag/test/claim/effect_plan_bash_materialize_real_execution_witness_test.dag	BashBoundOperationInvocation	type	v2.workflow.effect_plan_bash_materialize	1	unobserved	unobserved	unobserved	unresolved	unresolved type 'BashBoundOperationInvocation'	6	unique_decl_unresolved_mechanism_unobserved
dag/test/claim/effect_plan_bash_materialize_real_execution_witness_test.dag	BashBoundOperationInvocation	type	v2.workflow.effect_plan_bash_materialize	1	unobserved	unobserved	unobserved	unresolved	unresolved type 'BashBoundOperationInvocation'	6	unique_decl_unresolved_mechanism_unobserved
dag/test/claim/effect_plan_bash_materialize_real_execution_witness_test.dag	BashBoundOperationInvocation	type	v2.workflow.effect_plan_bash_materialize	1	unobserved	unobserved	unobserved	unresolved	unresolved type 'BashBoundOperationInvocation'	6	unique_decl_unresolved_mechanism_unobserved
dag/test/claim/effect_plan_bash_materialize_real_execution_witness_test.dag	BashBoundOperationInvocation	type	v2.workflow.effect_plan_bash_materialize	1	unobserved	unobserved	unobserved	unresolved	unresolved type 'BashBoundOperationInvocation'	6	unique_decl_unresolved_mechanism_unobserved
dag/test/claim/effect_plan_bash_materialize_real_execution_witness_test.dag	BashBoundOperationInvocation	type	v2.workflow.effect_plan_bash_materialize	1	unobserved	unobserved	unobserved	unresolved	unresolved type 'BashBoundOperationInvocation'	6	unique_decl_unresolved_mechanism_unobserved
dag/test/claim/effect_plan_bash_materialize_real_execution_witness_test.dag	BashBoundOperationInvocation	type	v2.workflow.effect_plan_bash_materialize	1	unobserved	unobserved	unobserved	unresolved	unresolved type 'BashBoundOperationInvocation'	6	unique_decl_unresolved_mechanism_unobserved
dag/test/claim/effect_plan_bash_materialize_real_execution_witness_test.dag	BashBoundOperationInvocation	type	v2.workflow.effect_plan_bash_materialize	1	unobserved	unobserved	unobserved	unresolved	unresolved type 'BashBoundOperationInvocation'	6	unique_decl_unresolved_mechanism_unobserved
dag/test/claim/effect_plan_bash_materialize_real_execution_witness_test.dag	bash_bind_operation_invocation	callee	v2.workflow.effect_plan_bash_materialize	1	unobserved	unobserved	unobserved	unresolved	function 'bash_bind_operation_invocation' not found in scope	0	unique_decl_unresolved_mechanism_unobserved
dag/test/claim/effect_plan_bash_materialize_real_execution_witness_test.dag	effect_plan_bash_materialize	callee	v2.workflow.effect_plan_bash_materialize	1	unobserved	unobserved	unobserved	unresolved	function 'effect_plan_bash_materialize' not found in scope	1	unique_decl_unresolved_mechanism_unobserved
dag/test/claim/effect_plan_bash_materialize_real_execution_witness_test.dag	effect_plan_bash_materialize	callee	v2.workflow.effect_plan_bash_materialize	1	unobserved	unobserved	unobserved	unresolved	function 'effect_plan_bash_materialize' not found in scope	1	unique_decl_unresolved_mechanism_unobserved
dag/tools/dag_compile_clean_scope.dag	compile_clean_all_touched_paths_docs_universe	callee	v2.workflow.floor_compile_clean_predicates	1	unobserved	unobserved	unobserved	unresolved	function 'compile_clean_all_touched_paths_docs_universe' not found in scope	0	unique_decl_unresolved_mechanism_unobserved
dag/tools/dag_compile_clean_scope.dag	compile_clean_all_touched_paths_selectable	callee	v2.workflow.floor_compile_clean_predicates	1	unobserved	unobserved	unobserved	unresolved	function 'compile_clean_all_touched_paths_selectable' not found in scope	0	unique_decl_unresolved_mechanism_unobserved
dag/tools/dag_compile_clean_scope.dag	compile_clean_departed_paths_outside_docs	callee	v2.workflow.floor_compile_clean_predicates	1	unobserved	unobserved	unobserved	unresolved	function 'compile_clean_departed_paths_outside_docs' not found in scope	0	unique_decl_unresolved_mechanism_unobserved
dag/test/claim/diff_window_cross_seam_witness_test.dag	floor_diff_mode_for_baseline	callee	v2.workflow.floor_diff_observe	1	unobserved	unobserved	unobserved	unresolved	function 'floor_diff_mode_for_baseline' not found in scope	0	unique_decl_unresolved_mechanism_unobserved
dag/test/claim/diff_window_cross_seam_witness_test.dag	floor_git_diff_range_of_mode	callee	v2.workflow.floor_diff_observe	1	unobserved	unobserved	unobserved	unresolved	function 'floor_git_diff_range_of_mode' not found in scope	0	unique_decl_unresolved_mechanism_unobserved
dag/tools/module_impact_query_front_door.dag	floor_observe_git_diff_name_status_for_ci	callee	v2.workflow.floor_diff_observe	1	unobserved	unobserved	unobserved	unresolved	function 'floor_observe_git_diff_name_status_for_ci' not found in scope	0	unique_decl_unresolved_mechanism_unobserved
dag/test/claim/floor_discovery_hand_rust_equivalence_witness_test.dag	FloorDiscoveryRow	type	v2.workflow.floor_discovery	1	unobserved	unobserved	unobserved	unresolved	unresolved type 'FloorDiscoveryRow'	2	unique_decl_unresolved_mechanism_unobserved
dag/test/claim/floor_discovery_hand_rust_equivalence_witness_test.dag	FloorDiscoveryRow	type	v2.workflow.floor_discovery	1	unobserved	unobserved	unobserved	unresolved	unresolved type 'FloorDiscoveryRow'	2	unique_decl_unresolved_mechanism_unobserved
dag/test/claim/floor_discovery_hand_rust_equivalence_witness_test.dag	FloorDiscoveryRow	type	v2.workflow.floor_discovery	1	unobserved	unobserved	unobserved	unresolved	unresolved type 'FloorDiscoveryRow'	2	unique_decl_unresolved_mechanism_unobserved
dag/test/claim/floor_discovery_hand_rust_equivalence_witness_test.dag	FloorDiscoverySidecarViolation	type	v2.workflow.floor_discovery	1	unobserved	unobserved	unobserved	unresolved	unresolved type 'FloorDiscoverySidecarViolation'	1	unique_decl_unresolved_mechanism_unobserved
dag/test/claim/floor_discovery_hand_rust_equivalence_witness_test.dag	FloorDiscoverySidecarViolation	type	v2.workflow.floor_discovery	1	unobserved	unobserved	unobserved	unresolved	unresolved type 'FloorDiscoverySidecarViolation'	1	unique_decl_unresolved_mechanism_unobserved
dag/test/claim/floor_discovery_hand_rust_equivalence_witness_test.dag	floor_discovery_test_decl_sidecar_violation	callee	v2.workflow.floor_discovery	1	unobserved	unobserved	unobserved	unresolved	function 'floor_discovery_test_decl_sidecar_violation' not found in scope	1	unique_decl_unresolved_mechanism_unobserved
dag/test/claim/floor_discovery_hand_rust_equivalence_witness_test.dag	floor_discovery_test_decl_sidecar_violation	callee	v2.workflow.floor_discovery	1	unobserved	unobserved	unobserved	unresolved	function 'floor_discovery_test_decl_sidecar_violation' not found in scope	1	unique_decl_unresolved_mechanism_unobserved
dag/test/claim/floor_discovery_hand_rust_equivalence_witness_test.dag	discover_floor_corpus_rows_from_host_facts	callee	v2.workflow.floor_discovery_producer	1	unobserved	unobserved	unobserved	unresolved	function 'discover_floor_corpus_rows_from_host_facts' not found in scope	1	unique_decl_unresolved_mechanism_unobserved
dag/test/claim/floor_discovery_hand_rust_equivalence_witness_test.dag	discover_floor_corpus_rows_from_host_facts	callee	v2.workflow.floor_discovery_producer	1	unobserved	unobserved	unobserved	unresolved	function 'discover_floor_corpus_rows_from_host_facts' not found in scope	1	unique_decl_unresolved_mechanism_unobserved
dag/test/claim/floor_discovery_hand_rust_equivalence_witness_test.dag	floor_discovery_content_has_wire_contract_decl	callee	v2.workflow.floor_discovery_producer	1	unobserved	unobserved	unobserved	unresolved	function 'floor_discovery_content_has_wire_contract_decl' not found in scope	1	unique_decl_unresolved_mechanism_unobserved
dag/test/claim/floor_discovery_hand_rust_equivalence_witness_test.dag	floor_discovery_content_has_wire_contract_decl	callee	v2.workflow.floor_discovery_producer	1	unobserved	unobserved	unobserved	unresolved	function 'floor_discovery_content_has_wire_contract_decl' not found in scope	1	unique_decl_unresolved_mechanism_unobserved
dag/test/claim/floor_discovery_hand_rust_equivalence_witness_test.dag	floor_discovery_entry_live_tree_disposition_refusal_for_content	callee	v2.workflow.floor_discovery_producer	1	unobserved	unobserved	unobserved	unresolved	function 'floor_discovery_entry_live_tree_disposition_refusal_for_content' not found in scope	3	unique_decl_unresolved_mechanism_unobserved
dag/test/claim/floor_discovery_hand_rust_equivalence_witness_test.dag	floor_discovery_entry_live_tree_disposition_refusal_for_content	callee	v2.workflow.floor_discovery_producer	1	unobserved	unobserved	unobserved	unresolved	function 'floor_discovery_entry_live_tree_disposition_refusal_for_content' not found in scope	3	unique_decl_unresolved_mechanism_unobserved
dag/test/claim/floor_discovery_hand_rust_equivalence_witness_test.dag	floor_discovery_entry_live_tree_disposition_refusal_for_content	callee	v2.workflow.floor_discovery_producer	1	unobserved	unobserved	unobserved	unresolved	function 'floor_discovery_entry_live_tree_disposition_refusal_for_content' not found in scope	3	unique_decl_unresolved_mechanism_unobserved
dag/test/claim/floor_discovery_hand_rust_equivalence_witness_test.dag	floor_discovery_entry_live_tree_disposition_refusal_for_content	callee	v2.workflow.floor_discovery_producer	1	unobserved	unobserved	unobserved	unresolved	function 'floor_discovery_entry_live_tree_disposition_refusal_for_content' not found in scope	3	unique_decl_unresolved_mechanism_unobserved
dag/test/claim/floor_discovery_hand_rust_equivalence_witness_test.dag	floor_discovery_sidecar_refusal_reason	callee	v2.workflow.floor_discovery_producer	1	unobserved	unobserved	unobserved	unresolved	function 'floor_discovery_sidecar_refusal_reason' not found in scope	0	unique_decl_unresolved_mechanism_unobserved
dag/test/claim/floor_discovery_hand_rust_equivalence_witness_test.dag	floor_discovery_surface_text_scan_dissolve_on	value	v2.workflow.floor_discovery_producer	1	unobserved	unobserved	unobserved	unresolved	undefined variable 'floor_discovery_surface_text_scan_dissolve_on'	1	unique_decl_unresolved_mechanism_unobserved
dag/test/claim/floor_discovery_hand_rust_equivalence_witness_test.dag	floor_discovery_surface_text_scan_dissolve_on	value	v2.workflow.floor_discovery_producer	1	unobserved	unobserved	unobserved	unresolved	undefined variable 'floor_discovery_surface_text_scan_dissolve_on'	1	unique_decl_unresolved_mechanism_unobserved
dag/test/claim/floor_discovery_hand_rust_equivalence_witness_test.dag	floor_discovery_surface_text_scan_scaffold	value	v2.workflow.floor_discovery_producer	1	unobserved	unobserved	unobserved	unresolved	undefined variable 'floor_discovery_surface_text_scan_scaffold'	0	unique_decl_unresolved_mechanism_unobserved
dag/test/claim/floor_discovery_hand_rust_equivalence_witness_test.dag	floor_discovery_wire_contract_sidecar_refusal_for_content	callee	v2.workflow.floor_discovery_producer	1	unobserved	unobserved	unobserved	unresolved	function 'floor_discovery_wire_contract_sidecar_refusal_for_content' not found in scope	0	unique_decl_unresolved_mechanism_unobserved
dag/gunbc/test_module_hygiene.dag	floor_discovery_scan_test_decl_names	callee	v2.workflow.floor_naming_hygiene	1	unobserved	unobserved	unobserved	unresolved	function 'floor_discovery_scan_test_decl_names' not found in scope	1	unique_decl_unresolved_mechanism_unobserved
dag/gunbc/test_module_hygiene.dag	floor_discovery_scan_test_decl_names	callee	v2.workflow.floor_naming_hygiene	1	unobserved	unobserved	unobserved	unresolved	function 'floor_discovery_scan_test_decl_names' not found in scope	1	unique_decl_unresolved_mechanism_unobserved
dag/test/claim/floor_discovery_hand_rust_equivalence_witness_test.dag	floor_discovery_scan_test_decl_names	callee	v2.workflow.floor_naming_hygiene	1	unobserved	unobserved	unobserved	unresolved	function 'floor_discovery_scan_test_decl_names' not found in scope	1	unique_decl_unresolved_mechanism_unobserved
dag/test/claim/floor_discovery_hand_rust_equivalence_witness_test.dag	floor_discovery_scan_test_decl_names	callee	v2.workflow.floor_naming_hygiene	1	unobserved	unobserved	unobserved	unresolved	function 'floor_discovery_scan_test_decl_names' not found in scope	1	unique_decl_unresolved_mechanism_unobserved
dag/test/claim/floor_discovery_hand_rust_equivalence_witness_test.dag	floor_filename_hygiene_refusal_for_paths	callee	v2.workflow.floor_naming_hygiene	1	unobserved	unobserved	unobserved	unresolved	function 'floor_filename_hygiene_refusal_for_paths' not found in scope	1	unique_decl_unresolved_mechanism_unobserved
dag/test/claim/floor_discovery_hand_rust_equivalence_witness_test.dag	floor_filename_hygiene_refusal_for_paths	callee	v2.workflow.floor_naming_hygiene	1	unobserved	unobserved	unobserved	unresolved	function 'floor_filename_hygiene_refusal_for_paths' not found in scope	1	unique_decl_unresolved_mechanism_unobserved
dag/test/claim/floor_discovery_hand_rust_equivalence_witness_test.dag	floor_test_sidecar_suffix	value	v2.workflow.floor_naming_hygiene	1	unobserved	unobserved	unobserved	unresolved	undefined variable 'floor_test_sidecar_suffix'	0	unique_decl_unresolved_mechanism_unobserved
dag/test/claim/floor_discovery_hand_rust_equivalence_witness_test.dag	floor_wire_contract_sidecar_suffix	value	v2.workflow.floor_naming_hygiene	1	unobserved	unobserved	unobserved	unresolved	undefined variable 'floor_wire_contract_sidecar_suffix'	0	unique_decl_unresolved_mechanism_unobserved
dag/gunbc/stage0_crate_partition_emit.dag	Stage0PartitionCrateRow	type	v2.workflow.rust_crate_partition	1	unobserved	unobserved	unobserved	unresolved	unresolved type 'Stage0PartitionCrateRow'	2	unique_decl_unresolved_mechanism_unobserved
dag/gunbc/stage0_crate_partition_emit.dag	Stage0PartitionCrateRow	type	v2.workflow.rust_crate_partition	1	unobserved	unobserved	unobserved	unresolved	unresolved type 'Stage0PartitionCrateRow'	2	unique_decl_unresolved_mechanism_unobserved
dag/gunbc/stage0_crate_partition_emit.dag	Stage0PartitionCrateRow	type	v2.workflow.rust_crate_partition	1	unobserved	unobserved	unobserved	unresolved	unresolved type 'Stage0PartitionCrateRow'	2	unique_decl_unresolved_mechanism_unobserved
dag/gunbc/stage0_crate_partition_emit.dag	stage0_partition_crate_rows	callee	v2.workflow.rust_crate_partition	1	unobserved	unobserved	unobserved	unresolved	function 'stage0_partition_crate_rows' not found in scope	0	unique_decl_unresolved_mechanism_unobserved
dag/gunbc/stage0_rust_source_lifecycle_scaffold.dag	stage0_partition_crate_rows	callee	v2.workflow.rust_crate_partition	1	unobserved	unobserved	unobserved	unresolved	function 'stage0_partition_crate_rows' not found in scope	1	unique_decl_unresolved_mechanism_unobserved
dag/gunbc/stage0_rust_source_lifecycle_scaffold.dag	stage0_partition_crate_rows	callee	v2.workflow.rust_crate_partition	1	unobserved	unobserved	unobserved	unresolved	function 'stage0_partition_crate_rows' not found in scope	1	unique_decl_unresolved_mechanism_unobserved
dag/test/claim/exact_witness_admission_witness_test.dag	explicit_witness_admission_rows_well_formed_holds	callee	v2.workflow.witness_admission	1	unobserved	unobserved	unobserved	unresolved	function 'explicit_witness_admission_rows_well_formed_holds' not found in scope	0	unique_decl_unresolved_mechanism_unobserved
dag/test/claim/exact_witness_admission_witness_test.dag	explicit_witness_admission_uniqueness_holds	callee	v2.workflow.witness_admission	1	unobserved	unobserved	unobserved	unresolved	function 'explicit_witness_admission_uniqueness_holds' not found in scope	0	unique_decl_unresolved_mechanism_unobserved
dag/test/claim/exact_witness_admission_witness_test.dag	explicit_witness_admissions_are_excluded_holds	callee	v2.workflow.witness_admission	1	unobserved	unobserved	unobserved	unresolved	function 'explicit_witness_admissions_are_excluded_holds' not found in scope	0	unique_decl_unresolved_mechanism_unobserved
dag/test/claim/exact_witness_admission_witness_test.dag	explicit_witness_admissions_are_scheduled_holds	callee	v2.workflow.witness_admission	1	unobserved	unobserved	unobserved	unresolved	function 'explicit_witness_admissions_are_scheduled_holds' not found in scope	0	unique_decl_unresolved_mechanism_unobserved
dag/test/claim/exact_witness_admission_witness_test.dag	explicit_witness_admissions_each_cover_themselves	callee	v2.workflow.witness_admission	1	unobserved	unobserved	unobserved	unresolved	function 'explicit_witness_admissions_each_cover_themselves' not found in scope	0	unique_decl_unresolved_mechanism_unobserved
dag/test/claim/exact_witness_admission_witness_test.dag	witness_exclusion_frontier_carries_no_admission_holds	callee	v2.workflow.witness_admission	1	unobserved	unobserved	unobserved	unresolved	function 'witness_exclusion_frontier_carries_no_admission_holds' not found in scope	0	unique_decl_unresolved_mechanism_unobserved
dag/test/claim/witness_deferral_freeze_witness_test.dag	frozen_path_deferrals_all_discovered	callee	v2.workflow.witness_admission	1	unobserved	unobserved	unobserved	unresolved	function 'frozen_path_deferrals_all_discovered' not found in scope	1	unique_decl_unresolved_mechanism_unobserved
dag/test/claim/witness_deferral_freeze_witness_test.dag	frozen_path_deferrals_all_discovered	callee	v2.workflow.witness_admission	1	unobserved	unobserved	unobserved	unresolved	function 'frozen_path_deferrals_all_discovered' not found in scope	1	unique_decl_unresolved_mechanism_unobserved
dag/test/claim/witness_deferral_freeze_witness_test.dag	witness_floor_admission_holds	callee	v2.workflow.witness_admission	1	unobserved	unobserved	unobserved	unresolved	function 'witness_floor_admission_holds' not found in scope	1	unique_decl_unresolved_mechanism_unobserved
dag/test/claim/witness_deferral_freeze_witness_test.dag	witness_floor_admission_holds	callee	v2.workflow.witness_admission	1	unobserved	unobserved	unobserved	unresolved	function 'witness_floor_admission_holds' not found in scope	1	unique_decl_unresolved_mechanism_unobserved
dag/test/claim/witness_deferral_freeze_witness_test.dag	witness_has_executing_consumer	callee	v2.workflow.witness_admission	1	unobserved	unobserved	unobserved	unresolved	function 'witness_has_executing_consumer' not found in scope	2	unique_decl_unresolved_mechanism_unobserved
dag/test/claim/witness_deferral_freeze_witness_test.dag	witness_has_executing_consumer	callee	v2.workflow.witness_admission	1	unobserved	unobserved	unobserved	unresolved	function 'witness_has_executing_consumer' not found in scope	2	unique_decl_unresolved_mechanism_unobserved
dag/test/claim/witness_deferral_freeze_witness_test.dag	witness_has_executing_consumer	callee	v2.workflow.witness_admission	1	unobserved	unobserved	unobserved	unresolved	function 'witness_has_executing_consumer' not found in scope	2	unique_decl_unresolved_mechanism_unobserved
dag/test/claim/witness_deferral_freeze_witness_test.dag	witness_has_executing_consumer_for_row	callee	v2.workflow.witness_admission	1	unobserved	unobserved	unobserved	unresolved	function 'witness_has_executing_consumer_for_row' not found in scope	0	unique_decl_unresolved_mechanism_unobserved
dag/test/claim/witness_deferral_freeze_witness_test.dag	witness_path_policy_execution_standing_in	callee	v2.workflow.witness_admission	1	unobserved	unobserved	unobserved	unresolved	function 'witness_path_policy_execution_standing_in' not found in scope	1	unique_decl_unresolved_mechanism_unobserved
dag/test/claim/witness_deferral_freeze_witness_test.dag	witness_path_policy_execution_standing_in	callee	v2.workflow.witness_admission	1	unobserved	unobserved	unobserved	unresolved	function 'witness_path_policy_execution_standing_in' not found in scope	1	unique_decl_unresolved_mechanism_unobserved
dag/extdeps/llm/anthropic.dag	PathRef	type	extdeps.coverage	1	unobserved	unobserved	unobserved	unresolved	unresolved type 'PathRef'	0	variant_mechanism_unobserved
dag/extdeps/llm/anthropic.dag	Blocked	type	extdeps.coverage|extdeps.github.merge_state	2	unobserved	unobserved	unobserved	unresolved	unresolved type 'Blocked'	0	variant_mechanism_unobserved
dag/extdeps/llm/openai.dag	Missing	type	extdeps.coverage|std.filesystem.types	2	unobserved	unobserved	unobserved	unresolved	unresolved type 'Missing'	3	variant_mechanism_unobserved
dag/extdeps/llm/openai.dag	Missing	type	extdeps.coverage|std.filesystem.types	2	unobserved	unobserved	unobserved	unresolved	unresolved type 'Missing'	3	variant_mechanism_unobserved
dag/extdeps/llm/openai.dag	Missing	type	extdeps.coverage|std.filesystem.types	2	unobserved	unobserved	unobserved	unresolved	unresolved type 'Missing'	3	variant_mechanism_unobserved
dag/extdeps/llm/openai.dag	Missing	type	extdeps.coverage|std.filesystem.types	2	unobserved	unobserved	unobserved	unresolved	unresolved type 'Missing'	3	variant_mechanism_unobserved
dag/extdeps/render/ansi.dag	Success	value	extdeps.github.checks|extdeps.github.expressions	2	unobserved	unobserved	unobserved	unresolved	undefined variable 'Success'	0	variant_mechanism_unobserved
dag/extdeps/render/glyphs.dag	Success	value	extdeps.github.checks|extdeps.github.expressions	2	unobserved	unobserved	unobserved	unresolved	undefined variable 'Success'	5	variant_mechanism_unobserved
dag/extdeps/render/glyphs.dag	Success	value	extdeps.github.checks|extdeps.github.expressions	2	unobserved	unobserved	unobserved	unresolved	undefined variable 'Success'	5	variant_mechanism_unobserved
dag/extdeps/render/glyphs.dag	Success	value	extdeps.github.checks|extdeps.github.expressions	2	unobserved	unobserved	unobserved	unresolved	undefined variable 'Success'	5	variant_mechanism_unobserved
dag/extdeps/render/glyphs.dag	Success	value	extdeps.github.checks|extdeps.github.expressions	2	unobserved	unobserved	unobserved	unresolved	undefined variable 'Success'	5	variant_mechanism_unobserved
dag/extdeps/render/glyphs.dag	Success	value	extdeps.github.checks|extdeps.github.expressions	2	unobserved	unobserved	unobserved	unresolved	undefined variable 'Success'	5	variant_mechanism_unobserved
dag/extdeps/render/glyphs.dag	Success	value	extdeps.github.checks|extdeps.github.expressions	2	unobserved	unobserved	unobserved	unresolved	undefined variable 'Success'	5	variant_mechanism_unobserved
dag/test/claim/observation_model_witness_test.dag	Success	value	extdeps.github.checks|extdeps.github.expressions	2	unobserved	unobserved	unobserved	unresolved	undefined variable 'Success'	0	variant_mechanism_unobserved
dag/test/claim/owned_ci_witness_test.dag	Success	value	extdeps.github.checks|extdeps.github.expressions	2	unobserved	unobserved	unobserved	unresolved	undefined variable 'Success'	2	variant_mechanism_unobserved
dag/test/claim/owned_ci_witness_test.dag	Success	value	extdeps.github.checks|extdeps.github.expressions	2	unobserved	unobserved	unobserved	unresolved	undefined variable 'Success'	2	variant_mechanism_unobserved
dag/test/claim/owned_ci_witness_test.dag	Success	value	extdeps.github.checks|extdeps.github.expressions	2	unobserved	unobserved	unobserved	unresolved	undefined variable 'Success'	2	variant_mechanism_unobserved
dag/gunbc/owned_ci.dag	Failure	value	extdeps.github.checks|extdeps.github.expressions|extdeps.github.workflow_runs	3	unobserved	unobserved	unobserved	unresolved	undefined variable 'Failure'	1	variant_mechanism_unobserved
dag/gunbc/owned_ci.dag	Failure	value	extdeps.github.checks|extdeps.github.expressions|extdeps.github.workflow_runs	3	unobserved	unobserved	unobserved	unresolved	undefined variable 'Failure'	1	variant_mechanism_unobserved
dag/gunbc/floor_component_receipt.dag	Skipped	type	extdeps.github.checks|extdeps.github.workflow_runs|gunbc.workflow.types|std.observation	4	unobserved	unobserved	unobserved	unresolved	unresolved type 'Skipped'	0	variant_mechanism_unobserved
dag/gunbc/floor_component_receipt.dag	TimedOut	type	extdeps.github.checks|extdeps.github.workflow_runs|gunbc.workflow.types|std.observation	4	unobserved	unobserved	unobserved	unresolved	unresolved type 'TimedOut'	0	variant_mechanism_unobserved
dag/gunbc/floor_component_receipt_document.dag	Skipped	type	extdeps.github.checks|extdeps.github.workflow_runs|gunbc.workflow.types|std.observation	4	unobserved	unobserved	unobserved	unresolved	unresolved type 'Skipped'	1	variant_mechanism_unobserved
dag/gunbc/floor_component_receipt_document.dag	Skipped	type	extdeps.github.checks|extdeps.github.workflow_runs|gunbc.workflow.types|std.observation	4	unobserved	unobserved	unobserved	unresolved	unresolved type 'Skipped'	1	variant_mechanism_unobserved
dag/gunbc/workflow_reconcile.dag	Unknown	type	extdeps.github.merge_state|extdeps.github.mergeable_state|std.encoding|std.reducible|v2.lens.vacuity|v2.std.execution_surface	6	unobserved	unobserved	unobserved	unresolved	unresolved type 'Unknown'	0	variant_mechanism_unobserved
dag/gunbc/host_effect_plan.dag	Call	variant	extdeps.languages.typescript.program|v2.extdeps.languages.llvm_ir|v2.std.effect_plan|v2.std.orchestration	4	unobserved	unobserved	unobserved	unresolved	variant 'Call' not found in type 'EffectPlanStep'	0	variant_mechanism_unobserved
dag/gunbc/host_effect_plan.dag	If	variant	extdeps.languages.typescript.program|v2.std.effect_plan|v2.std.orchestration	3	unobserved	unobserved	unobserved	unresolved	variant 'If' not found in type 'EffectPlanStep'	0	variant_mechanism_unobserved
dag/gunbc/host_effect_plan.dag	Let	variant	extdeps.languages.typescript.program|v2.std.effect_plan|v2.std.orchestration	3	unobserved	unobserved	unobserved	unresolved	variant 'Let' not found in type 'EffectPlanStep'	0	variant_mechanism_unobserved
dag/gunbc/floor_component_receipt.dag	Failed	type	extdeps.systemd|gunbc.workflow.types|std.observation|v2.test.manual.dissolution_subsumption_reverification	4	unobserved	unobserved	unobserved	unresolved	unresolved type 'Failed'	0	variant_mechanism_unobserved
dag/gunbc/floor_component_receipt_document.dag	Failed	type	extdeps.systemd|gunbc.workflow.types|std.observation|v2.test.manual.dissolution_subsumption_reverification	4	unobserved	unobserved	unobserved	unresolved	unresolved type 'Failed'	1	variant_mechanism_unobserved
dag/gunbc/floor_component_receipt_document.dag	Failed	type	extdeps.systemd|gunbc.workflow.types|std.observation|v2.test.manual.dissolution_subsumption_reverification	4	unobserved	unobserved	unobserved	unresolved	unresolved type 'Failed'	1	variant_mechanism_unobserved
dag/tools/generated_artifact_gate.dag	ExitSuccess	value	extdeps.transports.shell	1	unobserved	unobserved	unobserved	unresolved	undefined variable 'ExitSuccess'	0	variant_mechanism_unobserved
dag/gunbc/floor_component_receipt.dag	Refused	type	gunbc.accelerator_demo_plan|std.observation|v2.std.execution_surface|v2.workflow.affected_set_floor_runner	4	unobserved	unobserved	unobserved	unresolved	unresolved type 'Refused'	0	variant_mechanism_unobserved
dag/gunbc/floor_component_receipt_document.dag	Refused	type	gunbc.accelerator_demo_plan|std.observation|v2.std.execution_surface|v2.workflow.affected_set_floor_runner	4	unobserved	unobserved	unobserved	unresolved	unresolved type 'Refused'	4	variant_mechanism_unobserved
dag/gunbc/floor_component_receipt_document.dag	Refused	type	gunbc.accelerator_demo_plan|std.observation|v2.std.execution_surface|v2.workflow.affected_set_floor_runner	4	unobserved	unobserved	unobserved	unresolved	unresolved type 'Refused'	4	variant_mechanism_unobserved
dag/gunbc/floor_component_receipt_document.dag	Refused	type	gunbc.accelerator_demo_plan|std.observation|v2.std.execution_surface|v2.workflow.affected_set_floor_runner	4	unobserved	unobserved	unobserved	unresolved	unresolved type 'Refused'	4	variant_mechanism_unobserved
dag/gunbc/floor_component_receipt_document.dag	Refused	type	gunbc.accelerator_demo_plan|std.observation|v2.std.execution_surface|v2.workflow.affected_set_floor_runner	4	unobserved	unobserved	unobserved	unresolved	unresolved type 'Refused'	4	variant_mechanism_unobserved
dag/gunbc/floor_component_receipt_document.dag	Refused	type	gunbc.accelerator_demo_plan|std.observation|v2.std.execution_surface|v2.workflow.affected_set_floor_runner	4	unobserved	unobserved	unobserved	unresolved	unresolved type 'Refused'	4	variant_mechanism_unobserved
dag/gunbc/auth/access_token_source.dag	Apply	type	gunbc.apply|std.upsert_decision	2	unobserved	unobserved	unobserved	unresolved	unresolved type 'Apply'	0	variant_mechanism_unobserved
dag/gunbc/bmc_converge.dag	Apply	type	gunbc.apply|std.upsert_decision	2	unobserved	unobserved	unobserved	unresolved	unresolved type 'Apply'	1	variant_mechanism_unobserved
dag/gunbc/bmc_converge.dag	Apply	type	gunbc.apply|std.upsert_decision	2	unobserved	unobserved	unobserved	unresolved	unresolved type 'Apply'	1	variant_mechanism_unobserved
dag/gunbc/secret_provision.dag	Apply	type	gunbc.apply|std.upsert_decision	2	unobserved	unobserved	unobserved	unresolved	unresolved type 'Apply'	1	variant_mechanism_unobserved
dag/gunbc/secret_provision.dag	Apply	type	gunbc.apply|std.upsert_decision	2	unobserved	unobserved	unobserved	unresolved	unresolved type 'Apply'	1	variant_mechanism_unobserved
dag/extdeps/github/auth.dag	EnvVar	type	gunbc.auth.materialized_secret	1	unobserved	unobserved	unobserved	unresolved	unresolved type 'EnvVar'	0	variant_mechanism_unobserved
dag/extdeps/github/checks.dag	EnvVar	type	gunbc.auth.materialized_secret	1	unobserved	unobserved	unobserved	unresolved	unresolved type 'EnvVar'	0	variant_mechanism_unobserved
dag/extdeps/github/pulls.dag	EnvVar	type	gunbc.auth.materialized_secret	1	unobserved	unobserved	unobserved	unresolved	unresolved type 'EnvVar'	0	variant_mechanism_unobserved
dag/extdeps/github/workflow_runs.dag	EnvVar	type	gunbc.auth.materialized_secret	1	unobserved	unobserved	unobserved	unresolved	unresolved type 'EnvVar'	0	variant_mechanism_unobserved
dag/extdeps/github/workflows.dag	EnvVar	type	gunbc.auth.materialized_secret	1	unobserved	unobserved	unobserved	unresolved	unresolved type 'EnvVar'	0	variant_mechanism_unobserved
dag/extdeps/llm/anthropic_rest.dag	EnvVar	type	gunbc.auth.materialized_secret	1	unobserved	unobserved	unobserved	unresolved	unresolved type 'EnvVar'	0	variant_mechanism_unobserved
dag/gunbc/bmc_converge.dag	Drifted	value	gunbc.host_converge|std.upsert_decision	2	unobserved	unobserved	unobserved	unresolved	undefined variable 'Drifted'	3	variant_mechanism_unobserved
dag/gunbc/bmc_converge.dag	Drifted	value	gunbc.host_converge|std.upsert_decision	2	unobserved	unobserved	unobserved	unresolved	undefined variable 'Drifted'	3	variant_mechanism_unobserved
dag/gunbc/bmc_converge.dag	Drifted	value	gunbc.host_converge|std.upsert_decision	2	unobserved	unobserved	unobserved	unresolved	undefined variable 'Drifted'	3	variant_mechanism_unobserved
dag/gunbc/bmc_converge.dag	Drifted	value	gunbc.host_converge|std.upsert_decision	2	unobserved	unobserved	unobserved	unresolved	undefined variable 'Drifted'	3	variant_mechanism_unobserved
dag/gunbc/secret_provision.dag	Drifted	value	gunbc.host_converge|std.upsert_decision	2	unobserved	unobserved	unobserved	unresolved	undefined variable 'Drifted'	0	variant_mechanism_unobserved
dag/test/claim/bmc_firmware_thermal_witness_test.dag	Drifted	value	gunbc.host_converge|std.upsert_decision	2	unobserved	unobserved	unobserved	unresolved	undefined variable 'Drifted'	6	variant_mechanism_unobserved
dag/test/claim/bmc_firmware_thermal_witness_test.dag	Drifted	value	gunbc.host_converge|std.upsert_decision	2	unobserved	unobserved	unobserved	unresolved	undefined variable 'Drifted'	6	variant_mechanism_unobserved
dag/test/claim/bmc_firmware_thermal_witness_test.dag	Drifted	value	gunbc.host_converge|std.upsert_decision	2	unobserved	unobserved	unobserved	unresolved	undefined variable 'Drifted'	6	variant_mechanism_unobserved
dag/test/claim/bmc_firmware_thermal_witness_test.dag	Drifted	value	gunbc.host_converge|std.upsert_decision	2	unobserved	unobserved	unobserved	unresolved	undefined variable 'Drifted'	6	variant_mechanism_unobserved
dag/test/claim/bmc_firmware_thermal_witness_test.dag	Drifted	value	gunbc.host_converge|std.upsert_decision	2	unobserved	unobserved	unobserved	unresolved	undefined variable 'Drifted'	6	variant_mechanism_unobserved
dag/test/claim/bmc_firmware_thermal_witness_test.dag	Drifted	value	gunbc.host_converge|std.upsert_decision	2	unobserved	unobserved	unobserved	unresolved	undefined variable 'Drifted'	6	variant_mechanism_unobserved
dag/test/claim/bmc_firmware_thermal_witness_test.dag	Drifted	value	gunbc.host_converge|std.upsert_decision	2	unobserved	unobserved	unobserved	unresolved	undefined variable 'Drifted'	6	variant_mechanism_unobserved
dag/test/claim/host_converge_slice1_witness_test.dag	Drifted	value	gunbc.host_converge|std.upsert_decision	2	unobserved	unobserved	unobserved	unresolved	undefined variable 'Drifted'	0	variant_mechanism_unobserved
dag/extdeps/render/ansi.dag	Info	value	gunbc.review_verdict	1	unobserved	unobserved	unobserved	unresolved	undefined variable 'Info'	0	variant_mechanism_unobserved
dag/extdeps/render/glyphs.dag	Info	value	gunbc.review_verdict	1	unobserved	unobserved	unobserved	unresolved	undefined variable 'Info'	3	variant_mechanism_unobserved
dag/extdeps/render/glyphs.dag	Info	value	gunbc.review_verdict	1	unobserved	unobserved	unobserved	unresolved	undefined variable 'Info'	3	variant_mechanism_unobserved
dag/extdeps/render/glyphs.dag	Info	value	gunbc.review_verdict	1	unobserved	unobserved	unobserved	unresolved	undefined variable 'Info'	3	variant_mechanism_unobserved
dag/extdeps/render/glyphs.dag	Info	value	gunbc.review_verdict	1	unobserved	unobserved	unobserved	unresolved	undefined variable 'Info'	3	variant_mechanism_unobserved
dag/std/materialization_provider.dag	IdentityUnknown	type	gunbc.roadmap_identity|std.computation_identity	2	unobserved	unobserved	unobserved	unresolved	unresolved type 'IdentityUnknown'	5	variant_mechanism_unobserved
dag/std/materialization_provider.dag	IdentityUnknown	type	gunbc.roadmap_identity|std.computation_identity	2	unobserved	unobserved	unobserved	unresolved	unresolved type 'IdentityUnknown'	5	variant_mechanism_unobserved
dag/std/materialization_provider.dag	IdentityUnknown	type	gunbc.roadmap_identity|std.computation_identity	2	unobserved	unobserved	unobserved	unresolved	unresolved type 'IdentityUnknown'	5	variant_mechanism_unobserved
dag/std/materialization_provider.dag	IdentityUnknown	type	gunbc.roadmap_identity|std.computation_identity	2	unobserved	unobserved	unobserved	unresolved	unresolved type 'IdentityUnknown'	5	variant_mechanism_unobserved
dag/std/materialization_provider.dag	IdentityUnknown	type	gunbc.roadmap_identity|std.computation_identity	2	unobserved	unobserved	unobserved	unresolved	unresolved type 'IdentityUnknown'	5	variant_mechanism_unobserved
dag/std/materialization_provider.dag	IdentityUnknown	type	gunbc.roadmap_identity|std.computation_identity	2	unobserved	unobserved	unobserved	unresolved	unresolved type 'IdentityUnknown'	5	variant_mechanism_unobserved
dag/test/claim/v1_interpreter_primitive_dispatch_authority_acceptance_test.dag	MethodCall	value	gunbc.v1_interpreter_primitive_surface|std.primitive_identity	2	unobserved	unobserved	unobserved	unresolved	undefined variable 'MethodCall'	0	variant_mechanism_unobserved
dag/test/claim/v1_interpreter_primitive_roster_acceptance_test.dag	MethodCall	value	gunbc.v1_interpreter_primitive_surface|std.primitive_identity	2	unobserved	unobserved	unobserved	unresolved	undefined variable 'MethodCall'	0	variant_mechanism_unobserved
dag/test/claim/v1_interpreter_primitive_surface_witness_test.dag	MethodCall	value	gunbc.v1_interpreter_primitive_surface|std.primitive_identity	2	unobserved	unobserved	unobserved	unresolved	undefined variable 'MethodCall'	1	variant_mechanism_unobserved
dag/test/claim/v1_interpreter_primitive_surface_witness_test.dag	MethodCall	value	gunbc.v1_interpreter_primitive_surface|std.primitive_identity	2	unobserved	unobserved	unobserved	unresolved	undefined variable 'MethodCall'	1	variant_mechanism_unobserved
dag/test/claim/long/reference_closure_equivalence_test.dag	Accepted	variant	gunbc.workflow.types	1	unobserved	unobserved	unobserved	unresolved	variant 'Accepted' not found in type 'Outcome'	0	variant_mechanism_unobserved
dag/test/claim/machine_shape_construction_wall_test.dag	Accepted	variant	gunbc.workflow.types	1	unobserved	unobserved	unobserved	unresolved	variant 'Accepted' not found in type 'Outcome'	0	variant_mechanism_unobserved
src/v2/lens/reference_deps.dag	Accepted	variant	gunbc.workflow.types	1	unobserved	unobserved	unobserved	unresolved	variant 'Accepted' not found in type 'Outcome'	0	variant_mechanism_unobserved
dag/gunbc/floor_component_receipt.dag	Done	value	gunbc.workflow.types|v2.test.fixture.task_manager_demo	2	unobserved	unobserved	unobserved	unresolved	undefined variable 'Done'	0	variant_mechanism_unobserved
dag/gunbc/floor_component_receipt_document.dag	Done	value	gunbc.workflow.types|v2.test.fixture.task_manager_demo	2	unobserved	unobserved	unobserved	unresolved	undefined variable 'Done'	0	variant_mechanism_unobserved
dag/gunbc/fleet_host_budget.dag	CreateIfAbsent	type	std.effects|std.temporal_effect	2	unobserved	unobserved	unobserved	unresolved	unresolved type 'CreateIfAbsent'	0	variant_mechanism_unobserved
dag/test/claim/effects_witness_test.dag	CreateIfAbsent	type	std.effects|std.temporal_effect	2	unobserved	unobserved	unobserved	unresolved	unresolved type 'CreateIfAbsent'	2	variant_mechanism_unobserved
dag/test/claim/effects_witness_test.dag	CreateIfAbsent	type	std.effects|std.temporal_effect	2	unobserved	unobserved	unobserved	unresolved	unresolved type 'CreateIfAbsent'	2	variant_mechanism_unobserved
dag/test/claim/effects_witness_test.dag	CreateIfAbsent	type	std.effects|std.temporal_effect	2	unobserved	unobserved	unobserved	unresolved	unresolved type 'CreateIfAbsent'	2	variant_mechanism_unobserved
dag/test/claim/observation_model_witness_test.dag	Uncovered	type	std.frame_boundary|std.observation	2	unobserved	unobserved	unobserved	unresolved	unresolved type 'Uncovered'	0	variant_mechanism_unobserved
dag/extdeps/ebay/ebay_contracts.dag	ScreamingSnakeCase	value	std.languages|std.serialization	2	unobserved	unobserved	unobserved	unresolved	undefined variable 'ScreamingSnakeCase'	3	variant_mechanism_unobserved
dag/extdeps/ebay/ebay_contracts.dag	ScreamingSnakeCase	value	std.languages|std.serialization	2	unobserved	unobserved	unobserved	unresolved	undefined variable 'ScreamingSnakeCase'	3	variant_mechanism_unobserved
dag/extdeps/ebay/ebay_contracts.dag	ScreamingSnakeCase	value	std.languages|std.serialization	2	unobserved	unobserved	unobserved	unresolved	undefined variable 'ScreamingSnakeCase'	3	variant_mechanism_unobserved
dag/extdeps/ebay/ebay_contracts.dag	ScreamingSnakeCase	value	std.languages|std.serialization	2	unobserved	unobserved	unobserved	unresolved	undefined variable 'ScreamingSnakeCase'	3	variant_mechanism_unobserved
dag/extdeps/github/merge_state_contracts.dag	ScreamingSnakeCase	value	std.languages|std.serialization	2	unobserved	unobserved	unobserved	unresolved	undefined variable 'ScreamingSnakeCase'	0	variant_mechanism_unobserved
dag/extdeps/github/mergeable_state_contracts.dag	ScreamingSnakeCase	value	std.languages|std.serialization	2	unobserved	unobserved	unobserved	unresolved	undefined variable 'ScreamingSnakeCase'	0	variant_mechanism_unobserved
dag/extdeps/github/pulls_contracts.dag	ScreamingSnakeCase	value	std.languages|std.serialization	2	unobserved	unobserved	unobserved	unresolved	undefined variable 'ScreamingSnakeCase'	1	variant_mechanism_unobserved
dag/extdeps/github/pulls_contracts.dag	ScreamingSnakeCase	value	std.languages|std.serialization	2	unobserved	unobserved	unobserved	unresolved	undefined variable 'ScreamingSnakeCase'	1	variant_mechanism_unobserved
dag/test/claim/long/reference_closure_equivalence_test.dag	Rejected	variant	std.markup|v2.std.diagnostic	2	unobserved	unobserved	unobserved	unresolved	variant 'Rejected' not found in type 'Outcome'	0	variant_mechanism_unobserved
dag/test/claim/machine_shape_construction_wall_test.dag	Rejected	variant	std.markup|v2.std.diagnostic	2	unobserved	unobserved	unobserved	unresolved	variant 'Rejected' not found in type 'Outcome'	0	variant_mechanism_unobserved
src/v2/lens/reference_deps.dag	Rejected	variant	std.markup|v2.std.diagnostic	2	unobserved	unobserved	unobserved	unresolved	variant 'Rejected' not found in type 'Outcome'	0	variant_mechanism_unobserved
dag/test/claim/observation_model_witness_test.dag	MaturationReserve	value	std.observation|std.realize_pack	2	unobserved	unobserved	unobserved	unresolved	undefined variable 'MaturationReserve'	1	variant_mechanism_unobserved
dag/test/claim/observation_model_witness_test.dag	MaturationReserve	value	std.observation|std.realize_pack	2	unobserved	unobserved	unobserved	unresolved	undefined variable 'MaturationReserve'	1	variant_mechanism_unobserved
dag/extdeps/languages/dag/syntax.dag	And	value	std.path_intent|std.syntax|v2.std.orchestration	3	unobserved	unobserved	unobserved	unresolved	undefined variable 'And'	0	variant_mechanism_unobserved
dag/extdeps/languages/go/syntax.dag	And	value	std.path_intent|std.syntax|v2.std.orchestration	3	unobserved	unobserved	unobserved	unresolved	undefined variable 'And'	0	variant_mechanism_unobserved
dag/extdeps/languages/python/syntax.dag	And	value	std.path_intent|std.syntax|v2.std.orchestration	3	unobserved	unobserved	unobserved	unresolved	undefined variable 'And'	0	variant_mechanism_unobserved
dag/extdeps/languages/rust/syntax.dag	And	value	std.path_intent|std.syntax|v2.std.orchestration	3	unobserved	unobserved	unobserved	unresolved	undefined variable 'And'	0	variant_mechanism_unobserved
dag/extdeps/languages/typescript/syntax.dag	And	value	std.path_intent|std.syntax|v2.std.orchestration	3	unobserved	unobserved	unobserved	unresolved	undefined variable 'And'	0	variant_mechanism_unobserved
dag/extdeps/languages/dag/syntax.dag	Or	value	std.path_intent|v2.std.orchestration	2	unobserved	unobserved	unobserved	unresolved	undefined variable 'Or'	0	variant_mechanism_unobserved
dag/extdeps/languages/go/syntax.dag	Or	value	std.path_intent|v2.std.orchestration	2	unobserved	unobserved	unobserved	unresolved	undefined variable 'Or'	0	variant_mechanism_unobserved
dag/extdeps/languages/python/syntax.dag	Or	value	std.path_intent|v2.std.orchestration	2	unobserved	unobserved	unobserved	unresolved	undefined variable 'Or'	0	variant_mechanism_unobserved
dag/extdeps/languages/rust/syntax.dag	Or	value	std.path_intent|v2.std.orchestration	2	unobserved	unobserved	unobserved	unresolved	undefined variable 'Or'	0	variant_mechanism_unobserved
dag/extdeps/languages/typescript/syntax.dag	Or	value	std.path_intent|v2.std.orchestration	2	unobserved	unobserved	unobserved	unresolved	undefined variable 'Or'	0	variant_mechanism_unobserved
dag/gunbc/floor_component_receipt.dag	SelectionApplied	value	std.realization_schedule	1	unobserved	unobserved	unobserved	unresolved	undefined variable 'SelectionApplied'	0	variant_mechanism_unobserved
dag/extdeps/docker/container_inspect_contracts.dag	SnakeCase	value	std.serialization	1	unobserved	unobserved	unobserved	unresolved	undefined variable 'SnakeCase'	0	variant_mechanism_unobserved
dag/extdeps/github/checks_contracts.dag	SnakeCase	value	std.serialization	1	unobserved	unobserved	unobserved	unresolved	undefined variable 'SnakeCase'	1	variant_mechanism_unobserved
dag/extdeps/github/checks_contracts.dag	SnakeCase	value	std.serialization	1	unobserved	unobserved	unobserved	unresolved	undefined variable 'SnakeCase'	1	variant_mechanism_unobserved
dag/extdeps/github/pulls_contracts.dag	SnakeCase	value	std.serialization	1	unobserved	unobserved	unobserved	unresolved	undefined variable 'SnakeCase'	0	variant_mechanism_unobserved
dag/extdeps/github/workflow_runs_contracts.dag	SnakeCase	value	std.serialization	1	unobserved	unobserved	unobserved	unresolved	undefined variable 'SnakeCase'	1	variant_mechanism_unobserved
dag/extdeps/github/workflow_runs_contracts.dag	SnakeCase	value	std.serialization	1	unobserved	unobserved	unobserved	unresolved	undefined variable 'SnakeCase'	1	variant_mechanism_unobserved
dag/extdeps/systemd/systemd_contracts.dag	SnakeCase	value	std.serialization	1	unobserved	unobserved	unobserved	unresolved	undefined variable 'SnakeCase'	0	variant_mechanism_unobserved
dag/gunbc/ci_workflow.dag	Push	type	std.stack	1	unobserved	unobserved	unobserved	unresolved	unresolved type 'Push'	0	variant_mechanism_unobserved
dag/extdeps/render/glyphs.dag	StatusWarning	value	std.symbols	1	unobserved	unobserved	unobserved	unresolved	undefined variable 'StatusWarning'	0	variant_mechanism_unobserved
dag/test/claim/observation_model_witness_test.dag	StatusWarning	value	std.symbols	1	unobserved	unobserved	unobserved	unresolved	undefined variable 'StatusWarning'	0	variant_mechanism_unobserved
dag/extdeps/cache/buildbuddy.dag	ApiKey	value	std.types	1	unobserved	unobserved	unobserved	unresolved	undefined variable 'ApiKey'	0	variant_mechanism_unobserved
dag/extdeps/cache/github_actions.dag	ApiKey	value	std.types	1	unobserved	unobserved	unobserved	unresolved	undefined variable 'ApiKey'	0	variant_mechanism_unobserved
dag/test/fixture/decl_facts_reflection/specimens.dag	Terminal	type	test.fixture.scaffold_disposition_census.expected_classification	1	unobserved	unobserved	unobserved	unresolved	unresolved type 'Terminal'	1	variant_mechanism_unobserved
dag/test/fixture/decl_facts_reflection/specimens.dag	Terminal	type	test.fixture.scaffold_disposition_census.expected_classification	1	unobserved	unobserved	unobserved	unresolved	unresolved type 'Terminal'	1	variant_mechanism_unobserved
dag/gunbc/ci_release_bins.dag	WallAfterGrounding	type	v2.lens.common.construction_justification	1	unobserved	unobserved	unobserved	unresolved	unresolved type 'WallAfterGrounding'	0	variant_mechanism_unobserved
dag/test/claim/module_impact_query_witness_test.dag	ChangedSurfaceRefused	type	v2.lens.module_impact_query	1	unobserved	unobserved	unobserved	unresolved	unresolved type 'ChangedSurfaceRefused'	0	variant_mechanism_unobserved
dag/test/claim/module_impact_query_witness_test.dag	DependentsOf	value	v2.lens.module_impact_query	1	unobserved	unobserved	unobserved	unresolved	undefined variable 'DependentsOf'	1	variant_mechanism_unobserved
dag/test/claim/module_impact_query_witness_test.dag	DependentsOf	value	v2.lens.module_impact_query	1	unobserved	unobserved	unobserved	unresolved	undefined variable 'DependentsOf'	1	variant_mechanism_unobserved
dag/tools/module_impact_query_front_door.dag	ChangedSurfaceRefused	type	v2.lens.module_impact_query	1	unobserved	unobserved	unobserved	unresolved	unresolved type 'ChangedSurfaceRefused'	0	variant_mechanism_unobserved
dag/tools/module_impact_query_front_door.dag	DependentsOf	value	v2.lens.module_impact_query	1	unobserved	unobserved	unobserved	unresolved	undefined variable 'DependentsOf'	1	variant_mechanism_unobserved
dag/tools/module_impact_query_front_door.dag	DependentsOf	value	v2.lens.module_impact_query	1	unobserved	unobserved	unobserved	unresolved	undefined variable 'DependentsOf'	1	variant_mechanism_unobserved
dag/test/claim/commit_writer_admission_witness_test.dag	TestClaimArtifact	value	v2.std.artifact	1	unobserved	unobserved	unobserved	unresolved	undefined variable 'TestClaimArtifact'	3	variant_mechanism_unobserved
dag/test/claim/commit_writer_admission_witness_test.dag	TestClaimArtifact	value	v2.std.artifact	1	unobserved	unobserved	unobserved	unresolved	undefined variable 'TestClaimArtifact'	3	variant_mechanism_unobserved
dag/test/claim/commit_writer_admission_witness_test.dag	TestClaimArtifact	value	v2.std.artifact	1	unobserved	unobserved	unobserved	unresolved	undefined variable 'TestClaimArtifact'	3	variant_mechanism_unobserved
dag/test/claim/commit_writer_admission_witness_test.dag	TestClaimArtifact	value	v2.std.artifact	1	unobserved	unobserved	unobserved	unresolved	undefined variable 'TestClaimArtifact'	3	variant_mechanism_unobserved
dag/test/claim/claim_indexed_evidence_witness_test.dag	DagTree	value	v2.std.cross_tree.import_model	1	unobserved	unobserved	unobserved	unresolved	undefined variable 'DagTree'	0	variant_mechanism_unobserved
dag/test/claim/commit_writer_admission_witness_test.dag	DagTree	value	v2.std.cross_tree.import_model	1	unobserved	unobserved	unobserved	unresolved	undefined variable 'DagTree'	0	variant_mechanism_unobserved
dag/test/claim/v1_complexity_decl_classification_witness_test.dag	DataItem	value	v2.std.decl_index	1	unobserved	unobserved	unobserved	unresolved	undefined variable 'DataItem'	3	variant_mechanism_unobserved
dag/test/claim/v1_complexity_decl_classification_witness_test.dag	DataItem	value	v2.std.decl_index	1	unobserved	unobserved	unobserved	unresolved	undefined variable 'DataItem'	3	variant_mechanism_unobserved
dag/test/claim/v1_complexity_decl_classification_witness_test.dag	DataItem	value	v2.std.decl_index	1	unobserved	unobserved	unobserved	unresolved	undefined variable 'DataItem'	3	variant_mechanism_unobserved
dag/test/claim/v1_complexity_decl_classification_witness_test.dag	DataItem	value	v2.std.decl_index	1	unobserved	unobserved	unobserved	unresolved	undefined variable 'DataItem'	3	variant_mechanism_unobserved
dag/test/fixture/scaffold_disposition_census/expected_classification.dag	DataItem	value	v2.std.decl_index	1	unobserved	unobserved	unobserved	unresolved	undefined variable 'DataItem'	1	variant_mechanism_unobserved
dag/test/fixture/scaffold_disposition_census/expected_classification.dag	DataItem	value	v2.std.decl_index	1	unobserved	unobserved	unobserved	unresolved	undefined variable 'DataItem'	1	variant_mechanism_unobserved
dag/gunbc/ci_spec.dag	Retry	type	v2.std.effect_plan|v2.std.orchestration	2	unobserved	unobserved	unobserved	unresolved	unresolved type 'Retry'	0	variant_mechanism_unobserved
dag/gunbc/host_effect_plan.dag	For	variant	v2.std.effect_plan|v2.std.orchestration	2	unobserved	unobserved	unobserved	unresolved	variant 'For' not found in type 'EffectPlanStep'	0	variant_mechanism_unobserved
dag/gunbc/host_effect_plan.dag	Retry	variant	v2.std.effect_plan|v2.std.orchestration	2	unobserved	unobserved	unobserved	unresolved	variant 'Retry' not found in type 'EffectPlanStep'	0	variant_mechanism_unobserved
dag/gunbc/host_effect_plan.dag	While	variant	v2.std.effect_plan|v2.std.orchestration	2	unobserved	unobserved	unobserved	unresolved	variant 'While' not found in type 'EffectPlanStep'	0	variant_mechanism_unobserved
dag/examples/interp_test/interp_example.dag	SubstrateInputsOnly	value	v2.std.live_tree	1	unobserved	unobserved	unobserved	unresolved	undefined variable 'SubstrateInputsOnly'	0	variant_mechanism_unobserved
dag/test/claim/access_authorization_profile_witness_test.dag	SubstrateInputsOnly	value	v2.std.live_tree	1	unobserved	unobserved	unobserved	unresolved	undefined variable 'SubstrateInputsOnly'	0	variant_mechanism_unobserved
dag/test/claim/access_validation_test.dag	SubstrateInputsOnly	value	v2.std.live_tree	1	unobserved	unobserved	unobserved	unresolved	undefined variable 'SubstrateInputsOnly'	0	variant_mechanism_unobserved
dag/test/claim/acquisition_mechanism_witness_test.dag	SubstrateInputsOnly	value	v2.std.live_tree	1	unobserved	unobserved	unobserved	unresolved	undefined variable 'SubstrateInputsOnly'	0	variant_mechanism_unobserved
dag/test/claim/actions_job_grant_witness_test.dag	SubstrateInputsOnly	value	v2.std.live_tree	1	unobserved	unobserved	unobserved	unresolved	undefined variable 'SubstrateInputsOnly'	0	variant_mechanism_unobserved
dag/test/claim/advertising_interface_witness_test.dag	SubstrateInputsOnly	value	v2.std.live_tree	1	unobserved	unobserved	unobserved	unresolved	undefined variable 'SubstrateInputsOnly'	0	variant_mechanism_unobserved
dag/test/claim/annotation_carrier_witness_test.dag	SubstrateInputsOnly	value	v2.std.live_tree	1	unobserved	unobserved	unobserved	unresolved	undefined variable 'SubstrateInputsOnly'	0	variant_mechanism_unobserved
dag/test/claim/anomaly_evidence_witness_test.dag	SubstrateInputsOnly	value	v2.std.live_tree	1	unobserved	unobserved	unobserved	unresolved	undefined variable 'SubstrateInputsOnly'	0	variant_mechanism_unobserved
dag/test/claim/artifact_store_scratch_grant_witness_test.dag	SubstrateInputsOnly	value	v2.std.live_tree	1	unobserved	unobserved	unobserved	unresolved	undefined variable 'SubstrateInputsOnly'	0	variant_mechanism_unobserved
dag/test/claim/artifact_store_witness_test.dag	SubstrateInputsOnly	value	v2.std.live_tree	1	unobserved	unobserved	unobserved	unresolved	undefined variable 'SubstrateInputsOnly'	0	variant_mechanism_unobserved
dag/test/claim/asrock_live_probe_witness_test.dag	SubstrateInputsOnly	value	v2.std.live_tree	1	unobserved	unobserved	unobserved	unresolved	undefined variable 'SubstrateInputsOnly'	0	variant_mechanism_unobserved
dag/test/claim/bach_double_slit_observation_witness_test.dag	SubstrateInputsOnly	value	v2.std.live_tree	1	unobserved	unobserved	unobserved	unresolved	undefined variable 'SubstrateInputsOnly'	0	variant_mechanism_unobserved
dag/test/claim/bach_double_slit_path_additivity_synthetic_fixture_witness_test.dag	SubstrateInputsOnly	value	v2.std.live_tree	1	unobserved	unobserved	unobserved	unresolved	undefined variable 'SubstrateInputsOnly'	0	variant_mechanism_unobserved
dag/test/claim/base64_rfc4648_witness_test.dag	SubstrateInputsOnly	value	v2.std.live_tree	1	unobserved	unobserved	unobserved	unresolved	undefined variable 'SubstrateInputsOnly'	0	variant_mechanism_unobserved
dag/test/claim/bmc_auth_runtime_secret_seam_test.dag	SubstrateInputsOnly	value	v2.std.live_tree	1	unobserved	unobserved	unobserved	unresolved	undefined variable 'SubstrateInputsOnly'	0	variant_mechanism_unobserved
dag/test/claim/bmc_bootstrap_provision_witness_test.dag	SubstrateInputsOnly	value	v2.std.live_tree	1	unobserved	unobserved	unobserved	unresolved	undefined variable 'SubstrateInputsOnly'	0	variant_mechanism_unobserved
dag/test/claim/bmc_capability_solve_witness_test.dag	SubstrateInputsOnly	value	v2.std.live_tree	1	unobserved	unobserved	unobserved	unresolved	undefined variable 'SubstrateInputsOnly'	0	variant_mechanism_unobserved
dag/test/claim/bmc_factory_credential_witness_test.dag	SubstrateInputsOnly	value	v2.std.live_tree	1	unobserved	unobserved	unobserved	unresolved	undefined variable 'SubstrateInputsOnly'	0	variant_mechanism_unobserved
dag/test/claim/bmc_fan_converge_witness_test.dag	SubstrateInputsOnly	value	v2.std.live_tree	1	unobserved	unobserved	unobserved	unresolved	undefined variable 'SubstrateInputsOnly'	0	variant_mechanism_unobserved
dag/test/claim/bmc_firmware_thermal_witness_test.dag	SubstrateInputsOnly	value	v2.std.live_tree	1	unobserved	unobserved	unobserved	unresolved	undefined variable 'SubstrateInputsOnly'	0	variant_mechanism_unobserved
dag/test/claim/bmc_live_receipts_witness_test.dag	SubstrateInputsOnly	value	v2.std.live_tree	1	unobserved	unobserved	unobserved	unresolved	undefined variable 'SubstrateInputsOnly'	0	variant_mechanism_unobserved
dag/test/claim/bmc_onboard_body_witness_test.dag	SubstrateInputsOnly	value	v2.std.live_tree	1	unobserved	unobserved	unobserved	unresolved	undefined variable 'SubstrateInputsOnly'	0	variant_mechanism_unobserved
dag/test/claim/bmc_onboarding_lifecycle_witness_test.dag	SubstrateInputsOnly	value	v2.std.live_tree	1	unobserved	unobserved	unobserved	unresolved	undefined variable 'SubstrateInputsOnly'	0	variant_mechanism_unobserved
dag/test/claim/bmc_redfish_grounding_witness_test.dag	SubstrateInputsOnly	value	v2.std.live_tree	1	unobserved	unobserved	unobserved	unresolved	undefined variable 'SubstrateInputsOnly'	0	variant_mechanism_unobserved
dag/test/claim/bmc_token_federation_witness_test.dag	SubstrateInputsOnly	value	v2.std.live_tree	1	unobserved	unobserved	unobserved	unresolved	undefined variable 'SubstrateInputsOnly'	0	variant_mechanism_unobserved
dag/test/claim/bmc_typed_operations_witness_test.dag	SubstrateInputsOnly	value	v2.std.live_tree	1	unobserved	unobserved	unobserved	unresolved	undefined variable 'SubstrateInputsOnly'	0	variant_mechanism_unobserved
dag/test/claim/bmc_wif_delegation_chain_witness_test.dag	SubstrateInputsOnly	value	v2.std.live_tree	1	unobserved	unobserved	unobserved	unresolved	undefined variable 'SubstrateInputsOnly'	0	variant_mechanism_unobserved
dag/test/claim/budget_tree_witness_test.dag	SubstrateInputsOnly	value	v2.std.live_tree	1	unobserved	unobserved	unobserved	unresolved	undefined variable 'SubstrateInputsOnly'	0	variant_mechanism_unobserved
dag/test/claim/build_cache_endpoint_path_test.dag	SubstrateInputsOnly	value	v2.std.live_tree	1	unobserved	unobserved	unobserved	unresolved	undefined variable 'SubstrateInputsOnly'	0	variant_mechanism_unobserved
dag/test/claim/build_cache_ensure_test.dag	SubstrateInputsOnly	value	v2.std.live_tree	1	unobserved	unobserved	unobserved	unresolved	undefined variable 'SubstrateInputsOnly'	0	variant_mechanism_unobserved
dag/test/claim/build_cache_latency_probe_witness_test.dag	SubstrateInputsOnly	value	v2.std.live_tree	1	unobserved	unobserved	unobserved	unresolved	undefined variable 'SubstrateInputsOnly'	0	variant_mechanism_unobserved
dag/test/claim/build_cache_placement_observation_test.dag	SubstrateInputsOnly	value	v2.std.live_tree	1	unobserved	unobserved	unobserved	unresolved	undefined variable 'SubstrateInputsOnly'	0	variant_mechanism_unobserved
dag/test/claim/build_latency_actions_collect_witness_test.dag	SubstrateInputsOnly	value	v2.std.live_tree	1	unobserved	unobserved	unobserved	unresolved	undefined variable 'SubstrateInputsOnly'	0	variant_mechanism_unobserved
dag/test/claim/builtin_get_resolver_test.dag	SubstrateInputsOnly	value	v2.std.live_tree	1	unobserved	unobserved	unobserved	unresolved	undefined variable 'SubstrateInputsOnly'	0	variant_mechanism_unobserved
dag/test/claim/cache_key_completeness_test.dag	SubstrateInputsOnly	value	v2.std.live_tree	1	unobserved	unobserved	unobserved	unresolved	undefined variable 'SubstrateInputsOnly'	0	variant_mechanism_unobserved
dag/test/claim/cache_layer_planner_test.dag	SubstrateInputsOnly	value	v2.std.live_tree	1	unobserved	unobserved	unobserved	unresolved	undefined variable 'SubstrateInputsOnly'	0	variant_mechanism_unobserved
dag/test/claim/cache_purity_verdict_test.dag	SubstrateInputsOnly	value	v2.std.live_tree	1	unobserved	unobserved	unobserved	unresolved	undefined variable 'SubstrateInputsOnly'	0	variant_mechanism_unobserved
dag/test/claim/capability_binding_witness_test.dag	SubstrateInputsOnly	value	v2.std.live_tree	1	unobserved	unobserved	unobserved	unresolved	undefined variable 'SubstrateInputsOnly'	0	variant_mechanism_unobserved
dag/test/claim/card_intake_risk_witness_test.dag	SubstrateInputsOnly	value	v2.std.live_tree	1	unobserved	unobserved	unobserved	unresolved	undefined variable 'SubstrateInputsOnly'	0	variant_mechanism_unobserved
dag/test/claim/cargo_target_path_witness_test.dag	SubstrateInputsOnly	value	v2.std.live_tree	1	unobserved	unobserved	unobserved	unresolved	undefined variable 'SubstrateInputsOnly'	0	variant_mechanism_unobserved
dag/test/claim/cargo_version_witness_test.dag	SubstrateInputsOnly	value	v2.std.live_tree	1	unobserved	unobserved	unobserved	unresolved	undefined variable 'SubstrateInputsOnly'	0	variant_mechanism_unobserved
dag/test/claim/change_realization_witness_test.dag	SubstrateInputsOnly	value	v2.std.live_tree	1	unobserved	unobserved	unobserved	unresolved	undefined variable 'SubstrateInputsOnly'	0	variant_mechanism_unobserved
dag/test/claim/chapman_which_path_observation_witness_test.dag	SubstrateInputsOnly	value	v2.std.live_tree	1	unobserved	unobserved	unobserved	unresolved	undefined variable 'SubstrateInputsOnly'	0	variant_mechanism_unobserved
dag/test/claim/check_coverage_admission_witness_test.dag	SubstrateInputsOnly	value	v2.std.live_tree	1	unobserved	unobserved	unobserved	unresolved	undefined variable 'SubstrateInputsOnly'	0	variant_mechanism_unobserved
dag/test/claim/ci_deploy_target_host_witness_test.dag	SubstrateInputsOnly	value	v2.std.live_tree	1	unobserved	unobserved	unobserved	unresolved	undefined variable 'SubstrateInputsOnly'	0	variant_mechanism_unobserved
dag/test/claim/ci_deploy_witness_test.dag	SubstrateInputsOnly	value	v2.std.live_tree	1	unobserved	unobserved	unobserved	unresolved	undefined variable 'SubstrateInputsOnly'	0	variant_mechanism_unobserved
dag/test/claim/ci_exclusion_proof_test.dag	SubstrateInputsOnly	value	v2.std.live_tree	1	unobserved	unobserved	unobserved	unresolved	undefined variable 'SubstrateInputsOnly'	0	variant_mechanism_unobserved
dag/test/claim/ci_failure_class_witness_test.dag	SubstrateInputsOnly	value	v2.std.live_tree	1	unobserved	unobserved	unobserved	unresolved	undefined variable 'SubstrateInputsOnly'	0	variant_mechanism_unobserved
dag/test/claim/ci_native_cache_root_witness_test.dag	SubstrateInputsOnly	value	v2.std.live_tree	1	unobserved	unobserved	unobserved	unresolved	undefined variable 'SubstrateInputsOnly'	0	variant_mechanism_unobserved
dag/test/claim/ci_oom_reclassify_witness_test.dag	SubstrateInputsOnly	value	v2.std.live_tree	1	unobserved	unobserved	unobserved	unresolved	undefined variable 'SubstrateInputsOnly'	0	variant_mechanism_unobserved
dag/test/claim/ci_release_bins_witness_test.dag	SubstrateInputsOnly	value	v2.std.live_tree	1	unobserved	unobserved	unobserved	unresolved	undefined variable 'SubstrateInputsOnly'	0	variant_mechanism_unobserved
dag/test/claim/ci_render_histogram_width_test.dag	SubstrateInputsOnly	value	v2.std.live_tree	1	unobserved	unobserved	unobserved	unresolved	undefined variable 'SubstrateInputsOnly'	0	variant_mechanism_unobserved
dag/test/claim/ci_render_slowest_hot_style_test.dag	SubstrateInputsOnly	value	v2.std.live_tree	1	unobserved	unobserved	unobserved	unresolved	undefined variable 'SubstrateInputsOnly'	0	variant_mechanism_unobserved
dag/test/claim/ci_runner_seam_witness_test.dag	SubstrateInputsOnly	value	v2.std.live_tree	1	unobserved	unobserved	unobserved	unresolved	undefined variable 'SubstrateInputsOnly'	0	variant_mechanism_unobserved
dag/test/claim/ci_workflow_witness_test.dag	SubstrateInputsOnly	value	v2.std.live_tree	1	unobserved	unobserved	unobserved	unresolved	undefined variable 'SubstrateInputsOnly'	0	variant_mechanism_unobserved
dag/test/claim/ci_yaml_serializer_witness_test.dag	SubstrateInputsOnly	value	v2.std.live_tree	1	unobserved	unobserved	unobserved	unresolved	undefined variable 'SubstrateInputsOnly'	0	variant_mechanism_unobserved
dag/test/claim/claim_indexed_evidence_witness_test.dag	SubstrateInputsOnly	value	v2.std.live_tree	1	unobserved	unobserved	unobserved	unresolved	undefined variable 'SubstrateInputsOnly'	0	variant_mechanism_unobserved
dag/test/claim/claude_sdk_parser_drop_witness_test.dag	SubstrateInputsOnly	value	v2.std.live_tree	1	unobserved	unobserved	unobserved	unresolved	undefined variable 'SubstrateInputsOnly'	0	variant_mechanism_unobserved
dag/test/claim/cli_run_repo_grant_hand_rust_equivalence_witness_test.dag	SubstrateInputsOnly	value	v2.std.live_tree	1	unobserved	unobserved	unobserved	unresolved	undefined variable 'SubstrateInputsOnly'	0	variant_mechanism_unobserved
dag/test/claim/cli_run_repo_grant_witness_test.dag	SubstrateInputsOnly	value	v2.std.live_tree	1	unobserved	unobserved	unobserved	unresolved	undefined variable 'SubstrateInputsOnly'	0	variant_mechanism_unobserved
dag/test/claim/code_change_workflow_witness_test.dag	SubstrateInputsOnly	value	v2.std.live_tree	1	unobserved	unobserved	unobserved	unresolved	undefined variable 'SubstrateInputsOnly'	0	variant_mechanism_unobserved
dag/test/claim/codex_device_prompt_witness_test.dag	SubstrateInputsOnly	value	v2.std.live_tree	1	unobserved	unobserved	unobserved	unresolved	undefined variable 'SubstrateInputsOnly'	0	variant_mechanism_unobserved
dag/test/claim/commit_writer_heal_admission_real_execution_witness_test.dag	SubstrateInputsOnly	value	v2.std.live_tree	1	unobserved	unobserved	unobserved	unresolved	undefined variable 'SubstrateInputsOnly'	0	variant_mechanism_unobserved
dag/test/claim/commit_writer_index_selection_witness_test.dag	SubstrateInputsOnly	value	v2.std.live_tree	1	unobserved	unobserved	unobserved	unresolved	undefined variable 'SubstrateInputsOnly'	0	variant_mechanism_unobserved
dag/test/claim/compile_clean_cost_clamp_witness_test.dag	SubstrateInputsOnly	value	v2.std.live_tree	1	unobserved	unobserved	unobserved	unresolved	undefined variable 'SubstrateInputsOnly'	0	variant_mechanism_unobserved
dag/test/claim/compile_pool_ensure_test.dag	SubstrateInputsOnly	value	v2.std.live_tree	1	unobserved	unobserved	unobserved	unresolved	undefined variable 'SubstrateInputsOnly'	0	variant_mechanism_unobserved
dag/test/claim/compile_source_model_witness_test.dag	SubstrateInputsOnly	value	v2.std.live_tree	1	unobserved	unobserved	unobserved	unresolved	undefined variable 'SubstrateInputsOnly'	0	variant_mechanism_unobserved
dag/test/claim/component_dispatch_button_witness_test.dag	SubstrateInputsOnly	value	v2.std.live_tree	1	unobserved	unobserved	unobserved	unresolved	undefined variable 'SubstrateInputsOnly'	0	variant_mechanism_unobserved
dag/test/claim/computation_demand_duplication_witness_test.dag	SubstrateInputsOnly	value	v2.std.live_tree	1	unobserved	unobserved	unobserved	unresolved	undefined variable 'SubstrateInputsOnly'	0	variant_mechanism_unobserved
dag/test/claim/compute_fabric_resource_witness_test.dag	SubstrateInputsOnly	value	v2.std.live_tree	1	unobserved	unobserved	unobserved	unresolved	undefined variable 'SubstrateInputsOnly'	0	variant_mechanism_unobserved
dag/test/claim/config_record_emit_test.dag	SubstrateInputsOnly	value	v2.std.live_tree	1	unobserved	unobserved	unobserved	unresolved	undefined variable 'SubstrateInputsOnly'	0	variant_mechanism_unobserved
dag/test/claim/contracts_placement_test.dag	SubstrateInputsOnly	value	v2.std.live_tree	1	unobserved	unobserved	unobserved	unresolved	undefined variable 'SubstrateInputsOnly'	0	variant_mechanism_unobserved
dag/test/claim/cost_estimate_float_witness_test.dag	SubstrateInputsOnly	value	v2.std.live_tree	1	unobserved	unobserved	unobserved	unresolved	undefined variable 'SubstrateInputsOnly'	0	variant_mechanism_unobserved
dag/test/claim/cpu_l1_cache_geometry_witness_test.dag	SubstrateInputsOnly	value	v2.std.live_tree	1	unobserved	unobserved	unobserved	unresolved	undefined variable 'SubstrateInputsOnly'	0	variant_mechanism_unobserved
dag/test/claim/cpu_l2_l3_cache_geometry_witness_test.dag	SubstrateInputsOnly	value	v2.std.live_tree	1	unobserved	unobserved	unobserved	unresolved	undefined variable 'SubstrateInputsOnly'	0	variant_mechanism_unobserved
dag/test/claim/cr1000a_dhcp_lease_naming_witness_test.dag	SubstrateInputsOnly	value	v2.std.live_tree	1	unobserved	unobserved	unobserved	unresolved	undefined variable 'SubstrateInputsOnly'	0	variant_mechanism_unobserved
dag/test/claim/crm_stage_vocabulary_witness_test.dag	SubstrateInputsOnly	value	v2.std.live_tree	1	unobserved	unobserved	unobserved	unresolved	undefined variable 'SubstrateInputsOnly'	0	variant_mechanism_unobserved
dag/test/claim/cron_tag_witness_test.dag	SubstrateInputsOnly	value	v2.std.live_tree	1	unobserved	unobserved	unobserved	unresolved	undefined variable 'SubstrateInputsOnly'	0	variant_mechanism_unobserved
dag/test/claim/css_grain_witness_test.dag	SubstrateInputsOnly	value	v2.std.live_tree	1	unobserved	unobserved	unobserved	unresolved	undefined variable 'SubstrateInputsOnly'	0	variant_mechanism_unobserved
dag/test/claim/dag_collect_fingerprint_witness_test.dag	SubstrateInputsOnly	value	v2.std.live_tree	1	unobserved	unobserved	unobserved	unresolved	undefined variable 'SubstrateInputsOnly'	0	variant_mechanism_unobserved
dag/test/claim/dag_compile_clean_cli_floor_agreement_witness_test.dag	SubstrateInputsOnly	value	v2.std.live_tree	1	unobserved	unobserved	unobserved	unresolved	undefined variable 'SubstrateInputsOnly'	0	variant_mechanism_unobserved
dag/test/claim/dag_compile_clean_perturb_receipts_test.dag	SubstrateInputsOnly	value	v2.std.live_tree	1	unobserved	unobserved	unobserved	unresolved	undefined variable 'SubstrateInputsOnly'	0	variant_mechanism_unobserved
dag/test/claim/dag_compile_clean_seam_witness_test.dag	SubstrateInputsOnly	value	v2.std.live_tree	1	unobserved	unobserved	unobserved	unresolved	undefined variable 'SubstrateInputsOnly'	0	variant_mechanism_unobserved
dag/test/claim/dag_compile_clean_shard_a_witness_test.dag	SubstrateInputsOnly	value	v2.std.live_tree	1	unobserved	unobserved	unobserved	unresolved	undefined variable 'SubstrateInputsOnly'	0	variant_mechanism_unobserved
dag/test/claim/deploy_access_privilege_witness_test.dag	SubstrateInputsOnly	value	v2.std.live_tree	1	unobserved	unobserved	unobserved	unresolved	undefined variable 'SubstrateInputsOnly'	0	variant_mechanism_unobserved
dag/test/claim/deploy_mutation_gate_witness_test.dag	SubstrateInputsOnly	value	v2.std.live_tree	1	unobserved	unobserved	unobserved	unresolved	undefined variable 'SubstrateInputsOnly'	0	variant_mechanism_unobserved
dag/test/claim/deploy_revision_witness_test.dag	SubstrateInputsOnly	value	v2.std.live_tree	1	unobserved	unobserved	unobserved	unresolved	undefined variable 'SubstrateInputsOnly'	0	variant_mechanism_unobserved
dag/test/claim/descent_evidence_lattice_witness_test.dag	SubstrateInputsOnly	value	v2.std.live_tree	1	unobserved	unobserved	unobserved	unresolved	undefined variable 'SubstrateInputsOnly'	0	variant_mechanism_unobserved
dag/test/claim/design_argument_witness_test.dag	SubstrateInputsOnly	value	v2.std.live_tree	1	unobserved	unobserved	unobserved	unresolved	undefined variable 'SubstrateInputsOnly'	0	variant_mechanism_unobserved
dag/test/claim/design_palette_witness_test.dag	SubstrateInputsOnly	value	v2.std.live_tree	1	unobserved	unobserved	unobserved	unresolved	undefined variable 'SubstrateInputsOnly'	0	variant_mechanism_unobserved
dag/test/claim/design_register_lift_parity_witness_test.dag	SubstrateInputsOnly	value	v2.std.live_tree	1	unobserved	unobserved	unobserved	unresolved	undefined variable 'SubstrateInputsOnly'	0	variant_mechanism_unobserved
dag/test/claim/dgx_spark_witness_test.dag	SubstrateInputsOnly	value	v2.std.live_tree	1	unobserved	unobserved	unobserved	unresolved	undefined variable 'SubstrateInputsOnly'	0	variant_mechanism_unobserved
dag/test/claim/dhcp_v4_mac_pinned_witness_test.dag	SubstrateInputsOnly	value	v2.std.live_tree	1	unobserved	unobserved	unobserved	unresolved	undefined variable 'SubstrateInputsOnly'	0	variant_mechanism_unobserved
dag/test/claim/diagnostics_test.dag	SubstrateInputsOnly	value	v2.std.live_tree	1	unobserved	unobserved	unobserved	unresolved	undefined variable 'SubstrateInputsOnly'	0	variant_mechanism_unobserved
dag/test/claim/diff_baseline_witness_test.dag	SubstrateInputsOnly	value	v2.std.live_tree	1	unobserved	unobserved	unobserved	unresolved	undefined variable 'SubstrateInputsOnly'	0	variant_mechanism_unobserved
dag/test/claim/diff_window_cross_seam_witness_test.dag	SubstrateInputsOnly	value	v2.std.live_tree	1	unobserved	unobserved	unobserved	unresolved	undefined variable 'SubstrateInputsOnly'	0	variant_mechanism_unobserved
dag/test/claim/dispatch_attempts_witness_test.dag	SubstrateInputsOnly	value	v2.std.live_tree	1	unobserved	unobserved	unobserved	unresolved	undefined variable 'SubstrateInputsOnly'	0	variant_mechanism_unobserved
dag/test/claim/dispatch_presentation_witness_test.dag	SubstrateInputsOnly	value	v2.std.live_tree	1	unobserved	unobserved	unobserved	unresolved	undefined variable 'SubstrateInputsOnly'	0	variant_mechanism_unobserved
dag/test/claim/dispatch_stop_witness_test.dag	SubstrateInputsOnly	value	v2.std.live_tree	1	unobserved	unobserved	unobserved	unresolved	undefined variable 'SubstrateInputsOnly'	0	variant_mechanism_unobserved
dag/test/claim/docker_container_stats_witness_test.dag	SubstrateInputsOnly	value	v2.std.live_tree	1	unobserved	unobserved	unobserved	unresolved	undefined variable 'SubstrateInputsOnly'	0	variant_mechanism_unobserved
dag/test/claim/domain_name_parse_witness_test.dag	SubstrateInputsOnly	value	v2.std.live_tree	1	unobserved	unobserved	unobserved	unresolved	undefined variable 'SubstrateInputsOnly'	0	variant_mechanism_unobserved
dag/test/claim/ebay_listing_witness_test.dag	SubstrateInputsOnly	value	v2.std.live_tree	1	unobserved	unobserved	unobserved	unresolved	undefined variable 'SubstrateInputsOnly'	0	variant_mechanism_unobserved
dag/test/claim/econ_wedge_witness_test.dag	SubstrateInputsOnly	value	v2.std.live_tree	1	unobserved	unobserved	unobserved	unresolved	undefined variable 'SubstrateInputsOnly'	0	variant_mechanism_unobserved
dag/test/claim/effect_grant_witness_test.dag	SubstrateInputsOnly	value	v2.std.live_tree	1	unobserved	unobserved	unobserved	unresolved	undefined variable 'SubstrateInputsOnly'	0	variant_mechanism_unobserved
dag/test/claim/effects_rest_transport_parse_witness_test.dag	SubstrateInputsOnly	value	v2.std.live_tree	1	unobserved	unobserved	unobserved	unresolved	undefined variable 'SubstrateInputsOnly'	0	variant_mechanism_unobserved
dag/test/claim/effects_witness_test.dag	SubstrateInputsOnly	value	v2.std.live_tree	1	unobserved	unobserved	unobserved	unresolved	undefined variable 'SubstrateInputsOnly'	0	variant_mechanism_unobserved
dag/test/claim/emit_host_gate_witness_test.dag	SubstrateInputsOnly	value	v2.std.live_tree	1	unobserved	unobserved	unobserved	unresolved	undefined variable 'SubstrateInputsOnly'	0	variant_mechanism_unobserved
dag/test/claim/exact_witness_admission_witness_test.dag	SubstrateInputsOnly	value	v2.std.live_tree	1	unobserved	unobserved	unobserved	unresolved	undefined variable 'SubstrateInputsOnly'	0	variant_mechanism_unobserved
dag/test/claim/extdeps_anemia_grounding_witness_test.dag	SubstrateInputsOnly	value	v2.std.live_tree	1	unobserved	unobserved	unobserved	unresolved	undefined variable 'SubstrateInputsOnly'	0	variant_mechanism_unobserved
dag/test/claim/extdeps_dpkg_witness_test.dag	SubstrateInputsOnly	value	v2.std.live_tree	1	unobserved	unobserved	unobserved	unresolved	undefined variable 'SubstrateInputsOnly'	0	variant_mechanism_unobserved
dag/test/claim/extdeps_git_diff_name_status_witness_test.dag	SubstrateInputsOnly	value	v2.std.live_tree	1	unobserved	unobserved	unobserved	unresolved	undefined variable 'SubstrateInputsOnly'	0	variant_mechanism_unobserved
dag/test/claim/extdeps_git_versioning_witness_test.dag	SubstrateInputsOnly	value	v2.std.live_tree	1	unobserved	unobserved	unobserved	unresolved	undefined variable 'SubstrateInputsOnly'	0	variant_mechanism_unobserved
dag/test/claim/extdeps_github_errors_url_grounding_witness_test.dag	SubstrateInputsOnly	value	v2.std.live_tree	1	unobserved	unobserved	unobserved	unresolved	undefined variable 'SubstrateInputsOnly'	0	variant_mechanism_unobserved
dag/test/claim/extdeps_llm_claude_trust_witness_test.dag	SubstrateInputsOnly	value	v2.std.live_tree	1	unobserved	unobserved	unobserved	unresolved	undefined variable 'SubstrateInputsOnly'	0	variant_mechanism_unobserved
dag/test/claim/extdeps_llm_type_grounding_witness_test.dag	SubstrateInputsOnly	value	v2.std.live_tree	1	unobserved	unobserved	unobserved	unresolved	undefined variable 'SubstrateInputsOnly'	0	variant_mechanism_unobserved
dag/test/claim/extdeps_round2_grounding_witness_test.dag	SubstrateInputsOnly	value	v2.std.live_tree	1	unobserved	unobserved	unobserved	unresolved	undefined variable 'SubstrateInputsOnly'	0	variant_mechanism_unobserved
dag/test/claim/extdeps_version_semver_witness_test.dag	SubstrateInputsOnly	value	v2.std.live_tree	1	unobserved	unobserved	unobserved	unresolved	undefined variable 'SubstrateInputsOnly'	0	variant_mechanism_unobserved
dag/test/claim/extdeps_version_witness_test.dag	SubstrateInputsOnly	value	v2.std.live_tree	1	unobserved	unobserved	unobserved	unresolved	undefined variable 'SubstrateInputsOnly'	0	variant_mechanism_unobserved
dag/test/claim/falsifier_alert_decision_witness_test.dag	SubstrateInputsOnly	value	v2.std.live_tree	1	unobserved	unobserved	unobserved	unresolved	undefined variable 'SubstrateInputsOnly'	0	variant_mechanism_unobserved
dag/test/claim/falsifier_alert_migration_witness_test.dag	SubstrateInputsOnly	value	v2.std.live_tree	1	unobserved	unobserved	unobserved	unresolved	undefined variable 'SubstrateInputsOnly'	0	variant_mechanism_unobserved
dag/test/claim/falsifier_lane_witness_test.dag	SubstrateInputsOnly	value	v2.std.live_tree	1	unobserved	unobserved	unobserved	unresolved	undefined variable 'SubstrateInputsOnly'	0	variant_mechanism_unobserved
dag/test/claim/falsifier_workflow_witness_test.dag	SubstrateInputsOnly	value	v2.std.live_tree	1	unobserved	unobserved	unobserved	unresolved	undefined variable 'SubstrateInputsOnly'	0	variant_mechanism_unobserved
dag/test/claim/filesystem_entry_kind_witness_test.dag	SubstrateInputsOnly	value	v2.std.live_tree	1	unobserved	unobserved	unobserved	unresolved	undefined variable 'SubstrateInputsOnly'	0	variant_mechanism_unobserved
dag/test/claim/fleet_converge_apply_witness_test.dag	SubstrateInputsOnly	value	v2.std.live_tree	1	unobserved	unobserved	unobserved	unresolved	undefined variable 'SubstrateInputsOnly'	0	variant_mechanism_unobserved
dag/test/claim/fleet_converge_cli_witness_test.dag	SubstrateInputsOnly	value	v2.std.live_tree	1	unobserved	unobserved	unobserved	unresolved	undefined variable 'SubstrateInputsOnly'	0	variant_mechanism_unobserved
dag/test/claim/fleet_host_budget_test.dag	SubstrateInputsOnly	value	v2.std.live_tree	1	unobserved	unobserved	unobserved	unresolved	undefined variable 'SubstrateInputsOnly'	0	variant_mechanism_unobserved
dag/test/claim/fleet_intent_memory_witness_test.dag	SubstrateInputsOnly	value	v2.std.live_tree	1	unobserved	unobserved	unobserved	unresolved	undefined variable 'SubstrateInputsOnly'	0	variant_mechanism_unobserved
dag/test/claim/fleet_intent_network_witness_test.dag	SubstrateInputsOnly	value	v2.std.live_tree	1	unobserved	unobserved	unobserved	unresolved	undefined variable 'SubstrateInputsOnly'	0	variant_mechanism_unobserved
dag/test/claim/fleet_intent_storage_witness_test.dag	SubstrateInputsOnly	value	v2.std.live_tree	1	unobserved	unobserved	unobserved	unresolved	undefined variable 'SubstrateInputsOnly'	0	variant_mechanism_unobserved
dag/test/claim/fleet_observation_producers_witness_test.dag	SubstrateInputsOnly	value	v2.std.live_tree	1	unobserved	unobserved	unobserved	unresolved	undefined variable 'SubstrateInputsOnly'	0	variant_mechanism_unobserved
dag/test/claim/fleet_runner_connectivity_witness_test.dag	SubstrateInputsOnly	value	v2.std.live_tree	1	unobserved	unobserved	unobserved	unresolved	undefined variable 'SubstrateInputsOnly'	0	variant_mechanism_unobserved
dag/test/claim/fleet_show_effective_read_witness_test.dag	SubstrateInputsOnly	value	v2.std.live_tree	1	unobserved	unobserved	unobserved	unresolved	undefined variable 'SubstrateInputsOnly'	0	variant_mechanism_unobserved
dag/test/claim/float_add_associativity_law_witness_test.dag	SubstrateInputsOnly	value	v2.std.live_tree	1	unobserved	unobserved	unobserved	unresolved	undefined variable 'SubstrateInputsOnly'	0	variant_mechanism_unobserved
dag/test/claim/floor_batch_clamp_authority_witness_test.dag	SubstrateInputsOnly	value	v2.std.live_tree	1	unobserved	unobserved	unobserved	unresolved	undefined variable 'SubstrateInputsOnly'	0	variant_mechanism_unobserved
dag/test/claim/floor_component_receipt_witness_test.dag	SubstrateInputsOnly	value	v2.std.live_tree	1	unobserved	unobserved	unobserved	unresolved	undefined variable 'SubstrateInputsOnly'	0	variant_mechanism_unobserved
dag/test/claim/floor_discovery_hand_rust_equivalence_witness_test.dag	SubstrateInputsOnly	value	v2.std.live_tree	1	unobserved	unobserved	unobserved	unresolved	undefined variable 'SubstrateInputsOnly'	1	variant_mechanism_unobserved
dag/test/claim/floor_discovery_hand_rust_equivalence_witness_test.dag	SubstrateInputsOnly	value	v2.std.live_tree	1	unobserved	unobserved	unobserved	unresolved	undefined variable 'SubstrateInputsOnly'	1	variant_mechanism_unobserved
dag/test/claim/floor_discovery_roster_fixture_test.dag	SubstrateInputsOnly	value	v2.std.live_tree	1	unobserved	unobserved	unobserved	unresolved	undefined variable 'SubstrateInputsOnly'	0	variant_mechanism_unobserved
dag/test/claim/floor_materialization_witness_test.dag	SubstrateInputsOnly	value	v2.std.live_tree	1	unobserved	unobserved	unobserved	unresolved	undefined variable 'SubstrateInputsOnly'	0	variant_mechanism_unobserved
dag/test/claim/floor_skip_discovery_witness_test.dag	SubstrateInputsOnly	value	v2.std.live_tree	1	unobserved	unobserved	unobserved	unresolved	undefined variable 'SubstrateInputsOnly'	0	variant_mechanism_unobserved
dag/test/claim/free_tier_serving_witness_test.dag	SubstrateInputsOnly	value	v2.std.live_tree	1	unobserved	unobserved	unobserved	unresolved	undefined variable 'SubstrateInputsOnly'	0	variant_mechanism_unobserved
dag/test/claim/generated_artifact_merge_driver_real_execution_witness_test.dag	SubstrateInputsOnly	value	v2.std.live_tree	1	unobserved	unobserved	unobserved	unresolved	undefined variable 'SubstrateInputsOnly'	0	variant_mechanism_unobserved
dag/test/claim/generic_item_clone_bound_witness_test.dag	SubstrateInputsOnly	value	v2.std.live_tree	1	unobserved	unobserved	unobserved	unresolved	undefined variable 'SubstrateInputsOnly'	0	variant_mechanism_unobserved
dag/test/claim/gha_expression_roundtrip_test.dag	SubstrateInputsOnly	value	v2.std.live_tree	1	unobserved	unobserved	unobserved	unresolved	undefined variable 'SubstrateInputsOnly'	0	variant_mechanism_unobserved
dag/test/claim/gha_job_projection_witness_test.dag	SubstrateInputsOnly	value	v2.std.live_tree	1	unobserved	unobserved	unobserved	unresolved	undefined variable 'SubstrateInputsOnly'	0	variant_mechanism_unobserved
dag/test/claim/git_ls_remote_witness_test.dag	SubstrateInputsOnly	value	v2.std.live_tree	1	unobserved	unobserved	unobserved	unresolved	undefined variable 'SubstrateInputsOnly'	0	variant_mechanism_unobserved
dag/test/claim/githooks_repo_local_git_config_emit_witness_test.dag	SubstrateInputsOnly	value	v2.std.live_tree	1	unobserved	unobserved	unobserved	unresolved	undefined variable 'SubstrateInputsOnly'	0	variant_mechanism_unobserved
dag/test/claim/github_app_registry_witness_test.dag	SubstrateInputsOnly	value	v2.std.live_tree	1	unobserved	unobserved	unobserved	unresolved	undefined variable 'SubstrateInputsOnly'	0	variant_mechanism_unobserved
dag/test/claim/github_checks_witness_test.dag	SubstrateInputsOnly	value	v2.std.live_tree	1	unobserved	unobserved	unobserved	unresolved	undefined variable 'SubstrateInputsOnly'	0	variant_mechanism_unobserved
dag/test/claim/github_merge_state_witness_test.dag	SubstrateInputsOnly	value	v2.std.live_tree	1	unobserved	unobserved	unobserved	unresolved	undefined variable 'SubstrateInputsOnly'	0	variant_mechanism_unobserved
dag/test/claim/github_mergeable_state_witness_test.dag	SubstrateInputsOnly	value	v2.std.live_tree	1	unobserved	unobserved	unobserved	unresolved	undefined variable 'SubstrateInputsOnly'	0	variant_mechanism_unobserved
dag/test/claim/github_workflow_runs_witness_test.dag	SubstrateInputsOnly	value	v2.std.live_tree	1	unobserved	unobserved	unobserved	unresolved	undefined variable 'SubstrateInputsOnly'	0	variant_mechanism_unobserved
dag/test/claim/gitignore_gate_test.dag	SubstrateInputsOnly	value	v2.std.live_tree	1	unobserved	unobserved	unobserved	unresolved	undefined variable 'SubstrateInputsOnly'	0	variant_mechanism_unobserved
dag/test/claim/gitlab_10k_income_series_witness_test.dag	SubstrateInputsOnly	value	v2.std.live_tree	1	unobserved	unobserved	unobserved	unresolved	undefined variable 'SubstrateInputsOnly'	0	variant_mechanism_unobserved
dag/test/claim/go_module_versioning_witness_test.dag	SubstrateInputsOnly	value	v2.std.live_tree	1	unobserved	unobserved	unobserved	unresolved	undefined variable 'SubstrateInputsOnly'	0	variant_mechanism_unobserved
dag/test/claim/gpu_interconnect_and_sm_cache_witness_test.dag	SubstrateInputsOnly	value	v2.std.live_tree	1	unobserved	unobserved	unobserved	unresolved	undefined variable 'SubstrateInputsOnly'	0	variant_mechanism_unobserved
dag/test/claim/grounded_principal_witness_test.dag	SubstrateInputsOnly	value	v2.std.live_tree	1	unobserved	unobserved	unobserved	unresolved	undefined variable 'SubstrateInputsOnly'	0	variant_mechanism_unobserved
dag/test/claim/gunbc_invoke_witness_test.dag	SubstrateInputsOnly	value	v2.std.live_tree	1	unobserved	unobserved	unobserved	unresolved	undefined variable 'SubstrateInputsOnly'	0	variant_mechanism_unobserved
dag/test/claim/gunbhub_react_browse_witness_test.dag	SubstrateInputsOnly	value	v2.std.live_tree	1	unobserved	unobserved	unobserved	unresolved	undefined variable 'SubstrateInputsOnly'	0	variant_mechanism_unobserved
dag/test/claim/gunbhub_serve_witness_test.dag	SubstrateInputsOnly	value	v2.std.live_tree	1	unobserved	unobserved	unobserved	unresolved	undefined variable 'SubstrateInputsOnly'	0	variant_mechanism_unobserved
dag/test/claim/hand_lens_host_bridge_scaffold_watchdog_test.dag	SubstrateInputsOnly	value	v2.std.live_tree	1	unobserved	unobserved	unobserved	unresolved	undefined variable 'SubstrateInputsOnly'	0	variant_mechanism_unobserved
dag/test/claim/hardware_selection_witness_test.dag	SubstrateInputsOnly	value	v2.std.live_tree	1	unobserved	unobserved	unobserved	unresolved	undefined variable 'SubstrateInputsOnly'	0	variant_mechanism_unobserved
dag/test/claim/hermetic_fixture_realization_test.dag	SubstrateInputsOnly	value	v2.std.live_tree	1	unobserved	unobserved	unobserved	unresolved	undefined variable 'SubstrateInputsOnly'	0	variant_mechanism_unobserved
dag/test/claim/hetzner_cost_quote_witness_test.dag	SubstrateInputsOnly	value	v2.std.live_tree	1	unobserved	unobserved	unobserved	unresolved	undefined variable 'SubstrateInputsOnly'	0	variant_mechanism_unobserved
dag/test/claim/host_allocation_conservation_test.dag	SubstrateInputsOnly	value	v2.std.live_tree	1	unobserved	unobserved	unobserved	unresolved	undefined variable 'SubstrateInputsOnly'	0	variant_mechanism_unobserved
dag/test/claim/host_budget_source_witness_test.dag	SubstrateInputsOnly	value	v2.std.live_tree	1	unobserved	unobserved	unobserved	unresolved	undefined variable 'SubstrateInputsOnly'	0	variant_mechanism_unobserved
dag/test/claim/host_build_cache_provision_design_witness_test.dag	SubstrateInputsOnly	value	v2.std.live_tree	1	unobserved	unobserved	unobserved	unresolved	undefined variable 'SubstrateInputsOnly'	0	variant_mechanism_unobserved
dag/test/claim/host_build_cache_provision_real_execution_witness_test.dag	SubstrateInputsOnly	value	v2.std.live_tree	1	unobserved	unobserved	unobserved	unresolved	undefined variable 'SubstrateInputsOnly'	0	variant_mechanism_unobserved
dag/test/claim/host_compile_pool_test.dag	SubstrateInputsOnly	value	v2.std.live_tree	1	unobserved	unobserved	unobserved	unresolved	undefined variable 'SubstrateInputsOnly'	0	variant_mechanism_unobserved
dag/test/claim/host_converge_delta_witness_test.dag	SubstrateInputsOnly	value	v2.std.live_tree	1	unobserved	unobserved	unobserved	unresolved	undefined variable 'SubstrateInputsOnly'	0	variant_mechanism_unobserved
dag/test/claim/host_converge_realize_witness_test.dag	SubstrateInputsOnly	value	v2.std.live_tree	1	unobserved	unobserved	unobserved	unresolved	undefined variable 'SubstrateInputsOnly'	0	variant_mechanism_unobserved
dag/test/claim/host_converge_slice1_witness_test.dag	SubstrateInputsOnly	value	v2.std.live_tree	1	unobserved	unobserved	unobserved	unresolved	undefined variable 'SubstrateInputsOnly'	0	variant_mechanism_unobserved
dag/test/claim/host_effect_apply_witness_test.dag	SubstrateInputsOnly	value	v2.std.live_tree	1	unobserved	unobserved	unobserved	unresolved	undefined variable 'SubstrateInputsOnly'	0	variant_mechanism_unobserved
dag/test/claim/host_effect_plan_real_execution_witness_test.dag	SubstrateInputsOnly	value	v2.std.live_tree	1	unobserved	unobserved	unobserved	unresolved	undefined variable 'SubstrateInputsOnly'	0	variant_mechanism_unobserved
dag/test/claim/host_effect_plan_witness_test.dag	SubstrateInputsOnly	value	v2.std.live_tree	1	unobserved	unobserved	unobserved	unresolved	undefined variable 'SubstrateInputsOnly'	0	variant_mechanism_unobserved
dag/test/claim/host_hygiene_liveness_test.dag	SubstrateInputsOnly	value	v2.std.live_tree	1	unobserved	unobserved	unobserved	unresolved	undefined variable 'SubstrateInputsOnly'	0	variant_mechanism_unobserved
dag/test/claim/host_hygiene_reaper_test.dag	SubstrateInputsOnly	value	v2.std.live_tree	1	unobserved	unobserved	unobserved	unresolved	undefined variable 'SubstrateInputsOnly'	0	variant_mechanism_unobserved
dag/test/claim/host_identity_observation_witness_test.dag	SubstrateInputsOnly	value	v2.std.live_tree	1	unobserved	unobserved	unobserved	unresolved	undefined variable 'SubstrateInputsOnly'	0	variant_mechanism_unobserved
dag/test/claim/host_network_diagnosis_witness_test.dag	SubstrateInputsOnly	value	v2.std.live_tree	1	unobserved	unobserved	unobserved	unresolved	undefined variable 'SubstrateInputsOnly'	0	variant_mechanism_unobserved
dag/test/claim/host_phase_status_witness_test.dag	SubstrateInputsOnly	value	v2.std.live_tree	1	unobserved	unobserved	unobserved	unresolved	undefined variable 'SubstrateInputsOnly'	0	variant_mechanism_unobserved
dag/test/claim/host_standup_assimilation_deduction_witness_test.dag	SubstrateInputsOnly	value	v2.std.live_tree	1	unobserved	unobserved	unobserved	unresolved	undefined variable 'SubstrateInputsOnly'	0	variant_mechanism_unobserved
dag/test/claim/host_standup_spine_witness_test.dag	SubstrateInputsOnly	value	v2.std.live_tree	1	unobserved	unobserved	unobserved	unresolved	undefined variable 'SubstrateInputsOnly'	0	variant_mechanism_unobserved
dag/test/claim/host_swap_backing_witness_test.dag	SubstrateInputsOnly	value	v2.std.live_tree	1	unobserved	unobserved	unobserved	unresolved	undefined variable 'SubstrateInputsOnly'	0	variant_mechanism_unobserved
dag/test/claim/host_toolchain_components_witness_test.dag	SubstrateInputsOnly	value	v2.std.live_tree	1	unobserved	unobserved	unobserved	unresolved	undefined variable 'SubstrateInputsOnly'	0	variant_mechanism_unobserved
dag/test/claim/hostname_allocation_witness_test.dag	SubstrateInputsOnly	value	v2.std.live_tree	1	unobserved	unobserved	unobserved	unresolved	undefined variable 'SubstrateInputsOnly'	0	variant_mechanism_unobserved
dag/test/claim/html_emit_witness_test.dag	SubstrateInputsOnly	value	v2.std.live_tree	1	unobserved	unobserved	unobserved	unresolved	undefined variable 'SubstrateInputsOnly'	0	variant_mechanism_unobserved
dag/test/claim/html_markup_xss_witness_test.dag	SubstrateInputsOnly	value	v2.std.live_tree	1	unobserved	unobserved	unobserved	unresolved	undefined variable 'SubstrateInputsOnly'	0	variant_mechanism_unobserved
dag/test/claim/html_roundtrip_test.dag	SubstrateInputsOnly	value	v2.std.live_tree	1	unobserved	unobserved	unobserved	unresolved	undefined variable 'SubstrateInputsOnly'	0	variant_mechanism_unobserved
dag/test/claim/http_client_get_real_execution_witness_test.dag	SubstrateInputsOnly	value	v2.std.live_tree	1	unobserved	unobserved	unobserved	unresolved	undefined variable 'SubstrateInputsOnly'	0	variant_mechanism_unobserved
dag/test/claim/input_envelope_admission_test.dag	SubstrateInputsOnly	value	v2.std.live_tree	1	unobserved	unobserved	unobserved	unresolved	undefined variable 'SubstrateInputsOnly'	0	variant_mechanism_unobserved
dag/test/claim/instrument_bob_witness_test.dag	SubstrateInputsOnly	value	v2.std.live_tree	1	unobserved	unobserved	unobserved	unresolved	undefined variable 'SubstrateInputsOnly'	0	variant_mechanism_unobserved
dag/test/claim/instrument_camera_witness_test.dag	SubstrateInputsOnly	value	v2.std.live_tree	1	unobserved	unobserved	unobserved	unresolved	undefined variable 'SubstrateInputsOnly'	0	variant_mechanism_unobserved
dag/test/claim/instrument_physical_witness_test.dag	SubstrateInputsOnly	value	v2.std.live_tree	1	unobserved	unobserved	unobserved	unresolved	undefined variable 'SubstrateInputsOnly'	0	variant_mechanism_unobserved
dag/test/claim/instrument_sandbox_witness_test.dag	SubstrateInputsOnly	value	v2.std.live_tree	1	unobserved	unobserved	unobserved	unresolved	undefined variable 'SubstrateInputsOnly'	0	variant_mechanism_unobserved
dag/test/claim/instrument_tuner_witness_test.dag	SubstrateInputsOnly	value	v2.std.live_tree	1	unobserved	unobserved	unobserved	unresolved	undefined variable 'SubstrateInputsOnly'	0	variant_mechanism_unobserved
dag/test/claim/interp_recorded_fixture_witness_test.dag	SubstrateInputsOnly	value	v2.std.live_tree	1	unobserved	unobserved	unobserved	unresolved	undefined variable 'SubstrateInputsOnly'	0	variant_mechanism_unobserved
dag/test/claim/interpreter_kernel_model_witness_test.dag	SubstrateInputsOnly	value	v2.std.live_tree	1	unobserved	unobserved	unobserved	unresolved	undefined variable 'SubstrateInputsOnly'	0	variant_mechanism_unobserved
dag/test/claim/jedec_ddr_generation_witness_test.dag	SubstrateInputsOnly	value	v2.std.live_tree	1	unobserved	unobserved	unobserved	unresolved	undefined variable 'SubstrateInputsOnly'	0	variant_mechanism_unobserved
dag/test/claim/js_site_emit_test.dag	SubstrateInputsOnly	value	v2.std.live_tree	1	unobserved	unobserved	unobserved	unresolved	undefined variable 'SubstrateInputsOnly'	0	variant_mechanism_unobserved
dag/test/claim/json_emit_witness_test.dag	SubstrateInputsOnly	value	v2.std.live_tree	1	unobserved	unobserved	unobserved	unresolved	undefined variable 'SubstrateInputsOnly'	0	variant_mechanism_unobserved
dag/test/claim/json_parse_witness_test.dag	SubstrateInputsOnly	value	v2.std.live_tree	1	unobserved	unobserved	unobserved	unresolved	undefined variable 'SubstrateInputsOnly'	0	variant_mechanism_unobserved
dag/test/claim/keyed_delta_fold_witness_test.dag	SubstrateInputsOnly	value	v2.std.live_tree	1	unobserved	unobserved	unobserved	unresolved	undefined variable 'SubstrateInputsOnly'	0	variant_mechanism_unobserved
dag/test/claim/keyed_roster_witness_test.dag	SubstrateInputsOnly	value	v2.std.live_tree	1	unobserved	unobserved	unobserved	unresolved	undefined variable 'SubstrateInputsOnly'	0	variant_mechanism_unobserved
dag/test/claim/layout_render_witness_test.dag	SubstrateInputsOnly	value	v2.std.live_tree	1	unobserved	unobserved	unobserved	unresolved	undefined variable 'SubstrateInputsOnly'	0	variant_mechanism_unobserved
dag/test/claim/legacy_test_inflow_witness_test.dag	SubstrateInputsOnly	value	v2.std.live_tree	1	unobserved	unobserved	unobserved	unresolved	undefined variable 'SubstrateInputsOnly'	0	variant_mechanism_unobserved
dag/test/claim/lens_verdict_witness_test.dag	SubstrateInputsOnly	value	v2.std.live_tree	1	unobserved	unobserved	unobserved	unresolved	undefined variable 'SubstrateInputsOnly'	0	variant_mechanism_unobserved
dag/test/claim/live_deploy/apply_witness_test.dag	SubstrateInputsOnly	value	v2.std.live_tree	1	unobserved	unobserved	unobserved	unresolved	undefined variable 'SubstrateInputsOnly'	0	variant_mechanism_unobserved
dag/test/claim/live_deploy/candidate_checkout_witness_test.dag	SubstrateInputsOnly	value	v2.std.live_tree	1	unobserved	unobserved	unobserved	unresolved	undefined variable 'SubstrateInputsOnly'	0	variant_mechanism_unobserved
dag/test/claim/live_deploy/emit_test.dag	SubstrateInputsOnly	value	v2.std.live_tree	1	unobserved	unobserved	unobserved	unresolved	undefined variable 'SubstrateInputsOnly'	0	variant_mechanism_unobserved
dag/test/claim/live_deploy/intent_witness_test.dag	SubstrateInputsOnly	value	v2.std.live_tree	1	unobserved	unobserved	unobserved	unresolved	undefined variable 'SubstrateInputsOnly'	0	variant_mechanism_unobserved
dag/test/claim/live_deploy/operations_witness_test.dag	SubstrateInputsOnly	value	v2.std.live_tree	1	unobserved	unobserved	unobserved	unresolved	undefined variable 'SubstrateInputsOnly'	0	variant_mechanism_unobserved
dag/test/claim/live_deploy/readiness_witness_test.dag	SubstrateInputsOnly	value	v2.std.live_tree	1	unobserved	unobserved	unobserved	unresolved	undefined variable 'SubstrateInputsOnly'	0	variant_mechanism_unobserved
dag/test/claim/live_deploy/service_ready_witness_test.dag	SubstrateInputsOnly	value	v2.std.live_tree	1	unobserved	unobserved	unobserved	unresolved	undefined variable 'SubstrateInputsOnly'	0	variant_mechanism_unobserved
dag/test/claim/llm_attempt_receipt_witness_test.dag	SubstrateInputsOnly	value	v2.std.live_tree	1	unobserved	unobserved	unobserved	unresolved	undefined variable 'SubstrateInputsOnly'	0	variant_mechanism_unobserved
dag/test/claim/long/dag_compile_clean_perturb_corpus_witness_test.dag	SubstrateInputsOnly	value	v2.std.live_tree	1	unobserved	unobserved	unobserved	unresolved	undefined variable 'SubstrateInputsOnly'	0	variant_mechanism_unobserved
dag/test/claim/long/inert_lens_hygiene_witness_test.dag	SubstrateInputsOnly	value	v2.std.live_tree	1	unobserved	unobserved	unobserved	unresolved	undefined variable 'SubstrateInputsOnly'	0	variant_mechanism_unobserved
dag/test/claim/long/instrument_sandbox_live_witness_test.dag	SubstrateInputsOnly	value	v2.std.live_tree	1	unobserved	unobserved	unobserved	unresolved	undefined variable 'SubstrateInputsOnly'	0	variant_mechanism_unobserved
dag/test/claim/long/qualified_declaration_reference_emit_cross_module_witness_test.dag	SubstrateInputsOnly	value	v2.std.live_tree	1	unobserved	unobserved	unobserved	unresolved	undefined variable 'SubstrateInputsOnly'	0	variant_mechanism_unobserved
dag/test/claim/machine_shape_catalog_integration_witness_test.dag	SubstrateInputsOnly	value	v2.std.live_tree	1	unobserved	unobserved	unobserved	unresolved	undefined variable 'SubstrateInputsOnly'	0	variant_mechanism_unobserved
dag/test/claim/machine_shape_construction_wall_test.dag	SubstrateInputsOnly	value	v2.std.live_tree	1	unobserved	unobserved	unobserved	unresolved	undefined variable 'SubstrateInputsOnly'	0	variant_mechanism_unobserved
dag/test/claim/machine_shape_witness_test.dag	SubstrateInputsOnly	value	v2.std.live_tree	1	unobserved	unobserved	unobserved	unresolved	undefined variable 'SubstrateInputsOnly'	0	variant_mechanism_unobserved
dag/test/claim/managed_directory_witness_test.dag	SubstrateInputsOnly	value	v2.std.live_tree	1	unobserved	unobserved	unobserved	unresolved	undefined variable 'SubstrateInputsOnly'	0	variant_mechanism_unobserved
dag/test/claim/map_lookup_dual_dispatch_witness_test.dag	SubstrateInputsOnly	value	v2.std.live_tree	1	unobserved	unobserved	unobserved	unresolved	undefined variable 'SubstrateInputsOnly'	0	variant_mechanism_unobserved
dag/test/claim/markdown_inline_render_test.dag	SubstrateInputsOnly	value	v2.std.live_tree	1	unobserved	unobserved	unobserved	unresolved	undefined variable 'SubstrateInputsOnly'	0	variant_mechanism_unobserved
dag/test/claim/markdown_markup_xss_witness_test.dag	SubstrateInputsOnly	value	v2.std.live_tree	1	unobserved	unobserved	unobserved	unresolved	undefined variable 'SubstrateInputsOnly'	0	variant_mechanism_unobserved
dag/test/claim/markdown_roundtrip_test.dag	SubstrateInputsOnly	value	v2.std.live_tree	1	unobserved	unobserved	unobserved	unresolved	undefined variable 'SubstrateInputsOnly'	0	variant_mechanism_unobserved
dag/test/claim/markdown_source_emit_test.dag	SubstrateInputsOnly	value	v2.std.live_tree	1	unobserved	unobserved	unobserved	unresolved	undefined variable 'SubstrateInputsOnly'	0	variant_mechanism_unobserved
dag/test/claim/markup_medium_convergence_test.dag	SubstrateInputsOnly	value	v2.std.live_tree	1	unobserved	unobserved	unobserved	unresolved	undefined variable 'SubstrateInputsOnly'	0	variant_mechanism_unobserved
dag/test/claim/markup_serializer_witness_test.dag	SubstrateInputsOnly	value	v2.std.live_tree	1	unobserved	unobserved	unobserved	unresolved	undefined variable 'SubstrateInputsOnly'	0	variant_mechanism_unobserved
dag/test/claim/materialization_ladder_witness_test.dag	SubstrateInputsOnly	value	v2.std.live_tree	1	unobserved	unobserved	unobserved	unresolved	undefined variable 'SubstrateInputsOnly'	0	variant_mechanism_unobserved
dag/test/claim/materialization_provider_witness_test.dag	SubstrateInputsOnly	value	v2.std.live_tree	1	unobserved	unobserved	unobserved	unresolved	undefined variable 'SubstrateInputsOnly'	0	variant_mechanism_unobserved
dag/test/claim/materialized_secret_witness_test.dag	SubstrateInputsOnly	value	v2.std.live_tree	1	unobserved	unobserved	unobserved	unresolved	undefined variable 'SubstrateInputsOnly'	0	variant_mechanism_unobserved
dag/test/claim/measure_lifted_algebra_test.dag	SubstrateInputsOnly	value	v2.std.live_tree	1	unobserved	unobserved	unobserved	unresolved	undefined variable 'SubstrateInputsOnly'	0	variant_mechanism_unobserved
dag/test/claim/measure_magnitude_carrier_test.dag	SubstrateInputsOnly	value	v2.std.live_tree	1	unobserved	unobserved	unobserved	unresolved	undefined variable 'SubstrateInputsOnly'	0	variant_mechanism_unobserved
dag/test/claim/media_type_witness_test.dag	SubstrateInputsOnly	value	v2.std.live_tree	1	unobserved	unobserved	unobserved	unresolved	undefined variable 'SubstrateInputsOnly'	0	variant_mechanism_unobserved
dag/test/claim/medium_fidelity_witness_test.dag	SubstrateInputsOnly	value	v2.std.live_tree	1	unobserved	unobserved	unobserved	unresolved	undefined variable 'SubstrateInputsOnly'	0	variant_mechanism_unobserved
dag/test/claim/membership_reconcile_witness_test.dag	SubstrateInputsOnly	value	v2.std.live_tree	1	unobserved	unobserved	unobserved	unresolved	undefined variable 'SubstrateInputsOnly'	0	variant_mechanism_unobserved
dag/test/claim/memory_scale_factor_derivation_test.dag	SubstrateInputsOnly	value	v2.std.live_tree	1	unobserved	unobserved	unobserved	unresolved	undefined variable 'SubstrateInputsOnly'	0	variant_mechanism_unobserved
dag/test/claim/merge_admission_actuator_witness_test.dag	SubstrateInputsOnly	value	v2.std.live_tree	1	unobserved	unobserved	unobserved	unresolved	undefined variable 'SubstrateInputsOnly'	0	variant_mechanism_unobserved
dag/test/claim/merge_admission_attempt_witness_test.dag	SubstrateInputsOnly	value	v2.std.live_tree	1	unobserved	unobserved	unobserved	unresolved	undefined variable 'SubstrateInputsOnly'	0	variant_mechanism_unobserved
dag/test/claim/merge_admission_deployed_gate_control_test.dag	SubstrateInputsOnly	value	v2.std.live_tree	1	unobserved	unobserved	unobserved	unresolved	undefined variable 'SubstrateInputsOnly'	0	variant_mechanism_unobserved
dag/test/claim/merge_admission_enforcement_witness_test.dag	SubstrateInputsOnly	value	v2.std.live_tree	1	unobserved	unobserved	unobserved	unresolved	undefined variable 'SubstrateInputsOnly'	0	variant_mechanism_unobserved
dag/test/claim/merge_admission_producer_witness_test.dag	SubstrateInputsOnly	value	v2.std.live_tree	1	unobserved	unobserved	unobserved	unresolved	undefined variable 'SubstrateInputsOnly'	0	variant_mechanism_unobserved
dag/test/claim/merge_admission_witness_test.dag	SubstrateInputsOnly	value	v2.std.live_tree	1	unobserved	unobserved	unobserved	unresolved	undefined variable 'SubstrateInputsOnly'	0	variant_mechanism_unobserved
dag/test/claim/merge_lifecycle_interleaving_witness_test.dag	SubstrateInputsOnly	value	v2.std.live_tree	1	unobserved	unobserved	unobserved	unresolved	undefined variable 'SubstrateInputsOnly'	0	variant_mechanism_unobserved
dag/test/claim/namespace_reference_derived_closure_acceptance_test.dag	SubstrateInputsOnly	value	v2.std.live_tree	1	unobserved	unobserved	unobserved	unresolved	undefined variable 'SubstrateInputsOnly'	0	variant_mechanism_unobserved
dag/test/claim/native_scm_interaction_contract_witness_test.dag	SubstrateInputsOnly	value	v2.std.live_tree	1	unobserved	unobserved	unobserved	unresolved	undefined variable 'SubstrateInputsOnly'	0	variant_mechanism_unobserved
dag/test/claim/nbd_proxy_endpoint_witness_test.dag	SubstrateInputsOnly	value	v2.std.live_tree	1	unobserved	unobserved	unobserved	unresolved	undefined variable 'SubstrateInputsOnly'	0	variant_mechanism_unobserved
dag/test/claim/nbd_proxy_serve_transport_witness_test.dag	SubstrateInputsOnly	value	v2.std.live_tree	1	unobserved	unobserved	unobserved	unresolved	undefined variable 'SubstrateInputsOnly'	0	variant_mechanism_unobserved
dag/test/claim/nbd_proxy_virtual_media_install_witness_test.dag	SubstrateInputsOnly	value	v2.std.live_tree	1	unobserved	unobserved	unobserved	unresolved	undefined variable 'SubstrateInputsOnly'	0	variant_mechanism_unobserved
dag/test/claim/network_grounding_witness_test.dag	SubstrateInputsOnly	value	v2.std.live_tree	1	unobserved	unobserved	unobserved	unresolved	undefined variable 'SubstrateInputsOnly'	0	variant_mechanism_unobserved
dag/test/claim/node_http_server_emit_test.dag	SubstrateInputsOnly	value	v2.std.live_tree	1	unobserved	unobserved	unobserved	unresolved	undefined variable 'SubstrateInputsOnly'	0	variant_mechanism_unobserved
dag/test/claim/non_fold_residue_witness_test.dag	SubstrateInputsOnly	value	v2.std.live_tree	1	unobserved	unobserved	unobserved	unresolved	undefined variable 'SubstrateInputsOnly'	0	variant_mechanism_unobserved
dag/test/claim/observability_channel_routing_witness_test.dag	SubstrateInputsOnly	value	v2.std.live_tree	1	unobserved	unobserved	unobserved	unresolved	undefined variable 'SubstrateInputsOnly'	0	variant_mechanism_unobserved
dag/test/claim/observation_ci_render_witness_test.dag	SubstrateInputsOnly	value	v2.std.live_tree	1	unobserved	unobserved	unobserved	unresolved	undefined variable 'SubstrateInputsOnly'	0	variant_mechanism_unobserved
dag/test/claim/observation_crawl_replay_test.dag	SubstrateInputsOnly	value	v2.std.live_tree	1	unobserved	unobserved	unobserved	unresolved	undefined variable 'SubstrateInputsOnly'	0	variant_mechanism_unobserved
dag/test/claim/observation_model_witness_test.dag	SubstrateInputsOnly	value	v2.std.live_tree	1	unobserved	unobserved	unobserved	unresolved	undefined variable 'SubstrateInputsOnly'	0	variant_mechanism_unobserved
dag/test/claim/observation_raw_print_retirement_acceptance_test.dag	SubstrateInputsOnly	value	v2.std.live_tree	1	unobserved	unobserved	unobserved	unresolved	undefined variable 'SubstrateInputsOnly'	0	variant_mechanism_unobserved
dag/test/claim/observation_tty_render_witness_test.dag	SubstrateInputsOnly	value	v2.std.live_tree	1	unobserved	unobserved	unobserved	unresolved	undefined variable 'SubstrateInputsOnly'	0	variant_mechanism_unobserved
dag/test/claim/oomd_install_grounding_witness_test.dag	SubstrateInputsOnly	value	v2.std.live_tree	1	unobserved	unobserved	unobserved	unresolved	undefined variable 'SubstrateInputsOnly'	0	variant_mechanism_unobserved
dag/test/claim/optional_carrier_signature_test.dag	SubstrateInputsOnly	value	v2.std.live_tree	1	unobserved	unobserved	unobserved	unresolved	undefined variable 'SubstrateInputsOnly'	0	variant_mechanism_unobserved
dag/test/claim/optional_consumer_fail_closed_test.dag	SubstrateInputsOnly	value	v2.std.live_tree	1	unobserved	unobserved	unobserved	unresolved	undefined variable 'SubstrateInputsOnly'	0	variant_mechanism_unobserved
dag/test/claim/os_free_witness_test.dag	SubstrateInputsOnly	value	v2.std.live_tree	1	unobserved	unobserved	unobserved	unresolved	undefined variable 'SubstrateInputsOnly'	0	variant_mechanism_unobserved
dag/test/claim/os_install_actuator_selection_witness_test.dag	SubstrateInputsOnly	value	v2.std.live_tree	1	unobserved	unobserved	unobserved	unresolved	undefined variable 'SubstrateInputsOnly'	0	variant_mechanism_unobserved
dag/test/claim/os_install_actuator_toolchain_grant_witness_test.dag	SubstrateInputsOnly	value	v2.std.live_tree	1	unobserved	unobserved	unobserved	unresolved	undefined variable 'SubstrateInputsOnly'	0	variant_mechanism_unobserved
dag/test/claim/os_install_deduction_witness_test.dag	SubstrateInputsOnly	value	v2.std.live_tree	1	unobserved	unobserved	unobserved	unresolved	undefined variable 'SubstrateInputsOnly'	0	variant_mechanism_unobserved
dag/test/claim/os_proc_meminfo_witness_test.dag	SubstrateInputsOnly	value	v2.std.live_tree	1	unobserved	unobserved	unobserved	unresolved	undefined variable 'SubstrateInputsOnly'	0	variant_mechanism_unobserved
dag/test/claim/os_systemd_witness_test.dag	SubstrateInputsOnly	value	v2.std.live_tree	1	unobserved	unobserved	unobserved	unresolved	undefined variable 'SubstrateInputsOnly'	0	variant_mechanism_unobserved
dag/test/claim/output_policy_witness_test.dag	SubstrateInputsOnly	value	v2.std.live_tree	1	unobserved	unobserved	unobserved	unresolved	undefined variable 'SubstrateInputsOnly'	0	variant_mechanism_unobserved
dag/test/claim/pareto_dominance_witness_test.dag	SubstrateInputsOnly	value	v2.std.live_tree	1	unobserved	unobserved	unobserved	unresolved	undefined variable 'SubstrateInputsOnly'	0	variant_mechanism_unobserved
dag/test/claim/parse_test.dag	SubstrateInputsOnly	value	v2.std.live_tree	1	unobserved	unobserved	unobserved	unresolved	undefined variable 'SubstrateInputsOnly'	0	variant_mechanism_unobserved
dag/test/claim/perturbation_kernel_test.dag	SubstrateInputsOnly	value	v2.std.live_tree	1	unobserved	unobserved	unobserved	unresolved	undefined variable 'SubstrateInputsOnly'	0	variant_mechanism_unobserved
dag/test/claim/pipeline_transport_emit_rest_shell_witness_test.dag	SubstrateInputsOnly	value	v2.std.live_tree	1	unobserved	unobserved	unobserved	unresolved	undefined variable 'SubstrateInputsOnly'	0	variant_mechanism_unobserved
dag/test/claim/plan_lens_witness_test.dag	SubstrateInputsOnly	value	v2.std.live_tree	1	unobserved	unobserved	unobserved	unresolved	undefined variable 'SubstrateInputsOnly'	0	variant_mechanism_unobserved
dag/test/claim/power_watt_witness_test.dag	SubstrateInputsOnly	value	v2.std.live_tree	1	unobserved	unobserved	unobserved	unresolved	undefined variable 'SubstrateInputsOnly'	0	variant_mechanism_unobserved
dag/test/claim/pricing_surface_witness_test.dag	SubstrateInputsOnly	value	v2.std.live_tree	1	unobserved	unobserved	unobserved	unresolved	undefined variable 'SubstrateInputsOnly'	0	variant_mechanism_unobserved
dag/test/claim/principal_projection_witness_test.dag	SubstrateInputsOnly	value	v2.std.live_tree	1	unobserved	unobserved	unobserved	unresolved	undefined variable 'SubstrateInputsOnly'	0	variant_mechanism_unobserved
dag/test/claim/proc_self_cgroup_real_execution_witness_test.dag	SubstrateInputsOnly	value	v2.std.live_tree	1	unobserved	unobserved	unobserved	unresolved	undefined variable 'SubstrateInputsOnly'	0	variant_mechanism_unobserved
dag/test/claim/proc_self_cgroup_witness_test.dag	SubstrateInputsOnly	value	v2.std.live_tree	1	unobserved	unobserved	unobserved	unresolved	undefined variable 'SubstrateInputsOnly'	0	variant_mechanism_unobserved
dag/test/claim/provider_lifecycle_witness_test.dag	SubstrateInputsOnly	value	v2.std.live_tree	1	unobserved	unobserved	unobserved	unresolved	undefined variable 'SubstrateInputsOnly'	0	variant_mechanism_unobserved
dag/test/claim/publication_publisher_witness_test.dag	SubstrateInputsOnly	value	v2.std.live_tree	1	unobserved	unobserved	unobserved	unresolved	undefined variable 'SubstrateInputsOnly'	0	variant_mechanism_unobserved
dag/test/claim/push_before_main_push_selection_witness_test.dag	SubstrateInputsOnly	value	v2.std.live_tree	1	unobserved	unobserved	unobserved	unresolved	undefined variable 'SubstrateInputsOnly'	0	variant_mechanism_unobserved
dag/test/claim/push_event_witness_test.dag	SubstrateInputsOnly	value	v2.std.live_tree	1	unobserved	unobserved	unobserved	unresolved	undefined variable 'SubstrateInputsOnly'	0	variant_mechanism_unobserved
dag/test/claim/python_pep440_version_witness_test.dag	SubstrateInputsOnly	value	v2.std.live_tree	1	unobserved	unobserved	unobserved	unresolved	undefined variable 'SubstrateInputsOnly'	0	variant_mechanism_unobserved
dag/test/claim/random_bytes_csprng_witness_test.dag	SubstrateInputsOnly	value	v2.std.live_tree	1	unobserved	unobserved	unobserved	unresolved	undefined variable 'SubstrateInputsOnly'	0	variant_mechanism_unobserved
dag/test/claim/react_jsx_emit_test.dag	SubstrateInputsOnly	value	v2.std.live_tree	1	unobserved	unobserved	unobserved	unresolved	undefined variable 'SubstrateInputsOnly'	0	variant_mechanism_unobserved
dag/test/claim/readback_independence_witness_test.dag	SubstrateInputsOnly	value	v2.std.live_tree	1	unobserved	unobserved	unobserved	unresolved	undefined variable 'SubstrateInputsOnly'	0	variant_mechanism_unobserved
dag/test/claim/realization_measurement_keystone_test.dag	SubstrateInputsOnly	value	v2.std.live_tree	1	unobserved	unobserved	unobserved	unresolved	undefined variable 'SubstrateInputsOnly'	0	variant_mechanism_unobserved
dag/test/claim/realization_reconcile_witness_test.dag	SubstrateInputsOnly	value	v2.std.live_tree	1	unobserved	unobserved	unobserved	unresolved	undefined variable 'SubstrateInputsOnly'	0	variant_mechanism_unobserved
dag/test/claim/realization_scale_agnostic_test.dag	SubstrateInputsOnly	value	v2.std.live_tree	1	unobserved	unobserved	unobserved	unresolved	undefined variable 'SubstrateInputsOnly'	0	variant_mechanism_unobserved
dag/test/claim/realization_schedule_critical_path_test.dag	SubstrateInputsOnly	value	v2.std.live_tree	1	unobserved	unobserved	unobserved	unresolved	undefined variable 'SubstrateInputsOnly'	0	variant_mechanism_unobserved
dag/test/claim/realization_vocab_confinement_census_test.dag	SubstrateInputsOnly	value	v2.std.live_tree	1	unobserved	unobserved	unobserved	unresolved	undefined variable 'SubstrateInputsOnly'	0	variant_mechanism_unobserved
dag/test/claim/realization_width_witness_test.dag	SubstrateInputsOnly	value	v2.std.live_tree	1	unobserved	unobserved	unobserved	unresolved	undefined variable 'SubstrateInputsOnly'	0	variant_mechanism_unobserved
dag/test/claim/realization_witness_test.dag	SubstrateInputsOnly	value	v2.std.live_tree	1	unobserved	unobserved	unobserved	unresolved	undefined variable 'SubstrateInputsOnly'	0	variant_mechanism_unobserved
dag/test/claim/realize_kernel_test.dag	SubstrateInputsOnly	value	v2.std.live_tree	1	unobserved	unobserved	unobserved	unresolved	undefined variable 'SubstrateInputsOnly'	0	variant_mechanism_unobserved
dag/test/claim/realize_pack_witness_test.dag	SubstrateInputsOnly	value	v2.std.live_tree	1	unobserved	unobserved	unobserved	unresolved	undefined variable 'SubstrateInputsOnly'	0	variant_mechanism_unobserved
dag/test/claim/reconcile_in_process_cache_test.dag	SubstrateInputsOnly	value	v2.std.live_tree	1	unobserved	unobserved	unobserved	unresolved	undefined variable 'SubstrateInputsOnly'	0	variant_mechanism_unobserved
dag/test/claim/reference_instrument_witness_test.dag	SubstrateInputsOnly	value	v2.std.live_tree	1	unobserved	unobserved	unobserved	unresolved	undefined variable 'SubstrateInputsOnly'	0	variant_mechanism_unobserved
dag/test/claim/regional_compute_witness_test.dag	SubstrateInputsOnly	value	v2.std.live_tree	1	unobserved	unobserved	unobserved	unresolved	undefined variable 'SubstrateInputsOnly'	0	variant_mechanism_unobserved
dag/test/claim/render_glyphs_ansi_witness_test.dag	SubstrateInputsOnly	value	v2.std.live_tree	1	unobserved	unobserved	unobserved	unresolved	undefined variable 'SubstrateInputsOnly'	0	variant_mechanism_unobserved
dag/test/claim/render_repeat_string_witness_test.dag	SubstrateInputsOnly	value	v2.std.live_tree	1	unobserved	unobserved	unobserved	unresolved	undefined variable 'SubstrateInputsOnly'	0	variant_mechanism_unobserved
dag/test/claim/render_surface_witness_test.dag	SubstrateInputsOnly	value	v2.std.live_tree	1	unobserved	unobserved	unobserved	unresolved	undefined variable 'SubstrateInputsOnly'	0	variant_mechanism_unobserved
dag/test/claim/repo_local_git_config_real_execution_witness_test.dag	SubstrateInputsOnly	value	v2.std.live_tree	1	unobserved	unobserved	unobserved	unresolved	undefined variable 'SubstrateInputsOnly'	0	variant_mechanism_unobserved
dag/test/claim/repo_local_git_config_witness_test.dag	SubstrateInputsOnly	value	v2.std.live_tree	1	unobserved	unobserved	unobserved	unresolved	undefined variable 'SubstrateInputsOnly'	0	variant_mechanism_unobserved
dag/test/claim/repository_census_coverage_witness_test.dag	SubstrateInputsOnly	value	v2.std.live_tree	1	unobserved	unobserved	unobserved	unresolved	undefined variable 'SubstrateInputsOnly'	0	variant_mechanism_unobserved
dag/test/claim/repository_census_observation_witness_test.dag	SubstrateInputsOnly	value	v2.std.live_tree	1	unobserved	unobserved	unobserved	unresolved	undefined variable 'SubstrateInputsOnly'	0	variant_mechanism_unobserved
dag/test/claim/resolution_divergence_silent_pick_gate_witness_test.dag	SubstrateInputsOnly	value	v2.std.live_tree	1	unobserved	unobserved	unobserved	unresolved	undefined variable 'SubstrateInputsOnly'	0	variant_mechanism_unobserved
dag/test/claim/resource_namespace_upsert_witness_test.dag	SubstrateInputsOnly	value	v2.std.live_tree	1	unobserved	unobserved	unobserved	unresolved	undefined variable 'SubstrateInputsOnly'	0	variant_mechanism_unobserved
dag/test/claim/rest_exchange_replay_test.dag	SubstrateInputsOnly	value	v2.std.live_tree	1	unobserved	unobserved	unobserved	unresolved	undefined variable 'SubstrateInputsOnly'	0	variant_mechanism_unobserved
dag/test/claim/rest_transport_axes_emit_witness_test.dag	SubstrateInputsOnly	value	v2.std.live_tree	1	unobserved	unobserved	unobserved	unresolved	undefined variable 'SubstrateInputsOnly'	0	variant_mechanism_unobserved
dag/test/claim/reviewer_source_witness_test.dag	SubstrateInputsOnly	value	v2.std.live_tree	1	unobserved	unobserved	unobserved	unresolved	undefined variable 'SubstrateInputsOnly'	0	variant_mechanism_unobserved
dag/test/claim/roadmap_altitude_witness_test.dag	SubstrateInputsOnly	value	v2.std.live_tree	1	unobserved	unobserved	unobserved	unresolved	undefined variable 'SubstrateInputsOnly'	0	variant_mechanism_unobserved
dag/test/claim/roadmap_authority_test.dag	SubstrateInputsOnly	value	v2.std.live_tree	1	unobserved	unobserved	unobserved	unresolved	undefined variable 'SubstrateInputsOnly'	0	variant_mechanism_unobserved
dag/test/claim/roadmap_belt_actuate_witness_test.dag	SubstrateInputsOnly	value	v2.std.live_tree	1	unobserved	unobserved	unobserved	unresolved	undefined variable 'SubstrateInputsOnly'	0	variant_mechanism_unobserved
dag/test/claim/roadmap_dispatch_actuator_witness_test.dag	SubstrateInputsOnly	value	v2.std.live_tree	1	unobserved	unobserved	unobserved	unresolved	undefined variable 'SubstrateInputsOnly'	0	variant_mechanism_unobserved
dag/test/claim/roadmap_document_test.dag	SubstrateInputsOnly	value	v2.std.live_tree	1	unobserved	unobserved	unobserved	unresolved	undefined variable 'SubstrateInputsOnly'	0	variant_mechanism_unobserved
dag/test/claim/roadmap_emit_test.dag	SubstrateInputsOnly	value	v2.std.live_tree	1	unobserved	unobserved	unobserved	unresolved	undefined variable 'SubstrateInputsOnly'	0	variant_mechanism_unobserved
dag/test/claim/roadmap_focus_witness_test.dag	SubstrateInputsOnly	value	v2.std.live_tree	1	unobserved	unobserved	unobserved	unresolved	undefined variable 'SubstrateInputsOnly'	0	variant_mechanism_unobserved
dag/test/claim/roadmap_forecast_witness_test.dag	SubstrateInputsOnly	value	v2.std.live_tree	1	unobserved	unobserved	unobserved	unresolved	undefined variable 'SubstrateInputsOnly'	0	variant_mechanism_unobserved
dag/test/claim/roadmap_frontier_witness_test.dag	SubstrateInputsOnly	value	v2.std.live_tree	1	unobserved	unobserved	unobserved	unresolved	undefined variable 'SubstrateInputsOnly'	0	variant_mechanism_unobserved
dag/test/claim/roadmap_gate_test.dag	SubstrateInputsOnly	value	v2.std.live_tree	1	unobserved	unobserved	unobserved	unresolved	undefined variable 'SubstrateInputsOnly'	0	variant_mechanism_unobserved
dag/test/claim/roadmap_identity_witness_test.dag	SubstrateInputsOnly	value	v2.std.live_tree	1	unobserved	unobserved	unobserved	unresolved	undefined variable 'SubstrateInputsOnly'	0	variant_mechanism_unobserved
dag/test/claim/roadmap_model_test.dag	SubstrateInputsOnly	value	v2.std.live_tree	1	unobserved	unobserved	unobserved	unresolved	undefined variable 'SubstrateInputsOnly'	0	variant_mechanism_unobserved
dag/test/claim/roadmap_page_witness_test.dag	SubstrateInputsOnly	value	v2.std.live_tree	1	unobserved	unobserved	unobserved	unresolved	undefined variable 'SubstrateInputsOnly'	0	variant_mechanism_unobserved
dag/test/claim/roadmap_presentation_witness_test.dag	SubstrateInputsOnly	value	v2.std.live_tree	1	unobserved	unobserved	unobserved	unresolved	undefined variable 'SubstrateInputsOnly'	0	variant_mechanism_unobserved
dag/test/claim/roadmap_program_view_live_corpus_receipt_test.dag	SubstrateInputsOnly	value	v2.std.live_tree	1	unobserved	unobserved	unobserved	unresolved	undefined variable 'SubstrateInputsOnly'	0	variant_mechanism_unobserved
dag/test/claim/roadmap_publish_observe_witness_test.dag	SubstrateInputsOnly	value	v2.std.live_tree	1	unobserved	unobserved	unobserved	unresolved	undefined variable 'SubstrateInputsOnly'	0	variant_mechanism_unobserved
dag/test/claim/roadmap_receipt_continuity_acceptance_test.dag	SubstrateInputsOnly	value	v2.std.live_tree	1	unobserved	unobserved	unobserved	unresolved	undefined variable 'SubstrateInputsOnly'	0	variant_mechanism_unobserved
dag/test/claim/roadmap_register_witness_test.dag	SubstrateInputsOnly	value	v2.std.live_tree	1	unobserved	unobserved	unobserved	unresolved	undefined variable 'SubstrateInputsOnly'	0	variant_mechanism_unobserved
dag/test/claim/roadmap_row_witness_test.dag	SubstrateInputsOnly	value	v2.std.live_tree	1	unobserved	unobserved	unobserved	unresolved	undefined variable 'SubstrateInputsOnly'	0	variant_mechanism_unobserved
dag/test/claim/roadmap_sandbox_witness_test.dag	SubstrateInputsOnly	value	v2.std.live_tree	1	unobserved	unobserved	unobserved	unresolved	undefined variable 'SubstrateInputsOnly'	0	variant_mechanism_unobserved
dag/test/claim/roadmap_site_surface_readiness_witness_test.dag	SubstrateInputsOnly	value	v2.std.live_tree	1	unobserved	unobserved	unobserved	unresolved	undefined variable 'SubstrateInputsOnly'	0	variant_mechanism_unobserved
dag/test/claim/roadmap_spawner_witness_test.dag	SubstrateInputsOnly	value	v2.std.live_tree	1	unobserved	unobserved	unobserved	unresolved	undefined variable 'SubstrateInputsOnly'	0	variant_mechanism_unobserved
dag/test/claim/roadmap_static_site_witness_test.dag	SubstrateInputsOnly	value	v2.std.live_tree	1	unobserved	unobserved	unobserved	unresolved	undefined variable 'SubstrateInputsOnly'	0	variant_mechanism_unobserved
dag/test/claim/roadmap_status_test.dag	SubstrateInputsOnly	value	v2.std.live_tree	1	unobserved	unobserved	unobserved	unresolved	undefined variable 'SubstrateInputsOnly'	0	variant_mechanism_unobserved
dag/test/claim/roadmap_tactile_witness_test.dag	SubstrateInputsOnly	value	v2.std.live_tree	1	unobserved	unobserved	unobserved	unresolved	undefined variable 'SubstrateInputsOnly'	0	variant_mechanism_unobserved
dag/test/claim/roadmap_workflow_command_witness_test.dag	SubstrateInputsOnly	value	v2.std.live_tree	1	unobserved	unobserved	unobserved	unresolved	undefined variable 'SubstrateInputsOnly'	0	variant_mechanism_unobserved
dag/test/claim/root4_measure_missing_generics_witness_test.dag	SubstrateInputsOnly	value	v2.std.live_tree	1	unobserved	unobserved	unobserved	unresolved	undefined variable 'SubstrateInputsOnly'	0	variant_mechanism_unobserved
dag/test/claim/runnable_resource_profile_witness_test.dag	SubstrateInputsOnly	value	v2.std.live_tree	1	unobserved	unobserved	unobserved	unresolved	undefined variable 'SubstrateInputsOnly'	0	variant_mechanism_unobserved
dag/test/claim/runner_activation_wall_test.dag	SubstrateInputsOnly	value	v2.std.live_tree	1	unobserved	unobserved	unobserved	unresolved	undefined variable 'SubstrateInputsOnly'	0	variant_mechanism_unobserved
dag/test/claim/runner_broker_progress_watchdog_witness_test.dag	SubstrateInputsOnly	value	v2.std.live_tree	1	unobserved	unobserved	unobserved	unresolved	undefined variable 'SubstrateInputsOnly'	0	variant_mechanism_unobserved
dag/test/claim/runner_capacity_operator_access_witness_test.dag	SubstrateInputsOnly	value	v2.std.live_tree	1	unobserved	unobserved	unobserved	unresolved	undefined variable 'SubstrateInputsOnly'	0	variant_mechanism_unobserved
dag/test/claim/runner_capacity_plan_witness_test.dag	SubstrateInputsOnly	value	v2.std.live_tree	1	unobserved	unobserved	unobserved	unresolved	undefined variable 'SubstrateInputsOnly'	0	variant_mechanism_unobserved
dag/test/claim/runner_capacity_realize_witness_test.dag	SubstrateInputsOnly	value	v2.std.live_tree	1	unobserved	unobserved	unobserved	unresolved	undefined variable 'SubstrateInputsOnly'	0	variant_mechanism_unobserved
dag/test/claim/runner_connectivity_recovery_witness_test.dag	SubstrateInputsOnly	value	v2.std.live_tree	1	unobserved	unobserved	unobserved	unresolved	undefined variable 'SubstrateInputsOnly'	0	variant_mechanism_unobserved
dag/test/claim/runner_connectivity_repair_plan_witness_test.dag	SubstrateInputsOnly	value	v2.std.live_tree	1	unobserved	unobserved	unobserved	unresolved	undefined variable 'SubstrateInputsOnly'	0	variant_mechanism_unobserved
dag/test/claim/runner_placement_witness_test.dag	SubstrateInputsOnly	value	v2.std.live_tree	1	unobserved	unobserved	unobserved	unresolved	undefined variable 'SubstrateInputsOnly'	0	variant_mechanism_unobserved
dag/test/claim/runner_replace_incarnation_seam_witness_test.dag	SubstrateInputsOnly	value	v2.std.live_tree	1	unobserved	unobserved	unobserved	unresolved	undefined variable 'SubstrateInputsOnly'	0	variant_mechanism_unobserved
dag/test/claim/runner_slot_allocation_witness_test.dag	SubstrateInputsOnly	value	v2.std.live_tree	1	unobserved	unobserved	unobserved	unresolved	undefined variable 'SubstrateInputsOnly'	0	variant_mechanism_unobserved
dag/test/claim/runner_slot_enforcement_grounding_witness_test.dag	SubstrateInputsOnly	value	v2.std.live_tree	1	unobserved	unobserved	unobserved	unresolved	undefined variable 'SubstrateInputsOnly'	0	variant_mechanism_unobserved
dag/test/claim/runner_unit_live_read_witness_test.dag	SubstrateInputsOnly	value	v2.std.live_tree	1	unobserved	unobserved	unobserved	unresolved	undefined variable 'SubstrateInputsOnly'	0	variant_mechanism_unobserved
dag/test/claim/salience_witness_test.dag	SubstrateInputsOnly	value	v2.std.live_tree	1	unobserved	unobserved	unobserved	unresolved	undefined variable 'SubstrateInputsOnly'	0	variant_mechanism_unobserved
dag/test/claim/sccache_local_content_verified_on_read_test.dag	SubstrateInputsOnly	value	v2.std.live_tree	1	unobserved	unobserved	unobserved	unresolved	undefined variable 'SubstrateInputsOnly'	0	variant_mechanism_unobserved
dag/test/claim/sccache_pin_witness_test.dag	SubstrateInputsOnly	value	v2.std.live_tree	1	unobserved	unobserved	unobserved	unresolved	undefined variable 'SubstrateInputsOnly'	0	variant_mechanism_unobserved
dag/test/claim/scm_agentic_stress_witness_test.dag	SubstrateInputsOnly	value	v2.std.live_tree	1	unobserved	unobserved	unobserved	unresolved	undefined variable 'SubstrateInputsOnly'	0	variant_mechanism_unobserved
dag/test/claim/scm_compatibility_git_witness_test.dag	SubstrateInputsOnly	value	v2.std.live_tree	1	unobserved	unobserved	unobserved	unresolved	undefined variable 'SubstrateInputsOnly'	0	variant_mechanism_unobserved
dag/test/claim/scm_compatibility_mercurial_witness_test.dag	SubstrateInputsOnly	value	v2.std.live_tree	1	unobserved	unobserved	unobserved	unresolved	undefined variable 'SubstrateInputsOnly'	0	variant_mechanism_unobserved
dag/test/claim/scm_compatibility_pijul_witness_test.dag	SubstrateInputsOnly	value	v2.std.live_tree	1	unobserved	unobserved	unobserved	unresolved	undefined variable 'SubstrateInputsOnly'	0	variant_mechanism_unobserved
dag/test/claim/scm_compatibility_shape_witness_test.dag	SubstrateInputsOnly	value	v2.std.live_tree	1	unobserved	unobserved	unobserved	unresolved	undefined variable 'SubstrateInputsOnly'	0	variant_mechanism_unobserved
dag/test/claim/scm_issuer_corpus_witness_test.dag	SubstrateInputsOnly	value	v2.std.live_tree	1	unobserved	unobserved	unobserved	unresolved	undefined variable 'SubstrateInputsOnly'	0	variant_mechanism_unobserved
dag/test/claim/scm_provider_matrix_witness_test.dag	SubstrateInputsOnly	value	v2.std.live_tree	1	unobserved	unobserved	unobserved	unresolved	undefined variable 'SubstrateInputsOnly'	0	variant_mechanism_unobserved
dag/test/claim/scm_serving_model_witness_test.dag	SubstrateInputsOnly	value	v2.std.live_tree	1	unobserved	unobserved	unobserved	unresolved	undefined variable 'SubstrateInputsOnly'	0	variant_mechanism_unobserved
dag/test/claim/sec_edgar_rollins_chemed_witness_test.dag	SubstrateInputsOnly	value	v2.std.live_tree	1	unobserved	unobserved	unobserved	unresolved	undefined variable 'SubstrateInputsOnly'	0	variant_mechanism_unobserved
dag/test/claim/sec_edgar_witness_test.dag	SubstrateInputsOnly	value	v2.std.live_tree	1	unobserved	unobserved	unobserved	unresolved	undefined variable 'SubstrateInputsOnly'	0	variant_mechanism_unobserved
dag/test/claim/secret_manager_access_version_witness_test.dag	SubstrateInputsOnly	value	v2.std.live_tree	1	unobserved	unobserved	unobserved	unresolved	undefined variable 'SubstrateInputsOnly'	0	variant_mechanism_unobserved
dag/test/claim/secret_rotation_witness_test.dag	SubstrateInputsOnly	value	v2.std.live_tree	1	unobserved	unobserved	unobserved	unresolved	undefined variable 'SubstrateInputsOnly'	0	variant_mechanism_unobserved
dag/test/claim/selection_degradation_receipt_witness_test.dag	SubstrateInputsOnly	value	v2.std.live_tree	1	unobserved	unobserved	unobserved	unresolved	undefined variable 'SubstrateInputsOnly'	0	variant_mechanism_unobserved
dag/test/claim/self_host_03_normalize_behavioral_witness_test.dag	SubstrateInputsOnly	value	v2.std.live_tree	1	unobserved	unobserved	unobserved	unresolved	undefined variable 'SubstrateInputsOnly'	0	variant_mechanism_unobserved
dag/test/claim/session_residency_witness_test.dag	SubstrateInputsOnly	value	v2.std.live_tree	1	unobserved	unobserved	unobserved	unresolved	undefined variable 'SubstrateInputsOnly'	0	variant_mechanism_unobserved
dag/test/claim/sessions_panel_witness_test.dag	SubstrateInputsOnly	value	v2.std.live_tree	1	unobserved	unobserved	unobserved	unresolved	undefined variable 'SubstrateInputsOnly'	0	variant_mechanism_unobserved
dag/test/claim/shared_pool_encoding_control_test.dag	SubstrateInputsOnly	value	v2.std.live_tree	1	unobserved	unobserved	unobserved	unresolved	undefined variable 'SubstrateInputsOnly'	0	variant_mechanism_unobserved
dag/test/claim/shell_bash_runner_witness_test.dag	SubstrateInputsOnly	value	v2.std.live_tree	1	unobserved	unobserved	unobserved	unresolved	undefined variable 'SubstrateInputsOnly'	0	variant_mechanism_unobserved
dag/test/claim/shell_dag_census_5a_typed_ops_witness_test.dag	SubstrateInputsOnly	value	v2.std.live_tree	1	unobserved	unobserved	unobserved	unresolved	undefined variable 'SubstrateInputsOnly'	0	variant_mechanism_unobserved
dag/test/claim/site_accent_study_witness_test.dag	SubstrateInputsOnly	value	v2.std.live_tree	1	unobserved	unobserved	unobserved	unresolved	undefined variable 'SubstrateInputsOnly'	0	variant_mechanism_unobserved
dag/test/claim/site_register_witness_test.dag	SubstrateInputsOnly	value	v2.std.live_tree	1	unobserved	unobserved	unobserved	unresolved	undefined variable 'SubstrateInputsOnly'	0	variant_mechanism_unobserved
dag/test/claim/source_integration_landing_spine_witness_test.dag	SubstrateInputsOnly	value	v2.std.live_tree	1	unobserved	unobserved	unobserved	unresolved	undefined variable 'SubstrateInputsOnly'	0	variant_mechanism_unobserved
dag/test/claim/source_integration_proof_kernel_acceptance_test.dag	SubstrateInputsOnly	value	v2.std.live_tree	1	unobserved	unobserved	unobserved	unresolved	undefined variable 'SubstrateInputsOnly'	0	variant_mechanism_unobserved
dag/test/claim/source_integration_proof_kernel_model_witness_test.dag	SubstrateInputsOnly	value	v2.std.live_tree	1	unobserved	unobserved	unobserved	unresolved	undefined variable 'SubstrateInputsOnly'	0	variant_mechanism_unobserved
dag/test/claim/spark_provisioning_witness_test.dag	SubstrateInputsOnly	value	v2.std.live_tree	1	unobserved	unobserved	unobserved	unresolved	undefined variable 'SubstrateInputsOnly'	0	variant_mechanism_unobserved
dag/test/claim/spatial_placement_witness_test.dag	SubstrateInputsOnly	value	v2.std.live_tree	1	unobserved	unobserved	unobserved	unresolved	undefined variable 'SubstrateInputsOnly'	0	variant_mechanism_unobserved
dag/test/claim/srv3_bmc_credential_resolve_witness_test.dag	SubstrateInputsOnly	value	v2.std.live_tree	1	unobserved	unobserved	unobserved	unresolved	undefined variable 'SubstrateInputsOnly'	0	variant_mechanism_unobserved
dag/test/claim/srv3_boot_once_cd_witness_test.dag	SubstrateInputsOnly	value	v2.std.live_tree	1	unobserved	unobserved	unobserved	unresolved	undefined variable 'SubstrateInputsOnly'	0	variant_mechanism_unobserved
dag/test/claim/srv3_host_effect_apply_witness_test.dag	SubstrateInputsOnly	value	v2.std.live_tree	1	unobserved	unobserved	unobserved	unresolved	undefined variable 'SubstrateInputsOnly'	0	variant_mechanism_unobserved
dag/test/claim/srv3_host_effect_realize_witness_test.dag	SubstrateInputsOnly	value	v2.std.live_tree	1	unobserved	unobserved	unobserved	unresolved	undefined variable 'SubstrateInputsOnly'	0	variant_mechanism_unobserved
dag/test/claim/srv3_install_media_fetch_real_execution_witness_test.dag	SubstrateInputsOnly	value	v2.std.live_tree	1	unobserved	unobserved	unobserved	unresolved	undefined variable 'SubstrateInputsOnly'	0	variant_mechanism_unobserved
dag/test/claim/srv3_install_media_fetch_witness_test.dag	SubstrateInputsOnly	value	v2.std.live_tree	1	unobserved	unobserved	unobserved	unresolved	undefined variable 'SubstrateInputsOnly'	0	variant_mechanism_unobserved
dag/test/claim/srv3_install_server_emit_test.dag	SubstrateInputsOnly	value	v2.std.live_tree	1	unobserved	unobserved	unobserved	unresolved	undefined variable 'SubstrateInputsOnly'	0	variant_mechanism_unobserved
dag/test/claim/srv3_network_identity_subsumption_witness_test.dag	SubstrateInputsOnly	value	v2.std.live_tree	1	unobserved	unobserved	unobserved	unresolved	undefined variable 'SubstrateInputsOnly'	0	variant_mechanism_unobserved
dag/test/claim/srv3_os_install_actuate_scope_witness_test.dag	SubstrateInputsOnly	value	v2.std.live_tree	1	unobserved	unobserved	unobserved	unresolved	undefined variable 'SubstrateInputsOnly'	0	variant_mechanism_unobserved
dag/test/claim/srv3_os_install_actuate_witness_test.dag	SubstrateInputsOnly	value	v2.std.live_tree	1	unobserved	unobserved	unobserved	unresolved	undefined variable 'SubstrateInputsOnly'	0	variant_mechanism_unobserved
dag/test/claim/srv3_os_install_actuate_workflow_witness_test.dag	SubstrateInputsOnly	value	v2.std.live_tree	1	unobserved	unobserved	unobserved	unresolved	undefined variable 'SubstrateInputsOnly'	0	variant_mechanism_unobserved
dag/test/claim/srv3_os_install_actuator_toolchain_ensure_witness_test.dag	SubstrateInputsOnly	value	v2.std.live_tree	1	unobserved	unobserved	unobserved	unresolved	undefined variable 'SubstrateInputsOnly'	0	variant_mechanism_unobserved
dag/test/claim/srv3_os_install_diagnostic_witness_test.dag	SubstrateInputsOnly	value	v2.std.live_tree	1	unobserved	unobserved	unobserved	unresolved	undefined variable 'SubstrateInputsOnly'	0	variant_mechanism_unobserved
dag/test/claim/srv3_os_install_emit_test.dag	SubstrateInputsOnly	value	v2.std.live_tree	1	unobserved	unobserved	unobserved	unresolved	undefined variable 'SubstrateInputsOnly'	0	variant_mechanism_unobserved
dag/test/claim/srv3_os_install_witness_test.dag	SubstrateInputsOnly	value	v2.std.live_tree	1	unobserved	unobserved	unobserved	unresolved	undefined variable 'SubstrateInputsOnly'	0	variant_mechanism_unobserved
dag/test/claim/srv3_runner_memory_cap_plan_verify_witness_test.dag	SubstrateInputsOnly	value	v2.std.live_tree	1	unobserved	unobserved	unobserved	unresolved	undefined variable 'SubstrateInputsOnly'	0	variant_mechanism_unobserved
dag/test/claim/srv3_runner_memory_converge_witness_test.dag	SubstrateInputsOnly	value	v2.std.live_tree	1	unobserved	unobserved	unobserved	unresolved	undefined variable 'SubstrateInputsOnly'	0	variant_mechanism_unobserved
dag/test/claim/srv3_seeded_install_media_real_execution_witness_test.dag	SubstrateInputsOnly	value	v2.std.live_tree	1	unobserved	unobserved	unobserved	unresolved	undefined variable 'SubstrateInputsOnly'	0	variant_mechanism_unobserved
dag/test/claim/srv3_seeded_install_media_witness_test.dag	SubstrateInputsOnly	value	v2.std.live_tree	1	unobserved	unobserved	unobserved	unresolved	undefined variable 'SubstrateInputsOnly'	0	variant_mechanism_unobserved
dag/test/claim/srv3_subsumption_witness_test.dag	SubstrateInputsOnly	value	v2.std.live_tree	1	unobserved	unobserved	unobserved	unresolved	undefined variable 'SubstrateInputsOnly'	0	variant_mechanism_unobserved
dag/test/claim/ssh_transport_witness_test.dag	SubstrateInputsOnly	value	v2.std.live_tree	1	unobserved	unobserved	unobserved	unresolved	undefined variable 'SubstrateInputsOnly'	0	variant_mechanism_unobserved
dag/test/claim/state_durability_witness_test.dag	SubstrateInputsOnly	value	v2.std.live_tree	1	unobserved	unobserved	unobserved	unresolved	undefined variable 'SubstrateInputsOnly'	0	variant_mechanism_unobserved
dag/test/claim/state_response_totality_witness_test.dag	SubstrateInputsOnly	value	v2.std.live_tree	1	unobserved	unobserved	unobserved	unresolved	undefined variable 'SubstrateInputsOnly'	0	variant_mechanism_unobserved
dag/test/claim/storage_nvme_grounding_witness_test.dag	SubstrateInputsOnly	value	v2.std.live_tree	1	unobserved	unobserved	unobserved	unresolved	undefined variable 'SubstrateInputsOnly'	0	variant_mechanism_unobserved
dag/test/claim/string_family_cast_witness_test.dag	SubstrateInputsOnly	value	v2.std.live_tree	1	unobserved	unobserved	unobserved	unresolved	undefined variable 'SubstrateInputsOnly'	0	variant_mechanism_unobserved
dag/test/claim/systemctl_status_read_scaffold_witness_test.dag	SubstrateInputsOnly	value	v2.std.live_tree	1	unobserved	unobserved	unobserved	unresolved	undefined variable 'SubstrateInputsOnly'	0	variant_mechanism_unobserved
dag/test/claim/tailscale_acl_phase2_design_witness_test.dag	SubstrateInputsOnly	value	v2.std.live_tree	1	unobserved	unobserved	unobserved	unresolved	undefined variable 'SubstrateInputsOnly'	0	variant_mechanism_unobserved
dag/test/claim/tailscale_acl_witness_test.dag	SubstrateInputsOnly	value	v2.std.live_tree	1	unobserved	unobserved	unobserved	unresolved	undefined variable 'SubstrateInputsOnly'	0	variant_mechanism_unobserved
dag/test/claim/temporal_effect_spine_witness_test.dag	SubstrateInputsOnly	value	v2.std.live_tree	1	unobserved	unobserved	unobserved	unresolved	undefined variable 'SubstrateInputsOnly'	0	variant_mechanism_unobserved
dag/test/claim/terminal_capability_witness_test.dag	SubstrateInputsOnly	value	v2.std.live_tree	1	unobserved	unobserved	unobserved	unresolved	undefined variable 'SubstrateInputsOnly'	0	variant_mechanism_unobserved
dag/test/claim/terminal_wire_projection_witness_test.dag	SubstrateInputsOnly	value	v2.std.live_tree	1	unobserved	unobserved	unobserved	unresolved	undefined variable 'SubstrateInputsOnly'	0	variant_mechanism_unobserved
dag/test/claim/test_module_hygiene_hand_rust_equivalence_witness_test.dag	SubstrateInputsOnly	value	v2.std.live_tree	1	unobserved	unobserved	unobserved	unresolved	undefined variable 'SubstrateInputsOnly'	0	variant_mechanism_unobserved
dag/test/claim/time_scale_factor_derivation_test.dag	SubstrateInputsOnly	value	v2.std.live_tree	1	unobserved	unobserved	unobserved	unresolved	undefined variable 'SubstrateInputsOnly'	0	variant_mechanism_unobserved
dag/test/claim/tool_pin_witness_test.dag	SubstrateInputsOnly	value	v2.std.live_tree	1	unobserved	unobserved	unobserved	unresolved	undefined variable 'SubstrateInputsOnly'	0	variant_mechanism_unobserved
dag/test/claim/tool_readiness_witness_test.dag	SubstrateInputsOnly	value	v2.std.live_tree	1	unobserved	unobserved	unobserved	unresolved	undefined variable 'SubstrateInputsOnly'	0	variant_mechanism_unobserved
dag/test/claim/transport_fidelity_witness_test.dag	SubstrateInputsOnly	value	v2.std.live_tree	1	unobserved	unobserved	unobserved	unresolved	undefined variable 'SubstrateInputsOnly'	0	variant_mechanism_unobserved
dag/test/claim/transport_script_wall_compile_red_test.dag	SubstrateInputsOnly	value	v2.std.live_tree	1	unobserved	unobserved	unobserved	unresolved	undefined variable 'SubstrateInputsOnly'	0	variant_mechanism_unobserved
dag/test/claim/typed_argv_exec_realization_witness_test.dag	SubstrateInputsOnly	value	v2.std.live_tree	1	unobserved	unobserved	unobserved	unresolved	undefined variable 'SubstrateInputsOnly'	0	variant_mechanism_unobserved
dag/test/claim/typed_module_cache_capacity_witness_test.dag	SubstrateInputsOnly	value	v2.std.live_tree	1	unobserved	unobserved	unobserved	unresolved	undefined variable 'SubstrateInputsOnly'	0	variant_mechanism_unobserved
dag/test/claim/typed_witness_invocation_test.dag	SubstrateInputsOnly	value	v2.std.live_tree	1	unobserved	unobserved	unobserved	unresolved	undefined variable 'SubstrateInputsOnly'	0	variant_mechanism_unobserved
dag/test/claim/typescript_extdeps_language_witness_test.dag	SubstrateInputsOnly	value	v2.std.live_tree	1	unobserved	unobserved	unobserved	unresolved	undefined variable 'SubstrateInputsOnly'	0	variant_mechanism_unobserved
dag/test/claim/typescript_program_serializer_test.dag	SubstrateInputsOnly	value	v2.std.live_tree	1	unobserved	unobserved	unobserved	unresolved	undefined variable 'SubstrateInputsOnly'	0	variant_mechanism_unobserved
dag/test/claim/unicode_ident_xid_grounding_test.dag	SubstrateInputsOnly	value	v2.std.live_tree	1	unobserved	unobserved	unobserved	unresolved	undefined variable 'SubstrateInputsOnly'	0	variant_mechanism_unobserved
dag/test/claim/uri_grounding_witness_test.dag	SubstrateInputsOnly	value	v2.std.live_tree	1	unobserved	unobserved	unobserved	unresolved	undefined variable 'SubstrateInputsOnly'	0	variant_mechanism_unobserved
dag/test/claim/uri_path_parse_witness_test.dag	SubstrateInputsOnly	value	v2.std.live_tree	1	unobserved	unobserved	unobserved	unresolved	undefined variable 'SubstrateInputsOnly'	0	variant_mechanism_unobserved
dag/test/claim/uri_percent_encode_witness_test.dag	SubstrateInputsOnly	value	v2.std.live_tree	1	unobserved	unobserved	unobserved	unresolved	undefined variable 'SubstrateInputsOnly'	0	variant_mechanism_unobserved
dag/test/claim/uri_witness_test.dag	SubstrateInputsOnly	value	v2.std.live_tree	1	unobserved	unobserved	unobserved	unresolved	undefined variable 'SubstrateInputsOnly'	0	variant_mechanism_unobserved
dag/test/claim/v1_dag_parse_witness_test.dag	SubstrateInputsOnly	value	v2.std.live_tree	1	unobserved	unobserved	unobserved	unresolved	undefined variable 'SubstrateInputsOnly'	0	variant_mechanism_unobserved
dag/test/claim/v1_interpreter_primitive_dispatch_authority_acceptance_test.dag	SubstrateInputsOnly	value	v2.std.live_tree	1	unobserved	unobserved	unobserved	unresolved	undefined variable 'SubstrateInputsOnly'	0	variant_mechanism_unobserved
dag/test/claim/v1_interpreter_primitive_roster_acceptance_test.dag	SubstrateInputsOnly	value	v2.std.live_tree	1	unobserved	unobserved	unobserved	unresolved	undefined variable 'SubstrateInputsOnly'	0	variant_mechanism_unobserved
dag/test/claim/void_element_test.dag	SubstrateInputsOnly	value	v2.std.live_tree	1	unobserved	unobserved	unobserved	unresolved	undefined variable 'SubstrateInputsOnly'	0	variant_mechanism_unobserved
dag/test/claim/wcag_contrast_witness_test.dag	SubstrateInputsOnly	value	v2.std.live_tree	1	unobserved	unobserved	unobserved	unresolved	undefined variable 'SubstrateInputsOnly'	0	variant_mechanism_unobserved
dag/test/claim/web_motion_binding_witness_test.dag	SubstrateInputsOnly	value	v2.std.live_tree	1	unobserved	unobserved	unobserved	unresolved	undefined variable 'SubstrateInputsOnly'	0	variant_mechanism_unobserved
dag/test/claim/websocat_install_source_witness_test.dag	SubstrateInputsOnly	value	v2.std.live_tree	1	unobserved	unobserved	unobserved	unresolved	undefined variable 'SubstrateInputsOnly'	0	variant_mechanism_unobserved
dag/test/claim/wet_hermetic_equivalence_witness_test.dag	SubstrateInputsOnly	value	v2.std.live_tree	1	unobserved	unobserved	unobserved	unresolved	undefined variable 'SubstrateInputsOnly'	0	variant_mechanism_unobserved
dag/test/claim/where_refinement_enforcement_witness_test.dag	SubstrateInputsOnly	value	v2.std.live_tree	1	unobserved	unobserved	unobserved	unresolved	undefined variable 'SubstrateInputsOnly'	0	variant_mechanism_unobserved
dag/test/claim/witness_deferral_freeze_witness_test.dag	SubstrateInputsOnly	value	v2.std.live_tree	1	unobserved	unobserved	unobserved	unresolved	undefined variable 'SubstrateInputsOnly'	0	variant_mechanism_unobserved
dag/test/claim/workflow_recursive_witness_test.dag	SubstrateInputsOnly	value	v2.std.live_tree	1	unobserved	unobserved	unobserved	unresolved	undefined variable 'SubstrateInputsOnly'	0	variant_mechanism_unobserved
dag/test/claim/yaml_ingest_witness_test.dag	SubstrateInputsOnly	value	v2.std.live_tree	1	unobserved	unobserved	unobserved	unresolved	undefined variable 'SubstrateInputsOnly'	0	variant_mechanism_unobserved
dag/test/claim/yaml_multiline_block_witness_test.dag	SubstrateInputsOnly	value	v2.std.live_tree	1	unobserved	unobserved	unobserved	unresolved	undefined variable 'SubstrateInputsOnly'	0	variant_mechanism_unobserved
dag/test/claim/yaml_quoting_witness_test.dag	SubstrateInputsOnly	value	v2.std.live_tree	1	unobserved	unobserved	unobserved	unresolved	undefined variable 'SubstrateInputsOnly'	0	variant_mechanism_unobserved
dag/test/claim/machine_shape_construction_wall_test.dag	ComputationNode	type	v2.std.node	1	unobserved	unobserved	unobserved	unresolved	unresolved type 'ComputationNode'	0	variant_mechanism_unobserved
dag/test/claim/machine_shape_construction_wall_test.dag	Conj	value	v2.std.node	1	unobserved	unobserved	unobserved	unresolved	undefined variable 'Conj'	0	variant_mechanism_unobserved
dag/test/claim/machine_shape_construction_wall_test.dag	Positional	value	v2.std.node	1	unobserved	unobserved	unobserved	unresolved	undefined variable 'Positional'	0	variant_mechanism_unobserved
dag/test/claim/occurrence_identity_witness_test.dag	MintedOccurrence	type	v2.std.node	1	unobserved	unobserved	unobserved	unresolved	unresolved type 'MintedOccurrence'	0	variant_mechanism_unobserved
dag/gunbc/ci_spec.dag	LogMatches	type	v2.std.orchestration	1	unobserved	unobserved	unobserved	unresolved	unresolved type 'LogMatches'	0	variant_mechanism_unobserved
dag/gunbc/live_deploy/emit.dag	DiscardAll	value	v2.std.orchestration	1	unobserved	unobserved	unobserved	unresolved	undefined variable 'DiscardAll'	0	variant_mechanism_unobserved
dag/test/claim/orchestration_if_emit_test.dag	DiscardAll	value	v2.std.orchestration	1	unobserved	unobserved	unobserved	unresolved	undefined variable 'DiscardAll'	0	variant_mechanism_unobserved
dag/test/claim/orchestration_if_emit_test.dag	IgnoreFail	value	v2.std.orchestration	1	unobserved	unobserved	unobserved	unresolved	undefined variable 'IgnoreFail'	0	variant_mechanism_unobserved
dag/test/claim/orchestration_if_emit_test.dag	LogMatches	type	v2.std.orchestration	1	unobserved	unobserved	unobserved	unresolved	unresolved type 'LogMatches'	0	variant_mechanism_unobserved
dag/test/claim/orchestration_if_emit_test.dag	StrEmpty	type	v2.std.orchestration	1	unobserved	unobserved	unobserved	unresolved	unresolved type 'StrEmpty'	1	variant_mechanism_unobserved
dag/test/claim/orchestration_if_emit_test.dag	StrEmpty	type	v2.std.orchestration	1	unobserved	unobserved	unobserved	unresolved	unresolved type 'StrEmpty'	1	variant_mechanism_unobserved
dag/test/claim/orchestration_if_emit_test.dag	StrEq	type	v2.std.orchestration	1	unobserved	unobserved	unobserved	unresolved	unresolved type 'StrEq'	0	variant_mechanism_unobserved
dag/test/claim/orchestration_if_emit_test.dag	StrNonempty	type	v2.std.orchestration	1	unobserved	unobserved	unobserved	unresolved	unresolved type 'StrNonempty'	1	variant_mechanism_unobserved
dag/test/claim/orchestration_if_emit_test.dag	StrNonempty	type	v2.std.orchestration	1	unobserved	unobserved	unobserved	unresolved	unresolved type 'StrNonempty'	1	variant_mechanism_unobserved
dag/test/claim/floor_discovery_hand_rust_equivalence_witness_test.dag	WireContractDecl	value	v2.workflow.floor_discovery	1	unobserved	unobserved	unobserved	unresolved	undefined variable 'WireContractDecl'	0	variant_mechanism_unobserved
dag/extdeps/container/oci/ctrl_session_witness.dag	Aarch64	value		0	unobserved	unobserved	unobserved	unresolved	undefined variable 'Aarch64'	2	variant_owner_unindexed
dag/extdeps/container/oci/ctrl_session_witness.dag	Aarch64	value		0	unobserved	unobserved	unobserved	unresolved	undefined variable 'Aarch64'	2	variant_owner_unindexed
dag/extdeps/container/oci/ctrl_session_witness.dag	Aarch64	value		0	unobserved	unobserved	unobserved	unresolved	undefined variable 'Aarch64'	2	variant_owner_unindexed
dag/extdeps/container/oci/ctrl_session_witness.dag	Linux	value		0	unobserved	unobserved	unobserved	unresolved	undefined variable 'Linux'	1	variant_owner_unindexed
dag/extdeps/container/oci/ctrl_session_witness.dag	Linux	value		0	unobserved	unobserved	unobserved	unresolved	undefined variable 'Linux'	1	variant_owner_unindexed
dag/extdeps/realization/compile_stage_memo.dag	None	value		0	unobserved	unobserved	unobserved	unresolved	undefined variable 'None'	0	variant_owner_unindexed
dag/extdeps/realization/eval_memo.dag	None	value		0	unobserved	unobserved	unobserved	unresolved	undefined variable 'None'	0	variant_owner_unindexed
dag/extdeps/realization/hermetic_fixture.dag	None	value		0	unobserved	unobserved	unobserved	unresolved	undefined variable 'None'	0	variant_owner_unindexed
dag/extdeps/realization/parse_table_memo.dag	None	value		0	unobserved	unobserved	unobserved	unresolved	undefined variable 'None'	0	variant_owner_unindexed
dag/extdeps/realization/reconcile_in_process.dag	None	value		0	unobserved	unobserved	unobserved	unresolved	undefined variable 'None'	1	variant_owner_unindexed
dag/extdeps/realization/reconcile_in_process.dag	None	value		0	unobserved	unobserved	unobserved	unresolved	undefined variable 'None'	1	variant_owner_unindexed
dag/extdeps/render/ansi.dag	Active	value		0	unobserved	unobserved	unobserved	unresolved	undefined variable 'Active'	0	variant_owner_unindexed
dag/extdeps/render/glyphs.dag	Active	value		0	unobserved	unobserved	unobserved	unresolved	undefined variable 'Active'	11	variant_owner_unindexed
dag/extdeps/render/glyphs.dag	Active	value		0	unobserved	unobserved	unobserved	unresolved	undefined variable 'Active'	11	variant_owner_unindexed
dag/extdeps/render/glyphs.dag	Active	value		0	unobserved	unobserved	unobserved	unresolved	undefined variable 'Active'	11	variant_owner_unindexed
dag/extdeps/render/glyphs.dag	Active	value		0	unobserved	unobserved	unobserved	unresolved	undefined variable 'Active'	11	variant_owner_unindexed
dag/extdeps/render/glyphs.dag	Active	value		0	unobserved	unobserved	unobserved	unresolved	undefined variable 'Active'	11	variant_owner_unindexed
dag/extdeps/render/glyphs.dag	Active	value		0	unobserved	unobserved	unobserved	unresolved	undefined variable 'Active'	11	variant_owner_unindexed
dag/extdeps/render/glyphs.dag	Active	value		0	unobserved	unobserved	unobserved	unresolved	undefined variable 'Active'	11	variant_owner_unindexed
dag/extdeps/render/glyphs.dag	Active	value		0	unobserved	unobserved	unobserved	unresolved	undefined variable 'Active'	11	variant_owner_unindexed
dag/extdeps/render/glyphs.dag	Active	value		0	unobserved	unobserved	unobserved	unresolved	undefined variable 'Active'	11	variant_owner_unindexed
dag/extdeps/render/glyphs.dag	Active	value		0	unobserved	unobserved	unobserved	unresolved	undefined variable 'Active'	11	variant_owner_unindexed
dag/extdeps/render/glyphs.dag	Active	value		0	unobserved	unobserved	unobserved	unresolved	undefined variable 'Active'	11	variant_owner_unindexed
dag/extdeps/render/glyphs.dag	Active	value		0	unobserved	unobserved	unobserved	unresolved	undefined variable 'Active'	11	variant_owner_unindexed
dag/extdeps/runtime/architecture/aarch64_linux.dag	Aarch64	value		0	unobserved	unobserved	unobserved	unresolved	undefined variable 'Aarch64'	1	variant_owner_unindexed
dag/extdeps/runtime/architecture/aarch64_linux.dag	Aarch64	value		0	unobserved	unobserved	unobserved	unresolved	undefined variable 'Aarch64'	1	variant_owner_unindexed
dag/gunbc/assimilate/bmc_token_federation.dag	Do	type		0	unobserved	unobserved	unobserved	unresolved	unresolved type 'Do'	0	variant_owner_unindexed
dag/gunbc/assimilate/bmc_token_federation.dag	FailFast	value		0	unobserved	unobserved	unobserved	unresolved	undefined variable 'FailFast'	0	variant_owner_unindexed
dag/gunbc/assimilate/bmc_token_federation.dag	PermRead	value		0	unobserved	unobserved	unobserved	unresolved	undefined variable 'PermRead'	0	variant_owner_unindexed
dag/gunbc/assimilate/bmc_token_federation.dag	PermWrite	value		0	unobserved	unobserved	unobserved	unresolved	undefined variable 'PermWrite'	0	variant_owner_unindexed
dag/gunbc/auth/access_token_source.dag	Converged	value		0	unobserved	unobserved	unobserved	unresolved	undefined variable 'Converged'	0	variant_owner_unindexed
dag/gunbc/bmc_converge.dag	Converged	value		0	unobserved	unobserved	unobserved	unresolved	undefined variable 'Converged'	1	variant_owner_unindexed
dag/gunbc/bmc_converge.dag	Converged	value		0	unobserved	unobserved	unobserved	unresolved	undefined variable 'Converged'	1	variant_owner_unindexed
dag/gunbc/ci_deploy_access_observe.dag	Do	type		0	unobserved	unobserved	unobserved	unresolved	unresolved type 'Do'	1	variant_owner_unindexed
dag/gunbc/ci_deploy_access_observe.dag	Do	type		0	unobserved	unobserved	unobserved	unresolved	unresolved type 'Do'	1	variant_owner_unindexed
dag/gunbc/ci_deploy_access_observe.dag	FailFast	value		0	unobserved	unobserved	unobserved	unresolved	undefined variable 'FailFast'	0	variant_owner_unindexed
dag/gunbc/ci_heal_credential.dag	PermWrite	value		0	unobserved	unobserved	unobserved	unresolved	undefined variable 'PermWrite'	1	variant_owner_unindexed
dag/gunbc/ci_heal_credential.dag	PermWrite	value		0	unobserved	unobserved	unobserved	unresolved	undefined variable 'PermWrite'	1	variant_owner_unindexed
dag/gunbc/ci_spec.dag	Do	type		0	unobserved	unobserved	unobserved	unresolved	unresolved type 'Do'	1	variant_owner_unindexed
dag/gunbc/ci_spec.dag	Do	type		0	unobserved	unobserved	unobserved	unresolved	unresolved type 'Do'	1	variant_owner_unindexed
dag/gunbc/ci_spec.dag	EnvSet	type		0	unobserved	unobserved	unobserved	unresolved	unresolved type 'EnvSet'	0	variant_owner_unindexed
dag/gunbc/ci_spec.dag	FailFast	value		0	unobserved	unobserved	unobserved	unresolved	undefined variable 'FailFast'	1	variant_owner_unindexed
dag/gunbc/ci_spec.dag	FailFast	value		0	unobserved	unobserved	unobserved	unresolved	undefined variable 'FailFast'	1	variant_owner_unindexed
dag/gunbc/ci_spec.dag	SeverityWarning	value		0	unobserved	unobserved	unobserved	unresolved	undefined variable 'SeverityWarning'	0	variant_owner_unindexed
dag/gunbc/ci_workflow.dag	PermRead	value		0	unobserved	unobserved	unobserved	unresolved	undefined variable 'PermRead'	1	variant_owner_unindexed
dag/gunbc/ci_workflow.dag	PermRead	value		0	unobserved	unobserved	unobserved	unresolved	undefined variable 'PermRead'	1	variant_owner_unindexed
dag/gunbc/explicit_witness_admission.dag	Empty	value		0	unobserved	unobserved	unobserved	unresolved	undefined variable 'Empty'	10	variant_owner_unindexed
dag/gunbc/explicit_witness_admission.dag	Empty	value		0	unobserved	unobserved	unobserved	unresolved	undefined variable 'Empty'	10	variant_owner_unindexed
dag/gunbc/explicit_witness_admission.dag	Empty	value		0	unobserved	unobserved	unobserved	unresolved	undefined variable 'Empty'	10	variant_owner_unindexed
dag/gunbc/explicit_witness_admission.dag	Empty	value		0	unobserved	unobserved	unobserved	unresolved	undefined variable 'Empty'	10	variant_owner_unindexed
dag/gunbc/explicit_witness_admission.dag	Empty	value		0	unobserved	unobserved	unobserved	unresolved	undefined variable 'Empty'	10	variant_owner_unindexed
dag/gunbc/explicit_witness_admission.dag	Empty	value		0	unobserved	unobserved	unobserved	unresolved	undefined variable 'Empty'	10	variant_owner_unindexed
dag/gunbc/explicit_witness_admission.dag	Empty	value		0	unobserved	unobserved	unobserved	unresolved	undefined variable 'Empty'	10	variant_owner_unindexed
dag/gunbc/explicit_witness_admission.dag	Empty	value		0	unobserved	unobserved	unobserved	unresolved	undefined variable 'Empty'	10	variant_owner_unindexed
dag/gunbc/explicit_witness_admission.dag	Empty	value		0	unobserved	unobserved	unobserved	unresolved	undefined variable 'Empty'	10	variant_owner_unindexed
dag/gunbc/explicit_witness_admission.dag	Empty	value		0	unobserved	unobserved	unobserved	unresolved	undefined variable 'Empty'	10	variant_owner_unindexed
dag/gunbc/explicit_witness_admission.dag	Empty	value		0	unobserved	unobserved	unobserved	unresolved	undefined variable 'Empty'	10	variant_owner_unindexed
dag/gunbc/falsifier_workflow.dag	PermRead	value		0	unobserved	unobserved	unobserved	unresolved	undefined variable 'PermRead'	0	variant_owner_unindexed
dag/gunbc/generated_artifact_observation.dag	ReadsLiveTree	value		0	unobserved	unobserved	unobserved	unresolved	undefined variable 'ReadsLiveTree'	0	variant_owner_unindexed
dag/gunbc/host_authorized_keys_reconcile.dag	Owned	value		0	unobserved	unobserved	unobserved	unresolved	undefined variable 'Owned'	0	variant_owner_unindexed
dag/gunbc/host_axis_caps.dag	Owned	value		0	unobserved	unobserved	unobserved	unresolved	undefined variable 'Owned'	0	variant_owner_unindexed
dag/gunbc/host_effect_plan.dag	Do	variant		0	unobserved	unobserved	unobserved	unresolved	variant 'Do' not found in type 'EffectPlanStep'	0	variant_owner_unindexed
dag/gunbc/host_phase_status.dag	Converged	value		0	unobserved	unobserved	unobserved	unresolved	undefined variable 'Converged'	0	variant_owner_unindexed
dag/gunbc/host_phase_status.dag	Owned	value		0	unobserved	unobserved	unobserved	unresolved	undefined variable 'Owned'	0	variant_owner_unindexed
dag/gunbc/live_deploy/emit.dag	Do	type		0	unobserved	unobserved	unobserved	unresolved	unresolved type 'Do'	0	variant_owner_unindexed
dag/gunbc/live_deploy/emit.dag	ExitZero	type		0	unobserved	unobserved	unobserved	unresolved	unresolved type 'ExitZero'	0	variant_owner_unindexed
dag/gunbc/live_deploy/emit.dag	FailFast	value		0	unobserved	unobserved	unobserved	unresolved	undefined variable 'FailFast'	3	variant_owner_unindexed
dag/gunbc/live_deploy/emit.dag	FailFast	value		0	unobserved	unobserved	unobserved	unresolved	undefined variable 'FailFast'	3	variant_owner_unindexed
dag/gunbc/live_deploy/emit.dag	FailFast	value		0	unobserved	unobserved	unobserved	unresolved	undefined variable 'FailFast'	3	variant_owner_unindexed
dag/gunbc/live_deploy/emit.dag	FailFast	value		0	unobserved	unobserved	unobserved	unresolved	undefined variable 'FailFast'	3	variant_owner_unindexed
dag/gunbc/roadmap_belt.dag	Owned	value		0	unobserved	unobserved	unobserved	unresolved	undefined variable 'Owned'	1	variant_owner_unindexed
dag/gunbc/roadmap_belt.dag	Owned	value		0	unobserved	unobserved	unobserved	unresolved	undefined variable 'Owned'	1	variant_owner_unindexed
dag/gunbc/roadmap_publish_observe.dag	Open	value		0	unobserved	unobserved	unobserved	unresolved	undefined variable 'Open'	0	variant_owner_unindexed
dag/gunbc/secret_provision.dag	Converged	value		0	unobserved	unobserved	unobserved	unresolved	undefined variable 'Converged'	0	variant_owner_unindexed
dag/gunbc/workflow_reconcile.dag	Leaf	type		0	unobserved	unobserved	unobserved	unresolved	unresolved type 'Leaf'	0	variant_owner_unindexed
dag/std/occurrence_binding.dag	Empty	value		0	unobserved	unobserved	unobserved	unresolved	undefined variable 'Empty'	0	variant_owner_unindexed
dag/std/trait_derive_shape.dag	Empty	value		0	unobserved	unobserved	unobserved	unresolved	undefined variable 'Empty'	6	variant_owner_unindexed
dag/std/trait_derive_shape.dag	Empty	value		0	unobserved	unobserved	unobserved	unresolved	undefined variable 'Empty'	6	variant_owner_unindexed
dag/std/trait_derive_shape.dag	Empty	value		0	unobserved	unobserved	unobserved	unresolved	undefined variable 'Empty'	6	variant_owner_unindexed
dag/std/trait_derive_shape.dag	Empty	value		0	unobserved	unobserved	unobserved	unresolved	undefined variable 'Empty'	6	variant_owner_unindexed
dag/std/trait_derive_shape.dag	Empty	value		0	unobserved	unobserved	unobserved	unresolved	undefined variable 'Empty'	6	variant_owner_unindexed
dag/std/trait_derive_shape.dag	Empty	value		0	unobserved	unobserved	unobserved	unresolved	undefined variable 'Empty'	6	variant_owner_unindexed
dag/std/trait_derive_shape.dag	Empty	value		0	unobserved	unobserved	unobserved	unresolved	undefined variable 'Empty'	6	variant_owner_unindexed
dag/test/claim/actions_job_grant_witness_test.dag	PermRead	value		0	unobserved	unobserved	unobserved	unresolved	undefined variable 'PermRead'	3	variant_owner_unindexed
dag/test/claim/actions_job_grant_witness_test.dag	PermRead	value		0	unobserved	unobserved	unobserved	unresolved	undefined variable 'PermRead'	3	variant_owner_unindexed
dag/test/claim/actions_job_grant_witness_test.dag	PermRead	value		0	unobserved	unobserved	unobserved	unresolved	undefined variable 'PermRead'	3	variant_owner_unindexed
dag/test/claim/actions_job_grant_witness_test.dag	PermRead	value		0	unobserved	unobserved	unobserved	unresolved	undefined variable 'PermRead'	3	variant_owner_unindexed
dag/test/claim/actions_job_grant_witness_test.dag	PermWrite	value		0	unobserved	unobserved	unobserved	unresolved	undefined variable 'PermWrite'	13	variant_owner_unindexed
dag/test/claim/actions_job_grant_witness_test.dag	PermWrite	value		0	unobserved	unobserved	unobserved	unresolved	undefined variable 'PermWrite'	13	variant_owner_unindexed
dag/test/claim/actions_job_grant_witness_test.dag	PermWrite	value		0	unobserved	unobserved	unobserved	unresolved	undefined variable 'PermWrite'	13	variant_owner_unindexed
dag/test/claim/actions_job_grant_witness_test.dag	PermWrite	value		0	unobserved	unobserved	unobserved	unresolved	undefined variable 'PermWrite'	13	variant_owner_unindexed
dag/test/claim/actions_job_grant_witness_test.dag	PermWrite	value		0	unobserved	unobserved	unobserved	unresolved	undefined variable 'PermWrite'	13	variant_owner_unindexed
dag/test/claim/actions_job_grant_witness_test.dag	PermWrite	value		0	unobserved	unobserved	unobserved	unresolved	undefined variable 'PermWrite'	13	variant_owner_unindexed
dag/test/claim/actions_job_grant_witness_test.dag	PermWrite	value		0	unobserved	unobserved	unobserved	unresolved	undefined variable 'PermWrite'	13	variant_owner_unindexed
dag/test/claim/actions_job_grant_witness_test.dag	PermWrite	value		0	unobserved	unobserved	unobserved	unresolved	undefined variable 'PermWrite'	13	variant_owner_unindexed
dag/test/claim/actions_job_grant_witness_test.dag	PermWrite	value		0	unobserved	unobserved	unobserved	unresolved	undefined variable 'PermWrite'	13	variant_owner_unindexed
dag/test/claim/actions_job_grant_witness_test.dag	PermWrite	value		0	unobserved	unobserved	unobserved	unresolved	undefined variable 'PermWrite'	13	variant_owner_unindexed
dag/test/claim/actions_job_grant_witness_test.dag	PermWrite	value		0	unobserved	unobserved	unobserved	unresolved	undefined variable 'PermWrite'	13	variant_owner_unindexed
dag/test/claim/actions_job_grant_witness_test.dag	PermWrite	value		0	unobserved	unobserved	unobserved	unresolved	undefined variable 'PermWrite'	13	variant_owner_unindexed
dag/test/claim/actions_job_grant_witness_test.dag	PermWrite	value		0	unobserved	unobserved	unobserved	unresolved	undefined variable 'PermWrite'	13	variant_owner_unindexed
dag/test/claim/actions_job_grant_witness_test.dag	PermWrite	value		0	unobserved	unobserved	unobserved	unresolved	undefined variable 'PermWrite'	13	variant_owner_unindexed
dag/test/claim/artifact_store_fs_witness_test.dag	ReadsLiveTree	value		0	unobserved	unobserved	unobserved	unresolved	undefined variable 'ReadsLiveTree'	0	variant_owner_unindexed
dag/test/claim/asrock_live_probe_witness_test.dag	ProbeAbsent	value		0	unobserved	unobserved	unobserved	unresolved	undefined variable 'ProbeAbsent'	0	variant_owner_unindexed
dag/test/claim/bmc_firmware_thermal_witness_test.dag	Converged	value		0	unobserved	unobserved	unobserved	unresolved	undefined variable 'Converged'	0	variant_owner_unindexed
dag/test/claim/ci_budget_tree_witness_test.dag	ReadsLiveTree	value		0	unobserved	unobserved	unobserved	unresolved	undefined variable 'ReadsLiveTree'	0	variant_owner_unindexed
dag/test/claim/ci_compile_jobs_witness_test.dag	ReadsLiveTree	value		0	unobserved	unobserved	unobserved	unresolved	undefined variable 'ReadsLiveTree'	0	variant_owner_unindexed
dag/test/claim/ci_materialization_witness_test.dag	ReadsLiveTree	value		0	unobserved	unobserved	unobserved	unresolved	undefined variable 'ReadsLiveTree'	0	variant_owner_unindexed
dag/test/claim/ci_stage0_partition_compile_gate_witness_test.dag	Do	type		0	unobserved	unobserved	unobserved	unresolved	unresolved type 'Do'	0	variant_owner_unindexed
dag/test/claim/ci_stage0_partition_compile_gate_witness_test.dag	FailFast	value		0	unobserved	unobserved	unobserved	unresolved	undefined variable 'FailFast'	0	variant_owner_unindexed
dag/test/claim/claim_indexed_evidence_witness_test.dag	Empty	value		0	unobserved	unobserved	unobserved	unresolved	undefined variable 'Empty'	1	variant_owner_unindexed
dag/test/claim/claim_indexed_evidence_witness_test.dag	Empty	value		0	unobserved	unobserved	unobserved	unresolved	undefined variable 'Empty'	1	variant_owner_unindexed
dag/test/claim/claim_indexed_evidence_witness_test.dag	SourceFile	value		0	unobserved	unobserved	unobserved	unresolved	undefined variable 'SourceFile'	0	variant_owner_unindexed
dag/test/claim/claude_sdk_parser_drop_live_witness_test.dag	ReadsLiveTree	value		0	unobserved	unobserved	unobserved	unresolved	undefined variable 'ReadsLiveTree'	0	variant_owner_unindexed
dag/test/claim/codex_app_server_press_wet_witness_test.dag	ReadsLiveTree	value		0	unobserved	unobserved	unobserved	unresolved	undefined variable 'ReadsLiveTree'	0	variant_owner_unindexed
dag/test/claim/codex_package_delivery_wet_witness_test.dag	ReadsLiveTree	value		0	unobserved	unobserved	unobserved	unresolved	undefined variable 'ReadsLiveTree'	0	variant_owner_unindexed
dag/test/claim/codex_package_lock_parse_witness_test.dag	ReadsLiveTree	value		0	unobserved	unobserved	unobserved	unresolved	undefined variable 'ReadsLiveTree'	0	variant_owner_unindexed
dag/test/claim/commit_check_demand_witness_test.dag	ReadsLiveTree	value		0	unobserved	unobserved	unobserved	unresolved	undefined variable 'ReadsLiveTree'	0	variant_owner_unindexed
dag/test/claim/commit_witness_claim_roster_witness_test.dag	ReadsLiveTree	value		0	unobserved	unobserved	unobserved	unresolved	undefined variable 'ReadsLiveTree'	0	variant_owner_unindexed
dag/test/claim/commit_workflow_witness_test.dag	ReadsLiveTree	value		0	unobserved	unobserved	unobserved	unresolved	undefined variable 'ReadsLiveTree'	0	variant_owner_unindexed
dag/test/claim/commit_writer_admission_witness_test.dag	ParsedFromSource	type		0	unobserved	unobserved	unobserved	unresolved	unresolved type 'ParsedFromSource'	0	variant_owner_unindexed
dag/test/claim/commit_writer_admission_witness_test.dag	SourceFile	value		0	unobserved	unobserved	unobserved	unresolved	undefined variable 'SourceFile'	0	variant_owner_unindexed
dag/test/claim/compile_diagnostic_census_witness_test.dag	ReadsLiveTree	value		0	unobserved	unobserved	unobserved	unresolved	undefined variable 'ReadsLiveTree'	0	variant_owner_unindexed
dag/test/claim/cross_file_binding_assembly_witness_test.dag	ReadsLiveTree	value		0	unobserved	unobserved	unobserved	unresolved	undefined variable 'ReadsLiveTree'	0	variant_owner_unindexed
dag/test/claim/dag_compile_clean_scope_witness_test.dag	ReadsLiveTree	value		0	unobserved	unobserved	unobserved	unresolved	undefined variable 'ReadsLiveTree'	0	variant_owner_unindexed
dag/test/claim/dag_compile_clean_shard_totality_witness_test.dag	ReadsLiveTree	value		0	unobserved	unobserved	unobserved	unresolved	undefined variable 'ReadsLiveTree'	0	variant_owner_unindexed
dag/test/claim/direct_rust_door_write_compile_witness_test.dag	ReadsLiveTree	value		0	unobserved	unobserved	unobserved	unresolved	undefined variable 'ReadsLiveTree'	0	variant_owner_unindexed
dag/test/claim/dissolution_census_a_projection_witness_test.dag	ReadsLiveTree	value		0	unobserved	unobserved	unobserved	unresolved	undefined variable 'ReadsLiveTree'	0	variant_owner_unindexed
dag/test/claim/doc_reachability_witness_test.dag	ReadsLiveTree	value		0	unobserved	unobserved	unobserved	unresolved	undefined variable 'ReadsLiveTree'	0	variant_owner_unindexed
dag/test/claim/effect_plan_bash_materialize_real_execution_witness_test.dag	Do	type		0	unobserved	unobserved	unobserved	unresolved	unresolved type 'Do'	5	variant_owner_unindexed
dag/test/claim/effect_plan_bash_materialize_real_execution_witness_test.dag	Do	type		0	unobserved	unobserved	unobserved	unresolved	unresolved type 'Do'	5	variant_owner_unindexed
dag/test/claim/effect_plan_bash_materialize_real_execution_witness_test.dag	Do	type		0	unobserved	unobserved	unobserved	unresolved	unresolved type 'Do'	5	variant_owner_unindexed
dag/test/claim/effect_plan_bash_materialize_real_execution_witness_test.dag	Do	type		0	unobserved	unobserved	unobserved	unresolved	unresolved type 'Do'	5	variant_owner_unindexed
dag/test/claim/effect_plan_bash_materialize_real_execution_witness_test.dag	Do	type		0	unobserved	unobserved	unobserved	unresolved	unresolved type 'Do'	5	variant_owner_unindexed
dag/test/claim/effect_plan_bash_materialize_real_execution_witness_test.dag	Do	type		0	unobserved	unobserved	unobserved	unresolved	unresolved type 'Do'	5	variant_owner_unindexed
dag/test/claim/effect_plan_bash_materialize_real_execution_witness_test.dag	FailFast	value		0	unobserved	unobserved	unobserved	unresolved	undefined variable 'FailFast'	0	variant_owner_unindexed
dag/test/claim/effect_plan_bash_materialize_real_execution_witness_test.dag	ReadsLiveTree	value		0	unobserved	unobserved	unobserved	unresolved	undefined variable 'ReadsLiveTree'	0	variant_owner_unindexed
dag/test/claim/exec_arg_limit_witness_test.dag	ReadsLiveTree	value		0	unobserved	unobserved	unobserved	unresolved	undefined variable 'ReadsLiveTree'	0	variant_owner_unindexed
dag/test/claim/expectation_frontier_witness_test.dag	ReadsLiveTree	value		0	unobserved	unobserved	unobserved	unresolved	undefined variable 'ReadsLiveTree'	0	variant_owner_unindexed
dag/test/claim/external_model_scope_live_cover_witness_test.dag	ReadsLiveTree	value		0	unobserved	unobserved	unobserved	unresolved	undefined variable 'ReadsLiveTree'	0	variant_owner_unindexed
dag/test/claim/external_model_scope_witness_test.dag	ReadsLiveTree	value		0	unobserved	unobserved	unobserved	unresolved	undefined variable 'ReadsLiveTree'	0	variant_owner_unindexed
dag/test/claim/floor_discovery_hand_rust_equivalence_witness_test.dag	OwnedBoolWitnessClaimInit	type		0	unobserved	unobserved	unobserved	unresolved	unresolved type 'OwnedBoolWitnessClaimInit'	1	variant_owner_unindexed
dag/test/claim/floor_discovery_hand_rust_equivalence_witness_test.dag	OwnedBoolWitnessClaimInit	type		0	unobserved	unobserved	unobserved	unresolved	unresolved type 'OwnedBoolWitnessClaimInit'	1	variant_owner_unindexed
dag/test/claim/floor_discovery_hand_rust_equivalence_witness_test.dag	TestMarkedDecl	value		0	unobserved	unobserved	unobserved	unresolved	undefined variable 'TestMarkedDecl'	0	variant_owner_unindexed
dag/test/claim/generated_artifact_drift_test.dag	ReadsLiveTree	value		0	unobserved	unobserved	unobserved	unresolved	undefined variable 'ReadsLiveTree'	0	variant_owner_unindexed
dag/test/claim/gha_job_projection_witness_test.dag	PermRead	value		0	unobserved	unobserved	unobserved	unresolved	undefined variable 'PermRead'	0	variant_owner_unindexed
dag/test/claim/gitattributes_emit_witness_test.dag	ReadsLiveTree	value		0	unobserved	unobserved	unobserved	unresolved	undefined variable 'ReadsLiveTree'	0	variant_owner_unindexed
dag/test/claim/githooks_pre_push_emit_test.dag	ReadsLiveTree	value		0	unobserved	unobserved	unobserved	unresolved	undefined variable 'ReadsLiveTree'	0	variant_owner_unindexed
dag/test/claim/githooks_pre_push_plan_test.dag	ReadsLiveTree	value		0	unobserved	unobserved	unobserved	unresolved	undefined variable 'ReadsLiveTree'	0	variant_owner_unindexed
dag/test/claim/guarantee_probe_corpus_witness_test.dag	ReadsLiveTree	value		0	unobserved	unobserved	unobserved	unresolved	undefined variable 'ReadsLiveTree'	0	variant_owner_unindexed
dag/test/claim/host_effect_plan_real_execution_witness_test.dag	Do	type		0	unobserved	unobserved	unobserved	unresolved	unresolved type 'Do'	3	variant_owner_unindexed
dag/test/claim/host_effect_plan_real_execution_witness_test.dag	Do	type		0	unobserved	unobserved	unobserved	unresolved	unresolved type 'Do'	3	variant_owner_unindexed
dag/test/claim/host_effect_plan_real_execution_witness_test.dag	Do	type		0	unobserved	unobserved	unobserved	unresolved	unresolved type 'Do'	3	variant_owner_unindexed
dag/test/claim/host_effect_plan_real_execution_witness_test.dag	Do	type		0	unobserved	unobserved	unobserved	unresolved	unresolved type 'Do'	3	variant_owner_unindexed
dag/test/claim/host_effect_plan_real_execution_witness_test.dag	FailFast	value		0	unobserved	unobserved	unobserved	unresolved	undefined variable 'FailFast'	2	variant_owner_unindexed
dag/test/claim/host_effect_plan_real_execution_witness_test.dag	FailFast	value		0	unobserved	unobserved	unobserved	unresolved	undefined variable 'FailFast'	2	variant_owner_unindexed
dag/test/claim/host_effect_plan_real_execution_witness_test.dag	FailFast	value		0	unobserved	unobserved	unobserved	unresolved	undefined variable 'FailFast'	2	variant_owner_unindexed
dag/test/claim/host_effect_plan_witness_test.dag	ExitZero	type		0	unobserved	unobserved	unobserved	unresolved	unresolved type 'ExitZero'	0	variant_owner_unindexed
dag/test/claim/host_effect_plan_witness_test.dag	FailFast	value		0	unobserved	unobserved	unobserved	unresolved	undefined variable 'FailFast'	2	variant_owner_unindexed
dag/test/claim/host_effect_plan_witness_test.dag	FailFast	value		0	unobserved	unobserved	unobserved	unresolved	undefined variable 'FailFast'	2	variant_owner_unindexed
dag/test/claim/host_effect_plan_witness_test.dag	FailFast	value		0	unobserved	unobserved	unobserved	unresolved	undefined variable 'FailFast'	2	variant_owner_unindexed
dag/test/claim/interpreter_dispatch_bijection_real_roster_witness_test.dag	ReadsLiveTree	value		0	unobserved	unobserved	unobserved	unresolved	undefined variable 'ReadsLiveTree'	0	variant_owner_unindexed
dag/test/claim/language_source_scaffold_index_test.dag	ReadsLiveTree	value		0	unobserved	unobserved	unobserved	unresolved	undefined variable 'ReadsLiveTree'	0	variant_owner_unindexed
dag/test/claim/legacy_test_behavior_disposition_acceptance_test.dag	ReadsLiveTree	value		0	unobserved	unobserved	unobserved	unresolved	undefined variable 'ReadsLiveTree'	0	variant_owner_unindexed
dag/test/claim/legacy_test_behavior_disposition_witness_test.dag	ReadsLiveTree	value		0	unobserved	unobserved	unobserved	unresolved	undefined variable 'ReadsLiveTree'	0	variant_owner_unindexed
dag/test/claim/lever_a_local_receipt_witness_test.dag	ReadsLiveTree	value		0	unobserved	unobserved	unobserved	unresolved	undefined variable 'ReadsLiveTree'	0	variant_owner_unindexed
dag/test/claim/long/cited_symbol_resolution_witness_test.dag	FnItem	value		0	unobserved	unobserved	unobserved	unresolved	undefined variable 'FnItem'	1	variant_owner_unindexed
dag/test/claim/long/cited_symbol_resolution_witness_test.dag	FnItem	value		0	unobserved	unobserved	unobserved	unresolved	undefined variable 'FnItem'	1	variant_owner_unindexed
dag/test/claim/long/commit_witness_claim_roster_witness_test.dag	ReadsLiveTree	value		0	unobserved	unobserved	unobserved	unresolved	undefined variable 'ReadsLiveTree'	0	variant_owner_unindexed
dag/test/claim/long/dag_compile_clean_scope_disposition_witness_test.dag	ReadsLiveTree	value		0	unobserved	unobserved	unobserved	unresolved	undefined variable 'ReadsLiveTree'	0	variant_owner_unindexed
dag/test/claim/long/generated_artifact_drift_fixed_point_witness_test.dag	ReadsLiveTree	value		0	unobserved	unobserved	unobserved	unresolved	undefined variable 'ReadsLiveTree'	0	variant_owner_unindexed
dag/test/claim/long/import_closure_live_test.dag	ReadsLiveTree	value		0	unobserved	unobserved	unobserved	unresolved	undefined variable 'ReadsLiveTree'	0	variant_owner_unindexed
dag/test/claim/machine_shape_construction_wall_test.dag	Atom	type		0	unobserved	unobserved	unobserved	unresolved	unresolved type 'Atom'	0	variant_owner_unindexed
dag/test/claim/machine_shape_construction_wall_test.dag	SyntheticOccurrence	value		0	unobserved	unobserved	unobserved	unresolved	undefined variable 'SyntheticOccurrence'	2	variant_owner_unindexed
dag/test/claim/machine_shape_construction_wall_test.dag	SyntheticOccurrence	value		0	unobserved	unobserved	unobserved	unresolved	undefined variable 'SyntheticOccurrence'	2	variant_owner_unindexed
dag/test/claim/machine_shape_construction_wall_test.dag	SyntheticOccurrence	value		0	unobserved	unobserved	unobserved	unresolved	undefined variable 'SyntheticOccurrence'	2	variant_owner_unindexed
dag/test/claim/machine_shape_construction_wall_test.dag	TypeNode	type		0	unobserved	unobserved	unobserved	unresolved	unresolved type 'TypeNode'	1	variant_owner_unindexed
dag/test/claim/machine_shape_construction_wall_test.dag	TypeNode	type		0	unobserved	unobserved	unobserved	unresolved	unresolved type 'TypeNode'	1	variant_owner_unindexed
dag/test/claim/membership_reconcile_witness_test.dag	Owned	value		0	unobserved	unobserved	unobserved	unresolved	undefined variable 'Owned'	0	variant_owner_unindexed
dag/test/claim/module_impact_query_witness_test.dag	DependenciesOf	value		0	unobserved	unobserved	unobserved	unresolved	undefined variable 'DependenciesOf'	6	variant_owner_unindexed
dag/test/claim/module_impact_query_witness_test.dag	DependenciesOf	value		0	unobserved	unobserved	unobserved	unresolved	undefined variable 'DependenciesOf'	6	variant_owner_unindexed
dag/test/claim/module_impact_query_witness_test.dag	DependenciesOf	value		0	unobserved	unobserved	unobserved	unresolved	undefined variable 'DependenciesOf'	6	variant_owner_unindexed
dag/test/claim/module_impact_query_witness_test.dag	DependenciesOf	value		0	unobserved	unobserved	unobserved	unresolved	undefined variable 'DependenciesOf'	6	variant_owner_unindexed
dag/test/claim/module_impact_query_witness_test.dag	DependenciesOf	value		0	unobserved	unobserved	unobserved	unresolved	undefined variable 'DependenciesOf'	6	variant_owner_unindexed
dag/test/claim/module_impact_query_witness_test.dag	DependenciesOf	value		0	unobserved	unobserved	unobserved	unresolved	undefined variable 'DependenciesOf'	6	variant_owner_unindexed
dag/test/claim/module_impact_query_witness_test.dag	DependenciesOf	value		0	unobserved	unobserved	unobserved	unresolved	undefined variable 'DependenciesOf'	6	variant_owner_unindexed
dag/test/claim/namespace_structural_root_exposure_generated_witness_test.dag	ReadsLiveTree	value		0	unobserved	unobserved	unobserved	unresolved	undefined variable 'ReadsLiveTree'	0	variant_owner_unindexed
dag/test/claim/no_fake_anomalies_witness_test.dag	ReadsLiveTree	value		0	unobserved	unobserved	unobserved	unresolved	undefined variable 'ReadsLiveTree'	0	variant_owner_unindexed
dag/test/claim/observation_emit_census_witness_test.dag	ReadsLiveTree	value		0	unobserved	unobserved	unobserved	unresolved	undefined variable 'ReadsLiveTree'	0	variant_owner_unindexed
dag/test/claim/observation_lockstep_witness_test.dag	ReadsLiveTree	value		0	unobserved	unobserved	unobserved	unresolved	undefined variable 'ReadsLiveTree'	0	variant_owner_unindexed
dag/test/claim/occurrence_binding_witness_test.dag	Empty	value		0	unobserved	unobserved	unobserved	unresolved	undefined variable 'Empty'	1	variant_owner_unindexed
dag/test/claim/occurrence_binding_witness_test.dag	Empty	value		0	unobserved	unobserved	unobserved	unresolved	undefined variable 'Empty'	1	variant_owner_unindexed
dag/test/claim/occurrence_identity_witness_test.dag	SyntheticOccurrence	value		0	unobserved	unobserved	unobserved	unresolved	undefined variable 'SyntheticOccurrence'	0	variant_owner_unindexed
dag/test/claim/operation_argv_binding_wall_witness_test.dag	ReadsLiveTree	value		0	unobserved	unobserved	unobserved	unresolved	undefined variable 'ReadsLiveTree'	0	variant_owner_unindexed
dag/test/claim/operation_argv_corpus_witness_test.dag	ReadsLiveTree	value		0	unobserved	unobserved	unobserved	unresolved	undefined variable 'ReadsLiveTree'	0	variant_owner_unindexed
dag/test/claim/orchestration_if_emit_test.dag	Do	type		0	unobserved	unobserved	unobserved	unresolved	unresolved type 'Do'	7	variant_owner_unindexed
dag/test/claim/orchestration_if_emit_test.dag	Do	type		0	unobserved	unobserved	unobserved	unresolved	unresolved type 'Do'	7	variant_owner_unindexed
dag/test/claim/orchestration_if_emit_test.dag	Do	type		0	unobserved	unobserved	unobserved	unresolved	unresolved type 'Do'	7	variant_owner_unindexed
dag/test/claim/orchestration_if_emit_test.dag	Do	type		0	unobserved	unobserved	unobserved	unresolved	unresolved type 'Do'	7	variant_owner_unindexed
dag/test/claim/orchestration_if_emit_test.dag	Do	type		0	unobserved	unobserved	unobserved	unresolved	unresolved type 'Do'	7	variant_owner_unindexed
dag/test/claim/orchestration_if_emit_test.dag	Do	type		0	unobserved	unobserved	unobserved	unresolved	unresolved type 'Do'	7	variant_owner_unindexed
dag/test/claim/orchestration_if_emit_test.dag	Do	type		0	unobserved	unobserved	unobserved	unresolved	unresolved type 'Do'	7	variant_owner_unindexed
dag/test/claim/orchestration_if_emit_test.dag	Do	type		0	unobserved	unobserved	unobserved	unresolved	unresolved type 'Do'	7	variant_owner_unindexed
dag/test/claim/orchestration_if_emit_test.dag	ExitZero	type		0	unobserved	unobserved	unobserved	unresolved	unresolved type 'ExitZero'	1	variant_owner_unindexed
dag/test/claim/orchestration_if_emit_test.dag	ExitZero	type		0	unobserved	unobserved	unobserved	unresolved	unresolved type 'ExitZero'	1	variant_owner_unindexed
dag/test/claim/orchestration_if_emit_test.dag	FailFast	value		0	unobserved	unobserved	unobserved	unresolved	undefined variable 'FailFast'	7	variant_owner_unindexed
dag/test/claim/orchestration_if_emit_test.dag	FailFast	value		0	unobserved	unobserved	unobserved	unresolved	undefined variable 'FailFast'	7	variant_owner_unindexed
dag/test/claim/orchestration_if_emit_test.dag	FailFast	value		0	unobserved	unobserved	unobserved	unresolved	undefined variable 'FailFast'	7	variant_owner_unindexed
dag/test/claim/orchestration_if_emit_test.dag	FailFast	value		0	unobserved	unobserved	unobserved	unresolved	undefined variable 'FailFast'	7	variant_owner_unindexed
dag/test/claim/orchestration_if_emit_test.dag	FailFast	value		0	unobserved	unobserved	unobserved	unresolved	undefined variable 'FailFast'	7	variant_owner_unindexed
dag/test/claim/orchestration_if_emit_test.dag	FailFast	value		0	unobserved	unobserved	unobserved	unresolved	undefined variable 'FailFast'	7	variant_owner_unindexed
dag/test/claim/orchestration_if_emit_test.dag	FailFast	value		0	unobserved	unobserved	unobserved	unresolved	undefined variable 'FailFast'	7	variant_owner_unindexed
dag/test/claim/orchestration_if_emit_test.dag	FailFast	value		0	unobserved	unobserved	unobserved	unresolved	undefined variable 'FailFast'	7	variant_owner_unindexed
dag/test/claim/orchestration_if_emit_test.dag	None	value		0	unobserved	unobserved	unobserved	unresolved	undefined variable 'None'	5	variant_owner_unindexed
dag/test/claim/orchestration_if_emit_test.dag	None	value		0	unobserved	unobserved	unobserved	unresolved	undefined variable 'None'	5	variant_owner_unindexed
dag/test/claim/orchestration_if_emit_test.dag	None	value		0	unobserved	unobserved	unobserved	unresolved	undefined variable 'None'	5	variant_owner_unindexed
dag/test/claim/orchestration_if_emit_test.dag	None	value		0	unobserved	unobserved	unobserved	unresolved	undefined variable 'None'	5	variant_owner_unindexed
dag/test/claim/orchestration_if_emit_test.dag	None	value		0	unobserved	unobserved	unobserved	unresolved	undefined variable 'None'	5	variant_owner_unindexed
dag/test/claim/orchestration_if_emit_test.dag	None	value		0	unobserved	unobserved	unobserved	unresolved	undefined variable 'None'	5	variant_owner_unindexed
dag/test/claim/peak_resident_measured_witness_test.dag	ReadsLiveTree	value		0	unobserved	unobserved	unobserved	unresolved	undefined variable 'ReadsLiveTree'	0	variant_owner_unindexed
dag/test/claim/push_event_witness_wet_test.dag	ReadsLiveTree	value		0	unobserved	unobserved	unobserved	unresolved	undefined variable 'ReadsLiveTree'	0	variant_owner_unindexed
dag/test/claim/realization_schedule_witness_test.dag	ReadsLiveTree	value		0	unobserved	unobserved	unobserved	unresolved	undefined variable 'ReadsLiveTree'	0	variant_owner_unindexed
dag/test/claim/roadmap_receipt_continuity_live_witness_test.dag	ReadsLiveTree	value		0	unobserved	unobserved	unobserved	unresolved	undefined variable 'ReadsLiveTree'	0	variant_owner_unindexed
dag/test/claim/rust_gates_ci_witness_test.dag	ReadsLiveTree	value		0	unobserved	unobserved	unobserved	unresolved	undefined variable 'ReadsLiveTree'	0	variant_owner_unindexed
dag/test/claim/rust_stage0_gates_witness_test.dag	ReadsLiveTree	value		0	unobserved	unobserved	unobserved	unresolved	undefined variable 'ReadsLiveTree'	0	variant_owner_unindexed
dag/test/claim/seed_honesty_discharge_unavailable_test.dag	Holds	type		0	unobserved	unobserved	unobserved	unresolved	unresolved type 'Holds'	0	variant_owner_unindexed
dag/test/claim/seed_honesty_discharge_unavailable_test.dag	SeedHonestyUndecided	value		0	unobserved	unobserved	unobserved	unresolved	undefined variable 'SeedHonestyUndecided'	0	variant_owner_unindexed
dag/test/claim/served_surface_browser_artifact_integrity_witness_test.dag	ReadsLiveTree	value		0	unobserved	unobserved	unobserved	unresolved	undefined variable 'ReadsLiveTree'	0	variant_owner_unindexed
dag/test/claim/served_surface_browser_observation_witness_test.dag	Aarch64	value		0	unobserved	unobserved	unobserved	unresolved	undefined variable 'Aarch64'	0	variant_owner_unindexed
dag/test/claim/shell_exec_run_argv_embed_witness_test.dag	ReadsLiveTree	value		0	unobserved	unobserved	unobserved	unresolved	undefined variable 'ReadsLiveTree'	0	variant_owner_unindexed
dag/test/claim/stage0_emit_model_witness_test.dag	ReadsLiveTree	value		0	unobserved	unobserved	unobserved	unresolved	undefined variable 'ReadsLiveTree'	0	variant_owner_unindexed
dag/test/claim/stage0_rust_host_observation_live_witness_test.dag	ReadsLiveTree	value		0	unobserved	unobserved	unobserved	unresolved	undefined variable 'ReadsLiveTree'	0	variant_owner_unindexed
dag/test/claim/stage0_rust_maintenance_census_report_live_witness_test.dag	ReadsLiveTree	value		0	unobserved	unobserved	unobserved	unresolved	undefined variable 'ReadsLiveTree'	0	variant_owner_unindexed
dag/test/claim/transport_script_stdin_byte_fidelity_witness_test.dag	ReadsLiveTree	value		0	unobserved	unobserved	unobserved	unresolved	undefined variable 'ReadsLiveTree'	0	variant_owner_unindexed
dag/test/claim/type_ref_hit_ne_bind_measure_witness_test.dag	ReadsLiveTree	value		0	unobserved	unobserved	unobserved	unresolved	undefined variable 'ReadsLiveTree'	0	variant_owner_unindexed
dag/test/claim/type_reference_resolve_changeover_equivalence_witness_test.dag	ReadsLiveTree	value		0	unobserved	unobserved	unobserved	unresolved	undefined variable 'ReadsLiveTree'	0	variant_owner_unindexed
dag/test/claim/types_arch_collapse_witness_test.dag	ReadsLiveTree	value		0	unobserved	unobserved	unobserved	unresolved	undefined variable 'ReadsLiveTree'	0	variant_owner_unindexed
dag/test/claim/v1_interpreter_primitive_roster_acceptance_test.dag	FreeCall	value		0	unobserved	unobserved	unobserved	unresolved	undefined variable 'FreeCall'	0	variant_owner_unindexed
dag/test/claim/v1_interpreter_primitive_surface_witness_test.dag	FreeCall	value		0	unobserved	unobserved	unobserved	unresolved	undefined variable 'FreeCall'	2	variant_owner_unindexed
dag/test/claim/v1_interpreter_primitive_surface_witness_test.dag	FreeCall	value		0	unobserved	unobserved	unobserved	unresolved	undefined variable 'FreeCall'	2	variant_owner_unindexed
dag/test/claim/v1_interpreter_primitive_surface_witness_test.dag	FreeCall	value		0	unobserved	unobserved	unobserved	unresolved	undefined variable 'FreeCall'	2	variant_owner_unindexed
dag/test/claim/v1_source_audit_witness_test.dag	ReadsLiveTree	value		0	unobserved	unobserved	unobserved	unresolved	undefined variable 'ReadsLiveTree'	0	variant_owner_unindexed
dag/test/fixture/decl_facts_reflection/ambiguous_b_specimen.dag	SharedArm	value		0	unobserved	unobserved	unobserved	unresolved	undefined variable 'SharedArm'	0	variant_owner_unindexed
dag/test/fixture/decl_facts_reflection/ambiguous_specimen.dag	SharedArm	value		0	unobserved	unobserved	unobserved	unresolved	undefined variable 'SharedArm'	0	variant_owner_unindexed
dag/test/manual/git_upstream_model_execution_test.dag	ReadsLiveTree	value		0	unobserved	unobserved	unobserved	unresolved	undefined variable 'ReadsLiveTree'	0	variant_owner_unindexed
dag/test/manual/mercurial_upstream_model_execution_test.dag	ReadsLiveTree	value		0	unobserved	unobserved	unobserved	unresolved	undefined variable 'ReadsLiveTree'	0	variant_owner_unindexed
dag/test/manual/pijul_upstream_model_execution_test.dag	ReadsLiveTree	value		0	unobserved	unobserved	unobserved	unresolved	undefined variable 'ReadsLiveTree'	0	variant_owner_unindexed
dag/tools/emit_host_transport.dag	Atom	type		0	unobserved	unobserved	unobserved	unresolved	unresolved type 'Atom'	0	variant_owner_unindexed
dag/tools/emit_host_transport.dag	SyntheticOccurrence	value		0	unobserved	unobserved	unobserved	unresolved	undefined variable 'SyntheticOccurrence'	0	variant_owner_unindexed
dag/tools/emit_host_transport.dag	TypeNode	type		0	unobserved	unobserved	unobserved	unresolved	unresolved type 'TypeNode'	0	variant_owner_unindexed
dag/tools/module_impact_query_front_door.dag	DependenciesOf	value		0	unobserved	unobserved	unobserved	unresolved	undefined variable 'DependenciesOf'	0	variant_owner_unindexed
