# managed-host untangle import census at 26e99a9c7f; method in managed-host-untangle.md "Instrument". One row per module; importers is the COMPLETE reverse-import list.
module	layer	path	lines	in_required_gate	imported_unit_symbols	importers
gunbc.machine_intake_mtcollins1_32dimm_bringup_observation	1	dag/gunbc/machine_intake/mtcollins1_32dimm_bringup_observation.dag	695	no	AmpereMtCollins mtcollins1_firmware mtcollins_training_capture_path mtcollins_training_capture_sha256	gunbc.machine_intake_mtcollins1_sixteen_module_restore_observation test.claim.machine_intake.mtcollins1_bmc_sensor_observation_witness_test test.claim.machine_intake.mtcollins1_sixteen_module_restore_witness_test test.claim.machine_intake.pre_os_bringup_witness_test
gunbc.machine_intake_mtcollins1_access_observation	1	dag/gunbc/machine_intake/mtcollins1_access_observation.dag	294	no	AmpereMtCollins	gunbc.host_reset_subject_roster gunbc.machine_intake_mtcollins1_32dimm_bringup_observation gunbc.machine_intake_mtcollins1_actuate gunbc.machine_intake_mtcollins1_bmc_secure_observation gunbc.machine_intake_mtcollins1_boot_authorization gunbc.machine_intake_mtcollins1_boot_diagnostic_bundle gunbc.machine_intake_mtcollins1_boot_run gunbc.machine_intake_mtcollins1_fan_observe gunbc.machine_intake_mtcollins1_handoff_probe gunbc.machine_intake_mtcollins1_kvm_observer_observe gunbc.machine_intake_mtcollins1_media_attach gunbc.machine_intake_mtcollins1_memory_census_observation gunbc.machine_intake_mtcollins1_smpro_observation gunbc.machine_intake_mtcollins1_ui_bundle_observe test.claim.machine_intake.mtcollins1_boot_run_witness_test test.claim.machine_intake.mtcollins1_stale_power_off_witness_test test.probe.unit_hold_proof_forged_probe
gunbc.machine_intake_mtcollins1_connectx4lx_observation	1	dag/gunbc/machine_intake/mtcollins1_connectx4lx_observation.dag	108	no	operator_host_mtcollins1	gunbc.machine_intake_mtcollins1_expansion_candidates test.claim.mtcollins1_candidate_attachment_witness_test test.claim.mtcollins1_connectx4lx_observation_witness_test
gunbc.machine_intake_mtcollins1_expansion_attachment	1	dag/gunbc/machine_intake/mtcollins1_expansion_attachment.dag	112	no	MtCollinsUnitExpansionEvidence mt_collins_1u_ocp_slot	gunbc.machine_intake_mtcollins1_expansion_candidates test.claim.mtcollins1_candidate_attachment_witness_test
gunbc.machine_intake_mtcollins1_expansion_candidates	1	dag/gunbc/machine_intake/mtcollins1_expansion_candidates.dag	87	no	mt_collins_1u_ocp_slot	test.claim.mtcollins1_candidate_attachment_witness_test test.claim.mtcollins1_connectx4lx_observation_witness_test
gunbc.machine_intake_mtcollins1_expansion_observation	1	dag/gunbc/machine_intake/mtcollins1_expansion_observation.dag	186	no	MtCollins1UExpansion mt_collins_1u_expansion mt_collins_1u_ocp_slot	gunbc.machine_intake_mtcollins1_expansion_attachment gunbc.machine_intake_mtcollins1_expansion_candidates test.claim.mtcollins1_candidate_attachment_witness_test test.claim.mtcollins1_expansion_witness_test
gunbc.machine_intake_mtcollins1_memory_prediction	1	dag/gunbc/machine_intake/mtcollins1_memory_prediction.dag	156	no		test.claim.machine_intake_predictive_claim_witness_test
gunbc.machine_intake_mtcollins1_sixteen_module_restore_observation	1	dag/gunbc/machine_intake/mtcollins1_sixteen_module_restore_observation.dag	304	no	mtcollins1_pre_os_capabilities mtcollins1_sol_idle_capture mtcollins1_sol_reading mtcollins1_sol_session_banner_digest	test.claim.machine_intake.mtcollins1_sixteen_module_restore_witness_test
gunbc.machine_intake_mtcollins1_socket1_investigation_observation	1	dag/gunbc/machine_intake/mtcollins1_socket1_investigation_observation.dag	389	no	MtCollinsDimmFigure	gunbc.machine_intake_mtcollins1_physical_orientation test.claim.machine_intake.mtcollins1_physical_orientation_witness
gunbc.machine_intake_mtcollins1_spare_screen_prediction	1	dag/gunbc/machine_intake/mtcollins1_spare_screen_prediction.dag	247	no	MtCollinsDimmPopulationRow mt_collins_population_16_dimms	test.claim.machine_intake_predictive_claim_witness_test
gunbc.memory_configuration_evaluation	1	dag/gunbc/host/memory_configuration_evaluation.dag	396	no	AmpereMtCollins MtCollinsChannelPopulationRoleStanding MtCollinsPopulationRoleRefusal mt_collins_channel_population_roles mt_collins_socket_dimm_sizes_supported mtcollins_memory_position	gunbc.memory_change_evaluation gunbc.memory_change_report test.claim.memory_change_evaluation_witness test.claim.memory_multiple_findings_witness
gunbc.mtcollins_3ds_memory_change	1	dag/gunbc/host/mtcollins_3ds_memory_change.dag	132	no	MtCollinsChannelPopulationRole MtCollinsPopulationRoleRefusal mt_collins_channel_population_roles mtcollins_dram_cycle_start mtcollins_hynix_part mtcollins_memory_evidence_from_capture mtcollins_memory_module mtcollins_replay_proposal mtcollins_training_capture_path mtcollins_training_capture_sha256 mtcollins_training_mixture_finding mtcollins_witnessed_configuration	gunbc.machine_intake_pre_os_capture_replay test.claim.memory_multiple_findings_witness
gunbc.mtcollins_memory_change	1	dag/gunbc/host/mtcollins_memory_change.dag	197	no	AmpereMtCollins MtCollinsChannelPopulationRole MtCollinsPopulationRoleRefusal mt_collins_channel_population_roles mt_collins_socket0_channel_pairs mt_collins_socket1_channel_pairs mtcollins_memory_position	gunbc.machine_intake_mtcollins1_32dimm_bringup_observation gunbc.machine_intake_pre_os_capture_replay gunbc.machine_intake_pre_os_timeline gunbc.mtcollins_3ds_memory_change test.claim.build_selection_witness test.claim.megarac_spx_ui_surface_artifact_integrity_witness test.claim.memory_change_evaluation_witness test.claim.memory_multiple_findings_witness
gunbc.mtcollins_memory_placement	1	dag/gunbc/host/mtcollins_memory_placement.dag	22	no	MtCollinsChannelPopulationRole	gunbc.memory_configuration_evaluation gunbc.mtcollins_memory_change test.claim.build_fulfillment_witness test.claim.memory_change_evaluation_witness
gunbc.rung_drop.mtcollins1_boot_accepts_socket1_absent	1	dag/gunbc/rung_drop/mtcollins1_boot_accepts_socket1_absent.dag	46	no		gunbc.rung_drop.roster
gunbc.rung_drop.mtcollins1_boot_matrix_enrolment_dead_band_observed_only	1	dag/gunbc/rung_drop/mtcollins1_boot_matrix_enrolment_dead_band_observed_only.dag	44	no	mtcollins1_boot_matrix_enrolment_dead_band_observed_only mtcollins1_boot_matrix_native_witness_capability	gunbc.rung_drop.roster
gunbc.rung_drop.mtcollins1_boot_matrix_new_witness_eval_step_cost	1	dag/gunbc/rung_drop/mtcollins1_boot_matrix_new_witness_eval_step_cost.dag	58	no		gunbc.rung_drop.mtcollins1_boot_matrix_enrolment_dead_band_observed_only gunbc.rung_drop.roster
extdeps.ampere.mt_collins_1u_product_brief.specifications	2	dag/extdeps/ampere/mt_collins_1u_product_brief/specifications.dag	228	no	MtCollins1UPublicProductBrief mt_collins_1u_brief_authority mt_collins_1u_public_product_brief	gunbc.machine_intake_mtcollins1_expansion_attachment gunbc.machine_intake_mtcollins1_expansion_candidates gunbc.machine_intake_mtcollins1_expansion_observation test.claim.mt_collins_1u_brief_witness test.claim.mtcollins1_candidate_attachment_witness_test
extdeps.ampere.mt_collins_1u_product_brief.subject	2	dag/extdeps/ampere/mt_collins_1u_product_brief/subject.dag	102	no		extdeps.ampere.mt_collins_1u_product_brief.specifications
extdeps.ampere.mt_collins_2u_user_guide.subject	2	dag/extdeps/ampere/mt_collins_2u_user_guide/subject.dag	68	no		gunbc.mt_collins_dimm_physical_identity gunbc.specification_citation_read_provenance test.claim.mt_collins_dimm_physical_identity_witness
extdeps.ampere.mt_collins_getting_started_guide.dimm_layout	2	dag/extdeps/ampere/mt_collins_getting_started_guide/dimm_layout.dag	92	no	mt_collins_gsg_authority mt_collins_gsg_model_scope	gunbc.machine_intake_mtcollins1_dimm_connector_observation gunbc.machine_intake_mtcollins1_physical_orientation gunbc.machine_intake_mtcollins1_socket1_investigation_observation gunbc.mt_collins_dimm_physical_identity gunbc.mtcollins_memory_placement test.claim.machine_intake.mtcollins1_physical_orientation_witness test.claim.memory_change_evaluation_witness test.claim.mt_collins_dimm_physical_identity_witness
extdeps.ampere.mt_collins_getting_started_guide.subject	2	dag/extdeps/ampere/mt_collins_getting_started_guide/subject.dag	92	no		extdeps.ampere.mt_collins_getting_started_guide.dimm_layout extdeps.ampere.mt_collins_product_brief.memory_population extdeps.ampere.mt_collins_product_brief.platform test.claim.mt_collins_document_carriage_witness
extdeps.ampere.mt_collins_product_brief.bmc	2	dag/extdeps/ampere/mt_collins_product_brief/bmc.dag	59	no	MtCollinsPublicProductBrief mt_collins_public_product_brief	
extdeps.ampere.mt_collins_product_brief.memory_population	2	dag/extdeps/ampere/mt_collins_product_brief/memory_population.dag	387	no	MtCollinsPublicProductBrief mt_collins_gsg_authority mt_collins_public_product_brief	gunbc.machine_intake_mtcollins1_dimm_connector_observation gunbc.machine_intake_mtcollins1_physical_orientation gunbc.machine_intake_mtcollins1_spare_screen_prediction gunbc.machine_intake_pre_os_capture_replay gunbc.memory_configuration_evaluation gunbc.mt_collins_dimm_physical_identity gunbc.mtcollins_3ds_memory_change gunbc.mtcollins_memory_change gunbc.mtcollins_memory_placement test.claim.build_fulfillment_witness test.claim.build_selection_witness test.claim.machine_intake.mtcollins1_physical_orientation_witness test.claim.memory_change_evaluation_witness test.claim.memory_multiple_findings_witness test.claim.mt_collins_dimm_physical_identity_witness test.claim.mt_collins_document_carriage_witness test.claim.mt_collins_population_role_witness test.claim.mtcollins1_memory_census_witness_test
extdeps.ampere.mt_collins_product_brief.platform	2	dag/extdeps/ampere/mt_collins_product_brief/platform.dag	102	no	MtCollinsPublicProductBrief mt_collins_gsg_authority mt_collins_public_product_brief	gunbc.memory_provisioning test.claim.mt_collins_document_carriage_witness
extdeps.ampere.mt_collins_product_brief.subject	2	dag/extdeps/ampere/mt_collins_product_brief/subject.dag	77	no		extdeps.ampere.mt_collins_product_brief.bmc extdeps.ampere.mt_collins_product_brief.memory_population extdeps.ampere.mt_collins_product_brief.platform test.claim.mt_collins_document_carriage_witness
extdeps.boards.types	2	dag/extdeps/boards/types.dag	89	yes		extdeps.bmc.access_profile extdeps.boards.asrock_rack extdeps.boards.gigabyte extdeps.cooling.dynatron extdeps.cooling.types extdeps.firmware.types gunbc.bmc_converge gunbc.bmc_fan_converge gunbc.bmc_fan_projection gunbc.fleet_intent gunbc.host_memory_qualification gunbc.machine_intake_mtcollins1_32dimm_bringup_observation gunbc.machine_intake_mtcollins1_access_observation gunbc.machine_intake_pre_os_observation_capabilities gunbc.memory_configuration gunbc.memory_configuration_evaluation gunbc.memory_provisioning gunbc.mtcollins_memory_change product.cooling_qualification test.claim.bmc_factory_credential test.claim.boot_artifact_delivery_witness_test test.claim.build_fulfillment_witness test.claim.cooling_qualification_witness test.claim.firmware_prerequisite_evidence_witness_test test.claim.host_memory_qualification_witness_test
gunbc.machine_intake_mtcollins1_dimm_connector_observation	2	dag/gunbc/machine_intake/mtcollins1_dimm_connector_observation.dag	105	no	MtCollinsDimmDiagramLegend MtCollinsDimmPopulationIdentity MtCollinsDimmPopulationRow mt_collins_population_16_dimms	gunbc.machine_intake_mtcollins1_expansion_candidates gunbc.machine_intake_mtcollins1_expansion_observation gunbc.machine_intake_mtcollins1_physical_orientation test.claim.mt_collins_dimm_physical_identity_witness test.claim.mtcollins1_candidate_attachment_witness_test
gunbc.machine_intake_mtcollins1_physical_orientation	2	dag/gunbc/machine_intake/mtcollins1_physical_orientation.dag	856	no	MtCollins1ChassisEnd MtCollins1CpuRelease MtCollins1DiagnosisHypothesis MtCollins1FirmwareSocketSummary MtCollins1HypothesisStanding MtCollins1IntendedPlacement MtCollins1PairingBootHistory MtCollins1PhysicalFactStanding MtCollins1Socket1InvestigationBoot MtCollins1SocketCpu MtCollins1StickPlacement MtCollins1StickSwapReport MtCollins1TrainedSlot MtCollins1Viewpoint MtCollinsChannelConnectorPair MtCollinsDimmFigureBank MtCollinsDimmPopulationIdentity MtCollinsDimmPopulationRow MtCollinsPhysicalIdentificationGap mt_collins_channel_connector_pairs mt_collins_population_rows mtcollins1_blue_connector_observation mtcollins1_boot_receipts_artifact mtcollins1_firmware_socket_summary mtcollins1_operator_front_report mtcollins1_pairing_boot_history mtcollins1_socket1_boot_three_sticks mtcollins1_socket1_boot_two_sticks mtcollins1_socket1_hypotheses mtcollins1_socket1_investigation_boots mtcollins1_socket1_investigation_predecessor mtcollins1_socket_cpus mtcollins1_spare_processors	test.claim.machine_intake.mtcollins1_physical_orientation_witness
gunbc.machine_intake_mtcollins1_platform_observation	2	dag/gunbc/machine_intake/mtcollins1_platform_observation.dag	225	no	mtcollins1_unit_key_standing	test.claim.machine_intake.oob_power_action_witness test.claim.machine_intake_ethernet_witness
gunbc.machine_intake_mtcollins1_topology_goal	2	dag/gunbc/machine_intake/mtcollins1_topology_goal.dag	18	no	mtcollins1_nproc	test.claim.machine_intake.host_resource_observation_witness
gunbc.machine_intake_power_supply	2	dag/gunbc/machine_intake/power_supply.dag	25	no		gunbc.machine_intake_mtcollins1_platform_observation test.claim.machine_intake_ethernet_witness
gunbc.mt_collins_dimm_physical_identity	2	dag/gunbc/mt_collins_dimm_physical_identity.dag	173	no	MtCollins2uMemoryTopologyCitation MtCollinsChannelConnectorPair MtCollinsChassisFigureOrientation MtCollinsDimmDiagramLegend MtCollinsDimmFigureBank MtCollinsDimmPopulationRow mt_collins_2u_citation_read_comparison mt_collins_channel_connector_pairs mt_collins_population_16_dimms mt_collins_population_role_of_pair	gunbc.machine_intake_mtcollins1_dimm_connector_observation gunbc.machine_intake_mtcollins1_physical_orientation test.claim.mt_collins_dimm_physical_identity_witness
gunbc.machine_intake_ampere_dram_console_observation	3	dag/gunbc/machine_intake/ampere_dram_console_observation.dag	314	no		gunbc.machine_intake_ampere_socket_console_observation gunbc.machine_intake_mtcollins1_boot_diagnostic_bundle test.claim.machine_intake.ampere_dram_console_observation_witness_test
gunbc.machine_intake_ampere_socket_console_observation	3	dag/gunbc/machine_intake/ampere_socket_console_observation.dag	503	no		gunbc.machine_intake_mtcollins1_boot_diagnostic_bundle test.claim.machine_intake.ampere_socket_console_observation_witness_test
gunbc.machine_intake_mtcollins1_smpro_observation	3	dag/gunbc/machine_intake/mtcollins1_smpro_observation.dag	395	no	mtcollins1_endpoint	gunbc.machine_intake_mtcollins1_boot_diagnostic_bundle gunbc.machine_intake_mtcollins1_boot_phase_timing gunbc.machine_intake_mtcollins1_boot_run test.claim.machine_intake.mtcollins1_boot_diagnostic_bundle_witness_test test.claim.machine_intake.mtcollins1_boot_phase_timing_witness_test test.claim.machine_intake.mtcollins1_smpro_observation_witness_test
extdeps.bmc.http	4	dag/extdeps/bmc/http.dag	350	no		gunbc.fleet_health_observe gunbc.machine_intake_mtcollins1_boot_diagnostic_bundle gunbc.srv3_boot_once_cd gunbc.tools.bmc_health_reader_converge gunbc.tools.bmc_intake_first_contact gunbc.tools.bmc_onboard
extdeps.bmc.ipmi	4	dag/extdeps/bmc/ipmi.dag	410	no		ctl.pos_emit ctl.pos_service gunbc.machine_intake_bmc_fan_observation gunbc.machine_intake_mtcollins1_boot_diagnostic_bundle gunbc.machine_intake_mtcollins1_boot_dry_realization gunbc.machine_intake_mtcollins1_boot_run gunbc.machine_intake_mtcollins1_media_attach gunbc.machine_intake_mtcollins1_smpro_observation gunbc.machine_intake_mtcollins1_ui_bundle_observe gunbc.machine_intake_oob_boot_handoff test.claim.machine_intake.mtcollins1_boot_run_witness_test
extdeps.bmc.ipmi_sel	4	dag/extdeps/bmc/ipmi_sel.dag	83	no		gunbc.machine_intake_mtcollins1_32dimm_bringup_observation gunbc.machine_intake_mtcollins1_boot_diagnostic_bundle gunbc.machine_intake_mtcollins1_sixteen_module_restore_observation gunbc.machine_intake_pre_os_bringup_verdict gunbc.machine_intake_sel_stimulus_listener test.claim.machine_intake.pre_os_bringup_witness_test test.claim.pre_os_observer_witness
extdeps.bmc.ipmitool_observed_output	4	dag/extdeps/bmc/ipmitool_observed_output.dag	67	no		gunbc.bmc_dry_realization gunbc.machine_intake_mtcollins1_boot_dry_realization
extdeps.bmc.megarac	4	dag/extdeps/bmc/megarac.dag	664	yes		extdeps.bmc.access_profile extdeps.bmc.virtual_media gunbc.bmc_implementation_dispatch gunbc.bmc_megarac_web_adapter gunbc.boot_artifact_delivery gunbc.machine_intake_megarac_media_attach gunbc.machine_intake_megarac_ui_features gunbc.machine_intake_mtcollins1_kvm_still gunbc.machine_intake_mtcollins1_ui_bundle_observe test.claim.boot_artifact_delivery_witness_test test.claim.machine_intake.megarac_media_convergence_witness_test test.claim.machine_intake.megarac_ui_features_witness_test test.claim.machine_intake.mtcollins1_kvm_observer_protocol_wet_witness test.claim.machine_intake.mtcollins1_kvm_still_witness_test test.claim.megarac_operation_surface_witness test.claim.megarac_spx_ui_surface_artifact_integrity_witness
extdeps.bmc.megarac_observed_output	4	dag/extdeps/bmc/megarac_observed_output.dag	73	no		gunbc.bmc_dry_realization
extdeps.bmc.phosphor_fan_control	4	dag/extdeps/bmc/phosphor_fan_control.dag	126	no		test.claim.fan_policy_standing_witness
extdeps.bmc.redfish_memory_inventory	4	dag/extdeps/bmc/redfish_memory_inventory.dag	459	no		gunbc.machine_intake_mtcollins1_boot_diagnostic_bundle test.claim.machine_intake.mtcollins1_boot_diagnostic_bundle_witness_test
gunbc.bmc_model	4	dag/gunbc/bmc_model.dag	409	no		gunbc.bmc_dry_realization gunbc.bmc_megarac_web_adapter gunbc.machine_intake_mtcollins1_boot_dry_realization test.claim.bmc_model_web_kvm_witness_test test.claim.boot_world_models_witness_test test.claim.machine_intake.mtcollins1_boot_acceptance_matrix_test test.claim.machine_intake.mtcollins1_kvm_observer_protocol_wet_witness test.claim.operation_realization_witness_test
gunbc.machine_intake_bmc_fan_observation	4	dag/gunbc/machine_intake/bmc_fan_observation.dag	519	no		gunbc.machine_intake_mtcollins1_fan_observe test.claim.fan_policy_standing_witness
gunbc.machine_intake_bmc_rotation_route	4	dag/gunbc/machine_intake/bmc_rotation_route.dag	117	no		test.claim.machine_intake_bmc_rotation_route_witness_test
gunbc.machine_intake_megarac_media_attach	4	dag/gunbc/machine_intake/megarac_media_attach.dag	2107	no		gunbc.bmc_dry_realization gunbc.machine_intake_mtcollins1_boot_diagnostic_bundle gunbc.machine_intake_mtcollins1_boot_run gunbc.machine_intake_mtcollins1_media_attach gunbc.machine_intake_mtcollins1_ui_bundle_observe test.claim.machine_intake.megarac_media_convergence_witness_test test.claim.machine_intake.megarac_session_release_witness_test test.claim.machine_intake.mtcollins1_boot_run_witness_test test.claim.machine_intake.mtcollins1_stale_power_off_witness_test test.probe.unit_hold_proof_forged_probe
gunbc.machine_intake_megarac_served_ui_catalog_observation	4	dag/gunbc/machine_intake/megarac_served_ui_catalog_observation.dag	20	no		gunbc.machine_intake_megarac_ui_features gunbc.machine_intake_mtcollins1_ui_bundle_observe test.claim.machine_intake.megarac_ui_features_witness_test test.claim.machine_intake.mtcollins1_ui_bundle_observe_witness_test test.claim.megarac_spx_ui_surface_artifact_integrity_witness
gunbc.machine_intake_megarac_ui_features	4	dag/gunbc/machine_intake/megarac_ui_features.dag	403	no		gunbc.machine_intake_megarac_media_attach gunbc.machine_intake_mtcollins1_kvm_still test.claim.machine_intake.megarac_media_convergence_witness_test test.claim.machine_intake.megarac_ui_features_witness_test
gunbc.machine_intake_mtcollins1_bmc_secure_observation	4	dag/gunbc/machine_intake/mtcollins1_bmc_secure_observation.dag	275	no	mtcollins1_bmc_gunbc_secret_ref mtcollins1_controller_fru_identity mtcollins1_endpoint mtcollins1_firmware mtcollins1_subject_binding	gunbc.machine_intake_mtcollins1_actuate gunbc.machine_intake_mtcollins1_fan_observe gunbc.machine_intake_mtcollins1_kvm_observer_observe gunbc.machine_intake_mtcollins1_media_attach gunbc.machine_intake_mtcollins1_platform_observation gunbc.machine_intake_mtcollins1_ui_bundle_observe test.claim.machine_intake_mtcollins1_bmc_secure_standing_witness_test
gunbc.machine_intake_mtcollins1_bmc_sensor_observation	4	dag/gunbc/machine_intake/mtcollins1_bmc_sensor_observation.dag	96	no		gunbc.machine_intake_mtcollins1_boot_diagnostic_bundle test.claim.machine_intake.mtcollins1_bmc_sensor_observation_witness_test
gunbc.machine_intake_mtcollins1_fan_observe	4	dag/gunbc/machine_intake/mtcollins1_fan_observe.dag	264	no	mtcollins1_endpoint mtcollins1_secured_account	gunbc.ci_spec gunbc.fleet_converge_workflow gunbc.machine_intake_mtcollins1_kvm_observer_observe gunbc.machine_intake_mtcollins1_ui_bundle_observe
gunbc.machine_intake_mtcollins1_kvm_observer_observe	4	dag/gunbc/machine_intake/mtcollins1_kvm_observer_observe.dag	276	no	mtcollins1_bmc_firmware mtcollins1_boot_host_admission mtcollins1_endpoint mtcollins1_fan_credential_path mtcollins1_fan_credential_path_env mtcollins1_kvm_observer_acquire_unit_hold mtcollins1_kvm_observer_dir mtcollins1_kvm_observer_finish mtcollins1_kvm_observer_release_unit_hold mtcollins1_kvm_observer_start mtcollins1_kvm_still_allowance mtcollins1_secured_account	gunbc.fleet_converge_workflow test.claim.machine_intake.mtcollins1_kvm_observer_observe_witness_test
gunbc.machine_intake_mtcollins1_kvm_still	4	dag/gunbc/machine_intake/mtcollins1_kvm_still.dag	1180	no		gunbc.ci_spec gunbc.fleet_converge_workflow gunbc.machine_intake_mtcollins1_boot_diagnostic_bundle gunbc.machine_intake_mtcollins1_boot_dry_realization gunbc.machine_intake_mtcollins1_boot_run gunbc.machine_intake_mtcollins1_kvm_observer_observe test.claim.machine_intake.mtcollins1_boot_diagnostic_bundle_witness_test test.claim.machine_intake.mtcollins1_boot_run_witness_test test.claim.machine_intake.mtcollins1_kvm_observer_observe_witness_test test.claim.machine_intake.mtcollins1_kvm_observer_protocol_wet_witness test.claim.machine_intake.mtcollins1_kvm_still_witness_test test.claim.machine_intake.sol_hold_stdin_wet_witness
gunbc.machine_intake_mtcollins1_sol_notice	4	dag/gunbc/machine_intake/mtcollins1_sol_notice.dag	438	no	mtcollins1_boot_sol_capture_path_env mtcollins1_boot_sol_pid_path_env mtcollins1_sol_client_diagnostic_path mtcollins1_sol_delivery_suffix mtcollins1_sol_incident_path mtcollins1_sol_notice_file_infix mtcollins1_sol_notice_final_allowance mtcollins1_sol_notice_ready_suffix mtcollins1_sol_notice_token_env mtcollins1_sol_workflow_event_prefix mtcollins1_sol_workflow_events_path	gunbc.ci_spec test.claim.machine_intake.mtcollins1_boot_run_witness_test test.claim.machine_intake.sol_hold_stdin_wet_witness
gunbc.machine_intake_mtcollins1_ui_bundle_observe	4	dag/gunbc/machine_intake/mtcollins1_ui_bundle_observe.dag	364	no	mtcollins1_boot_ipmi_kill_after mtcollins1_boot_ipmi_read_deadline mtcollins1_endpoint mtcollins1_fan_credential_path mtcollins1_fan_credential_path_env mtcollins1_firmware mtcollins1_secured_account	gunbc.fleet_converge_workflow test.claim.machine_intake.mtcollins1_ui_bundle_observe_witness_test
gunbc.machine_intake_sol_hold	4	dag/gunbc/machine_intake/sol_hold.dag	344	no		gunbc.ci_spec gunbc.machine_intake_mtcollins1_boot_dry_realization gunbc.machine_intake_mtcollins1_boot_run gunbc.machine_intake_mtcollins1_sol_notice gunbc.owned_process test.claim.machine_intake.mtcollins1_boot_run_witness_test test.claim.machine_intake.sol_hold_stdin_wet_witness
extdeps.provisioning.ubuntu_seeded_install_media	5	dag/extdeps/provisioning/ubuntu_seeded_install_media.dag	196	no		extdeps.provisioning.ubuntu_seeded_install_media_remaster gunbc.machine_intake_megarac_media_attach gunbc.machine_intake_mtcollins1_boot_authorization gunbc.machine_intake_mtcollins1_census_image gunbc.machine_intake_mtcollins1_census_image_publish gunbc.machine_intake_mtcollins1_census_medium_readback gunbc.seeded_install_media_policy gunbc.seeded_install_media_publish gunbc.srv3_os_install_diagnostic gunbc.srv3_seeded_install_media_artifact test.claim.machine_intake.megarac_media_convergence_witness_test test.claim.machine_intake.mtcollins1_census_image_publish_witness_test test.claim.machine_intake.mtcollins1_census_medium_readback_witness_test test.claim.machine_intake.mtcollins1_stale_power_off_witness_test test.claim.mtcollins1_census_image test.claim.mtcollins1_census_image_local_wet test.claim.xorriso_path_list_witness
extdeps.tools.xorriso	5	dag/extdeps/tools/xorriso.dag	151	no		extdeps.provisioning.ubuntu_seeded_install_media_remaster extdeps.provisioning.ubuntu_seeded_install_media_toolchain gunbc.host_effect_realize gunbc.machine_intake_mtcollins1_census_member_readback test.claim.srv3_unobservable_probe_refuses_witness test.claim.xorriso_path_list_witness
gunbc.auth.fleet_secret_accessor_roster	5	dag/gunbc/auth/fleet_secret_accessor_roster.dag	95	no	mtcollins1_bmc_gunbc_secret_ref	gunbc.auth.approval_mac_key_provision gunbc.spark.secret_access_ensure test.claim.gcp_secret_access_witness_test
gunbc.auth.gcp_iam_converge	5	dag/gunbc/auth/gcp_iam_converge.dag	893	no	mtcollins1_boot_dedicated_federation	gunbc.auth.gcp_iam_converge_run gunbc.fleet_converge_workflow test.claim.gcp_iam_converge_witness_test
gunbc.auth.gcp_iam_converge_federation	5	dag/gunbc/auth/gcp_iam_converge_federation.dag	67	no		gunbc.auth.gcp_iam_converge gunbc.fleet_converge_workflow
gunbc.auth.heal_publisher_provision	5	dag/gunbc/auth/heal_publisher_provision.dag	500	no		gunbc.auth.gcp_iam_converge gunbc.auth.mtcollins1_boot_federation_provision gunbc.namecheap.federation_provision test.claim.gcp_iam_converge_witness_test test.claim.heal_publisher_provision_witness
gunbc.auth.mtcollins1_boot_federation	5	dag/gunbc/auth/mtcollins1_boot_federation.dag	157	no	mtcollins1_bmc_gunbc_secret_ref	gunbc.auth.gcp_iam_converge gunbc.auth.mtcollins1_boot_federation_provision gunbc.auth.privileged_effect_census gunbc.fleet_converge_workflow test.claim.machine_intake.mtcollins1_maintenance_hold_witness_test
gunbc.auth.mtcollins1_boot_federation_provision	5	dag/gunbc/auth/mtcollins1_boot_federation_provision.dag	39	no	mtcollins1_boot_secret_grants mtcollins1_boot_service_account mtcollins1_boot_service_account_display_name mtcollins1_boot_service_account_id mtcollins1_boot_service_account_member mtcollins1_boot_wif_attribute_condition mtcollins1_boot_wif_attribute_mapping mtcollins1_boot_wif_pool_display_name mtcollins1_boot_wif_pool_id mtcollins1_boot_wif_principal_set mtcollins1_boot_wif_provider_id	gunbc.auth.gcp_iam_converge test.claim.heal_publisher_provision_witness
gunbc.auth.privileged_effect_census	5	dag/gunbc/auth/privileged_effect_census.dag	1060	no	mtcollins1_boot_service_account_member	gunbc.census_closure_frontier test.claim.authorization_pattern_selection_witness test.claim.gcp_iam_converge_witness_test test.claim.live_deploy.approval_broker_helper_grant
gunbc.fleet_converge_workflow	5	dag/gunbc/fleet/fleet_converge_workflow.dag	4446	no	gunbc_ci_mtcollins1_boot_admit_invoke gunbc_ci_mtcollins1_boot_invoke gunbc_ci_mtcollins1_boot_job_backstop_timeout_minutes gunbc_ci_mtcollins1_census_image_publish_invoke gunbc_ci_mtcollins1_census_image_step_timeout_minutes gunbc_ci_mtcollins1_census_member_readback_invoke gunbc_ci_mtcollins1_census_qemu_host_observe_invoke gunbc_ci_mtcollins1_census_qemu_toolchain_converge_invoke gunbc_ci_mtcollins1_fan_observe_invoke gunbc_ci_mtcollins1_kvm_observer_observe_invoke gunbc_ci_mtcollins1_kvm_observer_release_invoke gunbc_ci_mtcollins1_ui_bundle_observe_invoke mtcollins1_boot_artifact_glob mtcollins1_boot_environment mtcollins1_boot_service_account mtcollins1_boot_step_timeout_minutes mtcollins1_boot_wif_provider_resource mtcollins1_census_image_receipt_path mtcollins1_fan_observation_receipt_path mtcollins1_kvm_observer_probe_artifact_glob mtcollins1_kvm_observer_probe_bound mtcollins1_kvm_observer_release_allowance mtcollins1_ui_bundle_artifact_glob mtcollins1_ui_bundle_read_bound mtcollins1_unit_hold_store_host	gunbc.generated_artifact_emit test.claim.approval_device_enrolment_code_witness_test test.claim.fleet.fleet_converge_checkout_pin_witness_test test.claim.fleet_converge_plan_witness test.claim.gcp_iam_converge_witness_test test.claim.machine_intake.mtcollins1_boot_run_witness_test test.claim.namecheap_workflow_witness_test test.claim.organization_runner_roster_read_witness test.claim.toolchain_home_standing_witness test.claim.witness_floor_workflow_consolidation_witness_test test.claim.workflow_capability_closure_witness test.claim.workflow_dispatch_input_witness
gunbc.fleet_workflow_steps	5	dag/gunbc/fleet/fleet_workflow_steps.dag	929	no		gunbc.fleet_converge_workflow test.claim.machine_intake.mtcollins1_boot_run_witness_test test.claim.repository_convergence_placement_witness_test
gunbc.host_reset_return	5	dag/gunbc/host/host_reset_return.dag	1034	no		gunbc.ci_spec gunbc.fleet_converge_workflow gunbc.host_reset_return_run test.claim.host_reset_return_witness_test test.claim.workflow_dispatch_input_witness
gunbc.host_reset_return_run	5	dag/gunbc/host/host_reset_return_run.dag	787	no		gunbc.ci_spec gunbc.fleet_converge_workflow gunbc.machine_intake_mtcollins1_boot_run test.claim.workflow_dispatch_input_witness
gunbc.host_reset_subject_roster	5	dag/gunbc/host/host_reset_subject_roster.dag	140	no	mtcollins1_access_observation mtcollins1_bmc_username mtcollins1_capability_row mtcollins1_cdrom_selection mtcollins1_unit_hold_key mtcollins1_unit_hold_store_host operator_host_mtcollins1	gunbc.fleet_converge_workflow gunbc.host_reset_return_run
gunbc.hostname_allocation	5	dag/gunbc/hostname_allocation.dag	111	no	operator_host_mtcollins1	gunbc.deployed_intent_v1 gunbc.host_reset_return_run gunbc.network_identity_subsumption
gunbc.machine_intake_host_capture_envelope	5	dag/gunbc/machine_intake/host_capture_envelope.dag	749	no		gunbc.machine_intake_host_capture_historical_binding gunbc.machine_intake_mtcollins1_boot_diagnostic_bundle gunbc.machine_intake_mtcollins1_boot_milestone gunbc.machine_intake_mtcollins1_boot_run gunbc.machine_intake_mtcollins1_census_image test.claim.machine_intake.ampere_dram_console_observation_witness_test test.claim.machine_intake.host_capture_sol_crlf_witness_test test.claim.machine_intake.host_capture_sol_nul_fill_witness_test test.claim.machine_intake.mtcollins1_boot_run_witness_test test.claim.mtcollins1_census_image test.claim.mtcollins1_census_image_local_wet
gunbc.machine_intake_host_capture_historical_binding	5	dag/gunbc/machine_intake/host_capture_historical_binding.dag	348	no	mtcollins1_census_stages mtcollins1_host_capture_artifact_path mtcollins1_host_capture_byte_count mtcollins1_host_capture_digest	test.claim.mtcollins1_census_image test.claim.mtcollins1_census_image_local_wet
gunbc.machine_intake_host_resource_observation	5	dag/gunbc/machine_intake/host_resource_observation.dag	403	no		gunbc.machine_intake_mtcollins1_topology_goal test.claim.machine_intake.host_resource_observation_witness
gunbc.machine_intake_mtcollins1_actuate	5	dag/gunbc/machine_intake/mtcollins1_actuate.dag	196	no	MtCollins1BootStart mtcollins1_access_observation mtcollins1_boot_start_of mtcollins1_capability_row mtcollins1_secured_account mtcollins1_unit_hold_key	gunbc.host_reset_subject_roster gunbc.machine_intake_mtcollins1_boot_authorization gunbc.machine_intake_mtcollins1_boot_run test.claim.machine_intake.mtcollins1_boot_diagnostic_bundle_witness_test test.claim.machine_intake.mtcollins1_boot_run_witness_test test.probe.unit_hold_proof_forged_probe
gunbc.machine_intake_mtcollins1_boot_admission	5	dag/gunbc/machine_intake/mtcollins1_boot_admission.dag	52	no		gunbc.machine_intake_mtcollins1_boot_run gunbc.machine_intake_mtcollins1_kvm_observer_observe test.claim.machine_intake.mtcollins1_boot_run_witness_test
gunbc.machine_intake_mtcollins1_boot_artifact	5	dag/gunbc/machine_intake/mtcollins1_boot_artifact.dag	58	no		gunbc.machine_intake_mtcollins1_boot_authorization gunbc.machine_intake_mtcollins1_boot_image_fetch gunbc.machine_intake_mtcollins1_census_image gunbc.machine_intake_mtcollins1_census_image_publish gunbc.machine_intake_mtcollins1_census_medium_readback gunbc.machine_intake_mtcollins1_census_member_readback gunbc.machine_intake_mtcollins1_media_attach test.claim.machine_intake.mtcollins1_census_image_publish_witness_test test.claim.mtcollins1_census_image
gunbc.machine_intake_mtcollins1_boot_authorization	5	dag/gunbc/machine_intake/mtcollins1_boot_authorization.dag	105	no	mtcollins1_boot_export_dir mtcollins1_boot_image_sha256 mtcollins1_cdrom_selection mtcollins1_census_image_stem mtcollins1_census_volume_id mtcollins1_diskless_image_name mtcollins1_endpoint	gunbc.machine_intake_mtcollins1_boot_run gunbc.machine_intake_mtcollins1_census_medium_readback gunbc.machine_intake_mtcollins1_census_member_readback gunbc.machine_intake_mtcollins1_media_attach test.claim.machine_intake.host_capture_sol_crlf_witness_test test.claim.machine_intake.host_capture_sol_nul_fill_witness_test test.claim.machine_intake.mtcollins1_boot_acceptance_matrix_test test.claim.machine_intake.mtcollins1_boot_authorization_witness_test test.claim.machine_intake.mtcollins1_boot_run_witness_test test.claim.machine_intake.mtcollins1_census_medium_readback_witness_test test.claim.machine_intake.mtcollins1_census_member_readback_witness_test test.claim.machine_intake.sol_hold_stdin_wet_witness test.probe.unit_hold_proof_forged_probe
gunbc.machine_intake_mtcollins1_boot_diagnostic_bundle	5	dag/gunbc/machine_intake/mtcollins1_boot_diagnostic_bundle.dag	2204	no	MtCollins1BootPhaseTiming mtcollins1_boot_ipmi_kill_after mtcollins1_boot_ipmi_read_deadline mtcollins1_boot_phase_timing_not_taken mtcollins1_boot_phase_timing_text mtcollins1_census_sol_artifact_path mtcollins1_endpoint mtcollins1_sensor_findings mtcollins1_sensor_table_text mtcollins1_slots mtcollins1_smpro_dossier_text mtcollins1_smpro_findings mtcollins1_smpro_probe_count	gunbc.machine_intake_mtcollins1_boot_run gunbc.machine_intake_mtcollins1_media_attach test.claim.machine_intake.kernel_module_decompression_observation_witness_test test.claim.machine_intake.megarac_media_convergence_witness_test test.claim.machine_intake.mtcollins1_boot_diagnostic_bundle_witness_test test.claim.machine_intake.mtcollins1_boot_run_witness_test test.claim.machine_intake.mtcollins1_kvm_still_witness_test test.claim.machine_intake.mtcollins1_stale_power_off_witness_test test.claim.machine_intake.sol_hold_stdin_wet_witness test.probe.unit_hold_proof_forged_probe
gunbc.machine_intake_mtcollins1_boot_dry_realization	5	dag/gunbc/machine_intake/mtcollins1_boot_dry_realization.dag	730	no	mtcollins1_sol_notice_ready_suffix mtcollins1_sol_notice_token_env mtcollins1_sol_notice_watcher_path	test.claim.machine_intake.mtcollins1_boot_acceptance_matrix_test
gunbc.machine_intake_mtcollins1_boot_image_fetch	5	dag/gunbc/machine_intake/mtcollins1_boot_image_fetch.dag	119	no	mtcollins1_boot_export_dir mtcollins1_diskless_image_name	gunbc.machine_intake_mtcollins1_boot_authorization
gunbc.machine_intake_mtcollins1_boot_milestone	5	dag/gunbc/machine_intake/mtcollins1_boot_milestone.dag	133	no	mtcollins1_nproc	gunbc.machine_intake_host_capture_historical_binding gunbc.machine_intake_mtcollins1_boot_run gunbc.machine_intake_mtcollins1_census_image test.claim.machine_intake.mtcollins1_boot_run_witness_test test.claim.machine_intake.mtcollins1_census_medium_readback_witness_test test.claim.mtcollins1_census_image test.claim.mtcollins1_census_image_local_wet
gunbc.machine_intake_mtcollins1_boot_phase_timing	5	dag/gunbc/machine_intake/mtcollins1_boot_phase_timing.dag	255	no		gunbc.machine_intake_mtcollins1_actuate gunbc.machine_intake_mtcollins1_boot_diagnostic_bundle gunbc.machine_intake_mtcollins1_boot_run test.claim.machine_intake.mtcollins1_boot_phase_timing_witness_test test.claim.machine_intake.mtcollins1_boot_run_witness_test
gunbc.machine_intake_mtcollins1_boot_run	5	dag/gunbc/machine_intake/mtcollins1_boot_run.dag	2734	no	MtCollins1BootDiagnosticBundle MtCollins1BootMedium MtCollins1BootPhaseTiming MtCollins1BootRoute MtCollins1BootRunRecord MtCollins1BootSubject MtCollins1BootTopologyExpectation MtCollins1CensusMedium MtCollins1EndMedia MtCollins1HandoffMedia MtCollins1HandoffResult MtCollins1MediaAttachRecord MtCollins1PhaseRunResult MtCollins1PhaseStep MtCollins1PlacementReading MtCollins1StockInstallerMedium mtcollins1_attach_diskless_image mtcollins1_bmc_firmware mtcollins1_bmc_username mtcollins1_boot_acquire_unit_hold mtcollins1_boot_bmc_reachability mtcollins1_boot_bundle_findings mtcollins1_boot_chassis_power mtcollins1_boot_console mtcollins1_boot_diagnostics_allowance mtcollins1_boot_host_admission mtcollins1_boot_inventory mtcollins1_boot_ipmi_kill_after mtcollins1_boot_ipmi_read_deadline mtcollins1_boot_medium mtcollins1_boot_medium_image_name mtcollins1_boot_medium_image_sha256 mtcollins1_boot_medium_label mtcollins1_boot_outcome_after_bundle mtcollins1_boot_param5 mtcollins1_boot_phase_timing_not_taken mtcollins1_boot_phase_timing_of mtcollins1_boot_placement_reading mtcollins1_boot_route_sol_refused mtcollins1_boot_sdr_cache mtcollins1_boot_sel_snapshot mtcollins1_boot_sensors mtcollins1_boot_subject mtcollins1_boot_topology_expectation mtcollins1_boot_write_bundle mtcollins1_capability_row mtcollins1_census_medium_readback mtcollins1_census_readback_refusal_before_attach mtcollins1_census_readback_refusal_before_filing mtcollins1_drive_handoff mtcollins1_endpoint mtcollins1_ipmi_endpoint mtcollins1_kvm_observer_finish mtcollins1_kvm_observer_start mtcollins1_kvm_still_allowance mtcollins1_media_gate mtcollins1_observe_presentation mtcollins1_smpro_pass_result mtcollins1_smpro_probe_count mtcollins1_smpro_probes mtcollins1_sol_hold_shell_emit_dissolution_trigger mtcollins1_stale_power_off_allowance mtcollins1_unit_hold_key	gunbc.ci_spec gunbc.fleet_converge_workflow gunbc.machine_intake_mtcollins1_boot_dry_realization gunbc.machine_intake_mtcollins1_sol_notice test.claim.machine_intake.host_capture_sol_crlf_witness_test test.claim.machine_intake.host_capture_sol_nul_fill_witness_test test.claim.machine_intake.mtcollins1_boot_acceptance_matrix_test test.claim.machine_intake.mtcollins1_boot_diagnostic_bundle_witness_test test.claim.machine_intake.mtcollins1_boot_run_witness_test test.claim.machine_intake.mtcollins1_kvm_observer_protocol_wet_witness test.claim.machine_intake.sol_hold_stdin_wet_witness test.probe.unit_hold_proof_forged_probe
gunbc.machine_intake_mtcollins1_census_image	5	dag/gunbc/machine_intake/mtcollins1_census_image.dag	220	no	mtcollins1_boot_export_dir mtcollins1_census_stages mtcollins1_diskless_image_name	gunbc.machine_intake_mtcollins1_boot_authorization gunbc.machine_intake_mtcollins1_census_image_publish gunbc.machine_intake_mtcollins1_census_medium_readback gunbc.machine_intake_mtcollins1_census_member_readback gunbc.machine_intake_mtcollins1_media_attach test.claim.install_media_remaster_grub_cmdline_witness test.claim.machine_intake.megarac_media_convergence_witness_test test.claim.machine_intake.mtcollins1_boot_acceptance_matrix_test test.claim.machine_intake.mtcollins1_census_image_publish_witness_test test.claim.machine_intake.mtcollins1_census_medium_readback_witness_test test.claim.machine_intake.mtcollins1_stale_power_off_witness_test test.claim.mtcollins1_census_image test.claim.mtcollins1_census_image_local_wet test.claim.xorriso_path_list_witness
gunbc.machine_intake_mtcollins1_census_image_publish	5	dag/gunbc/machine_intake/mtcollins1_census_image_publish.dag	267	no	mtcollins1_boot_export_dir mtcollins1_boot_export_host_target mtcollins1_census_image mtcollins1_census_image_stock_path mtcollins1_census_pinned_image	gunbc.ci_spec gunbc.fleet_converge_workflow test.claim.machine_intake.mtcollins1_census_image_publish_witness_test
gunbc.machine_intake_mtcollins1_census_medium_readback	5	dag/gunbc/machine_intake/mtcollins1_census_medium_readback.dag	260	no	MtCollins1BootMedium MtCollins1CensusMedium MtCollins1StockInstallerMedium mtcollins1_boot_export_dir mtcollins1_boot_export_host_target mtcollins1_boot_medium_image_name mtcollins1_census_image	gunbc.machine_intake_mtcollins1_boot_run gunbc.machine_intake_mtcollins1_census_member_readback test.claim.machine_intake.mtcollins1_boot_acceptance_matrix_test test.claim.machine_intake.mtcollins1_census_medium_readback_witness_test test.claim.machine_intake.mtcollins1_census_member_readback_witness_test
gunbc.machine_intake_mtcollins1_census_member_readback	5	dag/gunbc/machine_intake/mtcollins1_census_member_readback.dag	483	no	MtCollins1BootMedium MtCollins1CensusMedium MtCollins1StockInstallerMedium mtcollins1_boot_export_host_target mtcollins1_boot_medium mtcollins1_census_image_stock_path mtcollins1_census_medium_served_path mtcollins1_census_nocloud_dir	gunbc.ci_spec gunbc.fleet_converge_workflow gunbc.machine_intake_mtcollins1_census_image_publish test.claim.machine_intake.mtcollins1_census_image_publish_witness_test test.claim.machine_intake.mtcollins1_census_member_readback_witness_test
gunbc.machine_intake_mtcollins1_census_qemu_host_observe	5	dag/gunbc/machine_intake/mtcollins1_census_qemu_host_observe.dag	294	no		gunbc.ci_spec gunbc.fleet_converge_workflow gunbc.machine_intake_mtcollins1_census_qemu_toolchain_converge test.claim.machine_intake.mtcollins1_census_qemu_host_observe_witness_test
gunbc.machine_intake_mtcollins1_census_qemu_toolchain	5	dag/gunbc/machine_intake/mtcollins1_census_qemu_toolchain.dag	172	no		gunbc.machine_intake_mtcollins1_census_qemu_host_observe gunbc.machine_intake_mtcollins1_census_qemu_toolchain_converge test.claim.machine_intake.mtcollins1_census_qemu_host_observe_witness_test
gunbc.machine_intake_mtcollins1_census_qemu_toolchain_converge	5	dag/gunbc/machine_intake/mtcollins1_census_qemu_toolchain_converge.dag	41	no		
gunbc.machine_intake_mtcollins1_census_refusal_hypotheses	5	dag/gunbc/machine_intake/mtcollins1_census_refusal_hypotheses.dag	356	no		test.claim.machine_intake.mtcollins1_census_refusal_hypotheses_witness_test
gunbc.machine_intake_mtcollins1_diskless_boot_receipt	5	dag/gunbc/machine_intake/mtcollins1_diskless_boot_receipt.dag	144	no		
gunbc.machine_intake_mtcollins1_handoff_probe	5	dag/gunbc/machine_intake/mtcollins1_handoff_probe.dag	63	no	mtcollins1_access_observation mtcollins1_capability_row mtcollins1_firmware	
gunbc.machine_intake_mtcollins1_maintenance_hold	5	dag/gunbc/machine_intake/mtcollins1_maintenance_hold.dag	763	no	operator_host_mtcollins1	gunbc.fleet_converge_workflow gunbc.host_reset_return_run gunbc.host_reset_subject_roster gunbc.machine_intake_mtcollins1_actuate gunbc.machine_intake_mtcollins1_boot_run gunbc.machine_intake_mtcollins1_kvm_observer_observe gunbc.machine_intake_mtcollins1_media_attach gunbc.runner_host_grants test.claim.machine_intake.mtcollins1_boot_acceptance_matrix_test test.claim.machine_intake.mtcollins1_maintenance_hold_witness_test test.claim.modeled_filesystem_witness_test test.claim.unit_hold_store_provision_witness test.probe.unit_hold_proof_forged_probe
gunbc.machine_intake_mtcollins1_media_attach	5	dag/gunbc/machine_intake/mtcollins1_media_attach.dag	427	no	MtCollins1BootSubject MtCollins1MediaAttachRecord mtcollins1_boot_chassis_power mtcollins1_boot_export_dir mtcollins1_boot_ipmi_kill_after mtcollins1_boot_ipmi_read_deadline mtcollins1_boot_medium mtcollins1_boot_medium_image_name mtcollins1_boot_medium_image_sha256 mtcollins1_census_image_stem mtcollins1_endpoint mtcollins1_firmware mtcollins1_secured_account mtcollins1_unit_hold_key	gunbc.machine_intake_mtcollins1_boot_run test.claim.machine_intake.megarac_media_convergence_witness_test test.claim.machine_intake.mtcollins1_boot_run_witness_test test.claim.machine_intake.mtcollins1_stale_power_off_witness_test test.probe.unit_hold_proof_forged_probe
gunbc.machine_intake_mtcollins1_memory_census_observation	5	dag/gunbc/machine_intake/mtcollins1_memory_census_observation.dag	916	no	MtCollins1ControllerFruIdentity mtcollins1_controller_fru_identity	gunbc.machine_intake_host_capture_historical_binding gunbc.machine_intake_mtcollins1_bmc_secure_observation gunbc.machine_intake_mtcollins1_boot_diagnostic_bundle gunbc.machine_intake_mtcollins1_boot_milestone gunbc.machine_intake_mtcollins1_topology_goal test.claim.machine_intake.ampere_socket_console_observation_witness_test test.claim.machine_intake.mtcollins1_boot_run_witness_test test.claim.mtcollins1_memory_census_witness_test
gunbc.machine_intake_mtcollins1_netboot_client_observation	5	dag/gunbc/machine_intake/mtcollins1_netboot_client_observation.dag	73	no		gunbc.machine_intake_pre_os_capture_replay gunbc.machine_intake_pre_os_observer gunbc.site_uefi_arm64_pxe_edge test.claim.fleet.site_pxe_edge_converge_witness test.claim.machine_intake.pre_os_sol_crlf_witness_test test.claim.pre_os_capture_replay_witness test.claim.pre_os_observer_witness test.claim.pre_os_replay_witness test.claim.site_uefi_arm64_pxe_edge_witness
gunbc.machine_intake_oob_boot_handoff	5	dag/gunbc/machine_intake/oob_boot_handoff.dag	542	no		gunbc.host_reset_return_run gunbc.host_reset_subject_roster gunbc.machine_intake_mtcollins1_actuate gunbc.machine_intake_mtcollins1_boot_diagnostic_bundle gunbc.machine_intake_mtcollins1_boot_phase_timing gunbc.machine_intake_mtcollins1_boot_run gunbc.machine_intake_mtcollins1_handoff_probe test.claim.machine_intake.mtcollins1_boot_phase_timing_witness_test test.claim.machine_intake.mtcollins1_boot_run_witness_test test.claim.machine_intake.oob_power_action_witness test.claim.operation_realization_witness_test test.probe.unit_hold_proof_forged_probe
gunbc.machine_intake_pre_os_bringup_attempt	5	dag/gunbc/machine_intake/pre_os_bringup_attempt.dag	370	no		gunbc.machine_intake_mtcollins1_32dimm_bringup_observation gunbc.machine_intake_mtcollins1_sixteen_module_restore_observation test.claim.machine_intake.pre_os_bringup_witness_test
gunbc.machine_intake_pre_os_bringup_verdict	5	dag/gunbc/machine_intake/pre_os_bringup_verdict.dag	633	no		gunbc.machine_intake_mtcollins1_32dimm_bringup_observation gunbc.machine_intake_mtcollins1_boot_diagnostic_bundle gunbc.machine_intake_mtcollins1_boot_run gunbc.machine_intake_mtcollins1_sixteen_module_restore_observation gunbc.machine_intake_pre_os_capture_replay gunbc.machine_intake_pre_os_observer gunbc.machine_intake_pre_os_replay gunbc.machine_intake_sel_stimulus_listener test.claim.machine_intake.mtcollins1_boot_diagnostic_bundle_witness_test test.claim.machine_intake.mtcollins1_sixteen_module_restore_witness_test test.claim.machine_intake.pre_os_bringup_witness_test test.claim.machine_intake.pre_os_sol_crlf_witness_test test.claim.pre_os_capture_replay_witness test.claim.pre_os_observer_witness
gunbc.machine_intake_pre_os_capture_replay	5	dag/gunbc/machine_intake/pre_os_capture_replay.dag	175	no	mt_collins_channel_population_roles mtcollins1_first_own_image_boot mtcollins1_host_nic_mac mtcollins_3ds_capture_path mtcollins_3ds_capture_sha256 mtcollins_3ds_configuration mtcollins_3ds_printed_parts mtcollins_3ds_printed_positions mtcollins_dram_cycle_start	test.claim.pre_os_capture_replay_witness test.claim.pre_os_replay_witness
gunbc.machine_intake_pre_os_observer	5	dag/gunbc/machine_intake/pre_os_observer.dag	139	no		gunbc.machine_intake_pre_os_capture_replay gunbc.machine_intake_pre_os_inventory_assessment gunbc.machine_intake_pre_os_timeline test.claim.machine_intake.pre_os_sol_crlf_witness_test test.claim.pre_os_capture_replay_witness test.claim.pre_os_observer_witness
gunbc.machine_intake_pre_os_timeline	5	dag/gunbc/machine_intake/pre_os_timeline.dag	392	no	mtcollins_dram_cycle_start	test.claim.pre_os_replay_witness
gunbc.machine_intake_sel_stimulus_listener	5	dag/gunbc/machine_intake/sel_stimulus_listener.dag	124	no		gunbc.machine_intake_mtcollins1_boot_diagnostic_bundle gunbc.machine_intake_pre_os_capture_replay gunbc.machine_intake_pre_os_replay test.claim.machine_intake.mtcollins1_boot_diagnostic_bundle_witness_test test.claim.pre_os_observer_witness
gunbc.machine_intake_terminal_transcript	5	dag/gunbc/machine_intake/terminal_transcript.dag	18	no		gunbc.machine_intake_host_capture_envelope gunbc.machine_intake_pre_os_capture_replay gunbc.machine_intake_pre_os_observer test.claim.machine_intake.host_capture_sol_nul_fill_witness_test
gunbc.seeded_install_media_policy	5	dag/gunbc/provisioning/seeded_install_media_policy.dag	28	no		gunbc.machine_intake_mtcollins1_census_image gunbc.srv3_seeded_install_media_artifact
gunbc.site_uefi_arm64_pxe_edge	5	dag/gunbc/site_uefi_arm64_pxe_edge.dag	339	no	mtcollins1_host_nic_mac	gunbc.census_closure_frontier gunbc.site_pxe_edge_converge test.claim.fleet.site_pxe_edge_converge_witness test.claim.site_uefi_arm64_pxe_edge_witness
gunbc.verified_archive_install	5	dag/gunbc/host/verified_archive_install.dag	235	no		gunbc.machine_intake_mtcollins1_census_qemu_toolchain gunbc.runner_browser_toolchain gunbc.runner_microvm_host_ready test.claim.machine_intake.mtcollins1_census_qemu_host_observe_witness_test test.claim.runner.runner_browser_toolchain_real_execution test.claim.runner.runner_browser_toolchain_witness
extdeps.linux.edac	R	dag/extdeps/linux/edac.dag	214	no		gunbc.machine_intake_mtcollins1_memory_census_observation test.claim.linux_edac_topology_authority_witness test.claim.mtcollins1_memory_census_witness_test
extdeps.linux.mlx5_core	R	dag/extdeps/linux/mlx5_core.dag	33	no		gunbc.machine_intake_mtcollins1_connectx4lx_observation test.claim.mtcollins1_connectx4lx_observation_witness_test
extdeps.network.dell_0r887v	R	dag/extdeps/network/dell_0r887v.dag	23	no		gunbc.machine_intake_mtcollins1_expansion_candidates
extdeps.network.ibm_01ft753	R	dag/extdeps/network/ibm_01ft753.dag	40	no		gunbc.machine_intake_mtcollins1_expansion_candidates
extdeps.network.mcx4121a_acat	R	dag/extdeps/network/mcx4121a_acat.dag	53	no		gunbc.machine_intake_mtcollins1_connectx4lx_observation gunbc.machine_intake_mtcollins1_expansion_candidates
extdeps.network.mcx4411a_acan	R	dag/extdeps/network/mcx4411a_acan.dag	24	no		gunbc.machine_intake_mtcollins1_expansion_candidates
extdeps.network.mcx4421a_acan	R	dag/extdeps/network/mcx4421a_acan.dag	24	no		gunbc.machine_intake_mtcollins1_expansion_candidates
extdeps.network.mcx4621a_acab	R	dag/extdeps/network/mcx4621a_acab.dag	24	no		gunbc.machine_intake_mtcollins1_expansion_candidates
extdeps.standards.nic_attachment	R	dag/extdeps/standards/nic_attachment.dag	62	no		extdeps.ampere.mt_collins_1u_product_brief.specifications extdeps.network.dell_0r887v extdeps.network.ibm_01ft753 extdeps.network.mcx4121a_acat extdeps.network.mcx4411a_acan extdeps.network.mcx4421a_acan extdeps.network.mcx4621a_acab extdeps.ocp.mt_jade.platform extdeps.wiwynn.sv328r.specifications gunbc.machine_intake_ethernet gunbc.machine_intake_mtcollins1_expansion_attachment gunbc.machine_intake_mtcollins1_expansion_candidates test.claim.mt_jade_platform_witness test.claim.mtcollins1_candidate_attachment_witness_test test.claim.wiwynn_sv328r_witness
gunbc.ci_layer_roots	R	dag/gunbc/ci/ci_layer_roots.dag	2236	yes		dag.test.claim.offline_local_recipe_witness gunbc.ci_spec gunbc.commit_workflow gunbc.contributor_onboarding_path gunbc.decoder_execution_identity gunbc.derived_obligation_row gunbc.doc_graph_roots gunbc.fabric_witness_run gunbc.frontend_eval.control gunbc.githooks_pre_push_plan gunbc.instruments.declaration_fork_census gunbc.local_tidy_spec gunbc.offline_local_recipe gunbc.proactive_verification_ledger gunbc.required_lane_resolution_census_live gunbc.test.claim.witness_execution_class_live_census_test gunbc.witness_floor_workflow test.claim.exact_witness_admission_witness test.claim.expectation_frontier_witness test.claim.gunbc_invoke_witness test.claim.long.carrier_reference_integrity_witness_test test.claim.long.decl_ref_resolution_witness_test test.claim.long.gauntlet_lane_enrollment_witness test.claim.long.v1_complexity_capability_census_resolution_test test.claim.no_fake_anomalies_witness test.claim.seed_debt_bundle_item_2_floor_scope tools.cheap_gate_pool tools.dag_compile_clean_partition tools.dag_compile_clean_scope tools.dag_compile_clean_shard_roster tools.dag_compile_clean_transport tools.proactive_verification_ledger_transport v2.compiler.effect_demand_floor_join v2.compiler.self_host.closure_witness_layer_roots v2.lens.common.outside_modeled_guarantee_join v2.lens.no_dual_representation_test v2.test.claim.long.live_read_classification_test v2.test.claim.witness_admission_test v2.test.claim.witness_exclusion_reconciliation_test v2.test.long.decl_index_enumeration v2.test.self_host.compiler_closure_emit_from_ingest v2.workflow.class_b_import_closure_transport v2.workflow.compiler_closure_ingest_transport v2.workflow.enforcement_live v2.workflow.floor_changed_witness v2.workflow.module_binding_supply_transport v2.workflow.realization_sweep v2.workflow.source_root_ingest_transport v2.workflow.witness_admission
gunbc.ci_spec	R	dag/gunbc/ci/ci_spec.dag	3825	no	mtcollins1_bmc_gunbc_secret_ref mtcollins1_boot_sol_capture_path_env mtcollins1_boot_sol_pid_path_env mtcollins1_census_image_receipt_path mtcollins1_fan_credential_path_env mtcollins1_fan_observation_receipt_path mtcollins1_kvm_observer_dir mtcollins1_sol_activation_suffix mtcollins1_sol_client_suffix mtcollins1_sol_delivery_suffix mtcollins1_sol_hold_owned_check_script mtcollins1_sol_hold_release_script mtcollins1_sol_hold_shell_emit_dissolution_trigger mtcollins1_sol_incident_suffix mtcollins1_sol_notice_file_infix mtcollins1_sol_notice_final_allowance mtcollins1_sol_notice_stop_suffix mtcollins1_sol_notice_token_env mtcollins1_sol_workflow_event_prefix mtcollins1_sol_workflow_suffix	gunbc.compiler_gate_workflow gunbc.fleet_converge_workflow gunbc.fleet_release_bins_key gunbc.fleet_workflow_steps gunbc.generated_artifact_emit gunbc.heal_publisher_workflow gunbc.heal_workflow gunbc.required_lane_resolution_census_live gunbc.site_pxe_edge_converge test.claim.ci_deploy_target_host_witness test.claim.credential_argv_exposure_witness test.claim.floor_batch_clamp_authority_witness test.claim.generated_artifact_merge_driver_real_execution test.claim.generated_artifact_merge_driver_recipe test.claim.gunbc_invoke_witness test.claim.long.fleet_release_bins_key_witness test.claim.namecheap_workflow_witness_test test.claim.org_admin_refusal_prelude_derivation_witness_test test.claim.workflow_dispatch_input_witness tools.ci_gates tools.floor_effect_gate_witness v2.test.claim.affected_set_universe v2.test.claim.build_artifact_verification_witness v2.test.manual.retry_eagain_bash v2.workflow.ci_release_build_emit v2.workflow.ci_retry_emit
gunbc.doc_graph_roots	R	dag/gunbc/doc_graph_roots.dag	1757	no		test.claim.doc_graph_reference_partition_witness_test test.claim.doc_reachability_witness test.claim.long.carrier_reference_integrity_witness_test v2.test.lens_doc_reachability.doc_reachability_test
gunbc.durable_cas_file_store	R	dag/gunbc/durable_cas_file_store.dag	856	yes		gunbc.auth.approval_assertion_counter gunbc.auth.approval_decision_store gunbc.auth.approval_device_redemption gunbc.auth.approval_keyring_converge gunbc.auth.approval_store_receipt gunbc.authorization_claim_slot gunbc.compute.attempt_lifecycle gunbc.durable_cas_fabric_storage gunbc.durable_exclusive_hold_file_store gunbc.fabric_required_build_cell gunbc.fabric_storage_file_store gunbc.scm.repository_slot gunbc.spark.pair_serving_d0 test.claim.approval_assertion_counter_wet_witness_test test.claim.approval_store_receipt_witness test.claim.durable_cas_fabric_storage_real_execution test.claim.durable_cas_file_store_wet_witness test.claim.durable_cas_file_store_witness test.claim.durable_exclusive_hold_file_store_wet_witness test.claim.fabric.fabric_control_plane_wet_witness test.claim.fabric.fabric_storage_file_store_wet_witness tools.cas_store_live_probe tools.fabric_control_plane_live_probe
gunbc.durable_exclusive_hold_file_store	R	dag/gunbc/durable_exclusive_hold_file_store.dag	369	no		gunbc.fabric_control_plane gunbc.fabric_required_build_cell gunbc.machine_intake_mtcollins1_maintenance_hold test.claim.durable_exclusive_hold_file_store_wet_witness test.claim.durable_exclusive_hold_witness test.claim.machine_intake.mtcollins1_boot_acceptance_matrix_test test.claim.machine_intake.mtcollins1_maintenance_hold_witness_test test.claim.modeled_filesystem_witness_test test.claim.runner.runner_microvm_slot_reserve_witness_test test.probe.file_hold_plan_forged_probe tools.fabric_control_plane_live_probe
gunbc.fleet_intent_network	R	dag/gunbc/fleet/fleet_intent_network.dag	461	yes		gunbc.approve_ios_project gunbc.auth.approval_broker_endpoint gunbc.auth.approval_device_enrolment_code_issue gunbc.auth.approval_keyring_converge gunbc.auth.approval_ntfy_deployment gunbc.auth.approval_request_submission gunbc.bmc_fan_alignment_standing gunbc.bmc_fan_alignment_standing_witness gunbc.bmc_onboarding gunbc.bmc_virtual_media gunbc.build_cache_instance gunbc.build_cache_latency_probe gunbc.ci_deploy_access gunbc.ci_deploy_target_host gunbc.deployed_intent_v1 gunbc.fabric_storage_placement gunbc.fleet.fleet_site_locale gunbc.fleet.printer_project_delivery gunbc.fleet_capacity_control gunbc.fleet_converge_cli gunbc.fleet_fan_tach_expectation gunbc.fleet_fan_tach_observation gunbc.fleet_fan_wiring gunbc.fleet_host_assembly gunbc.fleet_install_transport_observations gunbc.fleet_intent gunbc.fleet_multi_principal_probe gunbc.fleet_physical_inventory gunbc.fleet_runner_connectivity gunbc.fleet_shell_transport_observation gunbc.fleet_wireless_link gunbc.fleet_workflow_steps gunbc.harness.harness_wire gunbc.host_converge gunbc.host_converge_slice1 gunbc.host_credential_custody_converge gunbc.host_layout gunbc.host_memory_observation gunbc.host_memory_qualification gunbc.host_phase_status gunbc.host_reset_subject_roster gunbc.host_toolchain_components gunbc.host_toolchain_ensure gunbc.hostname_allocation gunbc.live_deploy.desired gunbc.live_deploy.served_slice_charge gunbc.live_deploy.spec gunbc.machine_intake_mtcollins1_boot_admission gunbc.machine_intake_mtcollins1_boot_artifact gunbc.machine_intake_mtcollins1_boot_authorization gunbc.machine_intake_mtcollins1_census_medium_readback gunbc.machine_intake_mtcollins1_census_member_readback gunbc.machine_intake_mtcollins1_connectx4lx_observation gunbc.machine_intake_mtcollins1_maintenance_hold gunbc.network_identity_subsumption gunbc.os_install gunbc.os_install_actuator_selection gunbc.roadmap_static_site gunbc.runner_capacity_operator_access gunbc.runner_capacity_plan gunbc.runner_capacity_realize gunbc.runner_connectivity_recovery gunbc.runner_disk_reclaim gunbc.runner_group_restriction_ensure_run gunbc.runner_host_deploy gunbc.runner_incarnation gunbc.runner_slot_allocation gunbc.runner_slot_retirement gunbc.runner_throughput_qualification_route gunbc.runner_width_transition gunbc.serving.serving_enrollment gunbc.session_reservation_policy gunbc.session_residency gunbc.site_pxe_edge_converge gunbc.spark.cell_role gunbc.spark.credential_workflow gunbc.spark.dgx_procurement gunbc.spark.fabric_switch_observed gunbc.spark.first_party_serving gunbc.spark.glm_serving_load gunbc.spark.group_b_node_qualification gunbc.spark.llama_cpp_rpc_observed gunbc.spark.oobe_execution_placement gunbc.spark.pair_serving_d0_door gunbc.spark.pair_serving_desired gunbc.spark.pair_serving_observed gunbc.spark.serving_arm_placement gunbc.spark.v41_serving_load gunbc.spark.vllm_observed gunbc.srv3_os_install_actuator_toolchain_ensure gunbc.srv3_os_install_diagnostic gunbc.test.claim.runner.runner_microvm_attempt_witness_test gunbc.test.claim.runner.runner_microvm_lifecycle_witness_test gunbc.test.claim.runner.runner_microvm_network_apply_witness_test gunbc.test.claim.runner.runner_microvm_network_converge_witness_test gunbc.test.claim.runner.runner_microvm_network_witness_test test.claim.approval_device_enrolment_code_witness_test test.claim.approval_keyring_converge_witness_test test.claim.approval_ntfy_deployment_witness_test test.claim.approve_ios_project_witness test.claim.bmc_health_reader_witness test.claim.bmc_virtual_media test.claim.build_cache_latency_probe_witness test.claim.ci_deploy_target_host_witness test.claim.compile_permit_scope_observe_witness test.claim.cooling_qualification_witness test.claim.dgx_spark_witness test.claim.executor_privileged_operation_witness test.claim.fabric_allocation_store_substrate_witness test.claim.fabric_cell_acquire_witness test.claim.fabric_cell_converge test.claim.fabric_cell_effect_witness test.claim.fabric_cell_evidence_algebra_witness test.claim.fabric_cell_host_root_witness test.claim.fabric_cell_observe_witness test.claim.fan_tach_assessment_witness test.claim.fleet.fleet_site_locale_witness test.claim.fleet.fleet_wireless_link_witness test.claim.fleet_capacity_control_witness_test test.claim.fleet_capacity_panel_witness_test test.claim.fleet_converge_launch_environment_scope_witness test.claim.fleet_converge_launch_scope_non_interference test.claim.fleet_converge_plan_witness test.claim.fleet_convergence_verdict_witness test.claim.fleet_health_observe_witness test.claim.fleet_host_assembly_witness test.claim.fleet_observation_producers_witness test.claim.fleet_runner_connectivity_witness test.claim.github_app_registry test.claim.harness_chat_shape test.claim.harness_turn_admission_witness test.claim.host.cap_raise_retirement_order_witness test.claim.host_allocation_conservation test.claim.host_converge_slice1_witness test.claim.host_credential_custody_converge_witness test.claim.host_disk_reclaim_witness_test test.claim.host_health_assessment_witness test.claim.host_reach_identity_probe_witness test.claim.host_standup_assimilation_deduction test.claim.install_transport_qualification_witness_test test.claim.machine_intake.mtcollins1_boot_run_witness_test test.claim.micron_dram_module test.claim.mtcollins1_connectx4lx_observation_witness_test test.claim.runner.runner_browser_ready_label_witness_test test.claim.runner.runner_microvm_guest_bring_up_witness_test test.claim.runner.runner_microvm_slot_controller_witness_test test.claim.runner.runner_slot_census_typed_argv_witness test.claim.runner.runner_slot_population_census_witness test.claim.runner.runner_slot_retirement_witness test.claim.runner_attempt_launch_witness test.claim.runner_broker_progress_watchdog_witness test.claim.runner_capacity_operator_access_witness test.claim.runner_capacity_plan_witness test.claim.runner_capacity_realize_witness test.claim.runner_connectivity_recovery_witness test.claim.runner_connectivity_repair_plan_witness test.claim.runner_host_file_converge_witness_test test.claim.runner_lifecycle test.claim.runner_local_state test.claim.runner_microvm_witness_test test.claim.runner_password_session_tool_converge_witness test.claim.runner_replace_incarnation_seam_witness test.claim.runner_slot_installation_state_witness test.claim.runner_slot_provision test.claim.runner_unit_file_witness_test test.claim.session_reservation_policy_witness_test test.claim.session_residency_witness test.claim.spark.native_serving_resumable_apply_witness_test test.claim.spark.native_serving_roce_transport_witness_test test.claim.spark.pair_incumbent_identity_witness test.claim.spark.pair_serving_d0_real_execution test.claim.spark.pair_serving_d0_witness test.claim.spark.rank_memory_path_join_witness_test test.claim.spark.serving_arm_launch_witness_test test.claim.spark.serving_deployment_selection_witness_test test.claim.spark.serving_load_probe_witness test.claim.spark.serving_load_runner_witness test.claim.spark.spark_cell_role_witness test.claim.spark.spark_fabric_rail_witness test.claim.spark.spark_fabric_reach_witness test.claim.spark.spark_fabric_switch_witness test.claim.spark.spark_first_party_serving_witness_test test.claim.spark.spark_host_commitment_witness test.claim.spark.spark_oobe_execution_placement_witness test.claim.spark.spark_pair_serving_apply_witness test.claim.spark.spark_pair_serving_desired_witness test.claim.spark.spark_serving_offer_route_witness_test test.claim.spark.spark_training_ready_witness_test test.claim.spark.spark_vllm_observed_witness_test test.claim.spark.vllm_serving_launch_witness test.claim.spark_llama_cpp_rpc_witness test.claim.spatial_placement test.claim.tailscale_serve_route_key_witness test.claim.toolchain_coherence_witness_test test.claim.typed_argv_exec_realization_witness test.claim.unit_hold_store_provision_witness test.claim.vllm_memory_receipt
gunbc.floor_demand	R	dag/gunbc/floor/floor_demand.dag	1870	yes		gunbc.ci_floor_measurement gunbc.fabric_control_plane gunbc.fabric_floor_dispatch gunbc.fabric_witness_run gunbc.floor_cold_build_receipt gunbc.floor_memory_demand gunbc.runner_attempt_launch gunbc.runner_microvm gunbc.runner_microvm_shakedown gunbc.runner_slot_allocation gunbc.typed_graph_exclusive_bytes test.claim.fabric_isolation_witness_test test.claim.floor_cold_build_receipt_witness_test test.claim.floor_demand_witness_test test.claim.floor_phase_attribution_witness_test test.claim.runner.runner_microvm_slot_controller_witness_test test.claim.runner_microvm_witness_test test.claim.runner_slot_allocation_witness test.claim.runner_throughput_qualification_witness
gunbc.guarantee_stall.pci_address_rendering_equivalence_stall	R	dag/gunbc/guarantee_stall/pci_address_rendering_equivalence_stall.dag	17	no		gunbc.guarantee_stall.roster
gunbc.non_fold_residue	R	dag/gunbc/non_fold_residue.dag	2029	no		test.claim.non_fold_residue_frontier
gunbc.owned_process	R	dag/gunbc/owned_process.dag	175	no		gunbc.bmc_megarac_web_transport gunbc.machine_intake_mtcollins1_boot_run gunbc.machine_intake_mtcollins1_kvm_observer_observe gunbc.machine_intake_mtcollins1_kvm_still test.claim.machine_intake.mtcollins1_kvm_observer_observe_witness_test test.claim.machine_intake.mtcollins1_kvm_observer_protocol_wet_witness test.claim.machine_intake.mtcollins1_kvm_still_witness_test
gunbc.recurring_failure_mode.a_derivation_key_that_does_not_pin_bytes_across_build_hosts	R	dag/gunbc/recurring_failure_mode/a_derivation_key_that_does_not_pin_bytes_across_build_hosts.dag	26	no		
gunbc.recurring_failure_mode.a_pending_member_vanishes_from_a_terminal_refusal	R	dag/gunbc/recurring_failure_mode/a_pending_member_vanishes_from_a_terminal_refusal.dag	28	no		
gunbc.recurring_failure_mode.a_termination_contract_is_met_by_a_trimming_transport	R	dag/gunbc/recurring_failure_mode/a_termination_contract_is_met_by_a_trimming_transport.dag	51	no		
gunbc.recurring_failure_mode.absent_reads_identically_to_never_looked	R	dag/gunbc/recurring_failure_mode/absent_reads_identically_to_never_looked.dag	70	no		
gunbc.recurring_failure_mode.ad_hoc_hardware_probe_produces_no_receipt	R	dag/gunbc/recurring_failure_mode/ad_hoc_hardware_probe_produces_no_receipt.dag	26	no		
gunbc.recurring_failure_mode.an_unspawnable_program_aborts_the_run_instead_of_refusing	R	dag/gunbc/recurring_failure_mode/an_unspawnable_program_aborts_the_run_instead_of_refusing.dag	22	no		
gunbc.recurring_failure_mode.collector_armed_after_the_transition_it_observes	R	dag/gunbc/recurring_failure_mode/collector_armed_after_the_transition_it_observes.dag	14	no		
gunbc.recurring_failure_mode.control_plane_acknowledgement_minted_as_effect	R	dag/gunbc/recurring_failure_mode/control_plane_acknowledgement_minted_as_effect.dag	14	no		
gunbc.recurring_failure_mode.else_less_if_statement_has_no_lowered_form	R	dag/gunbc/recurring_failure_mode/else_less_if_statement_has_no_lowered_form.dag	28	no		
gunbc.recurring_failure_mode.empirical_association_promoted_to_decode	R	dag/gunbc/recurring_failure_mode/empirical_association_promoted_to_decode.dag	14	no		
gunbc.recurring_failure_mode.enforcement_gate_positioned_after_the_effect_it_guards	R	dag/gunbc/recurring_failure_mode/enforcement_gate_positioned_after_the_effect_it_guards.dag	15	no		
gunbc.recurring_failure_mode.enrolment_dead_band_has_no_representable_standing	R	dag/gunbc/recurring_failure_mode/enrolment_dead_band_has_no_representable_standing.dag	17	no		
gunbc.recurring_failure_mode.gunbc_run_pays_a_large_fixed_pre_entry_cost_per_invocation	R	dag/gunbc/recurring_failure_mode/gunbc_run_pays_a_large_fixed_pre_entry_cost_per_invocation.dag	23	no		
gunbc.recurring_failure_mode.identity_hashed_from_a_shared_mutable_path	R	dag/gunbc/recurring_failure_mode/identity_hashed_from_a_shared_mutable_path.dag	44	no		
gunbc.recurring_failure_mode.rest_response_nested_from_key_ignored	R	dag/gunbc/recurring_failure_mode/rest_response_nested_from_key_ignored.dag	32	no		
gunbc.recurring_failure_mode.subject_and_its_digest_as_independent_parameters	R	dag/gunbc/recurring_failure_mode/subject_and_its_digest_as_independent_parameters.dag	22	no		
gunbc.recurring_failure_mode.the_checker_admits_a_cast_the_evaluator_refuses	R	dag/gunbc/recurring_failure_mode/the_checker_admits_a_cast_the_evaluator_refuses.dag	17	no		
gunbc.recurring_failure_mode.unbound_interpolation_in_service_argv_accepted_until_runtime	R	dag/gunbc/recurring_failure_mode/unbound_interpolation_in_service_argv_accepted_until_runtime.dag	22	no		
gunbc.recurring_failure_mode.upstream_non_endorsement_consumed_as_physical_prohibition	R	dag/gunbc/recurring_failure_mode/upstream_non_endorsement_consumed_as_physical_prohibition.dag	17	no		
gunbc.recurring_failure_mode.wet_witness_keyed_to_the_runner_not_its_subject	R	dag/gunbc/recurring_failure_mode/wet_witness_keyed_to_the_runner_not_its_subject.dag	28	no		
gunbc.roadmap_authority	R	dag/gunbc/roadmap/roadmap_authority.dag	5415	yes		gunbc.floor_non_verdict_enrollment gunbc.generated_artifact_emit gunbc.roadmap_belt gunbc.roadmap_belt_actuate gunbc.roadmap_closing_contract_authoring gunbc.roadmap_forecast gunbc.roadmap_identity gunbc.roadmap_instrument_sandbox gunbc.roadmap_launch_admission gunbc.roadmap_page gunbc.roadmap_serve gunbc.roadmap_served_observation gunbc.roadmap_site_surface_observe gunbc.roadmap_spawner gunbc.roadmap_static_site gunbc.seed_growth_admission test.claim.native_witness_transition_receipt_witness test.claim.roadmap.roadmap_closing_contract_task_witness_test test.claim.roadmap_altitude_witness test.claim.roadmap_authority test.claim.roadmap_focus_witness_test test.claim.roadmap_forecast_witness test.claim.roadmap_frontier_witness test.claim.roadmap_identity_witness_test test.claim.roadmap_program_view_live_corpus_receipt test.claim.roadmap_receipt_continuity_acceptance test.claim.roadmap_receipt_continuity_live_witness test.claim.roadmap_serve_witness test.claim.roadmap_static_site_witness test.claim.scm.scm_wet_execution_receipt_witness test.claim.seed_growth_admission_witness tools.roadmap_denominator_probe
gunbc.rung_drop.roster	R	dag/gunbc/rung_drop/roster.dag	240	no	mtcollins1_boot_accepts_socket1_absent mtcollins1_boot_matrix_enrolment_dead_band_observed_only_drop mtcollins1_boot_matrix_new_witness_eval_step_cost	gunbc.design_ledgers gunbc.jurisdiction_drop_accounting gunbc.ledger_row_coherence test.claim.fabric.jurisdiction_drop_accounting_witness test.claim.generated_artifact_merge_driver_real_execution test.claim.rung_drop_amendment_witness_test test.claim.rung_drop_shared_capability_witness_test test.claim.rung_drop_standing_partition_witness_test v2.workflow.floor_subject_seed_test
gunbc.runner.runner_bound_attempt_receipt	R	dag/gunbc/runner/runner_bound_attempt_receipt.dag	184	no		
gunbc.runner.runner_cgroup_placement_receipt	R	dag/gunbc/runner/runner_cgroup_placement_receipt.dag	169	no		
gunbc.runner.runner_checkout_receipt	R	dag/gunbc/runner/runner_checkout_receipt.dag	109	no		
gunbc.runner.runner_first_job_receipt	R	dag/gunbc/runner/runner_first_job_receipt.dag	237	no		
gunbc.runner.runner_guest_egress_attempt	R	dag/gunbc/runner/runner_guest_egress_attempt.dag	209	no		gunbc.runner.runner_cgroup_placement_receipt gunbc.runner.runner_cpu_bandwidth_receipt
gunbc.runner.runner_guest_network_receipt	R	dag/gunbc/runner/runner_guest_network_receipt.dag	186	no		
gunbc.runner.runner_host_first_boot_receipt	R	dag/gunbc/runner/runner_host_first_boot_receipt.dag	127	no		gunbc.machine_intake_pre_os_capture_replay test.claim.pci_identity_observation_witness test.claim.pre_os_capture_replay_witness
gunbc.runner.runner_host_hardware_observation	R	dag/gunbc/runner/runner_host_hardware_observation.dag	216	no		test.claim.pci_identity_observation_witness
gunbc.runner.runner_host_jailed_kvm_receipt	R	dag/gunbc/runner/runner_host_jailed_kvm_receipt.dag	200	no		
gunbc.runner.runner_host_kvm_probe_receipt	R	dag/gunbc/runner/runner_host_kvm_probe_receipt.dag	122	no		
gunbc.runner.runner_host_media_independence_receipt	R	dag/gunbc/runner/runner_host_media_independence_receipt.dag	137	no		
gunbc.runner.runner_isolation_admission	R	dag/gunbc/runner/runner_isolation_admission.dag	292	no		test.claim.runner_isolation_admission_witness
gunbc.runner.runner_live_census_receipt	R	dag/gunbc/runner/runner_live_census_receipt.dag	185	no		
gunbc.runner.runner_observed_version_check	R	dag/gunbc/runner/runner_observed_version_check.dag	129	no		
gunbc.runner.runner_qualification_receipt	R	dag/gunbc/runner/runner_qualification_receipt.dag	177	no		
gunbc.runner.runner_signed_envelope_receipt	R	dag/gunbc/runner/runner_signed_envelope_receipt.dag	114	no		
gunbc.runner.runner_two_attempt_receipt	R	dag/gunbc/runner/runner_two_attempt_receipt.dag	180	no		
gunbc.runner_attempt_launch	R	dag/gunbc/runner/runner_attempt_launch.dag	1044	no		gunbc.runner_microvm_lifecycle gunbc.runner_microvm_lifecycle_realize gunbc.runner_microvm_slot_controller gunbc.test.claim.runner.runner_microvm_lifecycle_witness_test test.claim.runner.runner_microvm_slot_controller_witness_test test.claim.runner_attempt_launch_witness
gunbc.runner_browser_toolchain	R	dag/gunbc/runner/runner_browser_toolchain.dag	1381	no		gunbc.machine_intake_mtcollins1_boot_run gunbc.machine_intake_mtcollins1_kvm_observer_observe gunbc.machine_intake_mtcollins1_kvm_still gunbc.wet_host_premise_readback test.claim.machine_intake.mtcollins1_boot_acceptance_matrix_test test.claim.machine_intake.mtcollins1_kvm_observer_protocol_wet_witness test.claim.machine_intake.mtcollins1_kvm_still_witness_test test.claim.runner.runner_browser_ready_label_witness_test test.claim.runner.runner_browser_toolchain_real_execution test.claim.runner.runner_browser_toolchain_witness test.claim.runner.wet_host_premise_readback_witness test.probe.unit_hold_proof_forged_probe
gunbc.runner_host_grants	R	dag/gunbc/runner/runner_host_grants.dag	479	no	mtcollins1_unit_hold_store_host	gunbc.fleet_converge_plan gunbc.generated_artifact_emit gunbc.host_credential_custody_converge gunbc.runner_host_file_converge gunbc.runner_microvm_network_apply gunbc.runner_microvm_network_observe test.claim.executor_privileged_operation_witness test.claim.runner.runner_microvm_slot_reserve_witness_test test.claim.runner_microvm_host_ready_witness test.claim.runner_service_activation
gunbc.runner_jit_mint	R	dag/gunbc/runner/runner_jit_mint.dag	159	no		gunbc.runner.runner_jit_perform gunbc.runner_attempt_launch test.claim.github_app_registry
gunbc.runner_registration_labels	R	dag/gunbc/runner/runner_registration_labels.dag	94	yes		gunbc.fleet_runner_connectivity gunbc.runner_browser_toolchain gunbc.runner_connectivity_recovery gunbc.runner_unit_file test.claim.ci_deploy_target_host_witness test.claim.runner.runner_browser_ready_label_witness_test test.claim.runner.runner_browser_toolchain_witness
gunbc.runner_throughput_qualification	R	dag/gunbc/runner/runner_throughput_qualification.dag	1027	yes		gunbc.runner_throughput_qualification_route gunbc.runner_throughput_selection product.fabric.node_qualification test.claim.runner_throughput_qualification_witness
gunbc.runner_throughput_qualification_route	R	dag/gunbc/runner/runner_throughput_qualification_route.dag	383	no	operator_host_mtcollins1	test.claim.runner_throughput_qualification_witness
gunbc.secret_provision	R	dag/gunbc/secret_provision.dag	603	yes		gunbc.auth.approval_decision_store gunbc.auth.approval_device_redemption gunbc.auth.approval_mac_key_provision gunbc.auth.approval_ntfy_deployment gunbc.auth.approval_request_submission gunbc.auth.approval_store_receipt gunbc.auth.fleet_secret_accessor_roster gunbc.auth.mtcollins1_boot_federation gunbc.ci_spec gunbc.cloudflare.r2_mint_secret_access gunbc.cloudflare.r2_origin gunbc.cloudflare.r2_token_mint_run gunbc.fabric_storage_state_policy gunbc.fleet.printer_credential_migration_run gunbc.fleet_printer_access gunbc.machine_intake_mtcollins1_bmc_secure_observation gunbc.machine_intake_mtjade1_access_observation gunbc.network_boot_manifest_broker gunbc.secret_provision_actuator test.claim.cloudflare_r2_bucket_ensure test.claim.cloudflare_r2_origin_mint_run test.claim.cloudflare_r2_origin_object test.claim.fleet.fleet_printer_access_witness_test test.claim.machine_intake_mtcollins1_bmc_secure_standing_witness_test test.claim.mtjade1_access_witness test.claim.review_sheet_converge_witness test.claim.secret_provision_witness
gunbc.spark.pair_serving_d0_door	R	dag/gunbc/spark/pair_serving_d0_door.dag	355	no		gunbc.fleet_converge_workflow test.claim.spark.pair_serving_d0_authorization_witness test.claim.spark.pair_serving_d0_real_execution test.claim.workflow_dispatch_input_witness
tools.approval_store_live_probe	R	dag/gunbc/instruments/approval_store_live_probe.dag	236	no		
v2.compiler.reference_conservation_census	R	src/v2/compiler/reference_conservation_census.dag	816	no		v2.test.claim.namespace_xl0.reference_conservation_census
v2.test.floor_enrolment_margin	R	src/v2/test/floor_enrolment_margin_test.dag	717	no	mtcollins1_boot_matrix_enrolment_dead_band_observed_only	
v2.workflow.floor_cost_debt_admission	R	src/v2/workflow/floor_cost_debt_admission.dag	155	no		v2.workflow.floor_enrolment_margin
v2.workflow.floor_enrolment_dead_band	R	src/v2/workflow/floor_enrolment_dead_band.dag	97	no		gunbc.rung_drop.mtcollins1_boot_matrix_enrolment_dead_band_observed_only v2.test.floor_enrolment_margin v2.workflow.floor_enrolment_margin
v2.workflow.floor_enrolment_margin	R	src/v2/workflow/floor_enrolment_margin.dag	649	no		test.claim.enrolment_margin_seed_mirror_witness_test v2.test.floor_enrolment_margin
v2.workflow.floor_eval_step_cost_drop	R	src/v2/workflow/floor_eval_step_cost_drop.dag	416	no		gunbc.rung_drop.app_attest_interpreted_crypto_new_witness_eval_step_cost gunbc.rung_drop.app_attest_verifier_new_witness_eval_step_cost gunbc.rung_drop.dag_emit_round_trip_new_witness_eval_step_cost gunbc.rung_drop.fleet_build_job_membership_new_witness_eval_step_cost gunbc.rung_drop.live_deploy_apply_render_new_witness_eval_step_cost gunbc.rung_drop.live_deploy_dark_install_render_new_witness_eval_step_cost gunbc.rung_drop.mtcollins1_boot_matrix_new_witness_eval_step_cost gunbc.rung_drop.python_to_typescript_compile_inhabitance_off_the_required_gate gunbc.rung_drop.roadmap_live_forecast_new_witness_eval_step_cost gunbc.rung_drop.roadmap_live_projection_new_witness_eval_step_cost gunbc.rung_drop.roadmap_page_style_new_witness_eval_step_cost gunbc.rung_drop.sha256_span_program_serialize_new_witness_eval_step_cost test.claim.floor_eval_step_budget_witness_test v2.workflow.required_floor
v2.workflow.floor_route_gap	R	src/v2/workflow/floor_route_gap.dag	1999	yes		gunbc.native_frontier_ratchet gunbc.witness_v2_native_route test.claim.quarantine_probe_disposition_witness_test v2.test.claim.local_repo_wet_terminal_test v2.workflow.floor_terminal_ledger v2.workflow.floor_terminal_ledger_wire v2.workflow.floor_terminal_ledger_wire_test v2.workflow.required_floor
v2.workflow.floor_unimported_bare_provider_debt_roster	R	src/v2/workflow/floor_unimported_bare_provider_debt_roster.dag	2209	no		v2.test.claim.floor_unimported_bare_provider_debt v2.workflow.floor_unimported_bare_provider_debt
v2.workflow.local_repo_wet_terminal	R	src/v2/workflow/local_repo_wet_terminal.dag	2562	no		gunbc.wet_host_premise_readback test.claim.runner.wet_host_premise_readback_witness v2.test.claim.local_repo_wet_terminal_test v2.workflow.required_floor v2.workflow.witness_admission
test.claim.action_use_admission_witness	W	dag/test/claim/action_use_admission_witness_test.dag	544	yes		
test.claim.approval_request_submission_witness_test	W	dag/test/claim/approval_request_submission_witness_test.dag	225	no		
test.claim.authorization_pattern_selection_witness	W	dag/test/claim/authorization_pattern_selection_witness_test.dag	375	no	mtcollins1_boot_effect	
test.claim.boot_artifact_delivery_witness_test	W	dag/test/claim/machine_intake/boot_artifact_delivery_witness_test.dag	1358	no	AmpereMtCollins	
test.claim.build_fulfillment_witness	W	dag/test/claim/build_fulfillment_witness_test.dag	1018	no	AmpereMtCollins MtCollinsChannelPopulationRole mt_collins_channel_population_roles mtcollins_memory_position	
test.claim.build_selection_witness	W	dag/test/claim/build_selection_witness_test.dag	342	no	MtCollinsChannelPopulationRole mt_collins_channel_population_roles mtcollins_memory_evidence_from_capture mtcollins_replay_proposal mtcollins_witnessed_configuration	
test.claim.durable_exclusive_hold_witness	W	dag/test/claim/durable_exclusive_hold_witness_test.dag	369	no		
test.claim.fan_policy_standing_witness	W	dag/test/claim/fan_policy_standing_witness_test.dag	941	no		
test.claim.fleet.fleet_converge_checkout_pin_witness_test	W	dag/test/claim/fleet/fleet_converge_checkout_pin_witness_test.dag	102	no		
test.claim.fleet.site_pxe_edge_converge_witness	W	dag/test/claim/fleet/site_pxe_edge_converge_witness_test.dag	439	no	mtcollins1_host_nic_mac	
test.claim.gcp_secret_access_witness_test	W	dag/test/claim/gcp_secret_access_witness_test.dag	618	no	mtcollins1_bmc_accessor_row	
test.claim.heal_publisher_provision_witness	W	dag/test/claim/heal_publisher_provision_witness_test.dag	326	no	mtcollins1_boot_dedicated_federation	
test.claim.host_memory_qualification_witness_test	W	dag/test/claim/host/host_memory_qualification_witness_test.dag	454	no	AmpereMtCollins	
test.claim.host_reset_return_witness_test	W	dag/test/claim/host/host_reset_return_witness_test.dag	1166	no		
test.claim.install_media_remaster_grub_cmdline_witness	W	dag/test/claim/install_media_remaster_grub_cmdline_witness_test.dag	61	no	mtcollins1_census_grub_cmdline mtcollins1_census_pinned_grub_cmdline	
test.claim.linux_edac_topology_authority_witness	W	dag/test/claim/linux_edac_topology_authority_witness_test.dag	178	no		
test.claim.machine_intake.ampere_dram_console_observation_witness_test	W	dag/test/claim/machine_intake/ampere_dram_console_observation_witness_test.dag	179	no		
test.claim.machine_intake.ampere_socket_console_observation_witness_test	W	dag/test/claim/machine_intake/ampere_socket_console_observation_witness_test.dag	219	no	mtcollins1_census_sol_artifact_path	
test.claim.machine_intake.host_capture_sol_crlf_witness_test	W	dag/test/claim/machine_intake/host_capture_sol_crlf_witness_test.dag	76	no	MtCollins1BootTerminalVerdict MtCollins1CensusMedium mtcollins1_boot_subject_for mtcollins1_boot_terminal_cause_text mtcollins1_boot_terminal_verdict	
test.claim.machine_intake.host_capture_sol_nul_fill_witness_test	W	dag/test/claim/machine_intake/host_capture_sol_nul_fill_witness_test.dag	148	no	MtCollins1BootTerminalVerdict MtCollins1CensusMedium mtcollins1_boot_subject_for mtcollins1_boot_terminal_cause_text mtcollins1_boot_terminal_verdict	
test.claim.machine_intake.host_resource_observation_witness	W	dag/test/claim/machine_intake/host_resource_observation_witness_test.dag	223	no	mtcollins1_topology_goal	
test.claim.machine_intake.kernel_module_decompression_observation_witness_test	W	dag/test/claim/machine_intake/kernel_module_decompression_observation_witness_test.dag	210	no	mtcollins1_boot_console_reading	test.claim.machine_intake.mtcollins1_census_refusal_hypotheses_witness_test
test.claim.machine_intake.megarac_media_convergence_witness_test	W	dag/test/claim/machine_intake/megarac_media_convergence_witness_test.dag	1012	no	MtCollins1EndMedia MtCollins1HandoffMedia MtCollins1MediaAttachRecord mtcollins1_census_image_stem mtcollins1_media_gate mtcollins1_media_share	
test.claim.machine_intake.megarac_ui_features_witness_test	W	dag/test/claim/machine_intake/megarac_ui_features_witness_test.dag	136	no		
test.claim.machine_intake.mtcollins1_bmc_sensor_observation_witness_test	W	dag/test/claim/machine_intake/mtcollins1_bmc_sensor_observation_witness_test.dag	99	no	mtcollins1_sdr_capture mtcollins1_sensor_findings mtcollins1_sensor_socket mtcollins1_sensor_table_text mtcollins1_socket_sensor_lines mtcollins1_socket_unstructured_lines	
test.claim.machine_intake.mtcollins1_boot_acceptance_matrix_test	W	dag/test/claim/machine_intake/mtcollins1_boot_acceptance_matrix_test.dag	897	no	MtCollins1BootAttempt MtCollins1BootWorld MtCollins1CensusMedium mtcollins1_boot_dry_realization mtcollins1_boot_exit_reason mtcollins1_boot_medium mtcollins1_boot_medium_image_name mtcollins1_boot_on_srv1_resolving_toolchain mtcollins1_census_image mtcollins1_census_medium_served_path mtcollins1_census_record_path mtcollins1_unit_hold_key	
test.claim.machine_intake.mtcollins1_boot_authorization_witness_test	W	dag/test/claim/machine_intake/mtcollins1_boot_authorization_witness_test.dag	31	no	mtcollins1_boot_medium mtcollins1_boot_medium_image_name mtcollins1_boot_medium_image_sha256 mtcollins1_boot_subject	
test.claim.machine_intake.mtcollins1_boot_diagnostic_bundle_witness_test	W	dag/test/claim/machine_intake/mtcollins1_boot_diagnostic_bundle_witness_test.dag	835	no	MtCollins1BootDiagnosticBundle MtCollins1BootRunRecord mtcollins1_boot_attempt_identity mtcollins1_boot_bundle_findings mtcollins1_boot_bundle_text mtcollins1_boot_collection_member_bound mtcollins1_boot_console_bound mtcollins1_boot_console_reading mtcollins1_boot_diagnostics_allowance mtcollins1_boot_ended_before_bmc mtcollins1_boot_outcome_with_findings mtcollins1_boot_redfish_read_budget mtcollins1_cdrom_selection mtcollins1_system_inventory_links mtcollins1_systems_link	
test.claim.machine_intake.mtcollins1_boot_phase_timing_witness_test	W	dag/test/claim/machine_intake/mtcollins1_boot_phase_timing_witness_test.dag	310	no	MtCollins1BootPhaseSpan MtCollins1BootPhaseTiming MtCollins1BootRoute MtCollins1PhaseStep mtcollins1_boot_phase_duration mtcollins1_boot_phase_spans mtcollins1_boot_phase_timing_not_taken mtcollins1_boot_phase_timing_of mtcollins1_boot_phase_timing_text mtcollins1_boot_route_sol_refused mtcollins1_boot_start_of mtcollins1_smpro_pass_result	
test.claim.machine_intake.mtcollins1_boot_run_witness_test	W	dag/test/claim/machine_intake/mtcollins1_boot_run_witness_test.dag	1046	no	MtCollins1BootMedium MtCollins1BootSubject MtCollins1BootTerminalVerdict MtCollins1CensusMedium MtCollins1StockInstallerMedium fleet_converge_mtcollins1_boot_concurrency_group fleet_converge_mtcollins1_boot_job_if fleet_converge_mtcollins1_boot_runner fleet_converge_mtcollins1_boot_step fleet_converge_mtcollins1_boot_steps_around mtcollins1_boot_actuation_allowance mtcollins1_boot_cleanup_allowance mtcollins1_boot_diagnostics_allowance mtcollins1_boot_host_must_be_srv1 mtcollins1_boot_in_run_smpro_allowance mtcollins1_boot_ipmi_kill_after mtcollins1_boot_ipmi_read_deadline mtcollins1_boot_issue_allowance mtcollins1_boot_medium_label mtcollins1_boot_medium_refusal mtcollins1_boot_phase_timing_not_taken mtcollins1_boot_pre_os_verdict mtcollins1_boot_prelude_allowance mtcollins1_boot_refuses_off_srv1 mtcollins1_boot_run_record mtcollins1_boot_sol_is_held mtcollins1_boot_step_timeout_minutes mtcollins1_boot_subject mtcollins1_boot_subject_for mtcollins1_boot_terminal_cause_text mtcollins1_boot_terminal_refusal_text mtcollins1_boot_terminal_verdict mtcollins1_boot_topology_expectation mtcollins1_cdrom_selection mtcollins1_dual_socket_workload mtcollins1_kvm_still_allowance mtcollins1_nproc mtcollins1_one_socket_milestone mtcollins1_sol_hold_activate_script mtcollins1_sol_hold_release_script mtcollins1_sol_notice_final_allowance mtcollins1_sol_notice_ready_allowance mtcollins1_stale_power_off_allowance	
test.claim.machine_intake.mtcollins1_census_image_publish_witness_test	W	dag/test/claim/machine_intake/mtcollins1_census_image_publish_witness_test.dag	171	no	mtcollins1_boot_export_host_target mtcollins1_census_image	
test.claim.machine_intake.mtcollins1_census_medium_readback_witness_test	W	dag/test/claim/machine_intake/mtcollins1_census_medium_readback_witness_test.dag	195	no	MtCollins1CensusMedium MtCollins1StockInstallerMedium mtcollins1_census_build_key mtcollins1_census_image mtcollins1_census_image_stem mtcollins1_census_medium_readback_from_answers mtcollins1_census_medium_served_path mtcollins1_census_readback_argv mtcollins1_census_readback_refusal mtcollins1_census_readback_refusal_before_attach mtcollins1_census_readback_refusal_before_filing mtcollins1_census_record_argv mtcollins1_census_record_path mtcollins1_census_record_standing mtcollins1_census_stages mtcollins1_census_volume_id mtcollins1_dual_socket_workload mtcollins1_one_socket_workload mtcollins1_seeded_image_input	
test.claim.machine_intake.mtcollins1_census_member_readback_witness_test	W	dag/test/claim/machine_intake/mtcollins1_census_member_readback_witness_test.dag	257	no	MtCollins1CensusMedium MtCollins1StockInstallerMedium	
test.claim.machine_intake.mtcollins1_census_qemu_host_observe_witness_test	W	dag/test/claim/machine_intake/mtcollins1_census_qemu_host_observe_witness_test.dag	189	no		
test.claim.machine_intake.mtcollins1_census_refusal_hypotheses_witness_test	W	dag/test/claim/machine_intake/mtcollins1_census_refusal_hypotheses_witness_test.dag	223	no		
test.claim.machine_intake.mtcollins1_kvm_observer_observe_witness_test	W	dag/test/claim/machine_intake/mtcollins1_kvm_observer_observe_witness_test.dag	179	no	mtcollins1_kvm_observer_dir mtcollins1_kvm_observer_observe_receipt_path mtcollins1_kvm_observer_probe_artifact_glob mtcollins1_kvm_observer_probe_attempt	
test.claim.machine_intake.mtcollins1_kvm_observer_protocol_wet_witness	W	dag/test/claim/machine_intake/mtcollins1_kvm_observer_protocol_wet_witness_test.dag	399	no	mtcollins1_boot_screen_boundary_report mtcollins1_kvm_observer_finish	
test.claim.machine_intake.mtcollins1_kvm_still_witness_test	W	dag/test/claim/machine_intake/mtcollins1_kvm_still_witness_test.dag	357	no	mtcollins1_bmc_firmware mtcollins1_boot_retained_artifact_prefix mtcollins1_kvm_observer_dir mtcollins1_kvm_observer_script mtcollins1_kvm_observer_start	
test.claim.machine_intake.mtcollins1_maintenance_hold_witness_test	W	dag/test/claim/machine_intake/mtcollins1_maintenance_hold_witness_test.dag	236	no	mtcollins1_boot_claim_pins mtcollins1_boot_claims_admitted mtcollins1_boot_secret_grants mtcollins1_boot_wif_attribute_condition mtcollins1_boot_wif_principal_set mtcollins1_unit_hold_key	
test.claim.machine_intake.mtcollins1_physical_orientation_witness	W	dag/test/claim/machine_intake/mtcollins1_physical_orientation_witness_test.dag	459	no	MtCollins1DamagedConnectorReport MtCollins1DiagnosisHypothesis MtCollins1PlacementAnchor MtCollins1SlotMap MtCollins1Socket1InvestigationBoot MtCollins1StickPlacement MtCollins1StickSwapReport MtCollins1TrainedSlot MtCollins1ViewHypothesis MtCollins1Viewpoint MtCollinsDimmFigureBank mt_collins_channel_connector_pairs mt_collins_population_16_dimms mt_collins_population_8_dimms mtcollins1_damaged_candidates mtcollins1_damaged_connector_report mtcollins1_j1_j17_stick_swap mtcollins1_mask_correlation mtcollins1_operator_front_report mtcollins1_orientation mtcollins1_placement_readbacks mtcollins1_slot_map mtcollins1_socket1_boot_two_sticks mtcollins1_socket1_investigation_boots mtcollins1_socket1_standing mtcollins1_three_stick_anchor mtcollins1_two_stick_anchor	
test.claim.machine_intake.mtcollins1_sixteen_module_restore_witness_test	W	dag/test/claim/machine_intake/mtcollins1_sixteen_module_restore_witness_test.dag	225	no	mtcollins1_dram_training_reading mtcollins1_restore_boot_captures mtcollins1_restore_sol_reading mtcollins1_run_a_sparse_reference_capture mtcollins1_run_b_sparse_samsung_capture mtcollins1_sixteen_module_restore_capture mtcollins1_stable_boot_window_capture	
test.claim.machine_intake.mtcollins1_smpro_observation_witness_test	W	dag/test/claim/machine_intake/mtcollins1_smpro_observation_witness_test.dag	212	no	mtcollins1_smpro_dossier_text mtcollins1_smpro_findings mtcollins1_smpro_plan mtcollins1_smpro_probe_count mtcollins1_smpro_sequenced mtcollins1_smpro_socket_stage	
test.claim.machine_intake.mtcollins1_stale_power_off_witness_test	W	dag/test/claim/machine_intake/mtcollins1_stale_power_off_witness_test.dag	228	no	mtcollins1_census_image_stem mtcollins1_detach_admission mtcollins1_detach_admission_after_power_off mtcollins1_firmware mtcollins1_stale_power_off_need	
test.claim.machine_intake.mtcollins1_ui_bundle_observe_witness_test	W	dag/test/claim/machine_intake/mtcollins1_ui_bundle_observe_witness_test.dag	130	no	mtcollins1_ui_bundle_artifact_glob mtcollins1_ui_bundle_dir mtcollins1_ui_bundle_file_budget mtcollins1_ui_bundle_file_path mtcollins1_ui_bundle_receipt_path	
test.claim.machine_intake.mtcollins1_unit_hold_forged_probe_witness_test	W	dag/test/claim/machine_intake/mtcollins1_unit_hold_forged_probe_witness_test.dag	107	no		
test.claim.machine_intake.oob_power_action_witness	W	dag/test/claim/machine_intake/oob_power_action_witness_test.dag	214	no	mtcollins1_psu2_ac_loss_cause	
test.claim.machine_intake.pre_os_bringup_witness_test	W	dag/test/claim/machine_intake/pre_os_bringup_witness_test.dag	724	no	mtcollins1_ac_cycle_attempt mtcollins1_console_lease_epoch mtcollins1_pre_os_capabilities mtcollins1_sel_window mtcollins1_sol_idle_capture mtcollins1_sol_reading	
test.claim.machine_intake.pre_os_sol_crlf_witness_test	W	dag/test/claim/machine_intake/pre_os_sol_crlf_witness_test.dag	64	no	mtcollins1_host_nic_mac	
test.claim.machine_intake.sol_hold_stdin_wet_witness	W	dag/test/claim/machine_intake/sol_hold_stdin_wet_witness_test.dag	727	no	mtcollins1_boot_await_capture_terminal mtcollins1_boot_subject mtcollins1_sol_adopted_activation mtcollins1_sol_await_establishment mtcollins1_sol_client_diagnostic_path mtcollins1_sol_collector_observe mtcollins1_sol_hold_owned_check_script mtcollins1_sol_hold_release_script mtcollins1_sol_hold_supervisor_script mtcollins1_sol_incident_path mtcollins1_sol_notice_stop_suffix mtcollins1_sol_notice_watch mtcollins1_sol_notice_watcher_path mtcollins1_sol_pre_teardown_suffix mtcollins1_sol_release_owned mtcollins1_sol_teardown_record mtcollins1_sol_workflow_events_path	
test.claim.machine_intake_ethernet_witness	W	dag/test/claim/machine_intake_ethernet_witness_test.dag	234	no	mtcollins1_bmc_interfaces_are_distinct_ports	
test.claim.machine_intake_mtcollins1_bmc_secure_standing_witness_test	W	dag/test/claim/machine_intake/mtcollins1_bmc_secure_standing_witness_test.dag	154	no	mtcollins1_bmc_gunbc_secret_ref mtcollins1_bmc_secure_standing mtcollins1_bootstrap_at mtcollins1_channel_census mtcollins1_credential_rotation_observation mtcollins1_intake_subject mtcollins1_managed_credential mtcollins1_managed_probe_at mtcollins1_prerotation_evidence mtcollins1_published_probes mtcollins1_published_user mtcollins1_rotation_applied_at mtcollins1_secured_account mtcollins1_unit_key_standing mtcollins1_user2_retire_at mtcollins1_user2_retire_evidence mtcollins1_user3_route_evidence	
test.claim.machine_intake_predictive_claim_witness_test	W	dag/test/claim/machine_intake/predictive_claim_witness_test.dag	444	no		
test.claim.megarac_spx_ui_surface_artifact_integrity_witness	W	dag/test/claim/bmc/megarac_spx_ui_surface_artifact_integrity_witness_test.dag	65	no	mtcollins_training_capture_path mtcollins_training_capture_sha256	
test.claim.memory_change_evaluation_witness	W	dag/test/claim/host/memory_change_evaluation_witness_test.dag	799	no	MtCollinsChannelConnectorPair MtCollinsChannelPopulationRole mt_collins_channel_population_roles mt_collins_population_role_standing mtcollins_ads_part mtcollins_memory_evidence_from_capture mtcollins_memory_module mtcollins_memory_position mtcollins_memory_variants mtcollins_training_collector mtcollins_training_mixture_finding mtcollins_witnessed_configuration	test.claim.memory_multiple_findings_witness
test.claim.memory_multiple_findings_witness	W	dag/test/claim/host/memory_multiple_findings_witness_test.dag	401	no	MtCollinsChannelPopulationRole mt_collins_channel_population_roles mtcollins_3ds_collector mtcollins_3ds_configuration mtcollins_memory_module mtcollins_samsung_observed_part mtcollins_training_mixture_finding mtcollins_two_capture_evidence mtcollins_witnessed_configuration	
test.claim.micron_dram_module	W	dag/test/claim/micron_dram_module_witness_test.dag	186	no	operator_host_mtcollins1	
test.claim.modeled_filesystem_witness_test	W	dag/test/claim/modeled_filesystem_witness_test.dag	193	no		
test.claim.mt_collins_dimm_physical_identity_witness	W	dag/test/claim/mt_collins_dimm_physical_identity_witness_test.dag	182	no	MtCollinsChannelConnectorPair MtCollinsDimmFigureBank MtCollinsDimmIdentityRefusalCause MtCollinsDimmPopulationRow mt_collins_2u_mirror_citation_read_receipt mt_collins_2u_publisher_citation_read_receipt mt_collins_2u_user_guide_subject_ref mt_collins_channel_connector_pairs mt_collins_population_32_dimms_as_printed	
test.claim.mt_collins_population_role_witness	W	dag/test/claim/mt_collins_population_role_witness_test.dag	109	no	MtCollinsChannelConnectorPair MtCollinsChannelPopulationRoleStanding MtCollinsPopulationRoleOutcome MtCollinsPopulationRoleRefusalCause mt_collins_channel_connector_pairs mt_collins_channel_population_roles mt_collins_population_role_of_pair mt_collins_population_role_standing	
test.claim.mtcollins1_candidate_attachment_witness_test	W	dag/test/claim/machine_intake/mtcollins1_candidate_attachment_witness_test.dag	227	no	mt_collins_1u_expansion mt_collins_1u_ocp_slot mtcollins1_candidate_verdicts mtcollins1_expansion_observation	
test.claim.mtcollins1_census_image	W	dag/test/claim/machine_intake/mtcollins1_census_image_witness_test.dag	452	no	mtcollins1_census_capture_program mtcollins1_census_console_device mtcollins1_census_console_tty mtcollins1_census_grub_cmdline mtcollins1_census_image mtcollins1_census_image_stem mtcollins1_census_live_commands mtcollins1_census_machine mtcollins1_census_pinned_grub_cmdline mtcollins1_census_pinned_image mtcollins1_census_program_file mtcollins1_census_stages mtcollins1_census_volume_id mtcollins1_diskless_image_name mtcollins1_dual_socket_workload mtcollins1_one_socket_workload mtcollins1_seeded_image_input	
test.claim.mtcollins1_census_image_local_wet	W	dag/test/claim/machine_intake/mtcollins1_census_image_local_wet_test.dag	436	no	mtcollins1_census_image_stem mtcollins1_census_stages mtcollins1_census_volume_id mtcollins1_dual_socket_workload mtcollins1_one_socket_workload mtcollins1_seeded_image_input	
test.claim.mtcollins1_connectx4lx_observation_witness_test	W	dag/test/claim/machine_intake/mtcollins1_connectx4lx_observation_witness_test.dag	76	no	mtcollins1_connectx4lx_fleet_intent mtcollins1_crs812_cable_order_today mtcollins1_crs812_cable_order_with mtcollins1_to_crs812_link_plan operator_host_mtcollins1	
test.claim.mtcollins1_expansion_witness_test	W	dag/test/claim/machine_intake/mtcollins1_expansion_witness_test.dag	224	no	MtCollinsExpansionOperatorObservation MtCollinsUnitExpansionEvidence mtcollins1_expansion_observation	
test.claim.mtcollins1_memory_census_witness_test	W	dag/test/claim/machine_intake/mtcollins1_memory_census_witness_test.dag	759	no	MtCollins1AcquisitionStanding MtCollins1BootDeliveryObservation MtCollins1ConnectorIdentificationBasis MtCollins1ConsumptionFrontier MtCollins1EdacTopologyObservation MtCollins1FirmwareChannelBinding MtCollins1MediaRedirectionSample MtCollins1MemoryWorkload MtCollins1PartnerRequirement MtCollins1SlotObservation MtCollins1SubjectBinding MtCollinsChannelPopulationRole MtCollinsChannelPopulationRoleStanding mt_collins_channel_population_roles mtcollins1_acquisition_standing mtcollins1_boot_delivery_observation mtcollins1_census_observed_at mtcollins1_connector_identification_basis mtcollins1_consumption_frontier mtcollins1_cross_channel_rank_mixing_standing mtcollins1_edac_clean_at_capture mtcollins1_edac_topology mtcollins1_edac_uptime_at_capture_seconds mtcollins1_firmware_channel_bindings mtcollins1_host_capture_byte_count mtcollins1_host_capture_observed_at mtcollins1_host_memory_population mtcollins1_media_attach_observed_at mtcollins1_media_redirection_samples mtcollins1_memory_workload mtcollins1_memtotal_kb mtcollins1_nproc mtcollins1_partner_requirement mtcollins1_slots mtcollins1_subject_binding	
test.claim.mtjade1_access_witness	W	dag/test/claim/machine_intake/mtjade1_access_witness_test.dag	54	no	mtcollins1_bmc_gunbc_secret_ref	
test.claim.nbd_proxy_virtual_media_install	W	dag/test/claim/nbd_proxy_virtual_media_install_witness_test.dag	208	no		
test.claim.pci_identity_observation_witness	W	dag/test/claim/runner/pci_identity_observation_witness_test.dag	26	no	mtcollins1_igb_binding mtcollins1_observed_pci_functions	
test.claim.pre_os_capture_replay_witness	W	dag/test/claim/machine_intake/pre_os_capture_replay_witness_test.dag	150	no	mtcollins1_first_own_image_boot mtcollins1_host_nic_mac	
test.claim.pre_os_observer_witness	W	dag/test/claim/machine_intake/pre_os_observer_witness_test.dag	158	no	mtcollins1_host_nic_mac	test.claim.pre_os_replay_witness
test.claim.pre_os_replay_witness	W	dag/test/claim/machine_intake/pre_os_replay_witness_test.dag	366	no	mtcollins1_host_nic_mac	
test.claim.product.cohort_observation_witness	W	dag/test/claim/product/cohort_observation_witness_test.dag	123	no		
test.claim.refinement_cast_wall_witness_test	W	dag/test/claim/refinement_cast_wall_witness_test.dag	167	no		
test.claim.runner_isolation_admission_witness	W	dag/test/claim/runner_isolation_admission_witness_test.dag	178	no	mtcollins_dedicated_kernel_offer	
test.claim.runner_throughput_qualification_witness	W	dag/test/claim/runner/runner_throughput_qualification_witness_test.dag	872	no	mtcollins1_qualification_route mtcollins1_qualification_workspace_backing mtcollins1_route_legs	
test.claim.site_uefi_arm64_pxe_edge_witness	W	dag/test/claim/site_uefi_arm64_pxe_edge_witness_test.dag	313	no	mtcollins1_pxe_arch_code	
test.claim.srv3_os_install_actuate	W	dag/test/claim/srv3/srv3_os_install_actuate_witness_test.dag	100	no		
test.claim.unit_hold_store_provision_witness	W	dag/test/claim/runner/unit_hold_store_provision_witness_test.dag	41	no	mtcollins1_unit_hold_store_host	
test.claim.workflow_dispatch_input_witness	W	dag/test/claim/workflow_dispatch_input_witness_test.dag	868	no	gunbc_ci_mtcollins1_boot_invoke gunbc_ci_mtcollins1_fan_observe_invoke	
test.claim.xorriso_path_list_witness	W	dag/test/claim/xorriso_path_list_witness_test.dag	99	no	mtcollins1_census_image	
test.probe.unit_hold_proof_forged_probe	W	dag/test/probe/unit_hold_proof_forged_probe.dag	118	no	mtcollins1_access_observation mtcollins1_attach_diskless_image mtcollins1_boot_actuate mtcollins1_boot_chassis_power mtcollins1_boot_handoff_when_media_ready mtcollins1_boot_param5 mtcollins1_boot_param5_under_hold mtcollins1_boot_power_after_poll mtcollins1_boot_subject mtcollins1_boot_under_live_unit_hold mtcollins1_capability_row mtcollins1_cdrom_selection mtcollins1_drive_handoff mtcollins1_endpoint mtcollins1_firmware mtcollins1_media_share mtcollins1_observe_presentation	
