p1_cohort_probe: 50 explicit cohort entr(y/ies), source_roots=["/home/briansrls/.worktrees/gunbc/valiant-deer-205/dag", "/home/briansrls/.worktrees/gunbc/valiant-deer-205/src/v2"]
◷ governor adaptive width — budget=33578549248 source=cgroup memory.max (/sys/fs/cgroup/) max_width=128 sensors=/sys/fs/cgroup/
[calibration] roster_import_closure_nodes=711 rows=414 (loader both-closure union, pre-resolve, no resolve/typecheck; pairs with the floor cgroup memory.peak steps — on a killed run this line plus the last [gantt] rss_mib sample are the lower-bound receipt)
◐ started compile.frontend
✓ compile.frontend done in 135ms
✓ compile.normalize done in 17ms
✓ compile.reconcile done in 386ms
✓ compile.analyses done in 12ms
02:24:21.371 [affected-set] selection off — running all 414 witness(es) across 50 entr(y/ies)
run_discovery_corpus: adaptive pool over 50 entry-group(s), 414 row(s) (governor target_width=1)
run_discovery_corpus: width=1 inline drain — reusing process_shared_index (no worker duplicate index)
run_discovery_corpus: cross_worker_store withheld (governor target_width=1) — per-index typed cache until width > 1
[floor-drain] schedule-retention ARMED: entries=50 modules_refcounted=711 evict_enabled=true
02:24:25.098 PASS accelerator_demo_execution_lane_witnesses (/home/briansrls/.worktrees/gunbc/valiant-deer-205/dag/test/claim/accelerator_demo_execution_witness_test.dag leg=InterpretedLeg) 3.3ms
[floor-drain] schedule-retention: entry='/home/briansrls/.worktrees/gunbc/valiant-deer-205/dag/test/claim/accelerator_demo_execution_witness_test.dag' evicted_modules=10 evicted_graph=1 schedule_evictions=10 graph_evictions=1 retention_unknown=0 typed_cache=66 resolved_graphs=2
[floor-drain] group=1/50 typed_cache=66(+48) parse_cache=66(+48) resolved_memo=2(+0) intern_table=80274(+0) evictions=0 peak_rss=1799671808
[p1-cohort] entry=1/50 name='/home/briansrls/.worktrees/gunbc/valiant-deer-205/dag/test/claim/accelerator_demo_execution_witness_test.dag' wall_ms=2409 resolve_ms=2372 eval_ms=3 schedule_cache_hit=0 resolved_graph_hit=0 modules_evicted=10 graphs_evicted=1 process_rss=1799671808 cgroup_memory_current=2716196864 cgroup_memory_peak=4651859968
02:24:26.208 PASS accelerator_demo_gpu_modeling_witnesses (/home/briansrls/.worktrees/gunbc/valiant-deer-205/dag/test/claim/accelerator_demo_gpu_witness_test.dag leg=InterpretedLeg) 1.2ms
[floor-drain] schedule-retention: entry='/home/briansrls/.worktrees/gunbc/valiant-deer-205/dag/test/claim/accelerator_demo_gpu_witness_test.dag' evicted_modules=6 evicted_graph=1 schedule_evictions=16 graph_evictions=2 retention_unknown=0 typed_cache=66 resolved_graphs=2
[floor-drain] group=2/50 typed_cache=66(+0) parse_cache=66(+0) resolved_memo=2(+0) intern_table=80274(+0) evictions=0 peak_rss=1799671808
[p1-cohort] entry=2/50 name='/home/briansrls/.worktrees/gunbc/valiant-deer-205/dag/test/claim/accelerator_demo_gpu_witness_test.dag' wall_ms=1155 resolve_ms=1076 eval_ms=1 schedule_cache_hit=0 resolved_graph_hit=0 modules_evicted=6 graphs_evicted=1 process_rss=1799671808 cgroup_memory_current=2716196864 cgroup_memory_peak=4651859968
02:24:27.381 PASS accelerator_demo_modeling_lane_witnesses (/home/briansrls/.worktrees/gunbc/valiant-deer-205/dag/test/claim/accelerator_demo_model_witness_test.dag leg=InterpretedLeg) 0.8ms
[floor-drain] schedule-retention: entry='/home/briansrls/.worktrees/gunbc/valiant-deer-205/dag/test/claim/accelerator_demo_model_witness_test.dag' evicted_modules=5 evicted_graph=1 schedule_evictions=21 graph_evictions=3 retention_unknown=0 typed_cache=62 resolved_graphs=2
[floor-drain] group=3/50 typed_cache=62(-4) parse_cache=62(-4) resolved_memo=2(+0) intern_table=80274(+0) evictions=0 peak_rss=1799671808
[p1-cohort] entry=3/50 name='/home/briansrls/.worktrees/gunbc/valiant-deer-205/dag/test/claim/accelerator_demo_model_witness_test.dag' wall_ms=1175 resolve_ms=1090 eval_ms=0 schedule_cache_hit=0 resolved_graph_hit=0 modules_evicted=5 graphs_evicted=1 process_rss=1799671808 cgroup_memory_current=2715918336 cgroup_memory_peak=4651859968
02:24:28.494 PASS iam_external_source_denies (/home/briansrls/.worktrees/gunbc/valiant-deer-205/dag/test/claim/access_iam_validation_test.dag leg=InterpretedLeg) 0.2ms
02:24:28.494 PASS iam_internal_prefix_mfa_permits (/home/briansrls/.worktrees/gunbc/valiant-deer-205/dag/test/claim/access_iam_validation_test.dag leg=InterpretedLeg) 0.1ms
02:24:28.494 PASS iam_no_mfa_denies (/home/briansrls/.worktrees/gunbc/valiant-deer-205/dag/test/claim/access_iam_validation_test.dag leg=InterpretedLeg) 0.1ms
02:24:28.495 PASS iam_wrong_prefix_denies (/home/briansrls/.worktrees/gunbc/valiant-deer-205/dag/test/claim/access_iam_validation_test.dag leg=InterpretedLeg) 0.1ms
[floor-drain] schedule-retention: entry='/home/briansrls/.worktrees/gunbc/valiant-deer-205/dag/test/claim/access_iam_validation_test.dag' evicted_modules=1 evicted_graph=1 schedule_evictions=22 graph_evictions=4 retention_unknown=0 typed_cache=67 resolved_graphs=2
[floor-drain] group=4/50 typed_cache=67(+5) parse_cache=67(+5) resolved_memo=2(+0) intern_table=80274(+0) evictions=0 peak_rss=1799675904
[p1-cohort] entry=4/50 name='/home/briansrls/.worktrees/gunbc/valiant-deer-205/dag/test/claim/access_iam_validation_test.dag' wall_ms=1040 resolve_ms=1030 eval_ms=0 schedule_cache_hit=0 resolved_graph_hit=0 modules_evicted=1 graphs_evicted=1 process_rss=1799675904 cgroup_memory_current=2715885568 cgroup_memory_peak=4651859968
02:24:29.596 PASS bmc_least_privilege_via_rbac_holds (/home/briansrls/.worktrees/gunbc/valiant-deer-205/dag/test/claim/access_layer_extension_witness_test.dag leg=InterpretedLeg) 0.5ms
02:24:29.596 PASS posix_root_identification_holds (/home/briansrls/.worktrees/gunbc/valiant-deer-205/dag/test/claim/access_layer_extension_witness_test.dag leg=InterpretedLeg) 0.0ms
[floor-drain] schedule-retention: entry='/home/briansrls/.worktrees/gunbc/valiant-deer-205/dag/test/claim/access_layer_extension_witness_test.dag' evicted_modules=2 evicted_graph=1 schedule_evictions=24 graph_evictions=5 retention_unknown=0 typed_cache=74 resolved_graphs=2
[floor-drain] group=5/50 typed_cache=74(+7) parse_cache=74(+7) resolved_memo=2(+0) intern_table=80274(+0) evictions=0 peak_rss=1799675904
[p1-cohort] entry=5/50 name='/home/briansrls/.worktrees/gunbc/valiant-deer-205/dag/test/claim/access_layer_extension_witness_test.dag' wall_ms=1100 resolve_ms=1091 eval_ms=0 schedule_cache_hit=0 resolved_graph_hit=0 modules_evicted=2 graphs_evicted=1 process_rss=1799675904 cgroup_memory_current=2717966336 cgroup_memory_peak=4651859968
02:24:30.647 PASS auth_deficit_failure_classifies_interactive_upsert (/home/briansrls/.worktrees/gunbc/valiant-deer-205/dag/test/claim/access_token_ensure_witness_test.dag leg=InterpretedLeg) 0.4ms
02:24:30.647 PASS empty_stderr_failure_classifies_refuse_not_upsert (/home/briansrls/.worktrees/gunbc/valiant-deer-205/dag/test/claim/access_token_ensure_witness_test.dag leg=InterpretedLeg) 0.3ms
02:24:30.647 PASS infrastructure_failure_classifies_refuse_not_upsert (/home/briansrls/.worktrees/gunbc/valiant-deer-205/dag/test/claim/access_token_ensure_witness_test.dag leg=InterpretedLeg) 0.2ms
02:24:30.647 PASS successful_print_classifies_ready (/home/briansrls/.worktrees/gunbc/valiant-deer-205/dag/test/claim/access_token_ensure_witness_test.dag leg=InterpretedLeg) 0.1ms
[floor-drain] schedule-retention: entry='/home/briansrls/.worktrees/gunbc/valiant-deer-205/dag/test/claim/access_token_ensure_witness_test.dag' evicted_modules=1 evicted_graph=1 schedule_evictions=25 graph_evictions=6 retention_unknown=0 typed_cache=82 resolved_graphs=2
[floor-drain] group=6/50 typed_cache=82(+8) parse_cache=82(+8) resolved_memo=2(+0) intern_table=80274(+0) evictions=0 peak_rss=1799675904
[p1-cohort] entry=6/50 name='/home/briansrls/.worktrees/gunbc/valiant-deer-205/dag/test/claim/access_token_ensure_witness_test.dag' wall_ms=1051 resolve_ms=1041 eval_ms=0 schedule_cache_hit=0 resolved_graph_hit=0 modules_evicted=1 graphs_evicted=1 process_rss=1799675904 cgroup_memory_current=2715844608 cgroup_memory_peak=4651859968
02:24:31.524 PASS posix_group_can_read (/home/briansrls/.worktrees/gunbc/valiant-deer-205/dag/test/claim/access_validation_test.dag leg=InterpretedLeg) 0.1ms
02:24:31.524 PASS posix_other_cannot_read (/home/briansrls/.worktrees/gunbc/valiant-deer-205/dag/test/claim/access_validation_test.dag leg=InterpretedLeg) 0.1ms
02:24:31.524 PASS posix_owner_can_read (/home/briansrls/.worktrees/gunbc/valiant-deer-205/dag/test/claim/access_validation_test.dag leg=InterpretedLeg) 0.0ms
02:24:31.525 PASS posix_owner_cannot_execute (/home/briansrls/.worktrees/gunbc/valiant-deer-205/dag/test/claim/access_validation_test.dag leg=InterpretedLeg) 0.1ms
02:24:31.525 PASS rbac_editor_can_write (/home/briansrls/.worktrees/gunbc/valiant-deer-205/dag/test/claim/access_validation_test.dag leg=InterpretedLeg) 0.2ms
02:24:31.525 PASS rbac_viewer_can_read (/home/briansrls/.worktrees/gunbc/valiant-deer-205/dag/test/claim/access_validation_test.dag leg=InterpretedLeg) 0.1ms
02:24:31.525 PASS rbac_viewer_cannot_write (/home/briansrls/.worktrees/gunbc/valiant-deer-205/dag/test/claim/access_validation_test.dag leg=InterpretedLeg) 0.1ms
[floor-drain] schedule-retention: entry='/home/briansrls/.worktrees/gunbc/valiant-deer-205/dag/test/claim/access_validation_test.dag' evicted_modules=2 evicted_graph=1 schedule_evictions=27 graph_evictions=7 retention_unknown=0 typed_cache=81 resolved_graphs=2
[floor-drain] group=7/50 typed_cache=81(-1) parse_cache=81(-1) resolved_memo=2(+0) intern_table=80274(+0) evictions=0 peak_rss=1799675904
[p1-cohort] entry=7/50 name='/home/briansrls/.worktrees/gunbc/valiant-deer-205/dag/test/claim/access_validation_test.dag' wall_ms=928 resolve_ms=869 eval_ms=0 schedule_cache_hit=0 resolved_graph_hit=0 modules_evicted=2 graphs_evicted=1 process_rss=1799675904 cgroup_memory_current=2716037120 cgroup_memory_peak=4651859968
02:24:32.497 PASS w_exact_fraction_is_authority_and_floor_is_lossy (/home/briansrls/.worktrees/gunbc/valiant-deer-205/dag/test/claim/acquisition_mechanism_witness_test.dag leg=InterpretedLeg) 0.3ms
02:24:32.497 PASS w_red_empty_funnel_refuses (/home/briansrls/.worktrees/gunbc/valiant-deer-205/dag/test/claim/acquisition_mechanism_witness_test.dag leg=InterpretedLeg) 0.1ms
02:24:32.497 PASS w_red_first_invalid_stage_wins (/home/briansrls/.worktrees/gunbc/valiant-deer-205/dag/test/claim/acquisition_mechanism_witness_test.dag leg=InterpretedLeg) 0.1ms
02:24:32.497 PASS w_red_floor_projection_refuses_hand_built_zero_converted_forecast (/home/briansrls/.worktrees/gunbc/valiant-deer-205/dag/test/claim/acquisition_mechanism_witness_test.dag leg=InterpretedLeg) 0.0ms
02:24:32.497 PASS w_red_rate_above_unity_refuses_naming_the_stage (/home/briansrls/.worktrees/gunbc/valiant-deer-205/dag/test/claim/acquisition_mechanism_witness_test.dag leg=InterpretedLeg) 0.1ms
02:24:32.497 PASS w_red_unknown_scenario_refuses (/home/briansrls/.worktrees/gunbc/valiant-deer-205/dag/test/claim/acquisition_mechanism_witness_test.dag leg=InterpretedLeg) 0.0ms
02:24:32.498 PASS w_red_zero_cohort_refuses_naming_the_stage (/home/briansrls/.worktrees/gunbc/valiant-deer-205/dag/test/claim/acquisition_mechanism_witness_test.dag leg=InterpretedLeg) 0.1ms
02:24:32.498 PASS w_red_zero_entry_unit_cost_refuses (/home/briansrls/.worktrees/gunbc/valiant-deer-205/dag/test/claim/acquisition_mechanism_witness_test.dag leg=InterpretedLeg) 0.1ms
02:24:32.498 PASS w_red_zero_numerator_refuses_naming_the_stage (/home/briansrls/.worktrees/gunbc/valiant-deer-205/dag/test/claim/acquisition_mechanism_witness_test.dag leg=InterpretedLeg) 0.1ms
02:24:32.498 PASS w_two_step_funnel_composes_exact_fraction_and_cost (/home/briansrls/.worktrees/gunbc/valiant-deer-205/dag/test/claim/acquisition_mechanism_witness_test.dag leg=InterpretedLeg) 0.1ms
[floor-drain] schedule-retention: entry='/home/briansrls/.worktrees/gunbc/valiant-deer-205/dag/test/claim/acquisition_mechanism_witness_test.dag' evicted_modules=2 evicted_graph=1 schedule_evictions=29 graph_evictions=8 retention_unknown=0 typed_cache=81 resolved_graphs=2
[floor-drain] group=8/50 typed_cache=81(+0) parse_cache=81(+0) resolved_memo=2(+0) intern_table=80274(+0) evictions=0 peak_rss=1799675904
[p1-cohort] entry=8/50 name='/home/briansrls/.worktrees/gunbc/valiant-deer-205/dag/test/claim/acquisition_mechanism_witness_test.dag' wall_ms=973 resolve_ms=912 eval_ms=1 schedule_cache_hit=0 resolved_graph_hit=0 modules_evicted=2 graphs_evicted=1 process_rss=1799675904 cgroup_memory_current=2715906048 cgroup_memory_peak=4651859968
02:24:33.484 PASS w_google_billable_unit_catalog_is_total_and_wire_labeled (/home/briansrls/.worktrees/gunbc/valiant-deer-205/dag/test/claim/advertising_interface_witness_test.dag leg=InterpretedLeg) 0.1ms
02:24:33.484 PASS w_google_media_rate_is_auction_determined_with_mechanism_citation (/home/briansrls/.worktrees/gunbc/valiant-deer-205/dag/test/claim/advertising_interface_witness_test.dag leg=InterpretedLeg) 0.0ms
02:24:33.484 PASS w_google_strategy_roster_is_the_verbatim_thirteen (/home/briansrls/.worktrees/gunbc/valiant-deer-205/dag/test/claim/advertising_interface_witness_test.dag leg=InterpretedLeg) 0.0ms
02:24:33.485 PASS w_meta_bid_strategy_catalog_is_total_with_verbatim_wire_values (/home/briansrls/.worktrees/gunbc/valiant-deer-205/dag/test/claim/advertising_interface_witness_test.dag leg=InterpretedLeg) 0.1ms
02:24:33.485 PASS w_meta_billing_event_catalog_is_total_with_verbatim_wire_values (/home/briansrls/.worktrees/gunbc/valiant-deer-205/dag/test/claim/advertising_interface_witness_test.dag leg=InterpretedLeg) 0.2ms
02:24:33.485 PASS w_meta_media_rate_is_auction_determined (/home/briansrls/.worktrees/gunbc/valiant-deer-205/dag/test/claim/advertising_interface_witness_test.dag leg=InterpretedLeg) 0.0ms
02:24:33.485 PASS w_meta_optimization_goal_axis_is_distinct_and_transcribed (/home/briansrls/.worktrees/gunbc/valiant-deer-205/dag/test/claim/advertising_interface_witness_test.dag leg=InterpretedLeg) 0.1ms
02:24:33.485 PASS w_red_answer_arm_and_ignorance_arm_stay_distinct (/home/briansrls/.worktrees/gunbc/valiant-deer-205/dag/test/claim/advertising_interface_witness_test.dag leg=InterpretedLeg) 0.0ms
02:24:33.485 PASS w_red_meta_minimum_budget_rate_refuses_with_cause (/home/briansrls/.worktrees/gunbc/valiant-deer-205/dag/test/claim/advertising_interface_witness_test.dag leg=InterpretedLeg) 0.0ms
[floor-drain] schedule-retention: entry='/home/briansrls/.worktrees/gunbc/valiant-deer-205/dag/test/claim/advertising_interface_witness_test.dag' evicted_modules=7 evicted_graph=1 schedule_evictions=36 graph_evictions=9 retention_unknown=0 typed_cache=81 resolved_graphs=2
[floor-drain] group=9/50 typed_cache=81(+0) parse_cache=81(+0) resolved_memo=2(+0) intern_table=80274(+0) evictions=0 peak_rss=1799675904
[p1-cohort] entry=9/50 name='/home/briansrls/.worktrees/gunbc/valiant-deer-205/dag/test/claim/advertising_interface_witness_test.dag' wall_ms=987 resolve_ms=925 eval_ms=0 schedule_cache_hit=0 resolved_graph_hit=0 modules_evicted=7 graphs_evicted=1 process_rss=1799675904 cgroup_memory_current=2716176384 cgroup_memory_peak=4651859968
02:24:35.284 PASS census_closure_frontier_rows_count_is_twenty_one (/home/briansrls/.worktrees/gunbc/valiant-deer-205/dag/test/claim/annotation_carrier_witness_test.dag leg=InterpretedLeg) 4.5ms
02:24:35.285 PASS census_closure_frontier_rows_well_formed (/home/briansrls/.worktrees/gunbc/valiant-deer-205/dag/test/claim/annotation_carrier_witness_test.dag leg=InterpretedLeg) 0.4ms
02:24:35.285 PASS frontier_expiry_fired_row_still_present_reds (/home/briansrls/.worktrees/gunbc/valiant-deer-205/dag/test/claim/annotation_carrier_witness_test.dag leg=InterpretedLeg) 0.6ms
02:24:35.286 PASS frontier_expiry_fired_trigger_absent_from_rows_is_clean (/home/briansrls/.worktrees/gunbc/valiant-deer-205/dag/test/claim/annotation_carrier_witness_test.dag leg=InterpretedLeg) 0.6ms
02:24:35.286 PASS frontier_expiry_fold_reports_all_unfired_when_no_fired_registry (/home/briansrls/.worktrees/gunbc/valiant-deer-205/dag/test/claim/annotation_carrier_witness_test.dag leg=InterpretedLeg) 0.3ms
[floor-drain] schedule-retention: entry='/home/briansrls/.worktrees/gunbc/valiant-deer-205/dag/test/claim/annotation_carrier_witness_test.dag' evicted_modules=18 evicted_graph=1 schedule_evictions=54 graph_evictions=10 retention_unknown=0 typed_cache=101 resolved_graphs=2
[floor-drain] group=10/50 typed_cache=101(+20) parse_cache=101(+20) resolved_memo=2(+0) intern_table=80274(+0) evictions=0 peak_rss=1799675904
[p1-cohort] entry=10/50 name='/home/briansrls/.worktrees/gunbc/valiant-deer-205/dag/test/claim/annotation_carrier_witness_test.dag' wall_ms=1768 resolve_ms=1728 eval_ms=6 schedule_cache_hit=0 resolved_graph_hit=0 modules_evicted=18 graphs_evicted=1 process_rss=1799675904 cgroup_memory_current=2717057024 cgroup_memory_peak=4651859968
02:24:48.269 PASS anomaly_absent_reason_phrase_has_one_spelling (/home/briansrls/.worktrees/gunbc/valiant-deer-205/dag/test/claim/anomaly_evidence_witness_test.dag leg=InterpretedLeg) 69.4ms
02:24:48.269 PASS anomaly_cleanup_refusal_reaches_the_surface (/home/briansrls/.worktrees/gunbc/valiant-deer-205/dag/test/claim/anomaly_evidence_witness_test.dag leg=InterpretedLeg) 0.1ms
02:24:48.269 PASS anomaly_dispatch_answer_reaches_the_surface (/home/briansrls/.worktrees/gunbc/valiant-deer-205/dag/test/claim/anomaly_evidence_witness_test.dag leg=InterpretedLeg) 0.0ms
02:24:48.269 PASS anomaly_instance_label_keeps_both_halves (/home/briansrls/.worktrees/gunbc/valiant-deer-205/dag/test/claim/anomaly_evidence_witness_test.dag leg=InterpretedLeg) 0.0ms
02:24:48.269 PASS anomaly_producer_red_on_surface_without_callers (/home/briansrls/.worktrees/gunbc/valiant-deer-205/dag/test/claim/anomaly_evidence_witness_test.dag leg=InterpretedLeg) 0.1ms
02:24:48.269 PASS anomaly_reason_empty_text_removes_the_line (/home/briansrls/.worktrees/gunbc/valiant-deer-205/dag/test/claim/anomaly_evidence_witness_test.dag leg=InterpretedLeg) 0.0ms
02:24:48.269 PASS anomaly_reason_is_a_surface (/home/briansrls/.worktrees/gunbc/valiant-deer-205/dag/test/claim/anomaly_evidence_witness_test.dag leg=InterpretedLeg) 0.1ms
02:24:48.269 PASS anomaly_reason_red_on_title_only (/home/briansrls/.worktrees/gunbc/valiant-deer-205/dag/test/claim/anomaly_evidence_witness_test.dag leg=InterpretedLeg) 0.0ms
02:24:48.355 PASS anomaly_reason_surface_is_styled (/home/briansrls/.worktrees/gunbc/valiant-deer-205/dag/test/claim/anomaly_evidence_witness_test.dag leg=InterpretedLeg) 85.6ms
02:24:48.355 PASS anomaly_stage_accessible_name_keeps_label_and_state (/home/briansrls/.worktrees/gunbc/valiant-deer-205/dag/test/claim/anomaly_evidence_witness_test.dag leg=InterpretedLeg) 0.0ms
02:24:48.355 PASS anomaly_title_stays_a_convenience (/home/briansrls/.worktrees/gunbc/valiant-deer-205/dag/test/claim/anomaly_evidence_witness_test.dag leg=InterpretedLeg) 0.1ms
02:24:48.355 PASS anomaly_unreadable_answer_does_not_name_the_network (/home/briansrls/.worktrees/gunbc/valiant-deer-205/dag/test/claim/anomaly_evidence_witness_test.dag leg=InterpretedLeg) 0.0ms
02:24:48.355 PASS anomaly_unreadable_answer_reaches_the_surface (/home/briansrls/.worktrees/gunbc/valiant-deer-205/dag/test/claim/anomaly_evidence_witness_test.dag leg=InterpretedLeg) 0.1ms
02:24:48.355 PASS anomaly_workflow_refusal_reason_survives_concatenation (/home/briansrls/.worktrees/gunbc/valiant-deer-205/dag/test/claim/anomaly_evidence_witness_test.dag leg=InterpretedLeg) 0.0ms
02:24:48.355 PASS anomaly_workflow_segment_falls_closed_on_empty_detail (/home/briansrls/.worktrees/gunbc/valiant-deer-205/dag/test/claim/anomaly_evidence_witness_test.dag leg=InterpretedLeg) 0.0ms
02:24:48.355 PASS anomaly_workflow_segment_reaches_the_surface (/home/briansrls/.worktrees/gunbc/valiant-deer-205/dag/test/claim/anomaly_evidence_witness_test.dag leg=InterpretedLeg) 0.0ms
[floor-drain] schedule-retention: entry='/home/briansrls/.worktrees/gunbc/valiant-deer-205/dag/test/claim/anomaly_evidence_witness_test.dag' evicted_modules=1 evicted_graph=1 schedule_evictions=55 graph_evictions=11 retention_unknown=0 typed_cache=255 resolved_graphs=2
[floor-drain] group=11/50 typed_cache=255(+154) parse_cache=252(+151) resolved_memo=2(+0) intern_table=80274(+0) evictions=0 peak_rss=2427908096
[p1-cohort] entry=11/50 name='/home/briansrls/.worktrees/gunbc/valiant-deer-205/dag/test/claim/anomaly_evidence_witness_test.dag' wall_ms=13131 resolve_ms=12843 eval_ms=155 schedule_cache_hit=0 resolved_graph_hit=0 modules_evicted=1 graphs_evicted=1 process_rss=2427908096 cgroup_memory_current=3345248256 cgroup_memory_peak=4651859968
02:24:49.436 PASS shell_quote_apostrophe_render_reopens_single_quote_context (/home/briansrls/.worktrees/gunbc/valiant-deer-205/dag/test/claim/argv_command_render_witness_test.dag leg=InterpretedLeg) 0.1ms
02:24:49.436 PASS shell_quote_escapes_embedded_apostrophe (/home/briansrls/.worktrees/gunbc/valiant-deer-205/dag/test/claim/argv_command_render_witness_test.dag leg=InterpretedLeg) 0.0ms
02:24:49.436 PASS shell_quote_plain_args_single_quoted (/home/briansrls/.worktrees/gunbc/valiant-deer-205/dag/test/claim/argv_command_render_witness_test.dag leg=InterpretedLeg) 0.0ms
[floor-drain] schedule-retention: entry='/home/briansrls/.worktrees/gunbc/valiant-deer-205/dag/test/claim/argv_command_render_witness_test.dag' evicted_modules=1 evicted_graph=1 schedule_evictions=56 graph_evictions=12 retention_unknown=0 typed_cache=256 resolved_graphs=2
[floor-drain] group=12/50 typed_cache=256(+1) parse_cache=253(+1) resolved_memo=2(+0) intern_table=80274(+0) evictions=0 peak_rss=2427908096
[p1-cohort] entry=12/50 name='/home/briansrls/.worktrees/gunbc/valiant-deer-205/dag/test/claim/argv_command_render_witness_test.dag' wall_ms=991 resolve_ms=984 eval_ms=0 schedule_cache_hit=0 resolved_graph_hit=0 modules_evicted=1 graphs_evicted=1 process_rss=2427908096 cgroup_memory_current=3345260544 cgroup_memory_peak=4651859968
02:24:50.519 PASS artifact_store_scratch_grant_admits_gunbc_tmp_holds (/home/briansrls/.worktrees/gunbc/valiant-deer-205/dag/test/claim/artifact_store_scratch_grant_witness_test.dag leg=InterpretedLeg) 0.9ms
02:24:50.519 PASS artifact_store_scratch_grant_refusal_is_located (/home/briansrls/.worktrees/gunbc/valiant-deer-205/dag/test/claim/artifact_store_scratch_grant_witness_test.dag leg=InterpretedLeg) 0.3ms
02:24:50.519 PASS artifact_store_scratch_grant_refuses_gunbc_prefix_without_separator_holds (/home/briansrls/.worktrees/gunbc/valiant-deer-205/dag/test/claim/artifact_store_scratch_grant_witness_test.dag leg=InterpretedLeg) 0.2ms
02:24:50.519 PASS artifact_store_scratch_grant_refuses_non_gunbc_tmp_holds (/home/briansrls/.worktrees/gunbc/valiant-deer-205/dag/test/claim/artifact_store_scratch_grant_witness_test.dag leg=InterpretedLeg) 0.2ms
02:24:50.520 PASS artifact_store_scratch_grant_refuses_repo_tree_holds (/home/briansrls/.worktrees/gunbc/valiant-deer-205/dag/test/claim/artifact_store_scratch_grant_witness_test.dag leg=InterpretedLeg) 0.1ms
[floor-drain] schedule-retention: entry='/home/briansrls/.worktrees/gunbc/valiant-deer-205/dag/test/claim/artifact_store_scratch_grant_witness_test.dag' evicted_modules=3 evicted_graph=1 schedule_evictions=59 graph_evictions=13 retention_unknown=0 typed_cache=256 resolved_graphs=2
[floor-drain] group=13/50 typed_cache=256(+0) parse_cache=253(+0) resolved_memo=2(+0) intern_table=80274(+0) evictions=0 peak_rss=2434539520
[p1-cohort] entry=13/50 name='/home/briansrls/.worktrees/gunbc/valiant-deer-205/dag/test/claim/artifact_store_scratch_grant_witness_test.dag' wall_ms=1153 resolve_ms=1072 eval_ms=1 schedule_cache_hit=0 resolved_graph_hit=0 modules_evicted=3 graphs_evicted=1 process_rss=2434539520 cgroup_memory_current=3351814144 cgroup_memory_peak=4651859968
02:24:51.763 PASS derived_aggregate_matches_legacy_aggregate_for_unchanged_build (/home/briansrls/.worktrees/gunbc/valiant-deer-205/dag/test/claim/artifact_store_witness_test.dag leg=InterpretedLeg) 0.4ms
02:24:51.765 PASS native_realization_environment_change_cold_rebuild_holds (/home/briansrls/.worktrees/gunbc/valiant-deer-205/dag/test/claim/artifact_store_witness_test.dag leg=InterpretedLeg) 1.1ms
02:24:51.766 PASS native_realization_toolchain_change_cold_rebuild_holds (/home/briansrls/.worktrees/gunbc/valiant-deer-205/dag/test/claim/artifact_store_witness_test.dag leg=InterpretedLeg) 1.1ms
02:24:51.766 PASS observed_tool_identity_missing_and_duplicate_refuse (/home/briansrls/.worktrees/gunbc/valiant-deer-205/dag/test/claim/artifact_store_witness_test.dag leg=InterpretedLeg) 0.2ms
02:24:51.767 PASS resolved_build_context_identity_refuses_sha256_observed_tool (/home/briansrls/.worktrees/gunbc/valiant-deer-205/dag/test/claim/artifact_store_witness_test.dag leg=InterpretedLeg) 0.6ms
02:24:51.768 PASS store_budget_evicts_least_recent_counted_holds (/home/briansrls/.worktrees/gunbc/valiant-deer-205/dag/test/claim/artifact_store_witness_test.dag leg=InterpretedLeg) 1.3ms
02:24:51.768 PASS store_construction_reads_eviction_holds (/home/briansrls/.worktrees/gunbc/valiant-deer-205/dag/test/claim/artifact_store_witness_test.dag leg=InterpretedLeg) 0.1ms
02:24:51.768 PASS store_hit_and_stale_never_served_holds (/home/briansrls/.worktrees/gunbc/valiant-deer-205/dag/test/claim/artifact_store_witness_test.dag leg=InterpretedLeg) 0.4ms
02:24:51.769 PASS store_no_eviction_under_budget_holds (/home/briansrls/.worktrees/gunbc/valiant-deer-205/dag/test/claim/artifact_store_witness_test.dag leg=InterpretedLeg) 0.2ms
02:24:51.769 PASS store_put_artifact_exactly_at_budget_is_admitted_holds (/home/briansrls/.worktrees/gunbc/valiant-deer-205/dag/test/claim/artifact_store_witness_test.dag leg=InterpretedLeg) 0.2ms
02:24:51.769 PASS store_put_oversized_artifact_does_not_fit_holds (/home/briansrls/.worktrees/gunbc/valiant-deer-205/dag/test/claim/artifact_store_witness_test.dag leg=InterpretedLeg) 0.2ms
02:24:51.769 PASS store_put_oversized_artifact_never_evicts_itself_holds (/home/briansrls/.worktrees/gunbc/valiant-deer-205/dag/test/claim/artifact_store_witness_test.dag leg=InterpretedLeg) 0.2ms
02:24:51.770 PASS store_put_oversized_artifact_preserves_warm_rows_holds (/home/briansrls/.worktrees/gunbc/valiant-deer-205/dag/test/claim/artifact_store_witness_test.dag leg=InterpretedLeg) 0.4ms
[floor-drain] schedule-retention: entry='/home/briansrls/.worktrees/gunbc/valiant-deer-205/dag/test/claim/artifact_store_witness_test.dag' evicted_modules=1 evicted_graph=1 schedule_evictions=60 graph_evictions=14 retention_unknown=0 typed_cache=258 resolved_graphs=2
[floor-drain] group=14/50 typed_cache=258(+2) parse_cache=255(+2) resolved_memo=2(+0) intern_table=80274(+0) evictions=0 peak_rss=2440097792
[p1-cohort] entry=14/50 name='/home/briansrls/.worktrees/gunbc/valiant-deer-205/dag/test/claim/artifact_store_witness_test.dag' wall_ms=1187 resolve_ms=1161 eval_ms=6 schedule_cache_hit=0 resolved_graph_hit=0 modules_evicted=1 graphs_evicted=1 process_rss=2440097792 cgroup_memory_current=3357573120 cgroup_memory_peak=4651859968
02:24:52.840 PASS live_probe_firmware_matches_shipped_catalog_row (/home/briansrls/.worktrees/gunbc/valiant-deer-205/dag/test/claim/asrock_live_probe_witness_test.dag leg=InterpretedLeg) 0.1ms
02:24:52.842 PASS live_probe_redfish_virtual_media_absent_matches_catalog (/home/briansrls/.worktrees/gunbc/valiant-deer-205/dag/test/claim/asrock_live_probe_witness_test.dag leg=InterpretedLeg) 1.2ms
02:24:52.843 PASS live_probe_rows_cover_vm_and_nbd_get_surfaces (/home/briansrls/.worktrees/gunbc/valiant-deer-205/dag/test/claim/asrock_live_probe_witness_test.dag leg=InterpretedLeg) 0.9ms
02:24:52.843 PASS shipped_row_nbd_proxy_capability_requires_ws_dry_run_receipt (/home/briansrls/.worktrees/gunbc/valiant-deer-205/dag/test/claim/asrock_live_probe_witness_test.dag leg=InterpretedLeg) 0.0ms
02:24:52.843 PASS srv3_live_bmc_host_is_grounded (/home/briansrls/.worktrees/gunbc/valiant-deer-205/dag/test/claim/asrock_live_probe_witness_test.dag leg=InterpretedLeg) 0.0ms
[floor-drain] schedule-retention: entry='/home/briansrls/.worktrees/gunbc/valiant-deer-205/dag/test/claim/asrock_live_probe_witness_test.dag' evicted_modules=1 evicted_graph=1 schedule_evictions=61 graph_evictions=15 retention_unknown=0 typed_cache=262 resolved_graphs=2
[floor-drain] group=15/50 typed_cache=262(+4) parse_cache=259(+4) resolved_memo=2(+0) intern_table=80274(+0) evictions=0 peak_rss=2494459904
[p1-cohort] entry=15/50 name='/home/briansrls/.worktrees/gunbc/valiant-deer-205/dag/test/claim/asrock_live_probe_witness_test.dag' wall_ms=1064 resolve_ms=1051 eval_ms=2 schedule_cache_hit=0 resolved_graph_hit=0 modules_evicted=1 graphs_evicted=1 process_rss=2494459904 cgroup_memory_current=3411836928 cgroup_memory_peak=4651859968
02:24:53.819 PASS base64_decode_accepts_unpadded_holds (/home/briansrls/.worktrees/gunbc/valiant-deer-205/dag/test/claim/base64_rfc4648_witness_test.dag leg=InterpretedLeg) 0.7ms
02:24:53.820 PASS base64_decode_rejects_cross_variant_char_holds (/home/briansrls/.worktrees/gunbc/valiant-deer-205/dag/test/claim/base64_rfc4648_witness_test.dag leg=InterpretedLeg) 0.1ms
02:24:53.820 PASS base64_decode_rejects_interior_pad_holds (/home/briansrls/.worktrees/gunbc/valiant-deer-205/dag/test/claim/base64_rfc4648_witness_test.dag leg=InterpretedLeg) 0.1ms
02:24:53.820 PASS base64_decode_rejects_invalid_char_holds (/home/briansrls/.worktrees/gunbc/valiant-deer-205/dag/test/claim/base64_rfc4648_witness_test.dag leg=InterpretedLeg) 0.1ms
02:24:53.820 PASS base64_decode_rejects_lone_sextet_holds (/home/briansrls/.worktrees/gunbc/valiant-deer-205/dag/test/claim/base64_rfc4648_witness_test.dag leg=InterpretedLeg) 0.2ms
02:24:53.821 PASS base64_octet_roundtrip_holds (/home/briansrls/.worktrees/gunbc/valiant-deer-205/dag/test/claim/base64_rfc4648_witness_test.dag leg=InterpretedLeg) 0.7ms
02:24:53.821 PASS base64_rfc4648_golden_vectors_holds (/home/briansrls/.worktrees/gunbc/valiant-deer-205/dag/test/claim/base64_rfc4648_witness_test.dag leg=InterpretedLeg) 0.4ms
02:24:53.822 PASS base64url_alphabet_golden_holds (/home/briansrls/.worktrees/gunbc/valiant-deer-205/dag/test/claim/base64_rfc4648_witness_test.dag leg=InterpretedLeg) 0.2ms
02:24:53.822 PASS base64url_roundtrip_holds (/home/briansrls/.worktrees/gunbc/valiant-deer-205/dag/test/claim/base64_rfc4648_witness_test.dag leg=InterpretedLeg) 0.3ms
02:24:53.822 PASS bytes_octets_iso_holds (/home/briansrls/.worktrees/gunbc/valiant-deer-205/dag/test/claim/base64_rfc4648_witness_test.dag leg=InterpretedLeg) 0.0ms
02:24:53.822 PASS utf8_total_direction_holds (/home/briansrls/.worktrees/gunbc/valiant-deer-205/dag/test/claim/base64_rfc4648_witness_test.dag leg=InterpretedLeg) 0.0ms
[floor-drain] schedule-retention: entry='/home/briansrls/.worktrees/gunbc/valiant-deer-205/dag/test/claim/base64_rfc4648_witness_test.dag' evicted_modules=1 evicted_graph=1 schedule_evictions=62 graph_evictions=16 retention_unknown=0 typed_cache=262 resolved_graphs=2
[floor-drain] group=16/50 typed_cache=262(+0) parse_cache=259(+0) resolved_memo=2(+0) intern_table=80274(+0) evictions=0 peak_rss=2547367936
[p1-cohort] entry=16/50 name='/home/briansrls/.worktrees/gunbc/valiant-deer-205/dag/test/claim/base64_rfc4648_witness_test.dag' wall_ms=1036 resolve_ms=966 eval_ms=3 schedule_cache_hit=0 resolved_graph_hit=0 modules_evicted=1 graphs_evicted=1 process_rss=2547367936 cgroup_memory_current=3465035776 cgroup_memory_peak=4651859968
02:24:54.883 PASS factory_published_password_promotes_to_basic_auth_secret (/home/briansrls/.worktrees/gunbc/valiant-deer-205/dag/test/claim/bmc_auth_runtime_secret_seam_test.dag leg=InterpretedLeg) 0.3ms
02:24:54.884 PASS gcp_access_payload_produces_basic_auth_secret (/home/briansrls/.worktrees/gunbc/valiant-deer-205/dag/test/claim/bmc_auth_runtime_secret_seam_test.dag leg=InterpretedLeg) 0.2ms
[floor-drain] schedule-retention: entry='/home/briansrls/.worktrees/gunbc/valiant-deer-205/dag/test/claim/bmc_auth_runtime_secret_seam_test.dag' evicted_modules=1 evicted_graph=1 schedule_evictions=63 graph_evictions=17 retention_unknown=0 typed_cache=266 resolved_graphs=2
[floor-drain] group=17/50 typed_cache=266(+4) parse_cache=263(+4) resolved_memo=2(+0) intern_table=80274(+0) evictions=0 peak_rss=2549989376
[p1-cohort] entry=17/50 name='/home/briansrls/.worktrees/gunbc/valiant-deer-205/dag/test/claim/bmc_auth_runtime_secret_seam_test.dag' wall_ms=1001 resolve_ms=993 eval_ms=0 schedule_cache_hit=0 resolved_graph_hit=0 modules_evicted=1 graphs_evicted=1 process_rss=2549989376 cgroup_memory_current=3467673600 cgroup_memory_peak=4651859968
02:24:58.509 PASS bootstrap_apis_derive_from_service_deps (/home/briansrls/.worktrees/gunbc/valiant-deer-205/dag/test/claim/bmc_bootstrap_provision_witness_test.dag leg=InterpretedLeg) 0.3ms
02:24:58.509 PASS bootstrap_bindings_exclude_broad_roles (/home/briansrls/.worktrees/gunbc/valiant-deer-205/dag/test/claim/bmc_bootstrap_provision_witness_test.dag leg=InterpretedLeg) 0.1ms
02:24:58.510 PASS bootstrap_bindings_least_privilege (/home/briansrls/.worktrees/gunbc/valiant-deer-205/dag/test/claim/bmc_bootstrap_provision_witness_test.dag leg=InterpretedLeg) 0.2ms
02:24:58.510 PASS bootstrap_enables_only_required_apis (/home/briansrls/.worktrees/gunbc/valiant-deer-205/dag/test/claim/bmc_bootstrap_provision_witness_test.dag leg=InterpretedLeg) 0.1ms
[floor-drain] schedule-retention: entry='/home/briansrls/.worktrees/gunbc/valiant-deer-205/dag/test/claim/bmc_bootstrap_provision_witness_test.dag' evicted_modules=4 evicted_graph=1 schedule_evictions=67 graph_evictions=18 retention_unknown=0 typed_cache=301 resolved_graphs=2
[floor-drain] group=18/50 typed_cache=301(+35) parse_cache=298(+35) resolved_memo=2(+0) intern_table=80274(+0) evictions=0 peak_rss=2756497408
[p1-cohort] entry=18/50 name='/home/briansrls/.worktrees/gunbc/valiant-deer-205/dag/test/claim/bmc_bootstrap_provision_witness_test.dag' wall_ms=3669 resolve_ms=3594 eval_ms=0 schedule_cache_hit=0 resolved_graph_hit=0 modules_evicted=4 graphs_evicted=1 process_rss=2756497408 cgroup_memory_current=3674443776 cgroup_memory_peak=4651859968
02:24:59.610 PASS altrad8ud_firmware_catalog_is_board_grounded (/home/briansrls/.worktrees/gunbc/valiant-deer-205/dag/test/claim/bmc_capability_solve_witness_test.dag leg=InterpretedLeg) 0.4ms
02:24:59.610 PASS catalog_has_no_redfish_vm_capable_firmware_today (/home/briansrls/.worktrees/gunbc/valiant-deer-205/dag/test/claim/bmc_capability_solve_witness_test.dag leg=InterpretedLeg) 0.0ms
02:24:59.610 PASS firmware_intent_match_crosses_as_typed_disposition (/home/briansrls/.worktrees/gunbc/valiant-deer-205/dag/test/claim/bmc_capability_solve_witness_test.dag leg=InterpretedLeg) 0.2ms
02:24:59.611 PASS firmware_wire_version_is_parsed_before_track_matching (/home/briansrls/.worktrees/gunbc/valiant-deer-205/dag/test/claim/bmc_capability_solve_witness_test.dag leg=InterpretedLeg) 0.2ms
02:24:59.611 PASS nbd_proxy_vm_capable_row_solves (/home/briansrls/.worktrees/gunbc/valiant-deer-205/dag/test/claim/bmc_capability_solve_witness_test.dag leg=InterpretedLeg) 0.1ms
02:24:59.611 PASS node_with_virtual_media_solves_direct (/home/briansrls/.worktrees/gunbc/valiant-deer-205/dag/test/claim/bmc_capability_solve_witness_test.dag leg=InterpretedLeg) 0.1ms
02:24:59.611 PASS redfish_vm_preferred_over_nbd_proxy (/home/briansrls/.worktrees/gunbc/valiant-deer-205/dag/test/claim/bmc_capability_solve_witness_test.dag leg=InterpretedLeg) 0.1ms
02:24:59.611 PASS srv3_capabilities_are_grounded (/home/briansrls/.worktrees/gunbc/valiant-deer-205/dag/test/claim/bmc_capability_solve_witness_test.dag leg=InterpretedLeg) 0.1ms
02:24:59.611 PASS srv3_install_mechanism_is_nbd_proxy_after_dry_run (/home/briansrls/.worktrees/gunbc/valiant-deer-205/dag/test/claim/bmc_capability_solve_witness_test.dag leg=InterpretedLeg) 0.0ms
02:24:59.611 PASS update_only_row_without_vm_catalog_falls_to_pxe (/home/briansrls/.worktrees/gunbc/valiant-deer-205/dag/test/claim/bmc_capability_solve_witness_test.dag leg=InterpretedLeg) 0.1ms
02:24:59.611 PASS vm_capable_firmware_row_flips_to_update_path (/home/briansrls/.worktrees/gunbc/valiant-deer-205/dag/test/claim/bmc_capability_solve_witness_test.dag leg=InterpretedLeg) 0.2ms
[floor-drain] schedule-retention: entry='/home/briansrls/.worktrees/gunbc/valiant-deer-205/dag/test/claim/bmc_capability_solve_witness_test.dag' evicted_modules=1 evicted_graph=1 schedule_evictions=68 graph_evictions=19 retention_unknown=0 typed_cache=302 resolved_graphs=2
[floor-drain] group=19/50 typed_cache=302(+1) parse_cache=299(+1) resolved_memo=2(+0) intern_table=80274(+0) evictions=0 peak_rss=2756497408
[p1-cohort] entry=19/50 name='/home/briansrls/.worktrees/gunbc/valiant-deer-205/dag/test/claim/bmc_capability_solve_witness_test.dag' wall_ms=1060 resolve_ms=1044 eval_ms=1 schedule_cache_hit=0 resolved_graph_hit=0 modules_evicted=1 graphs_evicted=1 process_rss=2756497408 cgroup_memory_current=3674447872 cgroup_memory_peak=4651859968
02:25:00.659 PASS bmc_factory_credential_holds (/home/briansrls/.worktrees/gunbc/valiant-deer-205/dag/test/claim/bmc_factory_credential_witness_test.dag leg=InterpretedLeg) 0.2ms
[floor-drain] schedule-retention: entry='/home/briansrls/.worktrees/gunbc/valiant-deer-205/dag/test/claim/bmc_factory_credential_witness_test.dag' evicted_modules=1 evicted_graph=1 schedule_evictions=69 graph_evictions=20 retention_unknown=0 typed_cache=302 resolved_graphs=2
[floor-drain] group=20/50 typed_cache=302(+0) parse_cache=299(+0) resolved_memo=2(+0) intern_table=80274(+0) evictions=0 peak_rss=2809524224
[p1-cohort] entry=20/50 name='/home/briansrls/.worktrees/gunbc/valiant-deer-205/dag/test/claim/bmc_factory_credential_witness_test.dag' wall_ms=1104 resolve_ms=1032 eval_ms=0 schedule_cache_hit=0 resolved_graph_hit=0 modules_evicted=1 graphs_evicted=1 process_rss=2809524224 cgroup_memory_current=3728437248 cgroup_memory_peak=4651859968
02:25:03.382 PASS backup_manifest_identity_is_derived_from_every_manifest_field (/home/briansrls/.worktrees/gunbc/valiant-deer-205/dag/test/claim/bmc_fan_converge_witness_test.dag leg=InterpretedLeg) 12.3ms
02:25:03.383 PASS bounded_monitoring_completion_carries_the_admitted_bound (/home/briansrls/.worktrees/gunbc/valiant-deer-205/dag/test/claim/bmc_fan_converge_witness_test.dag leg=InterpretedLeg) 1.0ms
02:25:03.384 PASS delayed_temperature_rise_is_seen_inside_the_bounded_window (/home/briansrls/.worktrees/gunbc/valiant-deer-205/dag/test/claim/bmc_fan_converge_witness_test.dag leg=InterpretedLeg) 0.2ms
02:25:03.384 PASS digest_mismatched_backup_manifest_is_not_admitted (/home/briansrls/.worktrees/gunbc/valiant-deer-205/dag/test/claim/bmc_fan_converge_witness_test.dag leg=InterpretedLeg) 0.1ms
02:25:03.384 PASS duty_curve_cannot_fall_after_reaching_emergency_full_duty (/home/briansrls/.worktrees/gunbc/valiant-deer-205/dag/test/claim/bmc_fan_converge_witness_test.dag leg=InterpretedLeg) 0.3ms
02:25:03.384 PASS empty_monitoring_window_cannot_claim_completion (/home/briansrls/.worktrees/gunbc/valiant-deer-205/dag/test/claim/bmc_fan_converge_witness_test.dag leg=InterpretedLeg) 0.1ms
02:25:03.384 PASS identical_bmc_on_wrong_endpoint_is_not_exact_target (/home/briansrls/.worktrees/gunbc/valiant-deer-205/dag/test/claim/bmc_fan_converge_witness_test.dag leg=InterpretedLeg) 0.0ms
02:25:03.384 PASS one_late_sample_cannot_claim_monitoring_coverage (/home/briansrls/.worktrees/gunbc/valiant-deer-205/dag/test/claim/bmc_fan_converge_witness_test.dag leg=InterpretedLeg) 0.1ms
02:25:03.384 PASS semantically_equal_but_digest_different_config_is_not_live_exact (/home/briansrls/.worktrees/gunbc/valiant-deer-205/dag/test/claim/bmc_fan_converge_witness_test.dag leg=InterpretedLeg) 0.0ms
02:25:03.384 PASS short_monitoring_window_cannot_claim_completion (/home/briansrls/.worktrees/gunbc/valiant-deer-205/dag/test/claim/bmc_fan_converge_witness_test.dag leg=InterpretedLeg) 0.2ms
02:25:03.385 PASS stale_backup_manifest_generation_is_not_admitted (/home/briansrls/.worktrees/gunbc/valiant-deer-205/dag/test/claim/bmc_fan_converge_witness_test.dag leg=InterpretedLeg) 0.1ms
02:25:03.385 PASS sub_threshold_tach_is_a_discriminating_refusal (/home/briansrls/.worktrees/gunbc/valiant-deer-205/dag/test/claim/bmc_fan_converge_witness_test.dag leg=InterpretedLeg) 0.2ms
02:25:03.385 PASS successful_effect_survives_cleanup_failure_as_cleanup_debt (/home/briansrls/.worktrees/gunbc/valiant-deer-205/dag/test/claim/bmc_fan_converge_witness_test.dag leg=InterpretedLeg) 0.1ms
02:25:03.385 PASS threshold_satisfied_tach_is_not_refused (/home/briansrls/.worktrees/gunbc/valiant-deer-205/dag/test/claim/bmc_fan_converge_witness_test.dag leg=InterpretedLeg) 0.1ms
[floor-drain] schedule-retention: entry='/home/briansrls/.worktrees/gunbc/valiant-deer-205/dag/test/claim/bmc_fan_converge_witness_test.dag' evicted_modules=3 evicted_graph=1 schedule_evictions=72 graph_evictions=21 retention_unknown=0 typed_cache=318 resolved_graphs=2
[floor-drain] group=21/50 typed_cache=318(+16) parse_cache=315(+16) resolved_memo=2(+0) intern_table=80274(+0) evictions=0 peak_rss=2898235392
[p1-cohort] entry=21/50 name='/home/briansrls/.worktrees/gunbc/valiant-deer-205/dag/test/claim/bmc_fan_converge_witness_test.dag' wall_ms=2698 resolve_ms=2628 eval_ms=14 schedule_cache_hit=0 resolved_graph_hit=0 modules_evicted=3 graphs_evicted=1 process_rss=2898235392 cgroup_memory_current=3816665088 cgroup_memory_peak=4651859968
02:25:05.007 PASS absent_projected_digest_admitted_config_digest_is_unavailable (/home/briansrls/.worktrees/gunbc/valiant-deer-205/dag/test/claim/bmc_firmware_thermal_witness_test.dag leg=InterpretedLeg) 0.2ms
02:25:05.009 PASS approved_exact_firmware_artifact_builds_a_typed_srv3_update_plan (/home/briansrls/.worktrees/gunbc/valiant-deer-205/dag/test/claim/bmc_firmware_thermal_witness_test.dag leg=InterpretedLeg) 1.8ms
02:25:05.009 PASS bmc_fan_durability_refusal_reason_surfaces_generation_mismatch (/home/briansrls/.worktrees/gunbc/valiant-deer-205/dag/test/claim/bmc_firmware_thermal_witness_test.dag leg=InterpretedLeg) 0.1ms
02:25:05.009 PASS both_observed_thermal_query_shapes_are_complete (/home/briansrls/.worktrees/gunbc/valiant-deer-205/dag/test/claim/bmc_firmware_thermal_witness_test.dag leg=InterpretedLeg) 0.1ms
02:25:05.010 PASS both_update_services_are_observed_but_neither_exposes_a_backup_bmc_image (/home/briansrls/.worktrees/gunbc/valiant-deer-205/dag/test/claim/bmc_firmware_thermal_witness_test.dag leg=InterpretedLeg) 0.1ms
02:25:05.013 PASS converged_curve_and_installed_tach_topology_are_noop (/home/briansrls/.worktrees/gunbc/valiant-deer-205/dag/test/claim/bmc_firmware_thermal_witness_test.dag leg=InterpretedLeg) 3.4ms
02:25:05.013 PASS converged_srv4_curve_without_topology_projection_refuses_noop (/home/briansrls/.worktrees/gunbc/valiant-deer-205/dag/test/claim/bmc_firmware_thermal_witness_test.dag leg=InterpretedLeg) 0.1ms
02:25:05.014 PASS desired_curve_with_stale_uninstalled_fan_input_still_builds_apply_plan (/home/briansrls/.worktrees/gunbc/valiant-deer-205/dag/test/claim/bmc_firmware_thermal_witness_test.dag leg=InterpretedLeg) 0.4ms
02:25:05.014 PASS drifted_policy_applies_without_prior_durability_evidence (/home/briansrls/.worktrees/gunbc/valiant-deer-205/dag/test/claim/bmc_firmware_thermal_witness_test.dag leg=InterpretedLeg) 0.4ms
02:25:05.014 PASS drifted_srv4_curve_builds_typed_overlay_plan_only_with_exact_projection_and_persistence (/home/briansrls/.worktrees/gunbc/valiant-deer-205/dag/test/claim/bmc_firmware_thermal_witness_test.dag leg=InterpretedLeg) 0.4ms
02:25:05.015 PASS duplicate_srv4_durability_receipts_refuse_instead_of_first_wins (/home/briansrls/.worktrees/gunbc/valiant-deer-205/dag/test/claim/bmc_firmware_thermal_witness_test.dag leg=InterpretedLeg) 0.5ms
02:25:05.015 PASS every_metal_host_uses_the_single_global_bmc_valid_state (/home/briansrls/.worktrees/gunbc/valiant-deer-205/dag/test/claim/bmc_firmware_thermal_witness_test.dag leg=InterpretedLeg) 0.4ms
02:25:05.016 PASS firmware_classification_reuses_upsert_states_and_refuses_unapproved_update (/home/briansrls/.worktrees/gunbc/valiant-deer-205/dag/test/claim/bmc_firmware_thermal_witness_test.dag leg=InterpretedLeg) 0.3ms
02:25:05.016 PASS firmware_versions_share_curve_but_not_controller_shape (/home/briansrls/.worktrees/gunbc/valiant-deer-205/dag/test/claim/bmc_firmware_thermal_witness_test.dag leg=InterpretedLeg) 0.3ms
02:25:05.017 PASS fleet_curve_engages_cooling_early_and_reaches_full_before_continuous_limit (/home/briansrls/.worktrees/gunbc/valiant-deer-205/dag/test/claim/bmc_firmware_thermal_witness_test.dag leg=InterpretedLeg) 1.4ms
02:25:05.017 PASS fleet_quiet_curve_admits_srv4_active_config_digest (/home/briansrls/.worktrees/gunbc/valiant-deer-205/dag/test/claim/bmc_firmware_thermal_witness_test.dag leg=InterpretedLeg) 0.1ms
02:25:05.018 PASS fleet_quiet_projected_config_digest_hex_authority_executes (/home/briansrls/.worktrees/gunbc/valiant-deer-205/dag/test/claim/bmc_firmware_thermal_witness_test.dag leg=InterpretedLeg) 0.2ms
02:25:05.018 PASS fleet_quiet_projected_config_digest_sha256_equality_executes (/home/briansrls/.worktrees/gunbc/valiant-deer-205/dag/test/claim/bmc_firmware_thermal_witness_test.dag leg=InterpretedLeg) 0.1ms
02:25:05.018 PASS fleet_quiet_temp_soc_curve_matches_projected_config_content_identity (/home/briansrls/.worktrees/gunbc/valiant-deer-205/dag/test/claim/bmc_firmware_thermal_witness_test.dag leg=InterpretedLeg) 0.0ms
02:25:05.018 PASS heterogeneous_firmware_satisfies_unpinned_intent_and_pinned_detects_mismatch (/home/briansrls/.worktrees/gunbc/valiant-deer-205/dag/test/claim/bmc_firmware_thermal_witness_test.dag leg=InterpretedLeg) 0.1ms
02:25:05.018 PASS linux_synchronized_publication_admits_commit_barrier (/home/briansrls/.worktrees/gunbc/valiant-deer-205/dag/test/claim/bmc_firmware_thermal_witness_test.dag leg=InterpretedLeg) 0.0ms
02:25:05.018 PASS linux_unsynchronized_publication_refuses_commit_barrier (/home/briansrls/.worktrees/gunbc/valiant-deer-205/dag/test/claim/bmc_firmware_thermal_witness_test.dag leg=InterpretedLeg) 0.0ms
02:25:05.018 PASS non_fleet_curve_admitted_config_digest_is_unavailable (/home/briansrls/.worktrees/gunbc/valiant-deer-205/dag/test/claim/bmc_firmware_thermal_witness_test.dag leg=InterpretedLeg) 0.0ms
02:25:05.018 PASS non_fleet_quiet_curve_projected_config_digest_is_unavailable (/home/briansrls/.worktrees/gunbc/valiant-deer-205/dag/test/claim/bmc_firmware_thermal_witness_test.dag leg=InterpretedLeg) 0.1ms
02:25:05.019 PASS projection_firmware_mismatch_refuses_a_322_projection_on_a_306_host (/home/briansrls/.worktrees/gunbc/valiant-deer-205/dag/test/claim/bmc_firmware_thermal_witness_test.dag leg=InterpretedLeg) 0.3ms
02:25:05.019 PASS reboot_durability_evidence_refuses_non_positive_interval (/home/briansrls/.worktrees/gunbc/valiant-deer-205/dag/test/claim/bmc_firmware_thermal_witness_test.dag leg=InterpretedLeg) 0.2ms
02:25:05.019 PASS reboot_durability_evidence_refuses_relabeled_perturbation_capability_digest (/home/briansrls/.worktrees/gunbc/valiant-deer-205/dag/test/claim/bmc_firmware_thermal_witness_test.dag leg=InterpretedLeg) 0.6ms
02:25:05.020 PASS redfish_surface_difference_is_observed_not_inferred (/home/briansrls/.worktrees/gunbc/valiant-deer-205/dag/test/claim/bmc_firmware_thermal_witness_test.dag leg=InterpretedLeg) 0.1ms
02:25:05.020 PASS relabeled_reboot_construction_refusal_propagates_through_classification (/home/briansrls/.worktrees/gunbc/valiant-deer-205/dag/test/claim/bmc_firmware_thermal_witness_test.dag leg=InterpretedLeg) 0.4ms
02:25:05.020 PASS semantically_converged_live_digest_mismatch_refuses_noop (/home/briansrls/.worktrees/gunbc/valiant-deer-205/dag/test/claim/bmc_firmware_thermal_witness_test.dag leg=InterpretedLeg) 0.4ms
02:25:05.020 PASS sensor_unavailable_uses_same_duty_but_retains_cause (/home/briansrls/.worktrees/gunbc/valiant-deer-205/dag/test/claim/bmc_firmware_thermal_witness_test.dag leg=InterpretedLeg) 0.1ms
02:25:05.021 PASS sensors_http_success_alone_is_incomplete_red_control (/home/briansrls/.worktrees/gunbc/valiant-deer-205/dag/test/claim/bmc_firmware_thermal_witness_test.dag leg=InterpretedLeg) 0.0ms
02:25:05.021 PASS srv3_fan_realization_refuses_without_a_modeled_projection (/home/briansrls/.worktrees/gunbc/valiant-deer-205/dag/test/claim/bmc_firmware_thermal_witness_test.dag leg=InterpretedLeg) 0.2ms
02:25:05.021 PASS srv4_bmc_reboot_persistence_receipt_proves_same_config_and_noop (/home/briansrls/.worktrees/gunbc/valiant-deer-205/dag/test/claim/bmc_firmware_thermal_witness_test.dag leg=InterpretedLeg) 0.5ms
02:25:05.021 PASS srv4_converged_observation_matches_projection_derived_digest (/home/briansrls/.worktrees/gunbc/valiant-deer-205/dag/test/claim/bmc_firmware_thermal_witness_test.dag leg=InterpretedLeg) 0.0ms
02:25:05.021 PASS srv4_durability_admission_binds_projection_derived_digest (/home/briansrls/.worktrees/gunbc/valiant-deer-205/dag/test/claim/bmc_firmware_thermal_witness_test.dag leg=InterpretedLeg) 0.1ms
02:25:05.021 PASS srv4_durability_gate_preserves_typed_linkage_refusal_verdict (/home/briansrls/.worktrees/gunbc/valiant-deer-205/dag/test/claim/bmc_firmware_thermal_witness_test.dag leg=InterpretedLeg) 0.1ms
02:25:05.022 PASS srv4_fixture_durability_evidence_is_constructed_not_relabelled (/home/briansrls/.worktrees/gunbc/valiant-deer-205/dag/test/claim/bmc_firmware_thermal_witness_test.dag leg=InterpretedLeg) 0.0ms
02:25:05.022 PASS srv4_flash_overlay_is_observed_writable_and_live_overridden (/home/briansrls/.worktrees/gunbc/valiant-deer-205/dag/test/claim/bmc_firmware_thermal_witness_test.dag leg=InterpretedLeg) 0.1ms
02:25:05.022 PASS srv4_live_receipt_is_converged_quiet_and_failsafe_clear (/home/briansrls/.worktrees/gunbc/valiant-deer-205/dag/test/claim/bmc_firmware_thermal_witness_test.dag leg=InterpretedLeg) 0.0ms
02:25:05.022 PASS srv4_receipt_cannot_qualify_a_later_perturbation_generation (/home/briansrls/.worktrees/gunbc/valiant-deer-205/dag/test/claim/bmc_firmware_thermal_witness_test.dag leg=InterpretedLeg) 0.5ms
02:25:05.023 PASS temp_soc_curve_explains_the_audible_step (/home/briansrls/.worktrees/gunbc/valiant-deer-205/dag/test/claim/bmc_firmware_thermal_witness_test.dag leg=InterpretedLeg) 0.4ms
[floor-drain] schedule-retention: entry='/home/briansrls/.worktrees/gunbc/valiant-deer-205/dag/test/claim/bmc_firmware_thermal_witness_test.dag' evicted_modules=2 evicted_graph=1 schedule_evictions=74 graph_evictions=22 retention_unknown=0 typed_cache=317 resolved_graphs=2
[floor-drain] group=22/50 typed_cache=317(-1) parse_cache=314(-1) resolved_memo=2(+0) intern_table=80274(+0) evictions=0 peak_rss=2943299584
[p1-cohort] entry=22/50 name='/home/briansrls/.worktrees/gunbc/valiant-deer-205/dag/test/claim/bmc_firmware_thermal_witness_test.dag' wall_ms=1702 resolve_ms=1569 eval_ms=14 schedule_cache_hit=0 resolved_graph_hit=0 modules_evicted=2 graphs_evicted=1 process_rss=2943299584 cgroup_memory_current=3861716992 cgroup_memory_peak=4651859968
02:25:06.400 PASS convergence_receipt_binds_host_realizer_readback_and_live_health (/home/briansrls/.worktrees/gunbc/valiant-deer-205/dag/test/claim/bmc_live_receipts_witness_test.dag leg=InterpretedLeg) 1.5ms
02:25:06.401 PASS duty_curve_cannot_fall_after_reaching_full_duty (/home/briansrls/.worktrees/gunbc/valiant-deer-205/dag/test/claim/bmc_live_receipts_witness_test.dag leg=InterpretedLeg) 0.3ms
02:25:06.401 PASS fan_curve_refuses_duty_above_full (/home/briansrls/.worktrees/gunbc/valiant-deer-205/dag/test/claim/bmc_live_receipts_witness_test.dag leg=InterpretedLeg) 0.1ms
02:25:06.401 PASS fan_curve_refuses_minimum_above_first_step (/home/briansrls/.worktrees/gunbc/valiant-deer-205/dag/test/claim/bmc_live_receipts_witness_test.dag leg=InterpretedLeg) 0.1ms
02:25:06.401 PASS firmware_and_redfish_surfaces_are_literal_versioned_observations (/home/briansrls/.worktrees/gunbc/valiant-deer-205/dag/test/claim/bmc_live_receipts_witness_test.dag leg=InterpretedLeg) 0.1ms
02:25:06.401 PASS observed_fan_curve_is_validated_before_use (/home/briansrls/.worktrees/gunbc/valiant-deer-205/dag/test/claim/bmc_live_receipts_witness_test.dag leg=InterpretedLeg) 0.2ms
02:25:06.402 PASS overlay_receipt_records_literal_mount_and_write_facts_only (/home/briansrls/.worktrees/gunbc/valiant-deer-205/dag/test/claim/bmc_live_receipts_witness_test.dag leg=InterpretedLeg) 0.2ms
02:25:06.406 PASS proc_mounts_parser_decodes_kernel_mount_escapes (/home/briansrls/.worktrees/gunbc/valiant-deer-205/dag/test/claim/bmc_live_receipts_witness_test.dag leg=InterpretedLeg) 4.6ms
02:25:06.409 PASS proc_mounts_parser_derives_literal_overlay_paths (/home/briansrls/.worktrees/gunbc/valiant-deer-205/dag/test/claim/bmc_live_receipts_witness_test.dag leg=InterpretedLeg) 3.0ms
02:25:06.413 PASS proc_mounts_parser_refuses_multi_lower_overlay (/home/briansrls/.worktrees/gunbc/valiant-deer-205/dag/test/claim/bmc_live_receipts_witness_test.dag leg=InterpretedLeg) 3.6ms
02:25:06.414 PASS proc_mounts_parser_refuses_relative_overlay_paths (/home/briansrls/.worktrees/gunbc/valiant-deer-205/dag/test/claim/bmc_live_receipts_witness_test.dag leg=InterpretedLeg) 1.4ms
02:25:06.415 PASS restart_receipt_binds_one_literal_perturbation_generation_and_readback (/home/briansrls/.worktrees/gunbc/valiant-deer-205/dag/test/claim/bmc_live_receipts_witness_test.dag leg=InterpretedLeg) 0.7ms
02:25:06.415 PASS update_surface_receipts_do_not_claim_an_available_backup_image (/home/briansrls/.worktrees/gunbc/valiant-deer-205/dag/test/claim/bmc_live_receipts_witness_test.dag leg=InterpretedLeg) 0.1ms
[floor-drain] schedule-retention: entry='/home/briansrls/.worktrees/gunbc/valiant-deer-205/dag/test/claim/bmc_live_receipts_witness_test.dag' evicted_modules=4 evicted_graph=1 schedule_evictions=78 graph_evictions=23 retention_unknown=0 typed_cache=314 resolved_graphs=2
[floor-drain] group=23/50 typed_cache=314(-3) parse_cache=311(-3) resolved_memo=2(+0) intern_table=80274(+0) evictions=0 peak_rss=2943303680
[p1-cohort] entry=23/50 name='/home/briansrls/.worktrees/gunbc/valiant-deer-205/dag/test/claim/bmc_live_receipts_witness_test.dag' wall_ms=1382 resolve_ms=1257 eval_ms=15 schedule_cache_hit=0 resolved_graph_hit=0 modules_evicted=4 graphs_evicted=1 process_rss=2943303680 cgroup_memory_current=3861987328 cgroup_memory_peak=4651859968
02:25:08.081 PASS serve_command_one_shape_two_transports (/home/briansrls/.worktrees/gunbc/valiant-deer-205/dag/test/claim/bmc_netboot_serve_witness_test.dag leg=InterpretedLeg) 1.2ms
02:25:08.085 PASS srv4_bmc_served_seed_carries_fleet_keys (/home/briansrls/.worktrees/gunbc/valiant-deer-205/dag/test/claim/bmc_netboot_serve_witness_test.dag leg=InterpretedLeg) 3.8ms
02:25:08.086 PASS srv4_grub_cfg_boots_mirror_bulk_with_bmc_seed (/home/briansrls/.worktrees/gunbc/valiant-deer-205/dag/test/claim/bmc_netboot_serve_witness_test.dag leg=InterpretedLeg) 1.2ms
02:25:08.087 PASS srv4_http_boot_entry_targets_bmc (/home/briansrls/.worktrees/gunbc/valiant-deer-205/dag/test/claim/bmc_netboot_serve_witness_test.dag leg=InterpretedLeg) 0.3ms
02:25:08.087 PASS srv4_scp_put_never_carries_a_second_forked_posture (/home/briansrls/.worktrees/gunbc/valiant-deer-205/dag/test/claim/bmc_netboot_serve_witness_test.dag leg=InterpretedLeg) 0.5ms
02:25:08.088 PASS srv4_scp_put_uses_shared_ssh_posture_not_a_fork (/home/briansrls/.worktrees/gunbc/valiant-deer-205/dag/test/claim/bmc_netboot_serve_witness_test.dag leg=InterpretedLeg) 0.5ms
02:25:08.090 PASS srv4_staging_manifest_stages_rendered_grub_and_seed (/home/briansrls/.worktrees/gunbc/valiant-deer-205/dag/test/claim/bmc_netboot_serve_witness_test.dag leg=InterpretedLeg) 2.2ms
[floor-drain] schedule-retention: entry='/home/briansrls/.worktrees/gunbc/valiant-deer-205/dag/test/claim/bmc_netboot_serve_witness_test.dag' evicted_modules=1 evicted_graph=1 schedule_evictions=79 graph_evictions=24 retention_unknown=0 typed_cache=328 resolved_graphs=2
[floor-drain] group=24/50 typed_cache=328(+14) parse_cache=325(+14) resolved_memo=2(+0) intern_table=80274(+0) evictions=0 peak_rss=2943303680
[p1-cohort] entry=24/50 name='/home/briansrls/.worktrees/gunbc/valiant-deer-205/dag/test/claim/bmc_netboot_serve_witness_test.dag' wall_ms=1594 resolve_ms=1552 eval_ms=9 schedule_cache_hit=0 resolved_graph_hit=0 modules_evicted=1 graphs_evicted=1 process_rss=2943303680 cgroup_memory_current=3861803008 cgroup_memory_peak=4651859968
02:25:09.498 PASS srv4_shell_boot_sequence_direct_kernel (/home/briansrls/.worktrees/gunbc/valiant-deer-205/dag/test/claim/bmc_netboot_shell_boot_witness_test.dag leg=InterpretedLeg) 1.3ms
02:25:09.499 PASS srv4_tftpd_serve_command_grounded (/home/briansrls/.worktrees/gunbc/valiant-deer-205/dag/test/claim/bmc_netboot_shell_boot_witness_test.dag leg=InterpretedLeg) 0.2ms
[floor-drain] schedule-retention: entry='/home/briansrls/.worktrees/gunbc/valiant-deer-205/dag/test/claim/bmc_netboot_shell_boot_witness_test.dag' evicted_modules=7 evicted_graph=1 schedule_evictions=86 graph_evictions=25 retention_unknown=0 typed_cache=324 resolved_graphs=2
[floor-drain] group=25/50 typed_cache=324(-4) parse_cache=321(-4) resolved_memo=2(+0) intern_table=80274(+0) evictions=0 peak_rss=3008028672
[p1-cohort] entry=25/50 name='/home/briansrls/.worktrees/gunbc/valiant-deer-205/dag/test/claim/bmc_netboot_shell_boot_witness_test.dag' wall_ms=1491 resolve_ms=1375 eval_ms=1 schedule_cache_hit=0 resolved_graph_hit=0 modules_evicted=7 graphs_evicted=1 process_rss=3008028672 cgroup_memory_current=3926777856 cgroup_memory_peak=4651859968
02:25:10.885 PASS account_password_body_shape_holds (/home/briansrls/.worktrees/gunbc/valiant-deer-205/dag/test/claim/bmc_onboard_body_witness_test.dag leg=InterpretedLeg) 0.4ms
02:25:10.885 PASS boot_override_body_shape_holds (/home/briansrls/.worktrees/gunbc/valiant-deer-205/dag/test/claim/bmc_onboard_body_witness_test.dag leg=InterpretedLeg) 0.7ms
02:25:10.885 PASS gcp_secret_full_name_shape_holds (/home/briansrls/.worktrees/gunbc/valiant-deer-205/dag/test/claim/bmc_onboard_body_witness_test.dag leg=InterpretedLeg) 0.0ms
02:25:10.885 PASS netrc_content_shape_holds (/home/briansrls/.worktrees/gunbc/valiant-deer-205/dag/test/claim/bmc_onboard_body_witness_test.dag leg=InterpretedLeg) 0.1ms
02:25:10.886 PASS reset_body_shape_holds (/home/briansrls/.worktrees/gunbc/valiant-deer-205/dag/test/claim/bmc_onboard_body_witness_test.dag leg=InterpretedLeg) 0.2ms
[floor-drain] schedule-retention: entry='/home/briansrls/.worktrees/gunbc/valiant-deer-205/dag/test/claim/bmc_onboard_body_witness_test.dag' evicted_modules=1 evicted_graph=1 schedule_evictions=87 graph_evictions=26 retention_unknown=0 typed_cache=327 resolved_graphs=2
[floor-drain] group=26/50 typed_cache=327(+3) parse_cache=324(+3) resolved_memo=2(+0) intern_table=80274(+0) evictions=0 peak_rss=3008028672
[p1-cohort] entry=26/50 name='/home/briansrls/.worktrees/gunbc/valiant-deer-205/dag/test/claim/bmc_onboard_body_witness_test.dag' wall_ms=1293 resolve_ms=1269 eval_ms=1 schedule_cache_hit=0 resolved_graph_hit=0 modules_evicted=1 graphs_evicted=1 process_rss=3008028672 cgroup_memory_current=3927207936 cgroup_memory_peak=4651859968
02:25:13.123 PASS bmc_credential_posture_hardens_to_keyless_steady_state (/home/briansrls/.worktrees/gunbc/valiant-deer-205/dag/test/claim/bmc_onboarding_lifecycle_witness_test.dag leg=InterpretedLeg) 0.2ms
02:25:13.123 PASS bmc_decom_does_not_roundtrip_when_inverse_is_wrong (/home/briansrls/.worktrees/gunbc/valiant-deer-205/dag/test/claim/bmc_onboarding_lifecycle_witness_test.dag leg=InterpretedLeg) 0.3ms
02:25:13.123 PASS bmc_decom_is_two_sided_inverse_on_phase_ladder (/home/briansrls/.worktrees/gunbc/valiant-deer-205/dag/test/claim/bmc_onboarding_lifecycle_witness_test.dag leg=InterpretedLeg) 0.2ms
02:25:13.123 PASS bmc_decom_roundtrips_canonical_on_named_quotient (/home/briansrls/.worktrees/gunbc/valiant-deer-205/dag/test/claim/bmc_onboarding_lifecycle_witness_test.dag leg=InterpretedLeg) 0.2ms
02:25:13.124 PASS bmc_lifecycle_fold_is_complete_and_monotone (/home/briansrls/.worktrees/gunbc/valiant-deer-205/dag/test/claim/bmc_onboarding_lifecycle_witness_test.dag leg=InterpretedLeg) 0.3ms
02:25:13.124 PASS bmc_onboard_then_decom_recovers_factory_phase (/home/briansrls/.worktrees/gunbc/valiant-deer-205/dag/test/claim/bmc_onboarding_lifecycle_witness_test.dag leg=InterpretedLeg) 0.1ms
02:25:13.124 PASS bmc_onboarding_lifecycle_is_linear_dag (/home/briansrls/.worktrees/gunbc/valiant-deer-205/dag/test/claim/bmc_onboarding_lifecycle_witness_test.dag leg=InterpretedLeg) 0.1ms
02:25:13.160 PASS bmc_plan_steady_state_is_keyless_wif (/home/briansrls/.worktrees/gunbc/valiant-deer-205/dag/test/claim/bmc_onboarding_lifecycle_witness_test.dag leg=InterpretedLeg) 36.2ms
02:25:13.160 PASS credential_probe_maps_to_correct_phase (/home/briansrls/.worktrees/gunbc/valiant-deer-205/dag/test/claim/bmc_onboarding_lifecycle_witness_test.dag leg=InterpretedLeg) 0.1ms
02:25:13.161 PASS srv3_plan_starts_factory_default_at_192 (/home/briansrls/.worktrees/gunbc/valiant-deer-205/dag/test/claim/bmc_onboarding_lifecycle_witness_test.dag leg=InterpretedLeg) 0.1ms
02:25:13.161 PASS srv4_plan_targets_195_with_srv4_secret (/home/briansrls/.worktrees/gunbc/valiant-deer-205/dag/test/claim/bmc_onboarding_lifecycle_witness_test.dag leg=InterpretedLeg) 0.1ms
[floor-drain] schedule-retention: entry='/home/briansrls/.worktrees/gunbc/valiant-deer-205/dag/test/claim/bmc_onboarding_lifecycle_witness_test.dag' evicted_modules=1 evicted_graph=1 schedule_evictions=88 graph_evictions=27 retention_unknown=0 typed_cache=327 resolved_graphs=2
[floor-drain] group=27/50 typed_cache=327(+0) parse_cache=324(+0) resolved_memo=2(+0) intern_table=80274(+0) evictions=0 peak_rss=3120955392
[p1-cohort] entry=27/50 name='/home/briansrls/.worktrees/gunbc/valiant-deer-205/dag/test/claim/bmc_onboarding_lifecycle_witness_test.dag' wall_ms=2419 resolve_ms=2194 eval_ms=37 schedule_cache_hit=0 resolved_graph_hit=0 modules_evicted=1 graphs_evicted=1 process_rss=3120955392 cgroup_memory_current=4039725056 cgroup_memory_peak=4651859968
02:25:14.355 PASS bmc_redfish_grounding_holds (/home/briansrls/.worktrees/gunbc/valiant-deer-205/dag/test/claim/bmc_redfish_grounding_witness_test.dag leg=InterpretedLeg) 0.6ms
02:25:14.355 PASS bmc_redfish_grounding_power_unread_is_absent (/home/briansrls/.worktrees/gunbc/valiant-deer-205/dag/test/claim/bmc_redfish_grounding_witness_test.dag leg=InterpretedLeg) 0.1ms
02:25:14.355 PASS gibibyte_scale_factor_bytes_matches_memory_table (/home/briansrls/.worktrees/gunbc/valiant-deer-205/dag/test/claim/bmc_redfish_grounding_witness_test.dag leg=InterpretedLeg) 0.0ms
02:25:14.355 PASS memory_scale_factor_bytes_rejects_si_scale (/home/briansrls/.worktrees/gunbc/valiant-deer-205/dag/test/claim/bmc_redfish_grounding_witness_test.dag leg=InterpretedLeg) 0.0ms
[floor-drain] schedule-retention: entry='/home/briansrls/.worktrees/gunbc/valiant-deer-205/dag/test/claim/bmc_redfish_grounding_witness_test.dag' evicted_modules=3 evicted_graph=1 schedule_evictions=91 graph_evictions=28 retention_unknown=0 typed_cache=327 resolved_graphs=2
[floor-drain] group=28/50 typed_cache=327(+0) parse_cache=324(+0) resolved_memo=2(+0) intern_table=80274(+0) evictions=0 peak_rss=3120959488
[p1-cohort] entry=28/50 name='/home/briansrls/.worktrees/gunbc/valiant-deer-205/dag/test/claim/bmc_redfish_grounding_witness_test.dag' wall_ms=1104 resolve_ms=1028 eval_ms=0 schedule_cache_hit=0 resolved_graph_hit=0 modules_evicted=3 graphs_evicted=1 process_rss=3120959488 cgroup_memory_current=4039741440 cgroup_memory_peak=4651859968
02:25:16.547 PASS bmc_allowlist_excludes_lockout_roles (/home/briansrls/.worktrees/gunbc/valiant-deer-205/dag/test/claim/bmc_token_federation_witness_test.dag leg=InterpretedLeg) 0.2ms
02:25:16.547 PASS bmc_assimilator_least_privilege_two_scoped_roles (/home/briansrls/.worktrees/gunbc/valiant-deer-205/dag/test/claim/bmc_token_federation_witness_test.dag leg=InterpretedLeg) 0.2ms
02:25:16.547 PASS bmc_assimilator_roles_within_closed_allowlist (/home/briansrls/.worktrees/gunbc/valiant-deer-205/dag/test/claim/bmc_token_federation_witness_test.dag leg=InterpretedLeg) 0.0ms
02:25:16.582 PASS bmc_smoke_workflow_carries_no_pasted_key (/home/briansrls/.worktrees/gunbc/valiant-deer-205/dag/test/claim/bmc_token_federation_witness_test.dag leg=InterpretedLeg) 34.9ms
02:25:16.582 PASS bmc_smoke_workflow_is_keyless_with_id_token_write (/home/briansrls/.worktrees/gunbc/valiant-deer-205/dag/test/claim/bmc_token_federation_witness_test.dag leg=InterpretedLeg) 0.1ms
02:25:16.583 PASS bmc_wif_principal_set_pins_repo (/home/briansrls/.worktrees/gunbc/valiant-deer-205/dag/test/claim/bmc_token_federation_witness_test.dag leg=InterpretedLeg) 0.1ms
02:25:16.583 PASS bmc_wif_provider_resource_is_well_formed (/home/briansrls/.worktrees/gunbc/valiant-deer-205/dag/test/claim/bmc_token_federation_witness_test.dag leg=InterpretedLeg) 0.0ms
[floor-drain] schedule-retention: entry='/home/briansrls/.worktrees/gunbc/valiant-deer-205/dag/test/claim/bmc_token_federation_witness_test.dag' evicted_modules=1 evicted_graph=1 schedule_evictions=92 graph_evictions=29 retention_unknown=0 typed_cache=327 resolved_graphs=2
[floor-drain] group=29/50 typed_cache=327(+0) parse_cache=324(+0) resolved_memo=2(+0) intern_table=80274(+0) evictions=0 peak_rss=3120959488
[p1-cohort] entry=29/50 name='/home/briansrls/.worktrees/gunbc/valiant-deer-205/dag/test/claim/bmc_token_federation_witness_test.dag' wall_ms=2315 resolve_ms=2095 eval_ms=35 schedule_cache_hit=0 resolved_graph_hit=0 modules_evicted=1 graphs_evicted=1 process_rss=3120959488 cgroup_memory_current=4039753728 cgroup_memory_peak=4651859968
02:25:17.740 PASS disk_usage_transport_becomes_typed_byte_size (/home/briansrls/.worktrees/gunbc/valiant-deer-205/dag/test/claim/bmc_typed_operations_witness_test.dag leg=InterpretedLeg) 0.2ms
02:25:17.740 PASS duplicate_object_mapper_matches_remain_many (/home/briansrls/.worktrees/gunbc/valiant-deer-205/dag/test/claim/bmc_typed_operations_witness_test.dag leg=InterpretedLeg) 0.0ms
02:25:17.740 PASS empty_path_transport_is_refused (/home/briansrls/.worktrees/gunbc/valiant-deer-205/dag/test/claim/bmc_typed_operations_witness_test.dag leg=InterpretedLeg) 0.1ms
02:25:17.740 PASS exit_one_path_probe_with_stderr_is_refused (/home/briansrls/.worktrees/gunbc/valiant-deer-205/dag/test/claim/bmc_typed_operations_witness_test.dag leg=InterpretedLeg) 0.1ms
02:25:17.740 PASS exit_three_service_probe_with_stderr_is_refused (/home/briansrls/.worktrees/gunbc/valiant-deer-205/dag/test/claim/bmc_typed_operations_witness_test.dag leg=InterpretedLeg) 0.1ms
02:25:17.740 PASS exit_zero_service_probe_requires_exact_active_token (/home/briansrls/.worktrees/gunbc/valiant-deer-205/dag/test/claim/bmc_typed_operations_witness_test.dag leg=InterpretedLeg) 0.0ms
02:25:17.740 PASS failed_sensor_projection_cannot_become_absent (/home/briansrls/.worktrees/gunbc/valiant-deer-205/dag/test/claim/bmc_typed_operations_witness_test.dag leg=InterpretedLeg) 0.0ms
02:25:17.740 PASS failed_service_state_is_preserved_in_refusal (/home/briansrls/.worktrees/gunbc/valiant-deer-205/dag/test/claim/bmc_typed_operations_witness_test.dag leg=InterpretedLeg) 0.0ms
02:25:17.740 PASS failed_threshold_transport_cannot_become_threshold_unstated (/home/briansrls/.worktrees/gunbc/valiant-deer-205/dag/test/claim/bmc_typed_operations_witness_test.dag leg=InterpretedLeg) 0.0ms
02:25:17.740 PASS false_path_probe_is_observed_not_transport_refused (/home/briansrls/.worktrees/gunbc/valiant-deer-205/dag/test/claim/bmc_typed_operations_witness_test.dag leg=InterpretedLeg) 0.0ms
02:25:17.740 PASS inactive_service_is_observed_not_transport_refused (/home/briansrls/.worktrees/gunbc/valiant-deer-205/dag/test/claim/bmc_typed_operations_witness_test.dag leg=InterpretedLeg) 0.0ms
02:25:17.741 PASS inconsistent_success_projection_is_refused (/home/briansrls/.worktrees/gunbc/valiant-deer-205/dag/test/claim/bmc_typed_operations_witness_test.dag leg=InterpretedLeg) 0.0ms
02:25:17.741 PASS multiple_nonempty_paths_are_refused (/home/briansrls/.worktrees/gunbc/valiant-deer-205/dag/test/claim/bmc_typed_operations_witness_test.dag leg=InterpretedLeg) 0.1ms
02:25:17.741 PASS nonzero_exit_cannot_become_observed_disk_when_success_flag_is_true (/home/briansrls/.worktrees/gunbc/valiant-deer-205/dag/test/claim/bmc_typed_operations_witness_test.dag leg=InterpretedLeg) 0.0ms
02:25:17.741 PASS nonzero_exit_cannot_become_observed_path_when_success_flag_is_true (/home/briansrls/.worktrees/gunbc/valiant-deer-205/dag/test/claim/bmc_typed_operations_witness_test.dag leg=InterpretedLeg) 0.0ms
02:25:17.741 PASS nonzero_exit_cannot_become_observed_time_when_success_flag_is_true (/home/briansrls/.worktrees/gunbc/valiant-deer-205/dag/test/claim/bmc_typed_operations_witness_test.dag leg=InterpretedLeg) 0.0ms
02:25:17.741 PASS nonzero_exit_cannot_become_observed_zone_when_success_flag_is_true (/home/briansrls/.worktrees/gunbc/valiant-deer-205/dag/test/claim/bmc_typed_operations_witness_test.dag leg=InterpretedLeg) 0.1ms
02:25:17.741 PASS object_mapper_one_cardinality_is_preserved (/home/briansrls/.worktrees/gunbc/valiant-deer-205/dag/test/claim/bmc_typed_operations_witness_test.dag leg=InterpretedLeg) 0.0ms
02:25:17.741 PASS object_mapper_zero_cardinality_is_preserved (/home/briansrls/.worktrees/gunbc/valiant-deer-205/dag/test/claim/bmc_typed_operations_witness_test.dag leg=InterpretedLeg) 0.0ms
02:25:17.741 PASS path_transport_whitespace_becomes_one_typed_path (/home/briansrls/.worktrees/gunbc/valiant-deer-205/dag/test/claim/bmc_typed_operations_witness_test.dag leg=InterpretedLeg) 0.2ms
02:25:17.741 PASS ssh_failure_cannot_masquerade_as_false_path_probe (/home/briansrls/.worktrees/gunbc/valiant-deer-205/dag/test/claim/bmc_typed_operations_witness_test.dag leg=InterpretedLeg) 0.0ms
02:25:17.741 PASS successful_empty_sensor_projection_is_absent (/home/briansrls/.worktrees/gunbc/valiant-deer-205/dag/test/claim/bmc_typed_operations_witness_test.dag leg=InterpretedLeg) 0.0ms
02:25:17.741 PASS tach_at_controller_threshold_is_healthy (/home/briansrls/.worktrees/gunbc/valiant-deer-205/dag/test/claim/bmc_typed_operations_witness_test.dag leg=InterpretedLeg) 0.1ms
02:25:17.741 PASS tach_below_controller_threshold_is_not_healthy (/home/briansrls/.worktrees/gunbc/valiant-deer-205/dag/test/claim/bmc_typed_operations_witness_test.dag leg=InterpretedLeg) 0.1ms
02:25:17.742 PASS tach_health_sensor_accessor_covers_every_arm (/home/briansrls/.worktrees/gunbc/valiant-deer-205/dag/test/claim/bmc_typed_operations_witness_test.dag leg=InterpretedLeg) 0.1ms
02:25:17.742 PASS utc_epoch_seconds_become_epoch_milliseconds (/home/briansrls/.worktrees/gunbc/valiant-deer-205/dag/test/claim/bmc_typed_operations_witness_test.dag leg=InterpretedLeg) 0.1ms
02:25:17.742 PASS wrong_busctl_type_cannot_become_zone_failsafe_bool (/home/briansrls/.worktrees/gunbc/valiant-deer-205/dag/test/claim/bmc_typed_operations_witness_test.dag leg=InterpretedLeg) 0.1ms
02:25:17.742 PASS zone_failsafe_transport_becomes_typed_bool (/home/briansrls/.worktrees/gunbc/valiant-deer-205/dag/test/claim/bmc_typed_operations_witness_test.dag leg=InterpretedLeg) 0.1ms
[floor-drain] schedule-retention: entry='/home/briansrls/.worktrees/gunbc/valiant-deer-205/dag/test/claim/bmc_typed_operations_witness_test.dag' evicted_modules=5 evicted_graph=1 schedule_evictions=97 graph_evictions=30 retention_unknown=0 typed_cache=323 resolved_graphs=2
[floor-drain] group=30/50 typed_cache=323(-4) parse_cache=320(-4) resolved_memo=2(+0) intern_table=80274(+0) evictions=0 peak_rss=3120959488
[p1-cohort] entry=30/50 name='/home/briansrls/.worktrees/gunbc/valiant-deer-205/dag/test/claim/bmc_typed_operations_witness_test.dag' wall_ms=1078 resolve_ms=993 eval_ms=1 schedule_cache_hit=0 resolved_graph_hit=0 modules_evicted=5 graphs_evicted=1 process_rss=3120959488 cgroup_memory_current=4039798784 cgroup_memory_peak=4651859968
02:25:19.061 PASS srv4_gadget_is_readonly_cdrom_on_nbd0 (/home/briansrls/.worktrees/gunbc/valiant-deer-205/dag/test/claim/bmc_virtual_media_witness_test.dag leg=InterpretedLeg) 2.5ms
02:25:19.062 PASS srv4_gadget_ops_are_typed_not_scraped_from_shell (/home/briansrls/.worktrees/gunbc/valiant-deer-205/dag/test/claim/bmc_virtual_media_witness_test.dag leg=InterpretedLeg) 0.5ms
02:25:19.062 PASS srv4_nbd_client_attaches_named_export (/home/briansrls/.worktrees/gunbc/valiant-deer-205/dag/test/claim/bmc_virtual_media_witness_test.dag leg=InterpretedLeg) 0.2ms
02:25:19.062 PASS srv4_nbd_export_read_only_seeded_iso (/home/briansrls/.worktrees/gunbc/valiant-deer-205/dag/test/claim/bmc_virtual_media_witness_test.dag leg=InterpretedLeg) 0.1ms
[floor-drain] schedule-retention: entry='/home/briansrls/.worktrees/gunbc/valiant-deer-205/dag/test/claim/bmc_virtual_media_witness_test.dag' evicted_modules=4 evicted_graph=1 schedule_evictions=101 graph_evictions=31 retention_unknown=0 typed_cache=329 resolved_graphs=2
[floor-drain] group=31/50 typed_cache=329(+6) parse_cache=326(+6) resolved_memo=2(+0) intern_table=80274(+0) evictions=0 peak_rss=3120959488
[p1-cohort] entry=31/50 name='/home/briansrls/.worktrees/gunbc/valiant-deer-205/dag/test/claim/bmc_virtual_media_witness_test.dag' wall_ms=1257 resolve_ms=1228 eval_ms=3 schedule_cache_hit=0 resolved_graph_hit=0 modules_evicted=4 graphs_evicted=1 process_rss=3120959488 cgroup_memory_current=4040024064 cgroup_memory_peak=4651859968
02:25:29.544 PASS bmc_smoke_workflow_scopes_id_token_write_to_its_single_designated_job (/home/briansrls/.worktrees/gunbc/valiant-deer-205/dag/test/claim/bmc_wif_delegation_chain_witness_test.dag leg=InterpretedLeg) 30.8ms
02:25:29.547 PASS bootstrap_grants_zero_bindings_for_bmc_secret (/home/briansrls/.worktrees/gunbc/valiant-deer-205/dag/test/claim/bmc_wif_delegation_chain_witness_test.dag leg=InterpretedLeg) 2.2ms
02:25:29.548 PASS chain_has_four_steps_in_delegation_order (/home/briansrls/.worktrees/gunbc/valiant-deer-205/dag/test/claim/bmc_wif_delegation_chain_witness_test.dag leg=InterpretedLeg) 1.1ms
02:25:29.548 PASS exchange_step_pins_repo_attribute_condition (/home/briansrls/.worktrees/gunbc/valiant-deer-205/dag/test/claim/bmc_wif_delegation_chain_witness_test.dag leg=InterpretedLeg) 0.0ms
02:25:29.548 PASS impersonation_step_targets_the_scoped_assimilator_sa (/home/briansrls/.worktrees/gunbc/valiant-deer-205/dag/test/claim/bmc_wif_delegation_chain_witness_test.dag leg=InterpretedLeg) 0.1ms
02:25:29.548 PASS legacy_binding_is_flagged_out_of_band_and_not_signed_by_this_pr (/home/briansrls/.worktrees/gunbc/valiant-deer-205/dag/test/claim/bmc_wif_delegation_chain_witness_test.dag leg=InterpretedLeg) 0.1ms
02:25:30.223 PASS main_ci_workflow_grants_no_id_token (/home/briansrls/.worktrees/gunbc/valiant-deer-205/dag/test/claim/bmc_wif_delegation_chain_witness_test.dag leg=InterpretedLeg) 674.8ms
02:25:30.224 PASS secret_access_step_targets_canary_not_bmc_secret (/home/briansrls/.worktrees/gunbc/valiant-deer-205/dag/test/claim/bmc_wif_delegation_chain_witness_test.dag leg=InterpretedLeg) 1.1ms
02:25:30.224 PASS secret_ref_login_handler_added_beside_factory_login_not_over_it (/home/briansrls/.worktrees/gunbc/valiant-deer-205/dag/test/claim/bmc_wif_delegation_chain_witness_test.dag leg=InterpretedLeg) 0.0ms
02:25:30.224 PASS secret_refs_are_free_of_credential_shaped_strings (/home/briansrls/.worktrees/gunbc/valiant-deer-205/dag/test/claim/bmc_wif_delegation_chain_witness_test.dag leg=InterpretedLeg) 0.1ms
02:25:30.224 PASS secret_refs_carry_no_hash_material_they_are_pending (/home/briansrls/.worktrees/gunbc/valiant-deer-205/dag/test/claim/bmc_wif_delegation_chain_witness_test.dag leg=InterpretedLeg) 0.0ms
02:25:30.224 PASS srv3_credential_path_is_an_enumerated_option_space_not_a_binding (/home/briansrls/.worktrees/gunbc/valiant-deer-205/dag/test/claim/bmc_wif_delegation_chain_witness_test.dag leg=InterpretedLeg) 0.1ms
02:25:30.225 PASS threat_model_names_both_read_capabilities (/home/briansrls/.worktrees/gunbc/valiant-deer-205/dag/test/claim/bmc_wif_delegation_chain_witness_test.dag leg=InterpretedLeg) 0.1ms
02:25:30.225 PASS unsigned_grant_row_count_matches_zero_derived_bindings (/home/briansrls/.worktrees/gunbc/valiant-deer-205/dag/test/claim/bmc_wif_delegation_chain_witness_test.dag leg=InterpretedLeg) 0.0ms
[floor-drain] schedule-retention: entry='/home/briansrls/.worktrees/gunbc/valiant-deer-205/dag/test/claim/bmc_wif_delegation_chain_witness_test.dag' evicted_modules=1 evicted_graph=1 schedule_evictions=102 graph_evictions=32 retention_unknown=0 typed_cache=496 resolved_graphs=2
[floor-drain] group=32/50 typed_cache=496(+167) parse_cache=493(+167) resolved_memo=2(+0) intern_table=80274(+0) evictions=0 peak_rss=3685371904
[p1-cohort] entry=32/50 name='/home/briansrls/.worktrees/gunbc/valiant-deer-205/dag/test/claim/bmc_wif_delegation_chain_witness_test.dag' wall_ms=11368 resolve_ms=10378 eval_ms=710 schedule_cache_hit=0 resolved_graph_hit=0 modules_evicted=1 graphs_evicted=1 process_rss=3685371904 cgroup_memory_current=4605317120 cgroup_memory_peak=4651859968
02:25:31.471 PASS branded_list_first_content_hash_method_empty (/home/briansrls/.worktrees/gunbc/valiant-deer-205/dag/test/claim/branded_list_first_optional_witness_test.dag leg=InterpretedLeg) 0.0ms
02:25:31.471 PASS branded_list_first_content_hash_method_nonempty (/home/briansrls/.worktrees/gunbc/valiant-deer-205/dag/test/claim/branded_list_first_optional_witness_test.dag leg=InterpretedLeg) 0.4ms
02:25:31.471 PASS branded_list_first_content_hash_pipe_empty (/home/briansrls/.worktrees/gunbc/valiant-deer-205/dag/test/claim/branded_list_first_optional_witness_test.dag leg=InterpretedLeg) 0.0ms
02:25:31.471 PASS branded_list_first_content_hash_pipe_nonempty (/home/briansrls/.worktrees/gunbc/valiant-deer-205/dag/test/claim/branded_list_first_optional_witness_test.dag leg=InterpretedLeg) 0.1ms
02:25:31.471 PASS branded_list_first_string_method_empty (/home/briansrls/.worktrees/gunbc/valiant-deer-205/dag/test/claim/branded_list_first_optional_witness_test.dag leg=InterpretedLeg) 0.0ms
02:25:31.471 PASS branded_list_first_string_method_nonempty (/home/briansrls/.worktrees/gunbc/valiant-deer-205/dag/test/claim/branded_list_first_optional_witness_test.dag leg=InterpretedLeg) 0.0ms
02:25:31.471 PASS branded_list_first_string_pipe_empty (/home/briansrls/.worktrees/gunbc/valiant-deer-205/dag/test/claim/branded_list_first_optional_witness_test.dag leg=InterpretedLeg) 0.0ms
02:25:31.471 PASS branded_list_first_string_pipe_nonempty (/home/briansrls/.worktrees/gunbc/valiant-deer-205/dag/test/claim/branded_list_first_optional_witness_test.dag leg=InterpretedLeg) 0.0ms
[floor-drain] schedule-retention: entry='/home/briansrls/.worktrees/gunbc/valiant-deer-205/dag/test/claim/branded_list_first_optional_witness_test.dag' evicted_modules=1 evicted_graph=1 schedule_evictions=103 graph_evictions=33 retention_unknown=0 typed_cache=496 resolved_graphs=2
[floor-drain] group=33/50 typed_cache=496(+0) parse_cache=493(+0) resolved_memo=2(+0) intern_table=80274(+0) evictions=0 peak_rss=3685687296
[p1-cohort] entry=33/50 name='/home/briansrls/.worktrees/gunbc/valiant-deer-205/dag/test/claim/branded_list_first_optional_witness_test.dag' wall_ms=1084 resolve_ms=1012 eval_ms=0 schedule_cache_hit=0 resolved_graph_hit=0 modules_evicted=1 graphs_evicted=1 process_rss=3685687296 cgroup_memory_current=4605751296 cgroup_memory_peak=4651859968
02:25:32.616 PASS witness_admission_is_construction (/home/briansrls/.worktrees/gunbc/valiant-deer-205/dag/test/claim/budget_tree_witness_test.dag leg=InterpretedLeg) 0.5ms
02:25:32.616 PASS witness_balance_states (/home/briansrls/.worktrees/gunbc/valiant-deer-205/dag/test/claim/budget_tree_witness_test.dag leg=InterpretedLeg) 0.3ms
02:25:32.616 PASS witness_conservation_residue_lens (/home/briansrls/.worktrees/gunbc/valiant-deer-205/dag/test/claim/budget_tree_witness_test.dag leg=InterpretedLeg) 0.1ms
02:25:32.617 PASS witness_divide_once (/home/briansrls/.worktrees/gunbc/valiant-deer-205/dag/test/claim/budget_tree_witness_test.dag leg=InterpretedLeg) 0.2ms
02:25:32.617 PASS witness_method_is_zero_based (/home/briansrls/.worktrees/gunbc/valiant-deer-205/dag/test/claim/budget_tree_witness_test.dag leg=InterpretedLeg) 0.0ms
02:25:32.617 PASS witness_reconcile_all_satisfied (/home/briansrls/.worktrees/gunbc/valiant-deer-205/dag/test/claim/budget_tree_witness_test.dag leg=InterpretedLeg) 0.3ms
02:25:32.617 PASS witness_reconcile_evicts_best_effort (/home/briansrls/.worktrees/gunbc/valiant-deer-205/dag/test/claim/budget_tree_witness_test.dag leg=InterpretedLeg) 0.1ms
02:25:32.617 PASS witness_reconcile_guaranteed_shortfall (/home/briansrls/.worktrees/gunbc/valiant-deer-205/dag/test/claim/budget_tree_witness_test.dag leg=InterpretedLeg) 0.2ms
02:25:32.618 PASS witness_tree_conservation_recursive (/home/briansrls/.worktrees/gunbc/valiant-deer-205/dag/test/claim/budget_tree_witness_test.dag leg=InterpretedLeg) 0.2ms
[floor-drain] schedule-retention: entry='/home/briansrls/.worktrees/gunbc/valiant-deer-205/dag/test/claim/budget_tree_witness_test.dag' evicted_modules=1 evicted_graph=1 schedule_evictions=104 graph_evictions=34 retention_unknown=0 typed_cache=496 resolved_graphs=2
[floor-drain] group=34/50 typed_cache=496(+0) parse_cache=493(+0) resolved_memo=2(+0) intern_table=80274(+0) evictions=0 peak_rss=3685687296
[p1-cohort] entry=34/50 name='/home/briansrls/.worktrees/gunbc/valiant-deer-205/dag/test/claim/budget_tree_witness_test.dag' wall_ms=1140 resolve_ms=1070 eval_ms=1 schedule_cache_hit=0 resolved_graph_hit=0 modules_evicted=1 graphs_evicted=1 process_rss=3685687296 cgroup_memory_current=4605710336 cgroup_memory_peak=4651859968
✓ typecheck gunbc.host_effect_realize done in 4 seconds
02:25:45.958 PASS witness_absent_endpoint_is_absent_not_unknown (/home/briansrls/.worktrees/gunbc/valiant-deer-205/dag/test/claim/build_cache_placement_observation_test.dag leg=InterpretedLeg) 3.3ms
02:25:45.958 PASS witness_active_slot_owner_also_refuses (/home/briansrls/.worktrees/gunbc/valiant-deer-205/dag/test/claim/build_cache_placement_observation_test.dag leg=InterpretedLeg) 0.2ms
02:25:45.959 PASS witness_ambiguous_ownership_refuses (/home/briansrls/.worktrees/gunbc/valiant-deer-205/dag/test/claim/build_cache_placement_observation_test.dag leg=InterpretedLeg) 1.1ms
02:25:45.960 PASS witness_both_runner_lifecycles_refuse_at_the_verdict (/home/briansrls/.worktrees/gunbc/valiant-deer-205/dag/test/claim/build_cache_placement_observation_test.dag leg=InterpretedLeg) 1.2ms
02:25:45.960 PASS witness_managed_unit_owner_converges_only_on_the_intended_unit (/home/briansrls/.worktrees/gunbc/valiant-deer-205/dag/test/claim/build_cache_placement_observation_test.dag leg=InterpretedLeg) 0.2ms
02:25:45.961 PASS witness_placement_is_indexed_by_owner_not_by_process_count (/home/briansrls/.worktrees/gunbc/valiant-deer-205/dag/test/claim/build_cache_placement_observation_test.dag leg=InterpretedLeg) 0.1ms
02:25:45.961 PASS witness_retired_slot_owner_is_runner_owned_and_retired (/home/briansrls/.worktrees/gunbc/valiant-deer-205/dag/test/claim/build_cache_placement_observation_test.dag leg=InterpretedLeg) 0.0ms
02:25:45.961 PASS witness_undecided_owner_context_refuses_and_keeps_the_located_reason (/home/briansrls/.worktrees/gunbc/valiant-deer-205/dag/test/claim/build_cache_placement_observation_test.dag leg=InterpretedLeg) 0.6ms
02:25:45.962 PASS witness_unreachable_host_is_unknown_never_absent (/home/briansrls/.worktrees/gunbc/valiant-deer-205/dag/test/claim/build_cache_placement_observation_test.dag leg=InterpretedLeg) 1.0ms
[floor-drain] schedule-retention: entry='/home/briansrls/.worktrees/gunbc/valiant-deer-205/dag/test/claim/build_cache_placement_observation_test.dag' evicted_modules=132 evicted_graph=1 schedule_evictions=236 graph_evictions=35 retention_unknown=0 typed_cache=430 resolved_graphs=2
[floor-drain] group=35/50 typed_cache=430(-66) parse_cache=427(-66) resolved_memo=2(+0) intern_table=80274(+0) evictions=0 peak_rss=3944873984
[p1-cohort] entry=35/50 name='/home/briansrls/.worktrees/gunbc/valiant-deer-205/dag/test/claim/build_cache_placement_observation_test.dag' wall_ms=13992 resolve_ms=13197 eval_ms=7 schedule_cache_hit=0 resolved_graph_hit=0 modules_evicted=132 graphs_evicted=1 process_rss=3944873984 cgroup_memory_current=4865286144 cgroup_memory_peak=4866609152
02:25:48.337 PASS witness_get_in_bounds_returns_element (/home/briansrls/.worktrees/gunbc/valiant-deer-205/dag/test/claim/builtin_get_resolver_test.dag leg=InterpretedLeg) 0.0ms
02:25:48.337 PASS witness_get_negative_index_is_absent (/home/briansrls/.worktrees/gunbc/valiant-deer-205/dag/test/claim/builtin_get_resolver_test.dag leg=InterpretedLeg) 0.0ms
02:25:48.338 PASS witness_get_out_of_bounds_is_absent (/home/briansrls/.worktrees/gunbc/valiant-deer-205/dag/test/claim/builtin_get_resolver_test.dag leg=InterpretedLeg) 0.0ms
[floor-drain] schedule-retention: entry='/home/briansrls/.worktrees/gunbc/valiant-deer-205/dag/test/claim/builtin_get_resolver_test.dag' evicted_modules=2 evicted_graph=1 schedule_evictions=238 graph_evictions=36 retention_unknown=0 typed_cache=430 resolved_graphs=2
[floor-drain] group=36/50 typed_cache=430(+0) parse_cache=427(+0) resolved_memo=2(+0) intern_table=80274(+0) evictions=0 peak_rss=3935985664
[p1-cohort] entry=36/50 name='/home/briansrls/.worktrees/gunbc/valiant-deer-205/dag/test/claim/builtin_get_resolver_test.dag' wall_ms=1774 resolve_ms=1636 eval_ms=0 schedule_cache_hit=0 resolved_graph_hit=0 modules_evicted=2 graphs_evicted=1 process_rss=3935985664 cgroup_memory_current=4634624000 cgroup_memory_peak=4868771840
02:25:49.826 PASS busybox_build_is_modeled_and_grounded (/home/briansrls/.worktrees/gunbc/valiant-deer-205/dag/test/claim/busybox_bmc_build_witness_test.dag leg=InterpretedLeg) 1.1ms
[floor-drain] schedule-retention: entry='/home/briansrls/.worktrees/gunbc/valiant-deer-205/dag/test/claim/busybox_bmc_build_witness_test.dag' evicted_modules=9 evicted_graph=1 schedule_evictions=247 graph_evictions=37 retention_unknown=0 typed_cache=424 resolved_graphs=2
[floor-drain] group=37/50 typed_cache=424(-6) parse_cache=421(-6) resolved_memo=2(+0) intern_table=80274(+0) evictions=0 peak_rss=3935985664
[p1-cohort] entry=37/50 name='/home/briansrls/.worktrees/gunbc/valiant-deer-205/dag/test/claim/busybox_bmc_build_witness_test.dag' wall_ms=1504 resolve_ms=1337 eval_ms=1 schedule_cache_hit=0 resolved_graph_hit=0 modules_evicted=9 graphs_evicted=1 process_rss=3935985664 cgroup_memory_current=4634611712 cgroup_memory_peak=4868771840
02:25:51.902 PASS witness_cav_no_toolchain_derives_subject_only (/home/briansrls/.worktrees/gunbc/valiant-deer-205/dag/test/claim/cache_key_completeness_test.dag leg=InterpretedLeg) 0.1ms
02:25:51.902 PASS witness_cav_toolchain_derives_transform (/home/briansrls/.worktrees/gunbc/valiant-deer-205/dag/test/claim/cache_key_completeness_test.dag leg=InterpretedLeg) 0.1ms
02:25:51.902 PASS witness_complete_green_on_sound_cited (/home/briansrls/.worktrees/gunbc/valiant-deer-205/dag/test/claim/cache_key_completeness_test.dag leg=InterpretedLeg) 0.1ms
02:25:51.902 PASS witness_complete_red_on_undercited (/home/briansrls/.worktrees/gunbc/valiant-deer-205/dag/test/claim/cache_key_completeness_test.dag leg=InterpretedLeg) 0.1ms
02:25:51.902 PASS witness_hand_authored_exempt (/home/briansrls/.worktrees/gunbc/valiant-deer-205/dag/test/claim/cache_key_completeness_test.dag leg=InterpretedLeg) 0.0ms
02:25:51.904 PASS witness_live_catalog_holds (/home/briansrls/.worktrees/gunbc/valiant-deer-205/dag/test/claim/cache_key_completeness_test.dag leg=InterpretedLeg) 1.4ms
02:25:51.904 PASS witness_live_resolved_graph_complete (/home/briansrls/.worktrees/gunbc/valiant-deer-205/dag/test/claim/cache_key_completeness_test.dag leg=InterpretedLeg) 0.1ms
02:25:51.904 PASS witness_live_resolved_graph_derives_toolchain (/home/briansrls/.worktrees/gunbc/valiant-deer-205/dag/test/claim/cache_key_completeness_test.dag leg=InterpretedLeg) 0.1ms
02:25:51.904 PASS witness_native_not_exempt (/home/briansrls/.worktrees/gunbc/valiant-deer-205/dag/test/claim/cache_key_completeness_test.dag leg=InterpretedLeg) 0.0ms
02:25:51.904 PASS witness_no_promise_complete (/home/briansrls/.worktrees/gunbc/valiant-deer-205/dag/test/claim/cache_key_completeness_test.dag leg=InterpretedLeg) 0.1ms
02:25:51.904 PASS witness_promise_without_input_incomplete (/home/briansrls/.worktrees/gunbc/valiant-deer-205/dag/test/claim/cache_key_completeness_test.dag leg=InterpretedLeg) 0.0ms
02:25:51.904 PASS witness_verdict_holds_on_sound_cited (/home/briansrls/.worktrees/gunbc/valiant-deer-205/dag/test/claim/cache_key_completeness_test.dag leg=InterpretedLeg) 0.0ms
02:25:51.904 PASS witness_verdict_violation_on_undercited (/home/briansrls/.worktrees/gunbc/valiant-deer-205/dag/test/claim/cache_key_completeness_test.dag leg=InterpretedLeg) 0.2ms
[floor-drain] schedule-retention: entry='/home/briansrls/.worktrees/gunbc/valiant-deer-205/dag/test/claim/cache_key_completeness_test.dag' evicted_modules=4 evicted_graph=1 schedule_evictions=251 graph_evictions=38 retention_unknown=0 typed_cache=424 resolved_graphs=2
[floor-drain] group=38/50 typed_cache=424(+0) parse_cache=421(+0) resolved_memo=2(+0) intern_table=80274(+0) evictions=0 peak_rss=3935985664
[p1-cohort] entry=38/50 name='/home/briansrls/.worktrees/gunbc/valiant-deer-205/dag/test/claim/cache_key_completeness_test.dag' wall_ms=2062 resolve_ms=1896 eval_ms=2 schedule_cache_hit=0 resolved_graph_hit=0 modules_evicted=4 graphs_evicted=1 process_rss=3935985664 cgroup_memory_current=4635201536 cgroup_memory_peak=4868771840
02:25:53.481 PASS witness_cheap_recompute_skips_wan_layers (/home/briansrls/.worktrees/gunbc/valiant-deer-205/dag/test/claim/cache_layer_planner_test.dag leg=InterpretedLeg) 3.4ms
02:25:53.481 PASS witness_empty_plan_means_recompute_only (/home/briansrls/.worktrees/gunbc/valiant-deer-205/dag/test/claim/cache_layer_planner_test.dag leg=InterpretedLeg) 0.2ms
02:25:53.481 PASS witness_expensive_recompute_reaches_wan_layers (/home/briansrls/.worktrees/gunbc/valiant-deer-205/dag/test/claim/cache_layer_planner_test.dag leg=InterpretedLeg) 0.5ms
02:25:53.482 PASS witness_plan_orders_locality_nearest_first (/home/briansrls/.worktrees/gunbc/valiant-deer-205/dag/test/claim/cache_layer_planner_test.dag leg=InterpretedLeg) 0.2ms
02:25:53.482 PASS witness_plan_primary_and_fallback_projections (/home/briansrls/.worktrees/gunbc/valiant-deer-205/dag/test/claim/cache_layer_planner_test.dag leg=InterpretedLeg) 0.1ms
02:25:53.482 PASS witness_unavailable_backends_omitted (/home/briansrls/.worktrees/gunbc/valiant-deer-205/dag/test/claim/cache_layer_planner_test.dag leg=InterpretedLeg) 0.2ms
02:25:53.482 PASS witness_vendor_only_key_inputs_omission_is_explicit (/home/briansrls/.worktrees/gunbc/valiant-deer-205/dag/test/claim/cache_layer_planner_test.dag leg=InterpretedLeg) 0.2ms
02:25:53.482 PASS witness_vendor_transport_encoding_projection_is_honest (/home/briansrls/.worktrees/gunbc/valiant-deer-205/dag/test/claim/cache_layer_planner_test.dag leg=InterpretedLeg) 0.1ms
[floor-drain] schedule-retention: entry='/home/briansrls/.worktrees/gunbc/valiant-deer-205/dag/test/claim/cache_layer_planner_test.dag' evicted_modules=8 evicted_graph=1 schedule_evictions=259 graph_evictions=39 retention_unknown=0 typed_cache=417 resolved_graphs=2
[floor-drain] group=39/50 typed_cache=417(-7) parse_cache=414(-7) resolved_memo=2(+0) intern_table=80274(+0) evictions=0 peak_rss=3935985664
[p1-cohort] entry=39/50 name='/home/briansrls/.worktrees/gunbc/valiant-deer-205/dag/test/claim/cache_layer_planner_test.dag' wall_ms=1536 resolve_ms=1407 eval_ms=4 schedule_cache_hit=0 resolved_graph_hit=0 modules_evicted=8 graphs_evicted=1 process_rss=3935985664 cgroup_memory_current=4635443200 cgroup_memory_peak=4868771840
02:25:54.841 PASS witness_impure_on_divergence (/home/briansrls/.worktrees/gunbc/valiant-deer-205/dag/test/claim/cache_purity_verdict_test.dag leg=InterpretedLeg) 0.4ms
02:25:54.841 PASS witness_pure_on_match (/home/briansrls/.worktrees/gunbc/valiant-deer-205/dag/test/claim/cache_purity_verdict_test.dag leg=InterpretedLeg) 0.0ms
[floor-drain] schedule-retention: entry='/home/briansrls/.worktrees/gunbc/valiant-deer-205/dag/test/claim/cache_purity_verdict_test.dag' evicted_modules=3 evicted_graph=1 schedule_evictions=262 graph_evictions=40 retention_unknown=0 typed_cache=417 resolved_graphs=2
[floor-drain] group=40/50 typed_cache=417(+0) parse_cache=414(+0) resolved_memo=2(+0) intern_table=80274(+0) evictions=0 peak_rss=3935985664
[p1-cohort] entry=40/50 name='/home/briansrls/.worktrees/gunbc/valiant-deer-205/dag/test/claim/cache_purity_verdict_test.dag' wall_ms=1336 resolve_ms=1242 eval_ms=0 schedule_cache_hit=0 resolved_graph_hit=0 modules_evicted=3 graphs_evicted=1 process_rss=3935985664 cgroup_memory_current=4635521024 cgroup_memory_peak=4868771840
02:25:56.634 PASS witness_ambiguous_high_value_collects_both_reasons (/home/briansrls/.worktrees/gunbc/valiant-deer-205/dag/test/claim/card_intake_risk_witness_test.dag leg=InterpretedLeg) 0.2ms
02:25:56.634 PASS witness_cheap_exact_match_is_ready_to_list (/home/briansrls/.worktrees/gunbc/valiant-deer-205/dag/test/claim/card_intake_risk_witness_test.dag leg=InterpretedLeg) 0.1ms
02:25:56.635 PASS witness_high_value_card_is_flagged (/home/briansrls/.worktrees/gunbc/valiant-deer-205/dag/test/claim/card_intake_risk_witness_test.dag leg=InterpretedLeg) 0.1ms
02:25:56.635 PASS witness_many_results_classify_ambiguous (/home/briansrls/.worktrees/gunbc/valiant-deer-205/dag/test/claim/card_intake_risk_witness_test.dag leg=InterpretedLeg) 0.1ms
02:25:56.635 PASS witness_near_mint_display_name_roundtrip (/home/briansrls/.worktrees/gunbc/valiant-deer-205/dag/test/claim/card_intake_risk_witness_test.dag leg=InterpretedLeg) 0.1ms
02:25:56.635 PASS witness_needs_review_disposition (/home/briansrls/.worktrees/gunbc/valiant-deer-205/dag/test/claim/card_intake_risk_witness_test.dag leg=InterpretedLeg) 0.0ms
02:25:56.635 PASS witness_ready_to_list_disposition (/home/briansrls/.worktrees/gunbc/valiant-deer-205/dag/test/claim/card_intake_risk_witness_test.dag leg=InterpretedLeg) 0.0ms
02:25:56.635 PASS witness_single_result_classifies_exact_match (/home/briansrls/.worktrees/gunbc/valiant-deer-205/dag/test/claim/card_intake_risk_witness_test.dag leg=InterpretedLeg) 0.0ms
02:25:56.635 PASS witness_threshold_price_is_flagged (/home/briansrls/.worktrees/gunbc/valiant-deer-205/dag/test/claim/card_intake_risk_witness_test.dag leg=InterpretedLeg) 0.1ms
02:25:56.635 PASS witness_unmatched_card_is_flagged (/home/briansrls/.worktrees/gunbc/valiant-deer-205/dag/test/claim/card_intake_risk_witness_test.dag leg=InterpretedLeg) 0.1ms
02:25:56.635 PASS witness_unpriced_card_is_flagged (/home/briansrls/.worktrees/gunbc/valiant-deer-205/dag/test/claim/card_intake_risk_witness_test.dag leg=InterpretedLeg) 0.1ms
02:25:56.635 PASS witness_uppercase_condition_does_not_decode (/home/briansrls/.worktrees/gunbc/valiant-deer-205/dag/test/claim/card_intake_risk_witness_test.dag leg=InterpretedLeg) 0.0ms
02:25:56.635 PASS witness_zero_results_classifies_no_match (/home/briansrls/.worktrees/gunbc/valiant-deer-205/dag/test/claim/card_intake_risk_witness_test.dag leg=InterpretedLeg) 0.0ms
[floor-drain] schedule-retention: entry='/home/briansrls/.worktrees/gunbc/valiant-deer-205/dag/test/claim/card_intake_risk_witness_test.dag' evicted_modules=14 evicted_graph=1 schedule_evictions=276 graph_evictions=41 retention_unknown=0 typed_cache=414 resolved_graphs=2
[floor-drain] group=41/50 typed_cache=414(-3) parse_cache=411(-3) resolved_memo=2(+0) intern_table=80274(+0) evictions=0 peak_rss=3935985664
[p1-cohort] entry=41/50 name='/home/briansrls/.worktrees/gunbc/valiant-deer-205/dag/test/claim/card_intake_risk_witness_test.dag' wall_ms=1842 resolve_ms=1688 eval_ms=0 schedule_cache_hit=0 resolved_graph_hit=0 modules_evicted=14 graphs_evicted=1 process_rss=3935985664 cgroup_memory_current=4635209728 cgroup_memory_peak=4868771840
02:25:58.115 PASS edition_tokens_render (/home/briansrls/.worktrees/gunbc/valiant-deer-205/dag/test/claim/cargo_target_path_witness_test.dag leg=InterpretedLeg) 0.1ms
02:25:58.115 PASS lib_lands_on_src_lib (/home/briansrls/.worktrees/gunbc/valiant-deer-205/dag/test/claim/cargo_target_path_witness_test.dag leg=InterpretedLeg) 0.1ms
02:25:58.115 PASS module_stem_two_candidates (/home/briansrls/.worktrees/gunbc/valiant-deer-205/dag/test/claim/cargo_target_path_witness_test.dag leg=InterpretedLeg) 0.1ms
02:25:58.115 PASS other_bin_lands_under_src_bin (/home/briansrls/.worktrees/gunbc/valiant-deer-205/dag/test/claim/cargo_target_path_witness_test.dag leg=InterpretedLeg) 0.1ms
02:25:58.115 PASS package_bin_collapses_to_main (/home/briansrls/.worktrees/gunbc/valiant-deer-205/dag/test/claim/cargo_target_path_witness_test.dag leg=InterpretedLeg) 0.0ms
02:25:58.115 PASS test_example_bench_dirs (/home/briansrls/.worktrees/gunbc/valiant-deer-205/dag/test/claim/cargo_target_path_witness_test.dag leg=InterpretedLeg) 0.2ms
[floor-drain] schedule-retention: entry='/home/briansrls/.worktrees/gunbc/valiant-deer-205/dag/test/claim/cargo_target_path_witness_test.dag' evicted_modules=1 evicted_graph=1 schedule_evictions=277 graph_evictions=42 retention_unknown=0 typed_cache=416 resolved_graphs=2
[floor-drain] group=42/50 typed_cache=416(+2) parse_cache=413(+2) resolved_memo=2(+0) intern_table=80274(+0) evictions=0 peak_rss=3935985664
[p1-cohort] entry=42/50 name='/home/briansrls/.worktrees/gunbc/valiant-deer-205/dag/test/claim/cargo_target_path_witness_test.dag' wall_ms=1358 resolve_ms=1315 eval_ms=0 schedule_cache_hit=0 resolved_graph_hit=0 modules_evicted=1 graphs_evicted=1 process_rss=3935985664 cgroup_memory_current=4635205632 cgroup_memory_peak=4868771840
02:25:59.255 PASS w_emitter_header_prefix_uses_default (/home/briansrls/.worktrees/gunbc/valiant-deer-205/dag/test/claim/cargo_version_witness_test.dag leg=InterpretedLeg) 0.1ms
02:25:59.255 PASS w_min_cargo_version_grounded (/home/briansrls/.worktrees/gunbc/valiant-deer-205/dag/test/claim/cargo_version_witness_test.dag leg=InterpretedLeg) 0.0ms
02:25:59.255 PASS w_package_version_field_renders (/home/briansrls/.worktrees/gunbc/valiant-deer-205/dag/test/claim/cargo_version_witness_test.dag leg=InterpretedLeg) 0.0ms
02:25:59.255 PASS w_registry_dep_version_requirements (/home/briansrls/.worktrees/gunbc/valiant-deer-205/dag/test/claim/cargo_version_witness_test.dag leg=InterpretedLeg) 0.1ms
02:25:59.255 PASS w_requirement_distinct_from_package_version (/home/briansrls/.worktrees/gunbc/valiant-deer-205/dag/test/claim/cargo_version_witness_test.dag leg=InterpretedLeg) 0.0ms
02:25:59.255 PASS w_stage0_default_package_version (/home/briansrls/.worktrees/gunbc/valiant-deer-205/dag/test/claim/cargo_version_witness_test.dag leg=InterpretedLeg) 0.0ms
02:25:59.255 PASS w_tool_floor_distinct_from_dep_requirement (/home/briansrls/.worktrees/gunbc/valiant-deer-205/dag/test/claim/cargo_version_witness_test.dag leg=InterpretedLeg) 0.0ms
[floor-drain] schedule-retention: entry='/home/briansrls/.worktrees/gunbc/valiant-deer-205/dag/test/claim/cargo_version_witness_test.dag' evicted_modules=3 evicted_graph=1 schedule_evictions=280 graph_evictions=43 retention_unknown=0 typed_cache=414 resolved_graphs=2
[floor-drain] group=43/50 typed_cache=414(-2) parse_cache=411(-2) resolved_memo=2(+0) intern_table=80274(+0) evictions=0 peak_rss=3935985664
[p1-cohort] entry=43/50 name='/home/briansrls/.worktrees/gunbc/valiant-deer-205/dag/test/claim/cargo_version_witness_test.dag' wall_ms=1281 resolve_ms=1124 eval_ms=0 schedule_cache_hit=0 resolved_graph_hit=0 modules_evicted=3 graphs_evicted=1 process_rss=3935985664 cgroup_memory_current=4635201536 cgroup_memory_peak=4868771840
02:26:01.057 PASS cheap_pool_chunk_cap_splits_at_cap (/home/briansrls/.worktrees/gunbc/valiant-deer-205/dag/test/claim/cheap_gate_pool_test.dag leg=InterpretedLeg) 0.3ms
02:26:01.058 PASS cheap_pool_chunk_totality_holds (/home/briansrls/.worktrees/gunbc/valiant-deer-205/dag/test/claim/cheap_gate_pool_test.dag leg=InterpretedLeg) 0.6ms
02:26:01.058 PASS cheap_pool_chunk_totality_red_control_holds (/home/briansrls/.worktrees/gunbc/valiant-deer-205/dag/test/claim/cheap_gate_pool_test.dag leg=InterpretedLeg) 0.1ms
02:26:01.058 PASS cheap_pool_chunking_preserves_count (/home/briansrls/.worktrees/gunbc/valiant-deer-205/dag/test/claim/cheap_gate_pool_test.dag leg=InterpretedLeg) 0.0ms
[floor-drain] schedule-retention: entry='/home/briansrls/.worktrees/gunbc/valiant-deer-205/dag/test/claim/cheap_gate_pool_test.dag' evicted_modules=16 evicted_graph=1 schedule_evictions=296 graph_evictions=44 retention_unknown=0 typed_cache=405 resolved_graphs=2
[floor-drain] group=44/50 typed_cache=405(-9) parse_cache=401(-10) resolved_memo=2(+0) intern_table=80274(+0) evictions=0 peak_rss=3935985664
[p1-cohort] entry=44/50 name='/home/briansrls/.worktrees/gunbc/valiant-deer-205/dag/test/claim/cheap_gate_pool_test.dag' wall_ms=1700 resolve_ms=1607 eval_ms=1 schedule_cache_hit=0 resolved_graph_hit=0 modules_evicted=16 graphs_evicted=1 process_rss=3935985664 cgroup_memory_current=4635455488 cgroup_memory_peak=4868771840
02:26:03.958 PASS absent_coverage_refuses_instead_of_vacuously_passing (/home/briansrls/.worktrees/gunbc/valiant-deer-205/dag/test/claim/check_coverage_admission_witness_test.dag leg=InterpretedLeg) 0.3ms
02:26:03.958 PASS complete_exact_head_roster_and_population_admits (/home/briansrls/.worktrees/gunbc/valiant-deer-205/dag/test/claim/check_coverage_admission_witness_test.dag leg=InterpretedLeg) 0.4ms
02:26:03.958 PASS complete_old_head_refuses (/home/briansrls/.worktrees/gunbc/valiant-deer-205/dag/test/claim/check_coverage_admission_witness_test.dag leg=InterpretedLeg) 0.1ms
02:26:03.958 PASS complete_old_roster_refuses (/home/briansrls/.worktrees/gunbc/valiant-deer-205/dag/test/claim/check_coverage_admission_witness_test.dag leg=InterpretedLeg) 0.1ms
02:26:03.958 PASS duplicate_required_gate_refuses (/home/briansrls/.worktrees/gunbc/valiant-deer-205/dag/test/claim/check_coverage_admission_witness_test.dag leg=InterpretedLeg) 0.1ms
02:26:03.959 PASS duplicate_required_population_refuses (/home/briansrls/.worktrees/gunbc/valiant-deer-205/dag/test/claim/check_coverage_admission_witness_test.dag leg=InterpretedLeg) 0.2ms
02:26:03.959 PASS empty_required_population_refuses (/home/briansrls/.worktrees/gunbc/valiant-deer-205/dag/test/claim/check_coverage_admission_witness_test.dag leg=InterpretedLeg) 0.1ms
02:26:03.959 PASS missing_required_gate_refuses (/home/briansrls/.worktrees/gunbc/valiant-deer-205/dag/test/claim/check_coverage_admission_witness_test.dag leg=InterpretedLeg) 0.1ms
02:26:03.959 PASS required_gate_failure_refuses (/home/briansrls/.worktrees/gunbc/valiant-deer-205/dag/test/claim/check_coverage_admission_witness_test.dag leg=InterpretedLeg) 0.2ms
02:26:03.959 PASS running_coverage_refuses (/home/briansrls/.worktrees/gunbc/valiant-deer-205/dag/test/claim/check_coverage_admission_witness_test.dag leg=InterpretedLeg) 0.1ms
02:26:03.959 PASS stale_coverage_refuses (/home/briansrls/.worktrees/gunbc/valiant-deer-205/dag/test/claim/check_coverage_admission_witness_test.dag leg=InterpretedLeg) 0.1ms
02:26:03.959 PASS stopped_coverage_preserves_unexecuted_population_and_cause (/home/briansrls/.worktrees/gunbc/valiant-deer-205/dag/test/claim/check_coverage_admission_witness_test.dag leg=InterpretedLeg) 0.1ms
[floor-drain] schedule-retention: entry='/home/briansrls/.worktrees/gunbc/valiant-deer-205/dag/test/claim/check_coverage_admission_witness_test.dag' evicted_modules=1 evicted_graph=1 schedule_evictions=297 graph_evictions=45 retention_unknown=0 typed_cache=405 resolved_graphs=2
[floor-drain] group=45/50 typed_cache=405(+0) parse_cache=401(+0) resolved_memo=2(+0) intern_table=80274(+0) evictions=0 peak_rss=3935985664
[p1-cohort] entry=45/50 name='/home/briansrls/.worktrees/gunbc/valiant-deer-205/dag/test/claim/check_coverage_admission_witness_test.dag' wall_ms=3081 resolve_ms=2795 eval_ms=1 schedule_cache_hit=0 resolved_graph_hit=0 modules_evicted=1 graphs_evicted=1 process_rss=3935985664 cgroup_memory_current=4635201536 cgroup_memory_peak=4868771840
02:26:07.513 PASS witness_cap_split_runner_lt_session (/home/briansrls/.worktrees/gunbc/valiant-deer-205/dag/test/claim/ci_budget_tree_witness_test.dag leg=InterpretedLeg) 0.2ms
02:26:07.513 PASS witness_floor_budget_equals_selected_target_budget_holds (/home/briansrls/.worktrees/gunbc/valiant-deer-205/dag/test/claim/ci_budget_tree_witness_test.dag leg=InterpretedLeg) 0.1ms
02:26:07.513 PASS witness_hard_cap_is_runner_cgroup_cap (/home/briansrls/.worktrees/gunbc/valiant-deer-205/dag/test/claim/ci_budget_tree_witness_test.dag leg=InterpretedLeg) 0.0ms
02:26:07.515 PASS witness_live_is_fail_closed (/home/briansrls/.worktrees/gunbc/valiant-deer-205/dag/test/claim/ci_budget_tree_witness_test.dag leg=InterpretedLeg) 1.8ms
02:26:07.516 PASS witness_live_trees_conserve (/home/briansrls/.worktrees/gunbc/valiant-deer-205/dag/test/claim/ci_budget_tree_witness_test.dag leg=InterpretedLeg) 1.2ms
02:26:07.517 PASS witness_measured_fixture_derives_positive_runner_pool (/home/briansrls/.worktrees/gunbc/valiant-deer-205/dag/test/claim/ci_budget_tree_witness_test.dag leg=InterpretedLeg) 0.4ms
02:26:07.517 PASS witness_overcommit_fails_conservation (/home/briansrls/.worktrees/gunbc/valiant-deer-205/dag/test/claim/ci_budget_tree_witness_test.dag leg=InterpretedLeg) 0.3ms
02:26:07.517 PASS witness_spawn_width_budget_within_per_runner_cap (/home/briansrls/.worktrees/gunbc/valiant-deer-205/dag/test/claim/ci_budget_tree_witness_test.dag leg=InterpretedLeg) 0.1ms
02:26:07.517 PASS witness_srv2_symmetric_to_srv1 (/home/briansrls/.worktrees/gunbc/valiant-deer-205/dag/test/claim/ci_budget_tree_witness_test.dag leg=InterpretedLeg) 0.2ms
02:26:07.518 PASS witness_srv3_symmetric_to_srv1 (/home/briansrls/.worktrees/gunbc/valiant-deer-205/dag/test/claim/ci_budget_tree_witness_test.dag leg=InterpretedLeg) 0.1ms
02:26:07.518 PASS witness_three_way_conservation_live (/home/briansrls/.worktrees/gunbc/valiant-deer-205/dag/test/claim/ci_budget_tree_witness_test.dag leg=InterpretedLeg) 0.1ms
02:26:07.518 PASS witness_two_pools_present (/home/briansrls/.worktrees/gunbc/valiant-deer-205/dag/test/claim/ci_budget_tree_witness_test.dag leg=InterpretedLeg) 0.1ms
02:26:07.518 PASS witness_unknown_child_is_absent (/home/briansrls/.worktrees/gunbc/valiant-deer-205/dag/test/claim/ci_budget_tree_witness_test.dag leg=InterpretedLeg) 0.0ms
[floor-drain] schedule-retention: entry='/home/briansrls/.worktrees/gunbc/valiant-deer-205/dag/test/claim/ci_budget_tree_witness_test.dag' evicted_modules=2 evicted_graph=1 schedule_evictions=299 graph_evictions=46 retention_unknown=0 typed_cache=405 resolved_graphs=2
[floor-drain] group=46/50 typed_cache=405(+0) parse_cache=401(+0) resolved_memo=2(+0) intern_table=80274(+0) evictions=0 peak_rss=3935985664
[p1-cohort] entry=46/50 name='/home/briansrls/.worktrees/gunbc/valiant-deer-205/dag/test/claim/ci_budget_tree_witness_test.dag' wall_ms=3564 resolve_ms=3255 eval_ms=4 schedule_cache_hit=0 resolved_graph_hit=0 modules_evicted=2 graphs_evicted=1 process_rss=3935985664 cgroup_memory_current=4635557888 cgroup_memory_peak=4868771840
02:26:12.862 PASS witness_build_flag_spelling (/home/briansrls/.worktrees/gunbc/valiant-deer-205/dag/test/claim/ci_compile_jobs_witness_test.dag leg=InterpretedLeg) 0.1ms
02:26:12.863 PASS witness_committed_lanes_fit_live_slot_cap (/home/briansrls/.worktrees/gunbc/valiant-deer-205/dag/test/claim/ci_compile_jobs_witness_test.dag leg=InterpretedLeg) 1.0ms
02:26:12.864 PASS witness_committed_measurement_derives_multi_lane (/home/briansrls/.worktrees/gunbc/valiant-deer-205/dag/test/claim/ci_compile_jobs_witness_test.dag leg=InterpretedLeg) 0.0ms
02:26:12.864 PASS witness_count_or_serial_passes_measured_count (/home/briansrls/.worktrees/gunbc/valiant-deer-205/dag/test/claim/ci_compile_jobs_witness_test.dag leg=InterpretedLeg) 0.0ms
02:26:12.864 PASS witness_count_or_serial_refuse_falls_to_serial (/home/briansrls/.worktrees/gunbc/valiant-deer-205/dag/test/claim/ci_compile_jobs_witness_test.dag leg=InterpretedLeg) 0.0ms
02:26:12.864 PASS witness_force_serial_beats_wide_budget (/home/briansrls/.worktrees/gunbc/valiant-deer-205/dag/test/claim/ci_compile_jobs_witness_test.dag leg=InterpretedLeg) 0.1ms
02:26:12.864 PASS witness_force_serial_overrides_committed_row (/home/briansrls/.worktrees/gunbc/valiant-deer-205/dag/test/claim/ci_compile_jobs_witness_test.dag leg=InterpretedLeg) 0.0ms
02:26:12.864 PASS witness_live_rust_gate_uses_slot_budget_lanes (/home/briansrls/.worktrees/gunbc/valiant-deer-205/dag/test/claim/ci_compile_jobs_witness_test.dag leg=InterpretedLeg) 0.1ms
02:26:12.864 PASS witness_memory_budget_binds_the_count (/home/briansrls/.worktrees/gunbc/valiant-deer-205/dag/test/claim/ci_compile_jobs_witness_test.dag leg=InterpretedLeg) 0.2ms
02:26:12.864 PASS witness_nextest_flag_spelling (/home/briansrls/.worktrees/gunbc/valiant-deer-205/dag/test/claim/ci_compile_jobs_witness_test.dag leg=InterpretedLeg) 0.0ms
02:26:12.864 PASS witness_pids_budget_binds_the_count (/home/briansrls/.worktrees/gunbc/valiant-deer-205/dag/test/claim/ci_compile_jobs_witness_test.dag leg=InterpretedLeg) 0.2ms
02:26:12.865 PASS witness_unmeasured_still_refuses (/home/briansrls/.worktrees/gunbc/valiant-deer-205/dag/test/claim/ci_compile_jobs_witness_test.dag leg=InterpretedLeg) 0.1ms
02:26:12.865 PASS witness_unreadable_budget_falls_back_serial (/home/briansrls/.worktrees/gunbc/valiant-deer-205/dag/test/claim/ci_compile_jobs_witness_test.dag leg=InterpretedLeg) 0.1ms
[floor-drain] schedule-retention: entry='/home/briansrls/.worktrees/gunbc/valiant-deer-205/dag/test/claim/ci_compile_jobs_witness_test.dag' evicted_modules=13 evicted_graph=1 schedule_evictions=312 graph_evictions=47 retention_unknown=0 typed_cache=403 resolved_graphs=2
[floor-drain] group=47/50 typed_cache=403(-2) parse_cache=399(-2) resolved_memo=2(+0) intern_table=80274(+0) evictions=0 peak_rss=3935985664
[p1-cohort] entry=47/50 name='/home/briansrls/.worktrees/gunbc/valiant-deer-205/dag/test/claim/ci_compile_jobs_witness_test.dag' wall_ms=5677 resolve_ms=5022 eval_ms=1 schedule_cache_hit=0 resolved_graph_hit=0 modules_evicted=13 graphs_evicted=1 process_rss=3935985664 cgroup_memory_current=4634603520 cgroup_memory_peak=4868771840
02:26:18.095 PASS ci_concurrency_cancel_expression_holds (/home/briansrls/.worktrees/gunbc/valiant-deer-205/dag/test/claim/ci_concurrency_policy_witness_test.dag leg=InterpretedLeg) 0.0ms
02:26:18.789 PASS ci_concurrency_event_scoped_stop_policy_holds (/home/briansrls/.worktrees/gunbc/valiant-deer-205/dag/test/claim/ci_concurrency_policy_witness_test.dag leg=InterpretedLeg) 693.5ms
02:26:18.789 PASS ci_concurrency_stop_policy_discriminates_merge_group (/home/briansrls/.worktrees/gunbc/valiant-deer-205/dag/test/claim/ci_concurrency_policy_witness_test.dag leg=InterpretedLeg) 0.0ms
[floor-drain] schedule-retention: entry='/home/briansrls/.worktrees/gunbc/valiant-deer-205/dag/test/claim/ci_concurrency_policy_witness_test.dag' evicted_modules=1 evicted_graph=1 schedule_evictions=313 graph_evictions=48 retention_unknown=0 typed_cache=403 resolved_graphs=2
[floor-drain] group=48/50 typed_cache=403(+0) parse_cache=399(+0) resolved_memo=2(+0) intern_table=80274(+0) evictions=0 peak_rss=3935985664
[p1-cohort] entry=48/50 name='/home/briansrls/.worktrees/gunbc/valiant-deer-205/dag/test/claim/ci_concurrency_policy_witness_test.dag' wall_ms=5772 resolve_ms=4566 eval_ms=693 schedule_cache_hit=0 resolved_graph_hit=0 modules_evicted=1 graphs_evicted=1 process_rss=3935985664 cgroup_memory_current=4634607616 cgroup_memory_peak=4868771840
02:26:24.023 PASS witness_access_host_is_srv1 (/home/briansrls/.worktrees/gunbc/valiant-deer-205/dag/test/claim/ci_deploy_target_host_witness_test.dag leg=InterpretedLeg) 1.4ms
02:26:24.766 PASS witness_ci_yml_deploy_job_pins_srv1_runner (/home/briansrls/.worktrees/gunbc/valiant-deer-205/dag/test/claim/ci_deploy_target_host_witness_test.dag leg=InterpretedLeg) 742.7ms
02:26:24.766 PASS witness_deploy_job_not_on_ubicloud_runner (/home/briansrls/.worktrees/gunbc/valiant-deer-205/dag/test/claim/ci_deploy_target_host_witness_test.dag leg=InterpretedLeg) 0.1ms
02:26:24.766 PASS witness_deploy_stage_pins_srv1_runner_label (/home/briansrls/.worktrees/gunbc/valiant-deer-205/dag/test/claim/ci_deploy_target_host_witness_test.dag leg=InterpretedLeg) 0.1ms
02:26:24.766 PASS witness_local_proof_requires_host_identity (/home/briansrls/.worktrees/gunbc/valiant-deer-205/dag/test/claim/ci_deploy_target_host_witness_test.dag leg=InterpretedLeg) 0.1ms
◐ started os.Hostname.ReadShort
✓ os.Hostname.ReadShort done in 2ms
02:26:24.769 FAIL witness_observed_hostname_reads_typed_op_hermetic (/home/briansrls/.worktrees/gunbc/valiant-deer-205/dag/test/claim/ci_deploy_target_host_witness_test.dag leg=InterpretedLeg) 2.6ms
02:26:24.770 PASS witness_preflight_script_checks_target_host (/home/briansrls/.worktrees/gunbc/valiant-deer-205/dag/test/claim/ci_deploy_target_host_witness_test.dag leg=InterpretedLeg) 0.4ms
02:26:24.770 PASS witness_srv12_runner_name_refused_for_srv1_deploy (/home/briansrls/.worktrees/gunbc/valiant-deer-205/dag/test/claim/ci_deploy_target_host_witness_test.dag leg=InterpretedLeg) 0.4ms
02:26:24.770 PASS witness_srv1_hostname_proves_target (/home/briansrls/.worktrees/gunbc/valiant-deer-205/dag/test/claim/ci_deploy_target_host_witness_test.dag leg=InterpretedLeg) 0.1ms
02:26:24.770 PASS witness_srv2_hostname_refused_for_srv1_deploy (/home/briansrls/.worktrees/gunbc/valiant-deer-205/dag/test/claim/ci_deploy_target_host_witness_test.dag leg=InterpretedLeg) 0.2ms
02:26:24.771 PASS witness_ssh_transport_mismatch_refused (/home/briansrls/.worktrees/gunbc/valiant-deer-205/dag/test/claim/ci_deploy_target_host_witness_test.dag leg=InterpretedLeg) 0.2ms
02:26:24.771 PASS witness_ssh_transport_structural_proof_holds (/home/briansrls/.worktrees/gunbc/valiant-deer-205/dag/test/claim/ci_deploy_target_host_witness_test.dag leg=InterpretedLeg) 0.1ms
02:26:24.771 PASS witness_ubicloud_runner_name_refused_for_local_apply (/home/briansrls/.worktrees/gunbc/valiant-deer-205/dag/test/claim/ci_deploy_target_host_witness_test.dag leg=InterpretedLeg) 0.2ms
[floor-drain] schedule-retention: entry='/home/briansrls/.worktrees/gunbc/valiant-deer-205/dag/test/claim/ci_deploy_target_host_witness_test.dag' evicted_modules=1 evicted_graph=1 schedule_evictions=314 graph_evictions=49 retention_unknown=0 typed_cache=404 resolved_graphs=2
[floor-drain] group=49/50 typed_cache=404(+1) parse_cache=400(+1) resolved_memo=2(+0) intern_table=80274(+0) evictions=0 peak_rss=3935985664
[p1-cohort] entry=49/50 name='/home/briansrls/.worktrees/gunbc/valiant-deer-205/dag/test/claim/ci_deploy_target_host_witness_test.dag' wall_ms=5802 resolve_ms=4720 eval_ms=748 schedule_cache_hit=0 resolved_graph_hit=0 modules_evicted=1 graphs_evicted=1 process_rss=3935985664 cgroup_memory_current=4634894336 cgroup_memory_peak=4868771840
02:26:29.881 PASS witness_ci_spec_carries_deploy_stages (/home/briansrls/.worktrees/gunbc/valiant-deer-205/dag/test/claim/ci_deploy_witness_test.dag leg=InterpretedLeg) 5.7ms
02:26:30.628 PASS witness_ci_yml_deploy_job_consumes_release_bins_artifact (/home/briansrls/.worktrees/gunbc/valiant-deer-205/dag/test/claim/ci_deploy_witness_test.dag leg=InterpretedLeg) 747.2ms
02:26:30.628 PASS witness_ci_yml_deploy_job_matches_enrollment (/home/briansrls/.worktrees/gunbc/valiant-deer-205/dag/test/claim/ci_deploy_witness_test.dag leg=InterpretedLeg) 0.1ms
02:26:30.628 PASS witness_ci_yml_deploy_job_serializes_blue_green_cutovers (/home/briansrls/.worktrees/gunbc/valiant-deer-205/dag/test/claim/ci_deploy_witness_test.dag leg=InterpretedLeg) 0.0ms
02:26:30.628 PASS witness_deploy_access_sudo_miss_surfaces_sudoers_hint (/home/briansrls/.worktrees/gunbc/valiant-deer-205/dag/test/claim/ci_deploy_witness_test.dag leg=InterpretedLeg) 0.3ms
02:26:30.629 PASS witness_deploy_access_sudoers_line_authority (/home/briansrls/.worktrees/gunbc/valiant-deer-205/dag/test/claim/ci_deploy_witness_test.dag leg=InterpretedLeg) 0.0ms
02:26:30.629 PASS witness_deploy_access_uses_local_apply_on_srv1 (/home/briansrls/.worktrees/gunbc/valiant-deer-205/dag/test/claim/ci_deploy_witness_test.dag leg=InterpretedLeg) 0.1ms
02:26:30.629 PASS witness_deploy_invoke_does_not_rebuild_release_bins (/home/briansrls/.worktrees/gunbc/valiant-deer-205/dag/test/claim/ci_deploy_witness_test.dag leg=InterpretedLeg) 0.1ms
02:26:30.629 PASS witness_deploy_invoke_runs_gunbc_wet (/home/briansrls/.worktrees/gunbc/valiant-deer-205/dag/test/claim/ci_deploy_witness_test.dag leg=InterpretedLeg) 0.1ms
02:26:30.629 PASS witness_deploy_stage_targets_live_deploy_wet (/home/briansrls/.worktrees/gunbc/valiant-deer-205/dag/test/claim/ci_deploy_witness_test.dag leg=InterpretedLeg) 0.0ms
02:26:30.629 PASS witness_workflow_deploy_job_matches_enrollment (/home/briansrls/.worktrees/gunbc/valiant-deer-205/dag/test/claim/ci_deploy_witness_test.dag leg=InterpretedLeg) 0.1ms
[floor-drain] schedule-retention: entry='/home/briansrls/.worktrees/gunbc/valiant-deer-205/dag/test/claim/ci_deploy_witness_test.dag' evicted_modules=397 evicted_graph=1 schedule_evictions=711 graph_evictions=50 retention_unknown=0 typed_cache=4 resolved_graphs=2
[floor-drain] group=50/50 typed_cache=4(-400) parse_cache=4(-396) resolved_memo=2(+0) intern_table=80274(+0) evictions=0 peak_rss=3935985664
[p1-cohort] entry=50/50 name='/home/briansrls/.worktrees/gunbc/valiant-deer-205/dag/test/claim/ci_deploy_witness_test.dag' wall_ms=8653 resolve_ms=4771 eval_ms=753 schedule_cache_hit=0 resolved_graph_hit=0 modules_evicted=397 graphs_evicted=1 process_rss=3935985664 cgroup_memory_current=4635250688 cgroup_memory_peak=4868771840
[floor-drain] receipt: groups=50 typed_cache_peak=496 parse_cache_peak=493 resolved_memo_peak=2 intern_table_peak=80274 evictions=0 schedule_evictions=711 retention_unknown=0 peak_rss=3944873984 cap_entries=4000
p1_cohort_probe: PASS total=414 skipped=0 failures=1 resolve_ms=118126.816 eval_ms=3261.415
p1_cohort_probe: FAIL witness_observed_hostname_reads_typed_op_hermetic (/home/briansrls/.worktrees/gunbc/valiant-deer-205/dag/test/claim/ci_deploy_target_host_witness_test.dag) returned Bool(false)
