# census_sha	f531ba548d01fd70d9b8eb825b17f542578ce485
# FROZEN — type_ref_debt_roster_freeze_state = Frozen; new-sites-refuse armed
# key grain: TYPE x (file, span_start, span_end)
# disposition	incidental_debt
# types	608	sites	2848
# TYPE	NonEmptyStr	455
NonEmptyStr	dag/extdeps/access/aws_iam.dag	332	343
NonEmptyStr	dag/extdeps/access/aws_iam.dag	385	396
NonEmptyStr	dag/extdeps/access/aws_iam.dag	441	452
NonEmptyStr	dag/extdeps/access/aws_iam.dag	495	506
NonEmptyStr	dag/extdeps/access/aws_iam.dag	545	556
NonEmptyStr	dag/extdeps/access/aws_iam.dag	564	575
NonEmptyStr	dag/extdeps/access/aws_iam.dag	591	602
NonEmptyStr	dag/extdeps/access/aws_iam.dag	631	642
NonEmptyStr	dag/extdeps/access/aws_iam.dag	701	712
NonEmptyStr	dag/extdeps/access/aws_iam.dag	732	743
NonEmptyStr	dag/extdeps/access/aws_iam.dag	816	827
NonEmptyStr	dag/extdeps/access/aws_iam.dag	834	845
NonEmptyStr	dag/extdeps/access/posix.dag	574	585
NonEmptyStr	dag/extdeps/access/rbac.dag	242	253
NonEmptyStr	dag/extdeps/access/rbac.dag	264	275
NonEmptyStr	dag/extdeps/access/rbac.dag	309	320
NonEmptyStr	dag/extdeps/access/rbac.dag	329	340
NonEmptyStr	dag/extdeps/access/rbac.dag	405	416
NonEmptyStr	dag/extdeps/access/rbac.dag	453	464
NonEmptyStr	dag/extdeps/access/rbac.dag	475	486
NonEmptyStr	dag/extdeps/access/rbac.dag	513	524
NonEmptyStr	dag/extdeps/access/rbac.dag	546	557
NonEmptyStr	dag/extdeps/access/rbac.dag	594	605
NonEmptyStr	dag/extdeps/access/rbac.dag	621	632
NonEmptyStr	dag/extdeps/access/zanzibar.dag	243	254
NonEmptyStr	dag/extdeps/access/zanzibar.dag	261	272
NonEmptyStr	dag/extdeps/access/zanzibar.dag	320	331
NonEmptyStr	dag/extdeps/access/zanzibar.dag	362	373
NonEmptyStr	dag/extdeps/access/zanzibar.dag	464	475
NonEmptyStr	dag/extdeps/access/zanzibar.dag	553	564
NonEmptyStr	dag/extdeps/access/zanzibar.dag	598	609
NonEmptyStr	dag/extdeps/access/zanzibar.dag	621	632
NonEmptyStr	dag/extdeps/access/zanzibar.dag	832	843
NonEmptyStr	dag/extdeps/access/zanzibar.dag	909	920
NonEmptyStr	dag/extdeps/access/zanzibar.dag	981	992
NonEmptyStr	dag/extdeps/access/zanzibar.dag	1045	1056
NonEmptyStr	dag/extdeps/audit/cloudevents.dag	248	259
NonEmptyStr	dag/extdeps/audit/cloudevents.dag	312	323
NonEmptyStr	dag/extdeps/audit/cloudevents.dag	385	396
NonEmptyStr	dag/extdeps/audit/cloudevents.dag	456	467
NonEmptyStr	dag/extdeps/audit/cloudevents.dag	523	534
NonEmptyStr	dag/extdeps/audit/cloudevents.dag	599	610
NonEmptyStr	dag/extdeps/audit/cloudevents.dag	682	693
NonEmptyStr	dag/extdeps/audit/cloudevents.dag	921	932
NonEmptyStr	dag/extdeps/audit/cloudevents.dag	1330	1341
NonEmptyStr	dag/extdeps/bmc.dag	277	288
NonEmptyStr	dag/extdeps/bmc/access.dag	223	234
NonEmptyStr	dag/extdeps/bmc/http.dag	2066	2077
NonEmptyStr	dag/extdeps/bmc/http.dag	2427	2438
NonEmptyStr	dag/extdeps/bmc/http.dag	2450	2461
NonEmptyStr	dag/extdeps/bmc/http.dag	2878	2889
NonEmptyStr	dag/extdeps/bmc/http.dag	2903	2914
NonEmptyStr	dag/extdeps/bmc/http.dag	3321	3332
NonEmptyStr	dag/extdeps/bmc/http.dag	3346	3357
NonEmptyStr	dag/extdeps/bmc/http.dag	3371	3382
NonEmptyStr	dag/extdeps/bmc/http.dag	3795	3806
NonEmptyStr	dag/extdeps/bmc/http.dag	3818	3829
NonEmptyStr	dag/extdeps/bmc/http.dag	4241	4252
NonEmptyStr	dag/extdeps/bmc/http.dag	4264	4275
NonEmptyStr	dag/extdeps/bmc/http.dag	4699	4710
NonEmptyStr	dag/extdeps/bmc/http.dag	4724	4735
NonEmptyStr	dag/extdeps/bmc/http.dag	4749	4760
NonEmptyStr	dag/extdeps/bmc/http.dag	4781	4792
NonEmptyStr	dag/extdeps/bmc/http.dag	5305	5316
NonEmptyStr	dag/extdeps/bmc/http.dag	5330	5341
NonEmptyStr	dag/extdeps/bmc/http.dag	5354	5365
NonEmptyStr	dag/extdeps/bmc/http.dag	5386	5397
NonEmptyStr	dag/extdeps/bmc/http.dag	5887	5898
NonEmptyStr	dag/extdeps/bmc/http.dag	5912	5923
NonEmptyStr	dag/extdeps/bmc/http.dag	5936	5947
NonEmptyStr	dag/extdeps/bmc/http.dag	5968	5979
NonEmptyStr	dag/extdeps/bmc/ipmi.dag	342	353
NonEmptyStr	dag/extdeps/bmc/ipmi.dag	669	680
NonEmptyStr	dag/extdeps/bmc/ipmi.dag	999	1010
NonEmptyStr	dag/extdeps/bmc/os_install_actuator_toolchain.dag	579	590
NonEmptyStr	dag/extdeps/bmc/os_install_actuator_toolchain.dag	638	649
NonEmptyStr	dag/extdeps/bmc/os_install_actuator_toolchain.dag	902	913
NonEmptyStr	dag/extdeps/bmc/redfish.dag	396	407
NonEmptyStr	dag/extdeps/bmc/redfish.dag	758	769
NonEmptyStr	dag/extdeps/bmc/redfish.dag	787	798
NonEmptyStr	dag/extdeps/bmc/redfish.dag	820	831
NonEmptyStr	dag/extdeps/bmc/serial_console.dag	742	753
NonEmptyStr	dag/extdeps/bmc/serial_console.dag	802	813
NonEmptyStr	dag/extdeps/bmc/serial_console.dag	916	927
NonEmptyStr	dag/extdeps/bmc/serial_console.dag	975	986
NonEmptyStr	dag/extdeps/bmc/serial_console.dag	1032	1043
NonEmptyStr	dag/extdeps/bmc/serial_console.dag	1203	1214
NonEmptyStr	dag/extdeps/bmc/serial_console.dag	1950	1961
NonEmptyStr	dag/extdeps/bmc/serial_console.dag	2007	2018
NonEmptyStr	dag/extdeps/bmc/webui/nbd_proxy.dag	4816	4827
NonEmptyStr	dag/extdeps/bmc/webui/nbd_proxy.dag	5020	5031
NonEmptyStr	dag/extdeps/bmc/webui/nbd_proxy_serve.dag	236	247
NonEmptyStr	dag/extdeps/bmc/webui/nbd_proxy_serve.dag	289	300
NonEmptyStr	dag/extdeps/bmc/webui/nbd_proxy_serve.dag	681	692
NonEmptyStr	dag/extdeps/bmc/webui/nbd_proxy_serve.dag	710	721
NonEmptyStr	dag/extdeps/bmc/webui/nbd_proxy_serve.dag	733	744
NonEmptyStr	dag/extdeps/bmc/webui/nbd_proxy_serve.dag	757	768
NonEmptyStr	dag/extdeps/bmc/webui/nbd_proxy_serve.dag	838	849
NonEmptyStr	dag/extdeps/bmc/webui/nbd_proxy_serve.dag	980	991
NonEmptyStr	dag/extdeps/bmc/webui/nbd_proxy_serve.dag	1010	1021
NonEmptyStr	dag/extdeps/bmc/webui/nbd_proxy_serve.dag	1034	1045
NonEmptyStr	dag/extdeps/bmc/webui/nbd_proxy_serve.dag	1059	1070
NonEmptyStr	dag/extdeps/bmc/webui/nbd_proxy_serve.dag	1723	1734
NonEmptyStr	dag/extdeps/bmc/webui/nbd_proxy_serve.dag	1757	1768
NonEmptyStr	dag/extdeps/bmc/webui/nbd_proxy_serve.dag	1787	1798
NonEmptyStr	dag/extdeps/bmc/webui/nbd_proxy_serve.dag	2115	2126
NonEmptyStr	dag/extdeps/bmc/webui/nbd_proxy_serve.dag	2149	2160
NonEmptyStr	dag/extdeps/bmc/webui/nbd_proxy_serve.dag	2179	2190
NonEmptyStr	dag/extdeps/bmc/webui/nbd_proxy_serve.dag	2506	2517
NonEmptyStr	dag/extdeps/bmc/webui/nbd_proxy_serve.dag	2543	2554
NonEmptyStr	dag/extdeps/bmc/webui/nbd_proxy_serve.dag	2605	2616
NonEmptyStr	dag/extdeps/bmc/webui/nbd_proxy_serve.dag	2621	2632
NonEmptyStr	dag/extdeps/bmc/webui/nbd_proxy_serve.dag	2701	2712
NonEmptyStr	dag/extdeps/bmc/webui/nbd_proxy_serve.dag	2765	2776
NonEmptyStr	dag/extdeps/bmc/webui/nbd_proxy_serve.dag	2781	2792
NonEmptyStr	dag/extdeps/bmc/webui/nbd_proxy_serve.dag	2857	2868
NonEmptyStr	dag/extdeps/boot/emit.dag	257	268
NonEmptyStr	dag/extdeps/boot/emit.dag	1901	1912
NonEmptyStr	dag/extdeps/boot/freestanding_payload.dag	287	298
NonEmptyStr	dag/extdeps/boot/freestanding_payload.dag	350	361
NonEmptyStr	dag/extdeps/boot/freestanding_payload.dag	416	427
NonEmptyStr	dag/extdeps/boot/freestanding_witness.dag	4702	4713
NonEmptyStr	dag/extdeps/boot/linux_x86_boot.dag	262	273
NonEmptyStr	dag/extdeps/cloud/gcp/errors.dag	707	718
NonEmptyStr	dag/extdeps/cloud/gcp/gcp.dag	677	688
NonEmptyStr	dag/extdeps/cloud/gcp/iam.dag	3661	3672
NonEmptyStr	dag/extdeps/cloud/gcp/iam_admin.dag	608	619
NonEmptyStr	dag/extdeps/cloud/gcp/iam_admin.dag	640	651
NonEmptyStr	dag/extdeps/cloud/gcp/iam_admin.dag	1269	1280
NonEmptyStr	dag/extdeps/cloud/gcp/iam_admin.dag	1301	1312
NonEmptyStr	dag/extdeps/cloud/gcp/iam_admin.dag	1944	1955
NonEmptyStr	dag/extdeps/cloud/gcp/iam_admin.dag	1975	1986
NonEmptyStr	dag/extdeps/cloud/gcp/iam_admin.dag	2005	2016
NonEmptyStr	dag/extdeps/cloud/gcp/iam_admin.dag	2089	2100
NonEmptyStr	dag/extdeps/cloud/gcp/secret_manager.dag	1337	1348
NonEmptyStr	dag/extdeps/cloud/gcp/secret_manager.dag	1364	1375
NonEmptyStr	dag/extdeps/cloud/gcp/secret_manager.dag	1913	1924
NonEmptyStr	dag/extdeps/cloud/gcp/secret_manager.dag	2916	2927
NonEmptyStr	dag/extdeps/cloud/gcp/secret_ref.dag	388	399
NonEmptyStr	dag/extdeps/cloud/gcp/secret_ref.dag	411	422
NonEmptyStr	dag/extdeps/cloud/gcp/sts.dag	604	615
NonEmptyStr	dag/extdeps/cloud/gcp/sts.dag	1200	1211
NonEmptyStr	dag/extdeps/cloud/gcp/sts.dag	1692	1703
NonEmptyStr	dag/extdeps/cloud/gcp/sts.dag	2173	2184
NonEmptyStr	dag/extdeps/cloud/ubicloud.dag	1805	1816
NonEmptyStr	dag/extdeps/cpu/types.dag	645	656
NonEmptyStr	dag/extdeps/cpu/types.dag	928	939
NonEmptyStr	dag/extdeps/cpu/types.dag	958	969
NonEmptyStr	dag/extdeps/git/git.dag	1237	1248
NonEmptyStr	dag/extdeps/git/git.dag	28454	28465
NonEmptyStr	dag/extdeps/git/git.dag	29109	29120
NonEmptyStr	dag/extdeps/git/git.dag	29272	29283
NonEmptyStr	dag/extdeps/git/git.dag	29957	29968
NonEmptyStr	dag/extdeps/git/git.dag	30246	30257
NonEmptyStr	dag/extdeps/git/git.dag	30690	30701
NonEmptyStr	dag/extdeps/ssh/session.dag	3496	3507
NonEmptyStr	dag/extdeps/ssh/session.dag	3819	3830
NonEmptyStr	dag/extdeps/ssh/session.dag	3841	3852
NonEmptyStr	dag/extdeps/ssh/session.dag	4224	4235
NonEmptyStr	dag/extdeps/ssh/session.dag	4768	4779
NonEmptyStr	dag/extdeps/ssh/session.dag	5319	5330
NonEmptyStr	dag/extdeps/ssh/session.dag	5870	5881
NonEmptyStr	dag/extdeps/ssh/session.dag	5892	5903
NonEmptyStr	dag/extdeps/ssh/session.dag	6187	6198
NonEmptyStr	dag/extdeps/ssh/session.dag	6502	6513
NonEmptyStr	dag/gunbc/accelerator_demo_gpu.dag	365	376
NonEmptyStr	dag/gunbc/accelerator_demo_plan.dag	513	524
NonEmptyStr	dag/gunbc/accelerator_demo_render.dag	1920	1931
NonEmptyStr	dag/gunbc/auth/credentials.dag	77	88
NonEmptyStr	dag/gunbc/auth/credentials.dag	105	116
NonEmptyStr	dag/gunbc/auth/credentials.dag	129	140
NonEmptyStr	dag/gunbc/auth/patterns.dag	253	264
NonEmptyStr	dag/gunbc/auth/patterns.dag	859	870
NonEmptyStr	dag/gunbc/auth/patterns.dag	928	939
NonEmptyStr	dag/gunbc/auth/patterns.dag	1006	1017
NonEmptyStr	dag/gunbc/bootstrap.dag	813	824
NonEmptyStr	dag/gunbc/bootstrap.dag	1031	1042
NonEmptyStr	dag/gunbc/bootstrap.dag	1057	1068
NonEmptyStr	dag/gunbc/bootstrap.dag	1765	1776
NonEmptyStr	dag/gunbc/bootstrap.dag	1847	1858
NonEmptyStr	dag/gunbc/bootstrap.dag	1907	1918
NonEmptyStr	dag/gunbc/bootstrap.dag	1946	1957
NonEmptyStr	dag/gunbc/code_change_workflow.dag	383	394
NonEmptyStr	dag/gunbc/digest_render.dag	98	109
NonEmptyStr	dag/gunbc/file_access.dag	61	72
NonEmptyStr	dag/gunbc/file_access.dag	540	551
NonEmptyStr	dag/gunbc/file_access.dag	1255	1266
NonEmptyStr	dag/gunbc/fleet_show_effective_read.dag	88	99
NonEmptyStr	dag/gunbc/fleet_show_effective_read.dag	138	149
NonEmptyStr	dag/gunbc/fleet_show_effective_read.dag	197	208
NonEmptyStr	dag/gunbc/fleet_show_effective_read.dag	261	272
NonEmptyStr	dag/gunbc/fleet_show_effective_read.dag	323	334
NonEmptyStr	dag/gunbc/fleet_show_effective_read.dag	375	386
NonEmptyStr	dag/gunbc/fleet_show_effective_read.dag	434	445
NonEmptyStr	dag/gunbc/fleet_show_effective_read.dag	479	490
NonEmptyStr	dag/gunbc/fleet_show_effective_read.dag	543	554
NonEmptyStr	dag/gunbc/fleet_show_effective_read.dag	597	608
NonEmptyStr	dag/gunbc/fleet_show_effective_read.dag	658	669
NonEmptyStr	dag/gunbc/fleet_show_effective_read.dag	709	720
NonEmptyStr	dag/gunbc/fleet_show_effective_read.dag	1320	1331
NonEmptyStr	dag/gunbc/fleet_show_effective_read.dag	2422	2433
NonEmptyStr	dag/gunbc/fleet_show_effective_read.dag	2448	2459
NonEmptyStr	dag/gunbc/fleet_show_effective_read.dag	3932	3943
NonEmptyStr	dag/gunbc/fleet_show_effective_read.dag	4364	4375
NonEmptyStr	dag/gunbc/fleet_show_effective_read.dag	4408	4419
NonEmptyStr	dag/gunbc/fleet_show_effective_read.dag	4915	4926
NonEmptyStr	dag/gunbc/fleet_show_effective_read.dag	4959	4970
NonEmptyStr	dag/gunbc/fleet_show_effective_read.dag	14155	14166
NonEmptyStr	dag/gunbc/fleet_show_effective_read.dag	16200	16211
NonEmptyStr	dag/gunbc/host_identity_access.dag	73	84
NonEmptyStr	dag/gunbc/host_identity_access.dag	176	187
NonEmptyStr	dag/gunbc/host_identity_access.dag	593	604
NonEmptyStr	dag/gunbc/host_identity_access.dag	735	746
NonEmptyStr	dag/gunbc/host_identity_access.dag	877	888
NonEmptyStr	dag/gunbc/host_identity_access.dag	3603	3614
NonEmptyStr	dag/gunbc/host_identity_access.dag	3665	3676
NonEmptyStr	dag/gunbc/host_identity_adopt.dag	162	173
NonEmptyStr	dag/gunbc/host_identity_adopt.dag	1091	1102
NonEmptyStr	dag/gunbc/host_identity_adopt.dag	1178	1189
NonEmptyStr	dag/gunbc/host_identity_adopt.dag	1338	1349
NonEmptyStr	dag/gunbc/host_identity_adopt.dag	1551	1562
NonEmptyStr	dag/gunbc/host_identity_adopt.dag	2962	2973
NonEmptyStr	dag/gunbc/host_identity_adopt.dag	3557	3568
NonEmptyStr	dag/gunbc/host_identity_adopt.dag	3865	3876
NonEmptyStr	dag/gunbc/host_identity_assimilation.dag	1490	1501
NonEmptyStr	dag/gunbc/host_identity_assimilation.dag	2543	2554
NonEmptyStr	dag/gunbc/host_identity_assimilation.dag	3029	3040
NonEmptyStr	dag/gunbc/host_identity_assimilation.dag	4195	4206
NonEmptyStr	dag/gunbc/host_identity_assimilation.dag	7298	7309
NonEmptyStr	dag/gunbc/host_identity_observation.dag	117	128
NonEmptyStr	dag/gunbc/host_identity_observation.dag	201	212
NonEmptyStr	dag/gunbc/host_identity_observation.dag	1269	1280
NonEmptyStr	dag/gunbc/host_identity_observation.dag	1948	1959
NonEmptyStr	dag/gunbc/host_standup.dag	749	760
NonEmptyStr	dag/gunbc/host_standup.dag	3436	3447
NonEmptyStr	dag/gunbc/host_standup.dag	3812	3823
NonEmptyStr	dag/gunbc/host_standup.dag	4198	4209
NonEmptyStr	dag/gunbc/host_standup.dag	4239	4250
NonEmptyStr	dag/gunbc/host_standup.dag	4363	4374
NonEmptyStr	dag/gunbc/host_standup_assimilation_deduction.dag	729	740
NonEmptyStr	dag/gunbc/host_standup_assimilation_deduction.dag	2001	2012
NonEmptyStr	dag/gunbc/host_standup_assimilation_deduction.dag	2067	2078
NonEmptyStr	dag/gunbc/host_standup_assimilation_deduction.dag	2132	2143
NonEmptyStr	dag/gunbc/host_standup_assimilation_deduction.dag	2871	2882
NonEmptyStr	dag/gunbc/host_standup_assimilation_deduction.dag	3274	3285
NonEmptyStr	dag/gunbc/host_standup_assimilation_deduction.dag	3990	4001
NonEmptyStr	dag/gunbc/host_standup_assimilation_deduction.dag	4733	4744
NonEmptyStr	dag/gunbc/host_standup_assimilation_deduction.dag	4997	5008
NonEmptyStr	dag/gunbc/host_standup_assimilation_deduction.dag	5116	5127
NonEmptyStr	dag/gunbc/host_standup_assimilation_deduction.dag	5224	5235
NonEmptyStr	dag/gunbc/pr_digests.dag	156	167
NonEmptyStr	dag/gunbc/review_verdict.dag	204	215
NonEmptyStr	dag/gunbc/review_verdict.dag	313	324
NonEmptyStr	dag/gunbc/review_verdict.dag	336	347
NonEmptyStr	dag/gunbc/review_verdict.dag	520	531
NonEmptyStr	dag/gunbc/review_verdict.dag	1430	1441
NonEmptyStr	dag/gunbc/review_verdict.dag	1744	1755
NonEmptyStr	dag/gunbc/review_verdict.dag	1820	1831
NonEmptyStr	dag/gunbc/review_verdict.dag	2160	2171
NonEmptyStr	dag/gunbc/review_verdict.dag	2432	2443
NonEmptyStr	dag/gunbc/review_verdict.dag	3793	3804
NonEmptyStr	dag/gunbc/runner_unit_live_read.dag	74	85
NonEmptyStr	dag/gunbc/runner_unit_live_read.dag	209	220
NonEmptyStr	dag/gunbc/runner_unit_live_read.dag	264	275
NonEmptyStr	dag/gunbc/runner_unit_live_read.dag	455	466
NonEmptyStr	dag/gunbc/srv3_os_install_actuate.dag	901	912
NonEmptyStr	dag/gunbc/tailscale_acl_emit.dag	238	249
NonEmptyStr	dag/gunbc/tailscale_acl_phase2_credential.dag	93	104
NonEmptyStr	dag/gunbc/tailscale_acl_phase2_credential.dag	1197	1208
NonEmptyStr	dag/gunbc/tailscale_acl_phase2_credential.dag	3144	3155
NonEmptyStr	dag/gunbc/tailscale_acl_phase2_credential.dag	4013	4024
NonEmptyStr	dag/gunbc/tools/bmc_first_contact.dag	217	228
NonEmptyStr	dag/gunbc/tools/bmc_read_telemetry.dag	740	751
NonEmptyStr	dag/gunbc/tools/bmc_read_telemetry.dag	794	805
NonEmptyStr	dag/gunbc/tools/card_intake.dag	5481	5492
NonEmptyStr	dag/gunbc/tools/ebay_listing.dag	477	488
NonEmptyStr	dag/gunbc/tools/ebay_listing.dag	578	589
NonEmptyStr	dag/gunbc/tools/ebay_listing.dag	630	641
NonEmptyStr	dag/gunbc/tools/ebay_listing.dag	651	662
NonEmptyStr	dag/gunbc/tools/ebay_listing.dag	824	835
NonEmptyStr	dag/gunbc/tools/ebay_listing.dag	857	868
NonEmptyStr	dag/gunbc/tools/ebay_listing.dag	889	900
NonEmptyStr	dag/product/compute_fabric.dag	46	57
NonEmptyStr	dag/product/compute_fabric.dag	319	330
NonEmptyStr	dag/product/compute_fabric.dag	543	554
NonEmptyStr	dag/product/compute_fabric.dag	645	656
NonEmptyStr	dag/product/compute_fabric.dag	3782	3793
NonEmptyStr	dag/product/hardware_selection.dag	393	404
NonEmptyStr	dag/product/hardware_selection.dag	2933	2944
NonEmptyStr	dag/product/hardware_selection.dag	3168	3179
NonEmptyStr	dag/std/os/invocation.dag	69	80
NonEmptyStr	dag/std/os/invocation.dag	208	219
NonEmptyStr	dag/std/os/invocation.dag	230	241
NonEmptyStr	dag/test/claim/build_cache_endpoint_path_test.dag	919	930
NonEmptyStr	dag/test/claim/build_cache_endpoint_path_test.dag	1048	1059
NonEmptyStr	dag/test/claim/build_cache_endpoint_path_test.dag	1109	1120
NonEmptyStr	dag/test/claim/build_cache_endpoint_path_test.dag	1585	1596
NonEmptyStr	dag/test/claim/build_cache_endpoint_path_test.dag	2210	2221
NonEmptyStr	dag/test/claim/build_cache_endpoint_path_test.dag	2758	2769
NonEmptyStr	dag/test/claim/build_cache_endpoint_path_test.dag	3019	3030
NonEmptyStr	dag/test/claim/build_cache_endpoint_path_test.dag	3182	3193
NonEmptyStr	dag/test/claim/build_cache_endpoint_path_test.dag	5174	5185
NonEmptyStr	dag/test/claim/build_cache_ensure_test.dag	1049	1060
NonEmptyStr	dag/test/claim/build_cache_ensure_test.dag	1187	1198
NonEmptyStr	dag/test/claim/build_cache_ensure_test.dag	1248	1259
NonEmptyStr	dag/test/claim/build_cache_ensure_test.dag	6833	6844
NonEmptyStr	dag/test/claim/build_cache_ensure_test.dag	7878	7889
NonEmptyStr	dag/test/claim/build_cache_ensure_test.dag	8216	8227
NonEmptyStr	dag/test/claim/build_cache_ensure_test.dag	8910	8921
NonEmptyStr	dag/test/claim/build_cache_ensure_test.dag	9748	9759
NonEmptyStr	dag/test/claim/build_cache_ensure_test.dag	10043	10054
NonEmptyStr	dag/test/claim/build_cache_ensure_test.dag	10133	10144
NonEmptyStr	dag/test/claim/build_cache_placement_observation_test.dag	934	945
NonEmptyStr	dag/test/claim/build_cache_placement_observation_test.dag	995	1006
NonEmptyStr	dag/test/claim/build_cache_placement_observation_test.dag	1242	1253
NonEmptyStr	dag/test/claim/build_cache_placement_observation_test.dag	1284	1295
NonEmptyStr	dag/test/claim/build_cache_placement_observation_test.dag	1692	1703
NonEmptyStr	dag/test/claim/build_cache_placement_observation_test.dag	1751	1762
NonEmptyStr	dag/test/claim/build_cache_placement_observation_test.dag	1927	1938
NonEmptyStr	dag/test/claim/build_cache_placement_observation_test.dag	4400	4411
NonEmptyStr	dag/test/claim/build_cache_placement_observation_test.dag	7185	7196
NonEmptyStr	dag/test/claim/build_cache_placement_observation_test.dag	8790	8801
NonEmptyStr	dag/test/claim/build_cache_placement_observation_test.dag	9046	9057
NonEmptyStr	dag/test/claim/code_change_workflow_witness_test.dag	144	155
NonEmptyStr	dag/test/claim/code_change_workflow_witness_test.dag	195	206
NonEmptyStr	dag/test/claim/code_change_workflow_witness_test.dag	473	484
NonEmptyStr	dag/test/claim/cr1000a_dhcp_lease_naming_witness_test.dag	979	990
NonEmptyStr	dag/test/claim/cr1000a_dhcp_lease_naming_witness_test.dag	1784	1795
NonEmptyStr	dag/test/claim/diagnostic_redfish_witness.dag	78	89
NonEmptyStr	dag/test/claim/diagnostic_redfish_witness.dag	137	148
NonEmptyStr	dag/test/claim/diagnostic_redfish_witness.dag	191	202
NonEmptyStr	dag/test/claim/env_freshness_witness.dag	62	73
NonEmptyStr	dag/test/claim/extdeps_github_errors_url_grounding_witness_test.dag	156	167
NonEmptyStr	dag/test/claim/fleet_show_effective_read_witness_test.dag	7420	7431
NonEmptyStr	dag/test/claim/fleet_show_effective_read_witness_test.dag	7765	7776
NonEmptyStr	dag/test/claim/fleet_show_effective_read_witness_test.dag	8006	8017
NonEmptyStr	dag/test/claim/grounded_principal_witness_test.dag	222	233
NonEmptyStr	dag/test/claim/grounded_principal_witness_test.dag	296	307
NonEmptyStr	dag/test/claim/grounded_principal_witness_test.dag	3409	3420
NonEmptyStr	dag/test/claim/grounded_principal_witness_test.dag	5763	5774
NonEmptyStr	dag/test/claim/grounded_principal_witness_test.dag	5841	5852
NonEmptyStr	dag/test/claim/grounded_principal_witness_test.dag	6349	6360
NonEmptyStr	dag/test/claim/grounded_principal_witness_test.dag	6635	6646
NonEmptyStr	dag/test/claim/grounded_principal_witness_test.dag	7360	7371
NonEmptyStr	dag/test/claim/grounded_principal_witness_test.dag	7974	7985
NonEmptyStr	dag/test/claim/host_build_cache_provision_design_witness_test.dag	8161	8172
NonEmptyStr	dag/test/claim/host_compile_pool_test.dag	686	697
NonEmptyStr	dag/test/claim/host_compile_pool_test.dag	3539	3550
NonEmptyStr	dag/test/claim/host_effect_apply_witness_test.dag	3527	3538
NonEmptyStr	dag/test/claim/host_effect_apply_witness_test.dag	3826	3837
NonEmptyStr	dag/test/claim/host_hygiene_liveness_test.dag	283	294
NonEmptyStr	dag/test/claim/host_hygiene_liveness_test.dag	440	451
NonEmptyStr	dag/test/claim/host_hygiene_liveness_test.dag	605	616
NonEmptyStr	dag/test/claim/host_hygiene_reaper_test.dag	236	247
NonEmptyStr	dag/test/claim/host_hygiene_reaper_test.dag	491	502
NonEmptyStr	dag/test/claim/host_hygiene_reaper_test.dag	733	744
NonEmptyStr	dag/test/claim/host_hygiene_reaper_test.dag	976	987
NonEmptyStr	dag/test/claim/host_hygiene_reaper_test.dag	1230	1241
NonEmptyStr	dag/test/claim/host_identity_observation_witness_test.dag	11109	11120
NonEmptyStr	dag/test/claim/nbd_proxy_serve_transport_witness_test.dag	3013	3024
NonEmptyStr	dag/test/claim/nbd_proxy_serve_transport_witness_test.dag	3079	3090
NonEmptyStr	dag/test/claim/os_install_deduction_witness_test.dag	4792	4803
NonEmptyStr	dag/test/claim/os_install_deduction_witness_test.dag	5921	5932
NonEmptyStr	dag/test/claim/os_install_deduction_witness_test.dag	6339	6350
NonEmptyStr	dag/test/claim/os_proc_meminfo_witness_test.dag	570	581
NonEmptyStr	dag/test/claim/readback_independence_witness_test.dag	8468	8479
NonEmptyStr	dag/test/claim/readback_independence_witness_test.dag	9132	9143
NonEmptyStr	dag/test/claim/readback_independence_witness_test.dag	9281	9292
NonEmptyStr	dag/test/claim/resource_namespace_upsert_witness_test.dag	257	268
NonEmptyStr	dag/test/claim/resource_namespace_upsert_witness_test.dag	414	425
NonEmptyStr	dag/test/claim/resource_namespace_upsert_witness_test.dag	480	491
NonEmptyStr	dag/test/claim/resource_namespace_upsert_witness_test.dag	748	759
NonEmptyStr	dag/test/claim/resource_namespace_upsert_witness_test.dag	808	819
NonEmptyStr	dag/test/claim/resource_namespace_upsert_witness_test.dag	1297	1308
NonEmptyStr	dag/test/claim/resource_namespace_upsert_witness_test.dag	1358	1369
NonEmptyStr	dag/test/claim/resource_namespace_upsert_witness_test.dag	1426	1437
NonEmptyStr	dag/test/claim/resource_namespace_upsert_witness_test.dag	1923	1934
NonEmptyStr	dag/test/claim/resource_namespace_upsert_witness_test.dag	1984	1995
NonEmptyStr	dag/test/claim/resource_namespace_upsert_witness_test.dag	2192	2203
NonEmptyStr	dag/test/claim/resource_namespace_upsert_witness_test.dag	2603	2614
NonEmptyStr	dag/test/claim/resource_namespace_upsert_witness_test.dag	2804	2815
NonEmptyStr	dag/test/claim/reviewer_source_witness_test.dag	143	154
NonEmptyStr	dag/test/claim/reviewer_source_witness_test.dag	194	205
NonEmptyStr	dag/test/claim/reviewer_source_witness_test.dag	235	246
NonEmptyStr	dag/test/claim/reviewer_source_witness_test.dag	287	298
NonEmptyStr	dag/test/claim/runner_activation_wall_test.dag	1002	1013
NonEmptyStr	dag/test/claim/runner_activation_wall_test.dag	1060	1071
NonEmptyStr	dag/test/claim/runner_activation_wall_test.dag	1130	1141
NonEmptyStr	dag/test/claim/runner_activation_wall_test.dag	3062	3073
NonEmptyStr	dag/test/claim/runner_activation_wall_test.dag	4266	4277
NonEmptyStr	dag/test/claim/runner_activation_wall_test.dag	4412	4423
NonEmptyStr	dag/test/claim/runner_activation_wall_test.dag	4838	4849
NonEmptyStr	dag/test/claim/runner_activation_wall_test.dag	7326	7337
NonEmptyStr	dag/test/claim/runner_activation_wall_test.dag	7381	7392
NonEmptyStr	dag/test/claim/runner_activation_wall_test.dag	7541	7552
NonEmptyStr	dag/test/claim/runner_activation_wall_test.dag	9342	9353
NonEmptyStr	dag/test/claim/runner_slot_enforcement_grounding_witness_test.dag	153	164
NonEmptyStr	dag/test/claim/srv3_host_effect_apply_witness_test.dag	1331	1342
NonEmptyStr	dag/test/claim/srv3_host_effect_apply_witness_test.dag	1793	1804
NonEmptyStr	dag/test/claim/srv3_host_effect_apply_witness_test.dag	1860	1871
NonEmptyStr	dag/test/claim/srv3_host_effect_apply_witness_test.dag	2012	2023
NonEmptyStr	dag/test/claim/srv3_host_effect_apply_witness_test.dag	2079	2090
NonEmptyStr	dag/test/claim/srv3_host_effect_apply_witness_test.dag	4615	4626
NonEmptyStr	dag/test/claim/srv3_host_effect_apply_witness_test.dag	5326	5337
NonEmptyStr	dag/test/claim/srv3_host_effect_apply_witness_test.dag	5390	5401
NonEmptyStr	dag/test/claim/srv3_host_effect_apply_witness_test.dag	6004	6015
NonEmptyStr	dag/test/claim/srv3_host_effect_apply_witness_test.dag	6067	6078
NonEmptyStr	dag/test/claim/srv3_host_effect_apply_witness_test.dag	6137	6148
NonEmptyStr	dag/test/claim/srv3_host_effect_apply_witness_test.dag	6292	6303
NonEmptyStr	dag/test/claim/srv3_host_effect_apply_witness_test.dag	6354	6365
NonEmptyStr	dag/test/claim/srv3_host_effect_apply_witness_test.dag	7054	7065
NonEmptyStr	dag/test/claim/srv3_host_effect_apply_witness_test.dag	8024	8035
NonEmptyStr	dag/test/claim/srv3_seeded_install_media_witness_test.dag	2977	2988
NonEmptyStr	dag/test/claim/srv3_seeded_install_media_witness_test.dag	3158	3169
NonEmptyStr	dag/test/claim/temporal_effect_spine_witness_test.dag	219	230
NonEmptyStr	dag/test/claim/temporal_effect_spine_witness_test.dag	260	271
NonEmptyStr	dag/test/claim/temporal_effect_spine_witness_test.dag	297	308
NonEmptyStr	dag/test/claim/temporal_effect_spine_witness_test.dag	473	484
NonEmptyStr	dag/test/claim/temporal_effect_spine_witness_test.dag	542	553
NonEmptyStr	dag/test/claim/temporal_effect_spine_witness_test.dag	620	631
NonEmptyStr	dag/test/claim/temporal_effect_spine_witness_test.dag	652	663
NonEmptyStr	dag/test/claim/temporal_effect_spine_witness_test.dag	689	700
NonEmptyStr	dag/test/claim/temporal_effect_spine_witness_test.dag	718	729
NonEmptyStr	dag/test/claim/temporal_effect_spine_witness_test.dag	755	766
NonEmptyStr	dag/test/claim/temporal_effect_spine_witness_test.dag	795	806
NonEmptyStr	dag/test/claim/temporal_effect_spine_witness_test.dag	956	967
NonEmptyStr	dag/test/claim/temporal_effect_spine_witness_test.dag	1039	1050
NonEmptyStr	dag/test/claim/temporal_effect_spine_witness_test.dag	1249	1260
NonEmptyStr	dag/test/claim/temporal_effect_spine_witness_test.dag	1333	1344
NonEmptyStr	dag/test/claim/temporal_effect_spine_witness_test.dag	1547	1558
NonEmptyStr	dag/test/claim/temporal_effect_spine_witness_test.dag	1631	1642
NonEmptyStr	dag/test/claim/temporal_effect_spine_witness_test.dag	1846	1857
NonEmptyStr	dag/test/claim/temporal_effect_spine_witness_test.dag	1924	1935
NonEmptyStr	dag/test/claim/temporal_effect_spine_witness_test.dag	2195	2206
NonEmptyStr	dag/test/claim/temporal_effect_spine_witness_test.dag	2243	2254
NonEmptyStr	dag/test/claim/temporal_effect_spine_witness_test.dag	2282	2293
NonEmptyStr	dag/test/claim/temporal_effect_spine_witness_test.dag	2359	2370
NonEmptyStr	dag/test/claim/temporal_effect_spine_witness_test.dag	4829	4840
NonEmptyStr	dag/test/claim/temporal_effect_spine_witness_test.dag	4873	4884
NonEmptyStr	dag/test/claim/temporal_effect_spine_witness_test.dag	4913	4924
NonEmptyStr	dag/test/claim/temporal_effect_spine_witness_test.dag	4990	5001
NonEmptyStr	dag/test/claim/temporal_effect_spine_witness_test.dag	6276	6287
NonEmptyStr	dag/test/claim/temporal_effect_spine_witness_test.dag	6734	6745
NonEmptyStr	dag/test/claim/temporal_effect_spine_witness_test.dag	7316	7327
NonEmptyStr	dag/test/claim/temporal_effect_spine_witness_test.dag	7834	7845
NonEmptyStr	dag/test/claim/temporal_effect_spine_witness_test.dag	7909	7920
NonEmptyStr	dag/test/claim/temporal_effect_spine_witness_test.dag	7959	7970
NonEmptyStr	dag/test/claim/temporal_effect_spine_witness_test.dag	8000	8011
NonEmptyStr	dag/test/claim/temporal_effect_spine_witness_test.dag	8287	8298
NonEmptyStr	dag/test/claim/temporal_effect_spine_witness_test.dag	8333	8344
NonEmptyStr	dag/test/claim/temporal_effect_spine_witness_test.dag	8384	8395
NonEmptyStr	dag/test/claim/temporal_effect_spine_witness_test.dag	8615	8626
NonEmptyStr	dag/test/claim/temporal_effect_spine_witness_test.dag	10718	10729
NonEmptyStr	dag/test/claim/temporal_effect_spine_witness_test.dag	10800	10811
NonEmptyStr	dag/test/claim/workflow_recursive_witness_test.dag	1502	1513
# TYPE	LiveTreeDisposition	216
LiveTreeDisposition	dag/examples/interp_test/interp_example.dag	57	76
LiveTreeDisposition	dag/test/claim/base64_rfc4648_witness_test.dag	71	90
LiveTreeDisposition	dag/test/claim/bmc_auth_runtime_secret_seam_test.dag	77	96
LiveTreeDisposition	dag/test/claim/bmc_bootstrap_provision_witness_test.dag	80	99
LiveTreeDisposition	dag/test/claim/bmc_factory_credential_witness_test.dag	71	90
LiveTreeDisposition	dag/test/claim/bmc_onboard_body_witness_test.dag	73	92
LiveTreeDisposition	dag/test/claim/bmc_onboarding_lifecycle_witness_test.dag	73	92
LiveTreeDisposition	dag/test/claim/bmc_redfish_grounding_witness_test.dag	70	89
LiveTreeDisposition	dag/test/claim/bmc_token_federation_witness_test.dag	77	96
LiveTreeDisposition	dag/test/claim/bmc_wif_delegation_chain_witness_test.dag	81	100
LiveTreeDisposition	dag/test/claim/budget_tree_witness_test.dag	67	86
LiveTreeDisposition	dag/test/claim/build_cache_endpoint_path_test.dag	73	92
LiveTreeDisposition	dag/test/claim/build_cache_ensure_test.dag	66	85
LiveTreeDisposition	dag/test/claim/build_cache_placement_observation_test.dag	81	100
LiveTreeDisposition	dag/test/claim/builtin_get_resolver_test.dag	68	87
LiveTreeDisposition	dag/test/claim/cache_key_completeness_test.dag	70	89
LiveTreeDisposition	dag/test/claim/cache_layer_planner_test.dag	67	86
LiveTreeDisposition	dag/test/claim/card_intake_risk_witness_test.dag	73	92
LiveTreeDisposition	dag/test/claim/cargo_target_path_witness_test.dag	65	84
LiveTreeDisposition	dag/test/claim/cargo_version_witness_test.dag	61	80
LiveTreeDisposition	dag/test/claim/ci_budget_tree_witness_test.dag	70	89
LiveTreeDisposition	dag/test/claim/ci_deploy_target_host_witness_test.dag	77	96
LiveTreeDisposition	dag/test/claim/ci_exclusion_proof_test.dag	67	86
LiveTreeDisposition	dag/test/claim/ci_failure_class_witness_test.dag	72	91
LiveTreeDisposition	dag/test/claim/ci_oom_reclassify_witness_test.dag	73	92
LiveTreeDisposition	dag/test/claim/ci_render_histogram_width_test.dag	229	248
LiveTreeDisposition	dag/test/claim/ci_render_slowest_hot_style_test.dag	191	210
LiveTreeDisposition	dag/test/claim/ci_runner_seam_witness_test.dag	70	89
LiveTreeDisposition	dag/test/claim/ci_yaml_serializer_witness_test.dag	74	93
LiveTreeDisposition	dag/test/claim/code_change_workflow_witness_test.dag	82	101
LiveTreeDisposition	dag/test/claim/compile_source_model_witness_test.dag	76	95
LiveTreeDisposition	dag/test/claim/computation_demand_duplication_witness_test.dag	86	105
LiveTreeDisposition	dag/test/claim/compute_fabric_resource_witness_test.dag	80	99
LiveTreeDisposition	dag/test/claim/config_record_emit_test.dag	74	93
LiveTreeDisposition	dag/test/claim/contracts_placement_test.dag	68	87
LiveTreeDisposition	dag/test/claim/cost_estimate_float_witness_test.dag	81	100
LiveTreeDisposition	dag/test/claim/cr1000a_dhcp_lease_naming_witness_test.dag	74	93
LiveTreeDisposition	dag/test/claim/cron_tag_witness_test.dag	70	89
LiveTreeDisposition	dag/test/claim/crosstree_probe_test.dag	64	83
LiveTreeDisposition	dag/test/claim/dag_collect_fingerprint_witness_test.dag	85	104
LiveTreeDisposition	dag/test/claim/dag_compile_clean_seam_witness_test.dag	79	98
LiveTreeDisposition	dag/test/claim/dag_compile_clean_shard_a_witness_test.dag	82	101
LiveTreeDisposition	dag/test/claim/deploy_access_privilege_witness_test.dag	79	98
LiveTreeDisposition	dag/test/claim/deploy_mutation_gate_witness_test.dag	76	95
LiveTreeDisposition	dag/test/claim/descent_evidence_lattice_witness_test.dag	72	91
LiveTreeDisposition	dag/test/claim/design_argument_witness_test.dag	72	91
LiveTreeDisposition	dag/test/claim/dhcp_v4_mac_pinned_witness_test.dag	75	94
LiveTreeDisposition	dag/test/claim/docker_container_stats_witness_test.dag	79	98
LiveTreeDisposition	dag/test/claim/domain_name_parse_witness_test.dag	66	85
LiveTreeDisposition	dag/test/claim/ebay_listing_witness_test.dag	69	88
LiveTreeDisposition	dag/test/claim/effects_rest_transport_parse_witness_test.dag	90	109
LiveTreeDisposition	dag/test/claim/emit_host_gate_witness_test.dag	70	89
LiveTreeDisposition	dag/test/claim/extdeps_anemia_grounding_witness_test.dag	80	99
LiveTreeDisposition	dag/test/claim/extdeps_git_diff_name_status_witness_test.dag	84	103
LiveTreeDisposition	dag/test/claim/extdeps_git_versioning_witness_test.dag	78	97
LiveTreeDisposition	dag/test/claim/extdeps_github_errors_url_grounding_witness_test.dag	91	110
LiveTreeDisposition	dag/test/claim/extdeps_llm_type_grounding_witness_test.dag	82	101
LiveTreeDisposition	dag/test/claim/extdeps_round2_grounding_witness_test.dag	80	99
LiveTreeDisposition	dag/test/claim/extdeps_version_semver_witness_test.dag	70	89
LiveTreeDisposition	dag/test/claim/extdeps_version_witness_test.dag	68	87
LiveTreeDisposition	dag/test/claim/filesystem_entry_kind_witness_test.dag	77	96
LiveTreeDisposition	dag/test/claim/fleet_converge_apply_witness_test.dag	76	95
LiveTreeDisposition	dag/test/claim/fleet_converge_cli_witness_test.dag	74	93
LiveTreeDisposition	dag/test/claim/fleet_intent_network_witness_test.dag	69	88
LiveTreeDisposition	dag/test/claim/fleet_intent_storage_witness_test.dag	69	88
LiveTreeDisposition	dag/test/claim/fleet_show_effective_read_witness_test.dag	81	100
LiveTreeDisposition	dag/test/claim/floor_skip_discovery_witness_test.dag	82	101
LiveTreeDisposition	dag/test/claim/gha_expression_roundtrip_test.dag	72	91
LiveTreeDisposition	dag/test/claim/git_ls_remote_witness_test.dag	322	341
LiveTreeDisposition	dag/test/claim/github_checks_witness_test.dag	70	89
LiveTreeDisposition	dag/test/claim/github_merge_state_witness_test.dag	75	94
LiveTreeDisposition	dag/test/claim/github_mergeable_state_witness_test.dag	79	98
LiveTreeDisposition	dag/test/claim/github_workflow_runs_witness_test.dag	77	96
LiveTreeDisposition	dag/test/claim/gitignore_gate_test.dag	62	81
LiveTreeDisposition	dag/test/claim/go_module_versioning_witness_test.dag	76	95
LiveTreeDisposition	dag/test/claim/grounded_principal_witness_test.dag	74	93
LiveTreeDisposition	dag/test/claim/gunbhub_react_browse_witness_test.dag	77	96
LiveTreeDisposition	dag/test/claim/gunbhub_serve_witness_test.dag	70	89
LiveTreeDisposition	dag/test/claim/hand_lens_host_bridge_scaffold_watchdog_test.dag	88	107
LiveTreeDisposition	dag/test/claim/hardware_selection_witness_test.dag	66	85
LiveTreeDisposition	dag/test/claim/hermetic_fixture_realization_test.dag	76	95
LiveTreeDisposition	dag/test/claim/hetzner_cost_quote_witness_test.dag	74	93
LiveTreeDisposition	dag/test/claim/host_allocation_conservation_test.dag	77	96
LiveTreeDisposition	dag/test/claim/host_build_cache_provision_design_witness_test.dag	81	100
LiveTreeDisposition	dag/test/claim/host_compile_pool_test.dag	65	84
LiveTreeDisposition	dag/test/claim/host_converge_delta_witness_test.dag	75	94
LiveTreeDisposition	dag/test/claim/host_converge_realize_witness_test.dag	77	96
LiveTreeDisposition	dag/test/claim/host_effect_apply_witness_test.dag	73	92
LiveTreeDisposition	dag/test/claim/host_hygiene_liveness_test.dag	69	88
LiveTreeDisposition	dag/test/claim/host_hygiene_reaper_test.dag	67	86
LiveTreeDisposition	dag/test/claim/host_identity_observation_witness_test.dag	81	100
LiveTreeDisposition	dag/test/claim/host_network_diagnosis_witness_test.dag	70	89
LiveTreeDisposition	dag/test/claim/host_phase_status_witness_test.dag	65	84
LiveTreeDisposition	dag/test/claim/host_standup_assimilation_deduction_witness_test.dag	84	103
LiveTreeDisposition	dag/test/claim/host_standup_spine_witness_test.dag	67	86
LiveTreeDisposition	dag/test/claim/host_swap_backing_witness_test.dag	65	84
LiveTreeDisposition	dag/test/claim/host_toolchain_components_witness_test.dag	73	92
LiveTreeDisposition	dag/test/claim/html_emit_witness_test.dag	240	259
LiveTreeDisposition	dag/test/claim/html_markup_xss_witness_test.dag	382	401
LiveTreeDisposition	dag/test/claim/html_roundtrip_test.dag	418	437
LiveTreeDisposition	dag/test/claim/input_envelope_admission_test.dag	73	92
LiveTreeDisposition	dag/test/claim/interp_recorded_fixture_witness_test.dag	85	104
LiveTreeDisposition	dag/test/claim/interpreter_kernel_model_witness_test.dag	80	99
LiveTreeDisposition	dag/test/claim/jedec_ddr_generation_witness_test.dag	68	87
LiveTreeDisposition	dag/test/claim/js_site_emit_test.dag	60	79
LiveTreeDisposition	dag/test/claim/json_emit_witness_test.dag	65	84
LiveTreeDisposition	dag/test/claim/json_parse_witness_test.dag	67	86
LiveTreeDisposition	dag/test/claim/keyed_delta_fold_witness_test.dag	72	91
LiveTreeDisposition	dag/test/claim/layout_render_witness_test.dag	69	88
LiveTreeDisposition	dag/test/claim/lens_verdict_witness_test.dag	68	87
LiveTreeDisposition	dag/test/claim/long/import_closure_live_test.dag	114	133
LiveTreeDisposition	dag/test/claim/long/inert_lens_hygiene_witness_test.dag	80	99
LiveTreeDisposition	dag/test/claim/map_lookup_dual_dispatch_witness_test.dag	86	105
LiveTreeDisposition	dag/test/claim/markdown_inline_render_test.dag	303	322
LiveTreeDisposition	dag/test/claim/markdown_markup_xss_witness_test.dag	75	94
LiveTreeDisposition	dag/test/claim/markdown_roundtrip_test.dag	66	85
LiveTreeDisposition	dag/test/claim/markdown_source_emit_test.dag	68	87
LiveTreeDisposition	dag/test/claim/markup_medium_convergence_test.dag	648	667
LiveTreeDisposition	dag/test/claim/markup_serializer_witness_test.dag	348	367
LiveTreeDisposition	dag/test/claim/materialization_ladder_witness_test.dag	79	98
LiveTreeDisposition	dag/test/claim/materialized_secret_witness_test.dag	67	86
LiveTreeDisposition	dag/test/claim/measure_lifted_algebra_test.dag	70	89
LiveTreeDisposition	dag/test/claim/measure_magnitude_carrier_test.dag	74	93
LiveTreeDisposition	dag/test/claim/medium_fidelity_witness_test.dag	63	82
LiveTreeDisposition	dag/test/claim/memory_scale_factor_derivation_test.dag	79	98
LiveTreeDisposition	dag/test/claim/merge_admission_actuator_witness_test.dag	81	100
LiveTreeDisposition	dag/test/claim/merge_admission_deployed_gate_control_test.dag	86	105
LiveTreeDisposition	dag/test/claim/merge_admission_enforcement_witness_test.dag	84	103
LiveTreeDisposition	dag/test/claim/merge_admission_producer_witness_test.dag	81	100
LiveTreeDisposition	dag/test/claim/merge_admission_witness_test.dag	72	91
LiveTreeDisposition	dag/test/claim/nbd_proxy_endpoint_witness_test.dag	67	86
LiveTreeDisposition	dag/test/claim/nbd_proxy_serve_transport_witness_test.dag	74	93
LiveTreeDisposition	dag/test/claim/nbd_proxy_virtual_media_install_witness_test.dag	80	99
LiveTreeDisposition	dag/test/claim/network_grounding_witness_test.dag	66	85
LiveTreeDisposition	dag/test/claim/node_http_server_emit_test.dag	70	89
LiveTreeDisposition	dag/test/claim/non_fold_residue_witness_test.dag	72	91
LiveTreeDisposition	dag/test/claim/observability_channel_routing_witness_test.dag	78	97
LiveTreeDisposition	dag/test/claim/oomd_install_grounding_witness_test.dag	78	97
LiveTreeDisposition	dag/test/claim/os_free_witness_test.dag	64	83
LiveTreeDisposition	dag/test/claim/os_install_actuator_selection_witness_test.dag	78	97
LiveTreeDisposition	dag/test/claim/os_install_actuator_toolchain_grant_witness_test.dag	84	103
LiveTreeDisposition	dag/test/claim/os_install_deduction_witness_test.dag	69	88
LiveTreeDisposition	dag/test/claim/os_proc_meminfo_witness_test.dag	72	91
LiveTreeDisposition	dag/test/claim/output_policy_witness_test.dag	69	88
LiveTreeDisposition	dag/test/claim/pareto_dominance_witness_test.dag	64	83
LiveTreeDisposition	dag/test/claim/parse_test.dag	59	78
LiveTreeDisposition	dag/test/claim/perturbation_kernel_test.dag	67	86
LiveTreeDisposition	dag/test/claim/plan_lens_witness_test.dag	66	85
LiveTreeDisposition	dag/test/claim/power_watt_witness_test.dag	58	77
LiveTreeDisposition	dag/test/claim/python_pep440_version_witness_test.dag	77	96
LiveTreeDisposition	dag/test/claim/random_bytes_csprng_witness_test.dag	76	95
LiveTreeDisposition	dag/test/claim/react_jsx_emit_test.dag	62	81
LiveTreeDisposition	dag/test/claim/readback_independence_witness_test.dag	69	88
LiveTreeDisposition	dag/test/claim/realization_reconcile_witness_test.dag	77	96
LiveTreeDisposition	dag/test/claim/realization_scale_agnostic_test.dag	74	93
LiveTreeDisposition	dag/test/claim/realization_schedule_critical_path_test.dag	82	101
LiveTreeDisposition	dag/test/claim/realization_schedule_witness_test.dag	207	226
LiveTreeDisposition	dag/test/claim/realization_width_witness_test.dag	74	93
LiveTreeDisposition	dag/test/claim/realization_witness_test.dag	67	86
LiveTreeDisposition	dag/test/claim/realize_kernel_test.dag	62	81
LiveTreeDisposition	dag/test/claim/reconcile_in_process_cache_test.dag	74	93
LiveTreeDisposition	dag/test/claim/render_glyphs_ansi_witness_test.dag	74	93
LiveTreeDisposition	dag/test/claim/render_repeat_string_witness_test.dag	82	101
LiveTreeDisposition	dag/test/claim/render_surface_witness_test.dag	70	89
LiveTreeDisposition	dag/test/claim/resolution_divergence_silent_pick_gate_witness_test.dag	100	119
LiveTreeDisposition	dag/test/claim/resource_namespace_upsert_witness_test.dag	74	93
LiveTreeDisposition	dag/test/claim/reviewer_source_witness_test.dag	76	95
LiveTreeDisposition	dag/test/claim/roadmap_gate_test.dag	60	79
LiveTreeDisposition	dag/test/claim/roadmap_status_test.dag	62	81
LiveTreeDisposition	dag/test/claim/runnable_resource_profile_witness_test.dag	73	92
LiveTreeDisposition	dag/test/claim/runner_activation_wall_test.dag	70	89
LiveTreeDisposition	dag/test/claim/runner_placement_witness_test.dag	72	91
LiveTreeDisposition	dag/test/claim/runner_slot_enforcement_grounding_witness_test.dag	89	108
LiveTreeDisposition	dag/test/claim/runner_unit_live_read_witness_test.dag	77	96
LiveTreeDisposition	dag/test/claim/sccache_local_content_verified_on_read_test.dag	86	105
LiveTreeDisposition	dag/test/claim/sec_edgar_rollins_chemed_witness_test.dag	617	636
LiveTreeDisposition	dag/test/claim/sec_edgar_witness_test.dag	504	523
LiveTreeDisposition	dag/test/claim/shell_bash_runner_witness_test.dag	66	85
LiveTreeDisposition	dag/test/claim/srv3_bmc_credential_resolve_witness_test.dag	76	95
LiveTreeDisposition	dag/test/claim/srv3_boot_once_cd_witness_test.dag	66	85
LiveTreeDisposition	dag/test/claim/srv3_host_effect_apply_witness_test.dag	78	97
LiveTreeDisposition	dag/test/claim/srv3_install_media_fetch_witness_test.dag	73	92
LiveTreeDisposition	dag/test/claim/srv3_install_server_emit_test.dag	73	92
LiveTreeDisposition	dag/test/claim/srv3_network_identity_subsumption_witness_test.dag	82	101
LiveTreeDisposition	dag/test/claim/srv3_os_install_actuate_scope_witness_test.dag	78	97
LiveTreeDisposition	dag/test/claim/srv3_os_install_actuate_witness_test.dag	72	91
LiveTreeDisposition	dag/test/claim/srv3_os_install_actuate_workflow_witness_test.dag	81	100
LiveTreeDisposition	dag/test/claim/srv3_os_install_actuator_toolchain_ensure_witness_test.dag	90	109
LiveTreeDisposition	dag/test/claim/srv3_os_install_diagnostic_witness_test.dag	74	93
LiveTreeDisposition	dag/test/claim/srv3_os_install_emit_test.dag	69	88
LiveTreeDisposition	dag/test/claim/srv3_os_install_witness_test.dag	64	83
LiveTreeDisposition	dag/test/claim/srv3_runner_memory_cap_plan_verify_witness_test.dag	90	109
LiveTreeDisposition	dag/test/claim/srv3_runner_memory_converge_witness_test.dag	83	102
LiveTreeDisposition	dag/test/claim/srv3_seeded_install_media_witness_test.dag	74	93
LiveTreeDisposition	dag/test/claim/srv3_subsumption_witness_test.dag	65	84
LiveTreeDisposition	dag/test/claim/stage0_emit_model_witness_test.dag	73	92
LiveTreeDisposition	dag/test/claim/storage_nvme_grounding_witness_test.dag	71	90
LiveTreeDisposition	dag/test/claim/tailscale_acl_phase2_design_witness_test.dag	83	102
LiveTreeDisposition	dag/test/claim/tailscale_acl_witness_test.dag	70	89
LiveTreeDisposition	dag/test/claim/temporal_effect_spine_witness_test.dag	69	88
LiveTreeDisposition	dag/test/claim/terminal_capability_witness_test.dag	75	94
LiveTreeDisposition	dag/test/claim/time_scale_factor_derivation_test.dag	77	96
LiveTreeDisposition	dag/test/claim/typescript_program_serializer_test.dag	78	97
LiveTreeDisposition	dag/test/claim/unicode_ident_xid_grounding_test.dag	76	95
LiveTreeDisposition	dag/test/claim/uri_grounding_witness_test.dag	69	88
LiveTreeDisposition	dag/test/claim/uri_path_parse_witness_test.dag	70	89
LiveTreeDisposition	dag/test/claim/uri_witness_test.dag	59	78
LiveTreeDisposition	dag/test/claim/v1_dag_parse_witness_test.dag	69	88
LiveTreeDisposition	dag/test/claim/void_element_test.dag	240	259
LiveTreeDisposition	dag/test/claim/websocat_install_source_witness_test.dag	72	91
LiveTreeDisposition	dag/test/claim/wet_hermetic_equivalence_witness_test.dag	80	99
LiveTreeDisposition	dag/test/claim/workflow_recursive_witness_test.dag	74	93
LiveTreeDisposition	dag/test/claim/yaml_ingest_witness_test.dag	67	86
LiveTreeDisposition	dag/test/claim/yaml_multiline_block_witness_test.dag	76	95
LiveTreeDisposition	dag/test/claim/yaml_quoting_witness_test.dag	68	87
LiveTreeDisposition	src/v2/test/claim/manual/fn_as_value_test.dag	63	82
# TYPE	ExternalAuthority	82
ExternalAuthority	dag/extdeps/access/aws_iam.dag	72	89
ExternalAuthority	dag/extdeps/access/posix.dag	70	87
ExternalAuthority	dag/extdeps/access/rbac.dag	69	86
ExternalAuthority	dag/extdeps/access/zanzibar.dag	73	90
ExternalAuthority	dag/extdeps/audit/cloudevents.dag	75	92
ExternalAuthority	dag/extdeps/bmc.dag	61	78
ExternalAuthority	dag/extdeps/bmc/access.dag	68	85
ExternalAuthority	dag/extdeps/bmc/capability.dag	212	229
ExternalAuthority	dag/extdeps/bmc/http.dag	66	83
ExternalAuthority	dag/extdeps/bmc/ipmi.dag	66	83
ExternalAuthority	dag/extdeps/bmc/openbmc.dag	69	86
ExternalAuthority	dag/extdeps/bmc/os_install_actuator_toolchain.dag	91	108
ExternalAuthority	dag/extdeps/bmc/redfish.dag	69	86
ExternalAuthority	dag/extdeps/bmc/serial_console.dag	76	93
ExternalAuthority	dag/extdeps/bmc/serial_console.dag	242	259
ExternalAuthority	dag/extdeps/bmc/serial_console.dag	409	426
ExternalAuthority	dag/extdeps/bmc/serial_console.dag	1438	1455
ExternalAuthority	dag/extdeps/bmc/webui/nbd_proxy.dag	77	94
ExternalAuthority	dag/extdeps/bmc/webui/nbd_proxy.dag	224	241
ExternalAuthority	dag/extdeps/bmc/webui/nbd_proxy.dag	421	438
ExternalAuthority	dag/extdeps/bmc/webui/nbd_proxy_serve.dag	83	100
ExternalAuthority	dag/extdeps/boot/emit.dag	67	84
ExternalAuthority	dag/extdeps/boot/framebuffer.dag	74	91
ExternalAuthority	dag/extdeps/boot/freestanding_payload.dag	83	100
ExternalAuthority	dag/extdeps/boot/freestanding_witness.dag	83	100
ExternalAuthority	dag/extdeps/boot/linux_x86_boot.dag	77	94
ExternalAuthority	dag/extdeps/browser/browser.dag	1241	1258
ExternalAuthority	dag/extdeps/clock/clock.dag	63	80
ExternalAuthority	dag/extdeps/cloud/cloud.dag	69	86
ExternalAuthority	dag/extdeps/cloud/gcp/auth_print_access_token.dag	125	142
ExternalAuthority	dag/extdeps/cloud/gcp/errors.dag	74	91
ExternalAuthority	dag/extdeps/cloud/gcp/gcp.dag	71	88
ExternalAuthority	dag/extdeps/cloud/gcp/iam.dag	71	88
ExternalAuthority	dag/extdeps/cloud/gcp/iam_admin.dag	77	94
ExternalAuthority	dag/extdeps/cloud/gcp/secret_manager.dag	82	99
ExternalAuthority	dag/extdeps/cloud/gcp/secret_ref.dag	78	95
ExternalAuthority	dag/extdeps/cloud/gcp/serviceusage.dag	80	97
ExternalAuthority	dag/extdeps/cloud/gcp/sts.dag	71	88
ExternalAuthority	dag/extdeps/cloud/hetzner.dag	167	184
ExternalAuthority	dag/extdeps/cloud/ubicloud.dag	72	89
ExternalAuthority	dag/extdeps/communication/fidelity_carriers.dag	89	106
ExternalAuthority	dag/extdeps/communication/medium.dag	78	95
ExternalAuthority	dag/extdeps/communication/numerical_fidelity.dag	90	107
ExternalAuthority	dag/extdeps/container/oci/linux.dag	77	94
ExternalAuthority	dag/extdeps/container/oci/manifest.dag	80	97
ExternalAuthority	dag/extdeps/container/oci/media_types.dag	83	100
ExternalAuthority	dag/extdeps/container/oci/runtime_config.dag	86	103
ExternalAuthority	dag/extdeps/cpu.dag	61	78
ExternalAuthority	dag/extdeps/cpu/amd.dag	64	81
ExternalAuthority	dag/extdeps/cpu/amd.dag	245	262
ExternalAuthority	dag/extdeps/cpu/amd.dag	422	439
ExternalAuthority	dag/extdeps/cpu/amd.dag	602	619
ExternalAuthority	dag/extdeps/cpu/ampere.dag	68	85
ExternalAuthority	dag/extdeps/cpu/ampere.dag	242	259
ExternalAuthority	dag/extdeps/cpu/ampere.dag	477	494
ExternalAuthority	dag/extdeps/cpu/machine_shape.dag	75	92
ExternalAuthority	dag/extdeps/cpu/types.dag	67	84
ExternalAuthority	dag/extdeps/cpu/types.dag	670	687
ExternalAuthority	dag/extdeps/cpu/types.dag	865	882
ExternalAuthority	dag/extdeps/cron/cron.dag	62	79
ExternalAuthority	dag/extdeps/ctrl/gunbc_pin.dag	72	89
ExternalAuthority	dag/extdeps/entropy/entropy.dag	65	82
ExternalAuthority	dag/extdeps/filesystem/filesystem_io.dag	82	99
ExternalAuthority	dag/extdeps/filesystem/ntfs.dag	73	90
ExternalAuthority	dag/extdeps/filesystem/posix.dag	74	91
ExternalAuthority	dag/extdeps/formats/elf/encode.dag	76	93
ExternalAuthority	dag/extdeps/formats/elf/hello_static_witness.dag	90	107
ExternalAuthority	dag/extdeps/formats/elf/primitives.dag	80	97
ExternalAuthority	dag/extdeps/formats/elf/relocation.dag	80	97
ExternalAuthority	dag/extdeps/formats/elf/sections.dag	78	95
ExternalAuthority	dag/extdeps/formats/elf/segments.dag	78	95
ExternalAuthority	dag/extdeps/formats/elf/types.dag	75	92
ExternalAuthority	dag/extdeps/git/git.dag	61	78
ExternalAuthority	dag/extdeps/git/git.dag	212	229
ExternalAuthority	dag/extdeps/git/git.dag	376	393
ExternalAuthority	dag/extdeps/git/git.dag	541	558
ExternalAuthority	dag/extdeps/git/git.dag	706	723
ExternalAuthority	dag/extdeps/git/git.dag	874	891
ExternalAuthority	dag/extdeps/git/git.dag	7717	7734
ExternalAuthority	dag/extdeps/git/gitignore.dag	67	84
ExternalAuthority	dag/extdeps/linux/edac.dag	68	85
ExternalAuthority	dag/extdeps/ssh/session.dag	69	86
# TYPE	Disposition	69
Disposition	dag/examples/js_site/js_site.dag	3900	3911
Disposition	dag/extdeps/bmc/http.dag	249	260
Disposition	dag/extdeps/bmc/serial_console.dag	1696	1707
Disposition	dag/extdeps/bmc/webui/nbd_proxy_serve.dag	409	420
Disposition	dag/extdeps/entropy/entropy.dag	241	252
Disposition	dag/extdeps/entropy/entropy.dag	479	490
Disposition	dag/extdeps/entropy/entropy.dag	701	712
Disposition	dag/gunbc/ci_budget_tree.dag	83	94
Disposition	dag/gunbc/ci_input_envelope.dag	1976	1987
Disposition	dag/gunbc/cli_run_floor_lens_oracle_scaffold.dag	104	115
Disposition	dag/gunbc/cli_run_floor_lens_oracle_scaffold.dag	357	368
Disposition	dag/gunbc/cli_run_floor_lens_oracle_scaffold.dag	1222	1233
Disposition	dag/gunbc/cli_run_floor_lens_oracle_scaffold.dag	1475	1486
Disposition	dag/gunbc/cli_run_floor_lens_oracle_scaffold.dag	1734	1745
Disposition	dag/gunbc/cli_run_floor_lens_oracle_scaffold.dag	2003	2014
Disposition	dag/gunbc/cli_run_floor_lens_oracle_scaffold.dag	3111	3122
Disposition	dag/gunbc/cli_run_workspace_root_scaffold.dag	95	106
Disposition	dag/gunbc/cli_run_workspace_root_scaffold.dag	1166	1177
Disposition	dag/gunbc/deployed_intent_v0.dag	203	214
Disposition	dag/gunbc/deployed_intent_v0.dag	2210	2221
Disposition	dag/gunbc/fleet_converge_cli.dag	87	98
Disposition	dag/gunbc/fleet_show_effective_read.dag	1391	1402
Disposition	dag/gunbc/fleet_show_effective_read.dag	2130	2141
Disposition	dag/gunbc/hand_lens_host_bridge_scaffold_index.dag	116	127
Disposition	dag/gunbc/hand_lens_host_bridge_scaffold_index.dag	404	415
Disposition	dag/gunbc/hand_lens_host_bridge_scaffold_watchdog.dag	149	160
Disposition	dag/gunbc/host_converge_delta.dag	89	100
Disposition	dag/gunbc/host_identity_adopt.dag	338	349
Disposition	dag/gunbc/host_identity_assimilation.dag	1614	1625
Disposition	dag/gunbc/host_identity_observation.dag	272	283
Disposition	dag/gunbc/host_standup.dag	2165	2176
Disposition	dag/gunbc/host_standup.dag	3002	3013
Disposition	dag/gunbc/host_standup.dag	3165	3176
Disposition	dag/gunbc/host_standup_assimilation_deduction.dag	117	128
Disposition	dag/gunbc/language_source_scaffold_index.dag	1766	1777
Disposition	dag/gunbc/language_source_scaffold_index.dag	1834	1845
Disposition	dag/gunbc/language_source_scaffold_index.dag	2082	2093
Disposition	dag/gunbc/language_source_scaffold_index.dag	2334	2345
Disposition	dag/gunbc/language_source_scaffold_index.dag	3831	3842
Disposition	dag/gunbc/language_source_scaffold_index.dag	4076	4087
Disposition	dag/gunbc/language_source_scaffold_index.dag	4313	4324
Disposition	dag/gunbc/language_source_scaffold_index.dag	5301	5312
Disposition	dag/gunbc/language_source_scaffold_index.dag	5848	5859
Disposition	dag/gunbc/language_source_scaffold_index.dag	6092	6103
Disposition	dag/gunbc/language_source_scaffold_index.dag	6332	6343
Disposition	dag/gunbc/language_source_scaffold_index.dag	6551	6562
Disposition	dag/gunbc/language_source_scaffold_index.dag	6778	6789
Disposition	dag/gunbc/language_source_scaffold_index.dag	7011	7022
Disposition	dag/gunbc/language_source_scaffold_index.dag	9492	9503
Disposition	dag/gunbc/language_source_scaffold_index.dag	9763	9774
Disposition	dag/gunbc/language_source_scaffold_index.dag	17391	17402
Disposition	dag/gunbc/runner_unit_live_read.dag	522	533
Disposition	dag/gunbc/runner_unit_live_read.dag	969	980
Disposition	dag/gunbc/runner_unit_live_read.dag	1225	1236
Disposition	dag/gunbc/srv3_os_install_actuate.dag	93	104
Disposition	dag/gunbc/srv3_os_install_actuate.dag	631	642
Disposition	dag/gunbc/srv3_seeded_install_media.dag	97	108
Disposition	dag/gunbc/srv3_seeded_install_media.dag	454	465
Disposition	dag/gunbc/srv3_seeded_install_media.dag	813	824
Disposition	dag/gunbc/srv3_seeded_install_media.dag	1236	1247
Disposition	dag/gunbc/srv3_seeded_install_media.dag	1565	1576
Disposition	dag/gunbc/tailscale_acl_phase2_credential.dag	7346	7357
Disposition	dag/gunbc/tools/card_intake.dag	541	552
Disposition	src/v2/lens/disposition_redundancy.dag	597	608
Disposition	src/v2/lens/disposition_redundancy.dag	881	892
Disposition	src/v2/lens/disposition_redundancy.dag	1072	1083
Disposition	src/v2/lens/disposition_redundancy.dag	1237	1248
Disposition	src/v2/lens/enforcement/vocab.dag	2822	2833
Disposition	src/v2/std/decl_index.dag	515	526
# TYPE	ByteSize	50
ByteSize	dag/extdeps/bmc.dag	514	522
ByteSize	dag/extdeps/bmc/redfish.dag	3900	3908
ByteSize	dag/extdeps/bmc/serial_console.dag	1062	1070
ByteSize	dag/extdeps/bmc/webui/nbd_proxy.dag	626	634
ByteSize	dag/extdeps/bmc/webui/nbd_proxy.dag	2264	2272
ByteSize	dag/extdeps/cloud/hetzner.dag	978	986
ByteSize	dag/extdeps/cloud/hetzner.dag	1001	1009
ByteSize	dag/extdeps/cloud/ubicloud.dag	1862	1870
ByteSize	dag/extdeps/cloud/ubicloud.dag	1885	1893
ByteSize	dag/extdeps/cpu/ampere.dag	1377	1385
ByteSize	dag/extdeps/cpu/ampere.dag	1457	1465
ByteSize	dag/extdeps/cpu/ampere.dag	1517	1525
ByteSize	dag/extdeps/cpu/ampere.dag	2218	2226
ByteSize	dag/extdeps/cpu/ampere.dag	2280	2288
ByteSize	dag/extdeps/cpu/ampere.dag	2774	2782
ByteSize	dag/extdeps/cpu/ampere.dag	2837	2845
ByteSize	dag/extdeps/cpu/ampere.dag	3320	3328
ByteSize	dag/extdeps/cpu/types.dag	378	386
ByteSize	dag/extdeps/cpu/types.dag	420	428
ByteSize	dag/extdeps/cpu/types.dag	442	450
ByteSize	dag/extdeps/cpu/types.dag	501	509
ByteSize	dag/extdeps/cpu/types.dag	523	531
ByteSize	dag/extdeps/cpu/types.dag	573	581
ByteSize	dag/extdeps/cpu/types.dag	595	603
ByteSize	dag/gunbc/ci_budget_tree.dag	820	828
ByteSize	dag/gunbc/ci_budget_tree.dag	1012	1020
ByteSize	dag/gunbc/ci_budget_tree.dag	1136	1144
ByteSize	dag/gunbc/ci_budget_tree.dag	1295	1303
ByteSize	dag/gunbc/ci_budget_tree.dag	1639	1647
ByteSize	dag/gunbc/ci_budget_tree.dag	1652	1660
ByteSize	dag/gunbc/ci_budget_tree.dag	1786	1794
ByteSize	dag/gunbc/ci_budget_tree.dag	2114	2122
ByteSize	dag/gunbc/ci_budget_tree.dag	2911	2919
ByteSize	dag/gunbc/ci_budget_tree.dag	3010	3018
ByteSize	dag/gunbc/ci_budget_tree.dag	3788	3796
ByteSize	dag/gunbc/ci_budget_tree.dag	3884	3892
ByteSize	dag/gunbc/ci_budget_tree.dag	3963	3971
ByteSize	dag/gunbc/ci_budget_tree.dag	4044	4052
ByteSize	dag/gunbc/ci_budget_tree.dag	5255	5263
ByteSize	dag/gunbc/ci_budget_tree.dag	5381	5389
ByteSize	dag/gunbc/ci_budget_tree.dag	5476	5484
ByteSize	dag/gunbc/fleet_show_effective_read.dag	11528	11536
ByteSize	dag/gunbc/runner_unit_live_read.dag	2586	2594
ByteSize	dag/gunbc/runner_unit_live_read.dag	3644	3652
ByteSize	dag/gunbc/runner_unit_live_read.dag	4844	4852
ByteSize	dag/product/hardware_selection.dag	294	302
ByteSize	dag/product/hardware_selection.dag	1436	1444
ByteSize	dag/test/claim/hardware_selection_witness_test.dag	267	275
ByteSize	dag/test/claim/runner_slot_enforcement_grounding_witness_test.dag	234	242
ByteSize	dag/test/claim/runner_slot_enforcement_grounding_witness_test.dag	321	329
# TYPE	HostIdentity	48
HostIdentity	dag/gunbc/deployed_intent_v0.dag	72	84
HostIdentity	dag/gunbc/deployed_intent_v0.dag	1118	1130
HostIdentity	dag/gunbc/deployed_intent_v0.dag	1658	1670
HostIdentity	dag/gunbc/fleet_converge_cli.dag	2198	2210
HostIdentity	dag/gunbc/fleet_converge_cli.dag	7902	7914
HostIdentity	dag/gunbc/fleet_converge_cli.dag	8227	8239
HostIdentity	dag/gunbc/fleet_converge_cli.dag	9914	9926
HostIdentity	dag/gunbc/fleet_show_effective_read.dag	764	776
HostIdentity	dag/gunbc/fleet_show_effective_read.dag	865	877
HostIdentity	dag/gunbc/fleet_show_effective_read.dag	1054	1066
HostIdentity	dag/gunbc/fleet_show_effective_read.dag	2400	2412
HostIdentity	dag/gunbc/fleet_show_effective_read.dag	3904	3916
HostIdentity	dag/gunbc/fleet_show_effective_read.dag	5262	5274
HostIdentity	dag/gunbc/fleet_show_effective_read.dag	8656	8668
HostIdentity	dag/gunbc/fleet_show_effective_read.dag	8927	8939
HostIdentity	dag/gunbc/fleet_show_effective_read.dag	10694	10706
HostIdentity	dag/gunbc/fleet_show_effective_read.dag	13117	13129
HostIdentity	dag/gunbc/fleet_show_effective_read.dag	13370	13382
HostIdentity	dag/gunbc/fleet_show_effective_read.dag	14009	14021
HostIdentity	dag/gunbc/host_identity_adopt.dag	75	87
HostIdentity	dag/gunbc/host_identity_adopt.dag	2104	2116
HostIdentity	dag/gunbc/host_identity_adopt.dag	2845	2857
HostIdentity	dag/gunbc/host_identity_assimilation.dag	94	106
HostIdentity	dag/gunbc/host_identity_assimilation.dag	1204	1216
HostIdentity	dag/gunbc/host_identity_knob.dag	145	157
HostIdentity	dag/gunbc/host_identity_knob.dag	357	369
HostIdentity	dag/gunbc/host_standup.dag	18277	18289
HostIdentity	dag/gunbc/host_standup_assimilation_deduction.dag	3390	3402
HostIdentity	dag/gunbc/host_standup_assimilation_deduction.dag	5334	5346
HostIdentity	dag/test/claim/host_phase_status_witness_test.dag	6042	6054
HostIdentity	dag/test/claim/host_phase_status_witness_test.dag	6075	6087
HostIdentity	dag/test/claim/runner_activation_wall_test.dag	814	826
HostIdentity	dag/test/claim/runner_activation_wall_test.dag	1110	1122
HostIdentity	dag/test/claim/runner_activation_wall_test.dag	2403	2415
HostIdentity	dag/test/claim/runner_activation_wall_test.dag	2540	2552
HostIdentity	dag/test/claim/runner_activation_wall_test.dag	3023	3035
HostIdentity	dag/test/claim/runner_activation_wall_test.dag	5519	5531
HostIdentity	dag/test/claim/runner_activation_wall_test.dag	5653	5665
HostIdentity	dag/test/claim/runner_activation_wall_test.dag	6080	6092
HostIdentity	dag/test/claim/runner_activation_wall_test.dag	6209	6221
HostIdentity	dag/test/claim/runner_activation_wall_test.dag	7491	7503
HostIdentity	dag/test/claim/runner_activation_wall_test.dag	8503	8515
HostIdentity	dag/test/claim/runner_activation_wall_test.dag	8640	8652
HostIdentity	dag/test/claim/runner_activation_wall_test.dag	9047	9059
HostIdentity	dag/test/claim/runner_activation_wall_test.dag	9184	9196
HostIdentity	dag/test/claim/runner_activation_wall_test.dag	9286	9298
HostIdentity	dag/test/claim/srv3_subsumption_witness_test.dag	7906	7918
HostIdentity	dag/test/claim/srv3_subsumption_witness_test.dag	8212	8224
# TYPE	FilePath	46
FilePath	dag/extdeps/browser/browser.dag	1441	1449
FilePath	dag/extdeps/browser/browser.dag	1773	1781
FilePath	dag/extdeps/browser/browser.dag	3646	3654
FilePath	dag/extdeps/browser/browser.dag	3805	3813
FilePath	dag/extdeps/cloud/gcp/gcp.dag	588	596
FilePath	dag/extdeps/cloud/gcp/gcp.dag	4605	4613
FilePath	dag/extdeps/container/oci/linux.dag	493	501
FilePath	dag/extdeps/container/oci/runtime_config.dag	285	293
FilePath	dag/extdeps/container/oci/runtime_config.dag	367	375
FilePath	dag/extdeps/container/oci/runtime_config.dag	432	440
FilePath	dag/extdeps/git/git.dag	1408	1416
FilePath	dag/extdeps/git/git.dag	2132	2140
FilePath	dag/extdeps/git/git.dag	2153	2161
FilePath	dag/extdeps/git/git.dag	2393	2401
FilePath	dag/extdeps/git/git.dag	5905	5913
FilePath	dag/extdeps/git/git.dag	6072	6080
FilePath	dag/extdeps/git/git.dag	6118	6126
FilePath	dag/extdeps/git/git.dag	6289	6297
FilePath	dag/extdeps/git/git.dag	6438	6446
FilePath	dag/extdeps/git/git.dag	6658	6666
FilePath	dag/extdeps/git/git.dag	6704	6712
FilePath	dag/extdeps/git/git.dag	6944	6952
FilePath	dag/extdeps/git/git.dag	24407	24415
FilePath	dag/extdeps/git/git.dag	24977	24985
FilePath	dag/extdeps/git/git.dag	25356	25364
FilePath	dag/extdeps/git/git.dag	27108	27116
FilePath	dag/extdeps/git/git.dag	28436	28444
FilePath	dag/extdeps/git/git.dag	28633	28641
FilePath	dag/extdeps/git/git.dag	28653	28661
FilePath	dag/extdeps/git/git.dag	28833	28841
FilePath	dag/extdeps/git/git.dag	28951	28959
FilePath	dag/extdeps/git/git.dag	29089	29097
FilePath	dag/extdeps/git/git.dag	29252	29260
FilePath	dag/extdeps/git/git.dag	29422	29430
FilePath	dag/extdeps/git/git.dag	29528	29536
FilePath	dag/extdeps/git/git.dag	29548	29556
FilePath	dag/extdeps/git/git.dag	29738	29746
FilePath	dag/extdeps/git/git.dag	29919	29927
FilePath	dag/extdeps/git/git.dag	29937	29945
FilePath	dag/extdeps/git/git.dag	30110	30118
FilePath	dag/extdeps/git/git.dag	30228	30236
FilePath	dag/extdeps/git/git.dag	30367	30375
FilePath	dag/extdeps/git/git.dag	30510	30518
FilePath	dag/extdeps/git/git.dag	30672	30680
FilePath	dag/extdeps/ssh/session.dag	3523	3531
FilePath	dag/extdeps/ssh/session.dag	3548	3556
# TYPE	ConvergeKnob	31
ConvergeKnob	dag/gunbc/host_converge_delta.dag	390	402
ConvergeKnob	dag/gunbc/host_converge_delta.dag	640	652
ConvergeKnob	dag/gunbc/host_converge_delta.dag	657	669
ConvergeKnob	dag/gunbc/host_converge_delta.dag	760	772
ConvergeKnob	dag/gunbc/host_converge_delta.dag	803	815
ConvergeKnob	dag/gunbc/host_converge_delta.dag	927	939
ConvergeKnob	dag/gunbc/host_converge_delta.dag	976	988
ConvergeKnob	dag/gunbc/host_converge_delta.dag	1135	1147
ConvergeKnob	dag/gunbc/host_converge_delta.dag	1208	1220
ConvergeKnob	dag/gunbc/host_converge_delta.dag	1237	1249
ConvergeKnob	dag/gunbc/host_converge_delta.dag	1285	1297
ConvergeKnob	dag/gunbc/host_converge_delta.dag	1553	1565
ConvergeKnob	dag/gunbc/host_converge_delta.dag	1585	1597
ConvergeKnob	dag/gunbc/host_converge_delta.dag	1616	1628
ConvergeKnob	dag/gunbc/host_converge_delta.dag	1672	1684
ConvergeKnob	dag/gunbc/host_converge_delta.dag	1997	2009
ConvergeKnob	dag/gunbc/host_converge_delta.dag	2049	2061
ConvergeKnob	dag/gunbc/host_converge_delta.dag	2074	2086
ConvergeKnob	dag/gunbc/host_converge_delta.dag	2369	2381
ConvergeKnob	dag/gunbc/host_converge_delta.dag	2417	2429
ConvergeKnob	dag/gunbc/host_converge_delta.dag	2543	2555
ConvergeKnob	dag/gunbc/host_converge_delta.dag	2696	2708
ConvergeKnob	dag/gunbc/host_converge_delta.dag	2846	2858
ConvergeKnob	dag/gunbc/host_converge_delta.dag	3100	3112
ConvergeKnob	dag/gunbc/host_converge_delta.dag	3161	3173
ConvergeKnob	dag/test/claim/host_converge_delta_witness_test.dag	645	657
ConvergeKnob	dag/test/claim/host_converge_delta_witness_test.dag	743	755
ConvergeKnob	dag/test/claim/host_converge_delta_witness_test.dag	5181	5193
ConvergeKnob	dag/test/claim/host_converge_realize_witness_test.dag	156	168
ConvergeKnob	dag/test/claim/srv3_runner_memory_converge_witness_test.dag	503	515
ConvergeKnob	dag/test/claim/srv3_runner_memory_converge_witness_test.dag	613	625
# TYPE	Time	31
Time	dag/std/measure.dag	3904	3908
Time	dag/std/measure.dag	11483	11487
Time	dag/std/measure.dag	11666	11670
Time	dag/std/measure.dag	11854	11858
Time	dag/std/measure.dag	13198	13202
Time	dag/std/measure.dag	13484	13488
Time	dag/std/realization_measurement.dag	1719	1723
Time	dag/std/realization_measurement.dag	1855	1859
Time	dag/std/realization_measurement.dag	2058	2062
Time	dag/std/realization_measurement.dag	2085	2089
Time	dag/std/realization_measurement.dag	3139	3143
Time	dag/std/realization_measurement.dag	3228	3232
Time	dag/std/realization_measurement.dag	3254	3258
Time	dag/std/realization_measurement.dag	3280	3284
Time	dag/std/realization_measurement.dag	3514	3518
Time	dag/std/realization_measurement.dag	3540	3544
Time	dag/std/realization_measurement.dag	3566	3570
Time	dag/std/realization_measurement.dag	3828	3832
Time	dag/std/realization_measurement.dag	3855	3859
Time	dag/std/realization_measurement.dag	4042	4046
Time	dag/std/realization_measurement.dag	4069	4073
Time	dag/std/realization_measurement.dag	4197	4201
Time	dag/std/realization_measurement.dag	4225	4229
Time	dag/std/realization_measurement.dag	4516	4520
Time	dag/std/realization_measurement.dag	4715	4719
Time	dag/std/realization_measurement.dag	4910	4914
Time	dag/std/realization_schedule.dag	447	451
Time	dag/std/realization_schedule.dag	747	751
Time	dag/std/realization_width.dag	775	779
Time	dag/std/verification.dag	141	145
Time	dag/test/claim/realization_scale_agnostic_test.dag	157	161
# TYPE	Nano	28
Nano	dag/gunbc/accelerator_demo_plan.dag	383	387
Nano	dag/gunbc/accelerator_demo_plan.dag	421	425
Nano	dag/gunbc/accelerator_demo_plan.dag	960	964
Nano	dag/gunbc/accelerator_demo_plan.dag	1061	1065
Nano	dag/gunbc/accelerator_demo_plan.dag	1451	1455
Nano	dag/gunbc/accelerator_demo_plan.dag	4312	4316
Nano	dag/gunbc/accelerator_demo_plan.dag	4834	4838
Nano	dag/gunbc/accelerator_demo_plan.dag	7643	7647
Nano	dag/gunbc/accelerator_demo_render.dag	1806	1810
Nano	dag/gunbc/fleet_host_budget.dag	1941	1945
Nano	dag/gunbc/fleet_host_budget.dag	2142	2146
Nano	dag/gunbc/fleet_host_budget.dag	12164	12168
Nano	dag/gunbc/fleet_intent.dag	4352	4356
Nano	dag/gunbc/fleet_intent.dag	5805	5809
Nano	dag/std/cache_interface.dag	7187	7191
Nano	dag/std/cache_interface.dag	8372	8376
Nano	dag/std/cache_interface.dag	8669	8673
Nano	dag/std/cache_interface.dag	9473	9477
Nano	dag/std/measure.dag	11489	11493
Nano	dag/std/realization_width.dag	781	785
Nano	dag/std/realization_width.dag	866	870
Nano	dag/std/realization_width.dag	6185	6189
Nano	dag/std/realization_width.dag	6214	6218
Nano	dag/std/verification.dag	147	151
Nano	dag/test/claim/realization_width_witness_test.dag	158	162
Nano	dag/test/claim/realization_width_witness_test.dag	530	534
Nano	src/v2/compiler/materialization_carriers.dag	6877	6881
Nano	src/v2/compiler/materialization_carriers.dag	7109	7113
# TYPE	Symbol	27
Symbol	dag/test/claim/module_graph/conformance_imports_only.dag	88	94
Symbol	dag/test/claim/module_graph/conformance_imports_only.dag	137	143
Symbol	dag/test/claim/module_graph/conformance_imports_only.dag	173	179
Symbol	dag/test/claim/module_graph/conformance_imports_only.dag	184	190
Symbol	src/v2/compiler/body_producer_forward.dag	826	832
Symbol	src/v2/compiler/body_producer_forward.dag	2379	2385
Symbol	src/v2/compiler/body_producer_forward.dag	2642	2648
Symbol	src/v2/compiler/body_producer_forward.dag	2862	2868
Symbol	src/v2/compiler/body_producer_forward.dag	3113	3119
Symbol	src/v2/compiler/body_producer_forward.dag	3527	3533
Symbol	src/v2/compiler/body_producer_forward.dag	3764	3770
Symbol	src/v2/compiler/body_producer_forward.dag	4546	4552
Symbol	src/v2/lens/complexity_lowering.dag	71	77
Symbol	src/v2/lens/enforcement/grammar_coverage.dag	138	144
Symbol	src/v2/lens/enforcement/grammar_coverage.dag	303	309
Symbol	src/v2/lens/enforcement/grammar_coverage.dag	916	922
Symbol	src/v2/lens/enforcement/grammar_coverage.dag	989	995
Symbol	src/v2/lens/enforcement/grammar_coverage.dag	1065	1071
Symbol	src/v2/lens/enforcement/grammar_coverage.dag	2813	2819
Symbol	src/v2/lens/enforcement/grammar_coverage.dag	4112	4118
Symbol	src/v2/lens/enforcement/grammar_coverage.dag	4123	4129
Symbol	src/v2/lens/enforcement/grammar_coverage.dag	4324	4330
Symbol	src/v2/lens/enforcement/grammar_coverage.dag	7499	7505
Symbol	src/v2/lens/registry.dag	1357	1363
Symbol	src/v2/std/artifact.dag	219	225
Symbol	src/v2/std/artifact.dag	268	274
Symbol	src/v2/std/artifact.dag	1246	1252
# TYPE	One	26
One	dag/extdeps/sec/facts.dag	1078	1081
One	dag/gunbc/ci_budget_tree.dag	1821	1824
One	dag/gunbc/ci_input_envelope.dag	172	175
One	dag/gunbc/fleet_host_budget.dag	8097	8100
One	dag/product/budget_tree.dag	436	439
One	dag/product/budget_tree.dag	543	546
One	dag/product/budget_tree.dag	729	732
One	dag/product/budget_tree.dag	828	831
One	dag/product/budget_tree.dag	973	976
One	dag/product/budget_tree.dag	1990	1993
One	dag/std/measure.dag	3982	3985
One	dag/std/measure.dag	4547	4550
One	dag/std/measure.dag	4641	4644
One	dag/std/measure.dag	4694	4697
One	dag/std/measure.dag	4742	4745
One	dag/std/measure.dag	4825	4828
One	dag/std/measure.dag	4865	4868
One	dag/std/measure.dag	4912	4915
One	dag/std/measure.dag	4974	4977
One	dag/std/measure.dag	6093	6096
One	dag/std/measure.dag	11312	11315
One	dag/std/measure.dag	13204	13207
One	dag/std/measure.dag	13663	13666
One	dag/std/measure.dag	14788	14791
One	dag/std/measure.dag	15610	15613
One	dag/test/claim/budget_tree_witness_test.dag	340	343
# TYPE	GitRef	25
GitRef	dag/extdeps/git/git.dag	7468	7474
GitRef	dag/extdeps/git/git.dag	7482	7488
GitRef	dag/extdeps/git/git.dag	17288	17294
GitRef	dag/extdeps/git/git.dag	17595	17601
GitRef	dag/extdeps/git/git.dag	17659	17665
GitRef	dag/extdeps/git/git.dag	18927	18933
GitRef	dag/extdeps/git/git.dag	24620	24626
GitRef	dag/extdeps/git/git.dag	24634	24640
GitRef	dag/extdeps/git/git.dag	24914	24920
GitRef	dag/extdeps/git/git.dag	24928	24934
GitRef	dag/extdeps/git/git.dag	25293	25299
GitRef	dag/extdeps/git/git.dag	25307	25313
GitRef	dag/extdeps/git/git.dag	25666	25672
GitRef	dag/extdeps/git/git.dag	25680	25686
GitRef	dag/extdeps/git/git.dag	26079	26085
GitRef	dag/extdeps/git/git.dag	26093	26099
GitRef	dag/extdeps/git/git.dag	27094	27100
GitRef	dag/extdeps/git/git.dag	28479	28485
GitRef	dag/extdeps/git/git.dag	28677	28683
GitRef	dag/extdeps/git/git.dag	29572	29578
GitRef	dag/extdeps/git/git.dag	29763	29769
GitRef	dag/extdeps/git/git.dag	30385	30391
GitRef	dag/extdeps/git/git.dag	30528	30534
GitRef	dag/extdeps/git/git.dag	30715	30721
GitRef	dag/test/claim/extdeps_anemia_grounding_witness_test.dag	260	266
# TYPE	FermiDepth	23
FermiDepth	dag/std/fermi.dag	43	53
FermiDepth	dag/std/fermi.dag	164	174
FermiDepth	dag/std/fermi.dag	181	191
FermiDepth	dag/std/fermi.dag	280	290
FermiDepth	dag/std/fermi.dag	297	307
FermiDepth	dag/std/fermi.dag	396	406
FermiDepth	dag/std/fermi.dag	413	423
FermiDepth	dag/std/fermi.dag	522	532
FermiDepth	dag/std/fermi.dag	539	549
FermiDepth	dag/std/fermi.dag	554	564
FermiDepth	dag/std/fermi.dag	652	662
FermiDepth	dag/std/fermi.dag	669	679
FermiDepth	dag/std/fermi.dag	684	694
FermiDepth	dag/std/fermi.dag	798	808
FermiDepth	dag/std/fermi.dag	912	922
FermiDepth	dag/std/fermi.dag	929	939
FermiDepth	dag/std/fermi.dag	944	954
FermiDepth	dag/std/fermi.dag	1030	1040
FermiDepth	dag/std/fermi.dag	1046	1056
FermiDepth	dag/std/fermi.dag	1170	1180
FermiDepth	dag/std/fermi.dag	1190	1200
FermiDepth	dag/std/fermi.dag	1306	1316
FermiDepth	dag/std/fermi.dag	1802	1812
# TYPE	ProcessExit	23
ProcessExit	dag/examples/gunbhub_serve_program/gunbhub_serve_program.dag	1160	1171
ProcessExit	dag/examples/js_site/js_site_emit.dag	1746	1757
ProcessExit	dag/gunbc/host_identity_adopt.dag	5022	5033
ProcessExit	dag/gunbc/host_identity_adopt.dag	5532	5543
ProcessExit	dag/gunbc/host_identity_adopt.dag	5888	5899
ProcessExit	dag/gunbc/host_identity_adopt.dag	6280	6291
ProcessExit	dag/gunbc/host_identity_assimilation.dag	8613	8624
ProcessExit	dag/gunbc/host_identity_assimilation.dag	9322	9333
ProcessExit	dag/gunbc/host_identity_assimilation.dag	9650	9661
ProcessExit	dag/gunbc/srv3_host_effect_apply.dag	3432	3443
ProcessExit	dag/gunbc/srv3_host_effect_apply.dag	3805	3816
ProcessExit	dag/gunbc/srv3_os_install_actuate.dag	1884	1895
ProcessExit	dag/gunbc/srv3_os_install_actuate.dag	2312	2323
ProcessExit	dag/gunbc/srv3_os_install_actuate.dag	3992	4003
ProcessExit	dag/gunbc/srv3_seeded_install_media.dag	1849	1860
ProcessExit	dag/gunbc/srv3_seeded_install_media.dag	2110	2121
ProcessExit	dag/gunbc/tools/bmc_first_contact.dag	67	78
ProcessExit	dag/gunbc/tools/bmc_onboard_validate.dag	73	84
ProcessExit	dag/gunbc/tools/bmc_read_telemetry.dag	69	80
ProcessExit	dag/test/claim/ci_yaml_parse_witness.dag	206	217
ProcessExit	dag/test/claim/json_emit_corpus_witness.dag	1447	1458
ProcessExit	dag/test/claim/roadmap_site_healthz_json_parse_witness.dag	110	121
ProcessExit	dag/test/claim/workflow_recursive_gate.dag	59	70
# TYPE	PublishedMockCase	22
PublishedMockCase	dag/extdeps/cloud/gcp/mock_corpus.dag	73	90
PublishedMockCase	dag/extdeps/cloud/gcp/mock_corpus.dag	252	269
PublishedMockCase	dag/extdeps/cloud/gcp/mock_corpus.dag	436	453
PublishedMockCase	dag/extdeps/cloud/gcp/mock_corpus.dag	639	656
PublishedMockCase	dag/extdeps/cloud/gcp/mock_corpus.dag	859	876
PublishedMockCase	dag/extdeps/cloud/gcp/mock_corpus.dag	1073	1090
PublishedMockCase	dag/extdeps/cloud/gcp/mock_corpus.dag	1297	1314
PublishedMockCase	dag/extdeps/cloud/gcp/mock_corpus.dag	1519	1536
PublishedMockCase	dag/extdeps/cloud/gcp/mock_corpus.dag	1738	1755
PublishedMockCase	dag/extdeps/cloud/gcp/mock_corpus.dag	1953	1970
PublishedMockCase	dag/extdeps/cloud/gcp/mock_corpus.dag	2150	2167
PublishedMockCase	dag/extdeps/cloud/gcp/mock_corpus.dag	2328	2345
PublishedMockCase	dag/extdeps/cloud/gcp/mock_corpus.dag	2524	2541
PublishedMockCase	dag/extdeps/cloud/gcp/mock_corpus.dag	2727	2744
PublishedMockCase	dag/extdeps/cron/mock_corpus.dag	64	81
PublishedMockCase	dag/extdeps/cron/mock_corpus.dag	231	248
PublishedMockCase	dag/extdeps/cron/mock_corpus.dag	409	426
PublishedMockCase	dag/extdeps/filesystem/mock_corpus.dag	83	100
PublishedMockCase	dag/extdeps/filesystem/mock_corpus.dag	264	281
PublishedMockCase	dag/extdeps/filesystem/mock_corpus.dag	446	463
PublishedMockCase	dag/test/fixture/m4_universal_governed_corpus.dag	89	106
PublishedMockCase	dag/test/fixture/m4_universal_governed_corpus.dag	303	320
# TYPE	DeclarationRef	19
DeclarationRef	dag/gunbc/host_standup.dag	592	606
DeclarationRef	dag/gunbc/host_standup.dag	1345	1359
DeclarationRef	dag/gunbc/host_standup.dag	1394	1408
DeclarationRef	dag/gunbc/host_standup.dag	1438	1452
DeclarationRef	dag/gunbc/host_standup.dag	2411	2425
DeclarationRef	dag/gunbc/host_standup.dag	2613	2627
DeclarationRef	dag/gunbc/host_standup.dag	2810	2824
DeclarationRef	dag/gunbc/host_standup.dag	3469	3483
DeclarationRef	dag/gunbc/host_standup.dag	4130	4144
DeclarationRef	dag/gunbc/tailscale_acl_phase2_credential.dag	367	381
DeclarationRef	dag/gunbc/tailscale_acl_phase2_credential.dag	562	576
DeclarationRef	dag/gunbc/tailscale_acl_phase2_credential.dag	774	788
DeclarationRef	dag/gunbc/tailscale_acl_phase2_credential.dag	977	991
DeclarationRef	dag/std/determinism.dag	91	105
DeclarationRef	dag/std/determinism.dag	198	212
DeclarationRef	src/v2/lens/disposition_redundancy.dag	405	419
DeclarationRef	src/v2/lens/disposition_redundancy.dag	424	438
DeclarationRef	src/v2/lens/disposition_redundancy.dag	624	638
DeclarationRef	src/v2/lens/disposition_redundancy.dag	909	923
# TYPE	CommitSha	17
CommitSha	dag/extdeps/git/git.dag	1368	1377
CommitSha	dag/extdeps/git/git.dag	8892	8901
CommitSha	dag/extdeps/git/git.dag	15725	15734
CommitSha	dag/extdeps/git/git.dag	26537	26546
CommitSha	dag/extdeps/git/git.dag	26826	26835
CommitSha	dag/gunbc/code_change_workflow.dag	487	496
CommitSha	dag/gunbc/code_change_workflow.dag	805	814
CommitSha	dag/gunbc/code_change_workflow.dag	824	833
CommitSha	dag/gunbc/review_verdict.dag	1795	1804
CommitSha	dag/gunbc/review_verdict.dag	2201	2210
CommitSha	dag/gunbc/review_verdict.dag	2473	2482
CommitSha	dag/gunbc/review_verdict.dag	2713	2722
CommitSha	dag/gunbc/review_verdict.dag	3842	3851
CommitSha	dag/test/claim/code_change_workflow_witness_test.dag	274	283
CommitSha	dag/test/claim/extdeps_anemia_grounding_witness_test.dag	188	197
CommitSha	dag/test/claim/merge_admission_enforcement_witness_test.dag	493	502
CommitSha	dag/test/claim/merge_admission_producer_witness_test.dag	251	260
# TYPE	std.resources.Network	17
std.resources.Network	dag/gunbc/assimilate/bmc_bootstrap_provision.dag	1231	1252
std.resources.Network	dag/gunbc/assimilate/bmc_wif_canary_bootstrap.dag	507	528
std.resources.Network	dag/gunbc/auth/credentials.dag	187	208
std.resources.Network	dag/gunbc/auth/credentials.dag	667	688
std.resources.Network	dag/gunbc/auth/credentials.dag	1485	1506
std.resources.Network	dag/gunbc/auth/patterns.dag	1153	1174
std.resources.Network	dag/gunbc/auth/patterns.dag	2010	2031
std.resources.Network	dag/gunbc/auth/patterns.dag	2401	2422
std.resources.Network	dag/gunbc/srv3_os_install_actuate.dag	1908	1929
std.resources.Network	dag/gunbc/srv3_os_install_actuate.dag	2336	2357
std.resources.Network	dag/gunbc/srv3_os_install_actuate.dag	4016	4037
std.resources.Network	dag/gunbc/srv3_seeded_install_media.dag	1873	1894
std.resources.Network	dag/gunbc/srv3_seeded_install_media.dag	2134	2155
std.resources.Network	dag/gunbc/tailscale_acl_phase2_credential.dag	3244	3265
std.resources.Network	dag/gunbc/tools/bmc_first_contact.dag	91	112
std.resources.Network	dag/gunbc/tools/bmc_onboard_validate.dag	97	118
std.resources.Network	dag/gunbc/tools/bmc_read_telemetry.dag	93	114
# TYPE	ContentHash	16
ContentHash	dag/extdeps/cloud/gcp/secret_ref.dag	306	317
ContentHash	dag/gunbc/bootstrap.dag	1365	1376
ContentHash	dag/gunbc/bootstrap.dag	1391	1402
ContentHash	dag/gunbc/host_identity_adopt.dag	214	225
ContentHash	dag/gunbc/host_identity_adopt.dag	1974	1985
ContentHash	dag/gunbc/host_identity_assimilation.dag	1542	1553
ContentHash	dag/gunbc/host_identity_assimilation.dag	2642	2653
ContentHash	dag/gunbc/review_verdict.dag	1846	1857
ContentHash	dag/test/claim/hermetic_fixture_realization_test.dag	145	156
ContentHash	dag/test/claim/realize_kernel_test.dag	201	212
ContentHash	dag/test/claim/realize_kernel_test.dag	297	308
ContentHash	dag/test/claim/realize_kernel_test.dag	394	405
ContentHash	dag/test/claim/realize_kernel_test.dag	586	597
ContentHash	dag/test/claim/realize_kernel_test.dag	624	635
ContentHash	dag/test/claim/reconcile_in_process_cache_test.dag	145	156
ContentHash	dag/test/claim/temporal_effect_spine_witness_test.dag	138	149
# TYPE	DecodeFidelity	16
DecodeFidelity	dag/extdeps/communication/fidelity_carriers.dag	258	272
DecodeFidelity	dag/extdeps/communication/fidelity_carriers.dag	281	295
DecodeFidelity	dag/extdeps/communication/fidelity_carriers.dag	300	314
DecodeFidelity	dag/extdeps/communication/fidelity_carriers.dag	432	446
DecodeFidelity	dag/extdeps/communication/fidelity_carriers.dag	452	466
DecodeFidelity	dag/extdeps/communication/fidelity_carriers.dag	633	647
DecodeFidelity	dag/extdeps/communication/numerical_fidelity.dag	412	426
DecodeFidelity	dag/extdeps/communication/numerical_fidelity.dag	548	562
DecodeFidelity	dag/gunbc/accelerator_demo_gpu.dag	102	116
DecodeFidelity	dag/gunbc/accelerator_demo_gpu.dag	436	450
DecodeFidelity	dag/gunbc/accelerator_demo_gpu.dag	870	884
DecodeFidelity	dag/gunbc/accelerator_demo_plan.dag	477	491
DecodeFidelity	dag/gunbc/accelerator_demo_plan.dag	1989	2003
DecodeFidelity	dag/gunbc/accelerator_demo_render.dag	1321	1335
DecodeFidelity	dag/gunbc/accelerator_demo_render.dag	1887	1901
DecodeFidelity	dag/test/claim/medium_fidelity_witness_test.dag	170	184
# TYPE	NumericalContract	16
NumericalContract	dag/extdeps/communication/numerical_fidelity.dag	526	543
NumericalContract	dag/extdeps/communication/numerical_fidelity.dag	843	860
NumericalContract	dag/gunbc/accelerator_demo_gpu.dag	80	97
NumericalContract	dag/gunbc/accelerator_demo_gpu.dag	389	406
NumericalContract	dag/gunbc/accelerator_demo_gpu.dag	550	567
NumericalContract	dag/gunbc/accelerator_demo_gpu.dag	1754	1771
NumericalContract	dag/gunbc/accelerator_demo_gpu.dag	2613	2630
NumericalContract	dag/gunbc/accelerator_demo_plan.dag	443	460
NumericalContract	dag/gunbc/accelerator_demo_plan.dag	1958	1975
NumericalContract	dag/gunbc/accelerator_demo_plan.dag	2372	2389
NumericalContract	dag/gunbc/accelerator_demo_realize.dag	6264	6281
NumericalContract	dag/gunbc/accelerator_demo_realize.dag	6435	6452
NumericalContract	dag/gunbc/accelerator_demo_recognizer.dag	416	433
NumericalContract	dag/gunbc/accelerator_demo_render.dag	985	1002
NumericalContract	dag/gunbc/accelerator_demo_render.dag	1856	1873
NumericalContract	dag/gunbc/accelerator_demo_render.dag	7153	7170
# TYPE	DnsLabel	15
DnsLabel	dag/gunbc/host_identity_assimilation.dag	4534	4542
DnsLabel	dag/test/claim/cr1000a_dhcp_lease_naming_witness_test.dag	209	217
DnsLabel	dag/test/claim/host_identity_observation_witness_test.dag	235	243
DnsLabel	dag/test/claim/host_identity_observation_witness_test.dag	360	368
DnsLabel	dag/test/claim/host_identity_observation_witness_test.dag	1070	1078
DnsLabel	dag/test/claim/host_identity_observation_witness_test.dag	1139	1147
DnsLabel	dag/test/claim/host_identity_observation_witness_test.dag	1447	1455
DnsLabel	dag/test/claim/host_identity_observation_witness_test.dag	1482	1490
DnsLabel	dag/test/claim/host_identity_observation_witness_test.dag	1824	1832
DnsLabel	dag/test/claim/host_identity_observation_witness_test.dag	2047	2055
DnsLabel	dag/test/claim/host_identity_observation_witness_test.dag	2092	2100
DnsLabel	dag/test/claim/host_identity_observation_witness_test.dag	2220	2228
DnsLabel	dag/test/claim/host_identity_observation_witness_test.dag	9721	9729
DnsLabel	dag/test/claim/host_identity_observation_witness_test.dag	11539	11547
DnsLabel	dag/test/claim/network_grounding_witness_test.dag	4049	4057
# TYPE	Fragment	15
Fragment	dag/examples/js_site/js_site.dag	151	159
Fragment	dag/examples/js_site/js_site.dag	215	223
Fragment	dag/examples/js_site/js_site.dag	387	395
Fragment	dag/examples/js_site/js_site.dag	923	931
Fragment	dag/examples/js_site/js_site.dag	936	944
Fragment	dag/examples/js_site/js_site.dag	1546	1554
Fragment	dag/examples/js_site/js_site.dag	1763	1771
Fragment	dag/examples/js_site/js_site.dag	2011	2019
Fragment	dag/examples/js_site/js_site.dag	2282	2290
Fragment	dag/examples/js_site/js_site.dag	2626	2634
Fragment	dag/examples/js_site/js_site.dag	2738	2746
Fragment	dag/examples/js_site/js_site.dag	2853	2861
Fragment	dag/examples/js_site/js_site.dag	3510	3518
Fragment	dag/examples/js_site/js_site.dag	3731	3739
Fragment	dag/test/claim/gunbhub_serve_witness_test.dag	146	154
# TYPE	HostEffectIntent	15
HostEffectIntent	dag/gunbc/fleet_converge_cli.dag	2350	2366
HostEffectIntent	dag/gunbc/host_identity_observation.dag	1637	1653
HostEffectIntent	dag/gunbc/host_identity_observation.dag	1896	1912
HostEffectIntent	dag/gunbc/srv3_host_effect_apply.dag	655	671
HostEffectIntent	dag/gunbc/srv3_host_effect_apply.dag	905	921
HostEffectIntent	dag/gunbc/srv3_host_effect_apply.dag	1076	1092
HostEffectIntent	dag/gunbc/srv3_host_effect_apply.dag	1524	1540
HostEffectIntent	dag/gunbc/srv3_host_effect_apply.dag	1687	1703
HostEffectIntent	dag/gunbc/srv3_host_effect_apply.dag	1842	1858
HostEffectIntent	dag/gunbc/srv3_host_effect_apply.dag	1992	2008
HostEffectIntent	dag/gunbc/srv3_host_effect_apply.dag	2164	2180
HostEffectIntent	dag/gunbc/srv3_host_effect_apply.dag	2538	2554
HostEffectIntent	dag/gunbc/srv3_host_effect_apply.dag	2709	2725
HostEffectIntent	dag/gunbc/srv3_host_effect_apply.dag	3108	3124
HostEffectIntent	dag/gunbc/srv3_host_effect_apply.dag	3362	3378
# TYPE	OomdEffectiveRead	15
OomdEffectiveRead	dag/test/claim/oomd_install_grounding_witness_test.dag	509	526
OomdEffectiveRead	dag/test/claim/oomd_install_grounding_witness_test.dag	1029	1046
OomdEffectiveRead	dag/test/claim/oomd_install_grounding_witness_test.dag	1546	1563
OomdEffectiveRead	dag/test/claim/oomd_install_grounding_witness_test.dag	2064	2081
OomdEffectiveRead	dag/test/claim/oomd_install_grounding_witness_test.dag	2586	2603
OomdEffectiveRead	dag/test/claim/oomd_install_grounding_witness_test.dag	3115	3132
OomdEffectiveRead	dag/test/claim/oomd_install_grounding_witness_test.dag	3647	3664
OomdEffectiveRead	dag/test/claim/oomd_install_grounding_witness_test.dag	4143	4160
OomdEffectiveRead	dag/test/claim/oomd_install_grounding_witness_test.dag	4671	4688
OomdEffectiveRead	dag/test/claim/oomd_install_grounding_witness_test.dag	5195	5212
OomdEffectiveRead	dag/test/claim/oomd_install_grounding_witness_test.dag	6523	6540
OomdEffectiveRead	dag/test/claim/oomd_install_grounding_witness_test.dag	7047	7064
OomdEffectiveRead	dag/test/claim/oomd_install_grounding_witness_test.dag	7578	7595
OomdEffectiveRead	dag/test/claim/oomd_install_grounding_witness_test.dag	8378	8395
OomdEffectiveRead	dag/test/claim/oomd_install_grounding_witness_test.dag	9716	9733
# TYPE	RunnerUnitLiveReadRow	15
RunnerUnitLiveReadRow	dag/gunbc/fleet_show_effective_read.dag	4426	4447
RunnerUnitLiveReadRow	dag/gunbc/fleet_show_effective_read.dag	5283	5304
RunnerUnitLiveReadRow	dag/gunbc/fleet_show_effective_read.dag	6686	6707
RunnerUnitLiveReadRow	dag/gunbc/fleet_show_effective_read.dag	6973	6994
RunnerUnitLiveReadRow	dag/gunbc/fleet_show_effective_read.dag	7260	7281
RunnerUnitLiveReadRow	dag/gunbc/fleet_show_effective_read.dag	10719	10740
RunnerUnitLiveReadRow	dag/gunbc/fleet_show_effective_read.dag	13142	13163
RunnerUnitLiveReadRow	dag/gunbc/fleet_show_effective_read.dag	13442	13463
RunnerUnitLiveReadRow	dag/gunbc/fleet_show_effective_read.dag	14081	14102
RunnerUnitLiveReadRow	dag/gunbc/fleet_show_effective_read.dag	14905	14926
RunnerUnitLiveReadRow	dag/gunbc/fleet_show_effective_read.dag	15067	15088
RunnerUnitLiveReadRow	dag/test/claim/runner_unit_live_read_witness_test.dag	918	939
RunnerUnitLiveReadRow	dag/test/claim/runner_unit_live_read_witness_test.dag	1630	1651
RunnerUnitLiveReadRow	dag/test/claim/runner_unit_live_read_witness_test.dag	2082	2103
RunnerUnitLiveReadRow	dag/test/claim/runner_unit_live_read_witness_test.dag	2400	2421
# TYPE	extdeps.github.pulls.PullRequest	15
extdeps.github.pulls.PullRequest	dag/extdeps/github/pulls.dag	6091	6102
extdeps.github.pulls.PullRequest	dag/extdeps/github/pulls.dag	6616	6627
extdeps.github.pulls.PullRequest	dag/gunbc/code_change_workflow.dag	1470	1502
extdeps.github.pulls.PullRequest	dag/gunbc/code_change_workflow.dag	2833	2865
extdeps.github.pulls.PullRequest	dag/gunbc/code_change_workflow.dag	9152	9184
extdeps.github.pulls.PullRequest	dag/gunbc/code_change_workflow.dag	10154	10186
extdeps.github.pulls.PullRequest	dag/gunbc/digest_render.dag	830	862
extdeps.github.pulls.PullRequest	dag/gunbc/digest_render.dag	1610	1642
extdeps.github.pulls.PullRequest	dag/gunbc/digest_render.dag	2107	2139
extdeps.github.pulls.PullRequest	dag/gunbc/pr_digests.dag	549	581
extdeps.github.pulls.PullRequest	dag/gunbc/pr_digests.dag	791	823
extdeps.github.pulls.PullRequest	dag/gunbc/pr_digests.dag	942	974
extdeps.github.pulls.PullRequest	dag/test/claim/code_change_workflow_witness_test.dag	584	616
extdeps.github.pulls.PullRequest	dag/test/claim/roadmap_status_test.dag	311	343
extdeps.github.pulls.PullRequest	dag/test/claim/roadmap_status_test.dag	710	742
# TYPE	AcceleratorDemoProgram	14
AcceleratorDemoProgram	dag/gunbc/accelerator_demo_eval.dag	1092	1114
AcceleratorDemoProgram	dag/gunbc/accelerator_demo_float_eval.dag	1176	1198
AcceleratorDemoProgram	dag/gunbc/accelerator_demo_realize.dag	1050	1072
AcceleratorDemoProgram	dag/gunbc/accelerator_demo_realize.dag	1513	1535
AcceleratorDemoProgram	dag/gunbc/accelerator_demo_realize.dag	1925	1947
AcceleratorDemoProgram	dag/gunbc/accelerator_demo_realize.dag	7133	7155
AcceleratorDemoProgram	dag/gunbc/accelerator_demo_realize.dag	7720	7742
AcceleratorDemoProgram	dag/gunbc/accelerator_demo_recognizer.dag	85	107
AcceleratorDemoProgram	dag/gunbc/accelerator_demo_recognizer.dag	380	402
AcceleratorDemoProgram	dag/gunbc/accelerator_demo_render.dag	5622	5644
AcceleratorDemoProgram	dag/gunbc/accelerator_demo_render.dag	5909	5931
AcceleratorDemoProgram	dag/gunbc/accelerator_demo_render.dag	6100	6122
AcceleratorDemoProgram	dag/gunbc/accelerator_demo_render.dag	6418	6440
AcceleratorDemoProgram	dag/gunbc/accelerator_demo_render.dag	7117	7139
# TYPE	HostEffectEvidence	14
HostEffectEvidence	dag/gunbc/host_identity_observation.dag	1655	1673
HostEffectEvidence	dag/gunbc/host_identity_observation.dag	1914	1932
HostEffectEvidence	dag/gunbc/srv3_host_effect_apply.dag	673	691
HostEffectEvidence	dag/gunbc/srv3_host_effect_apply.dag	923	941
HostEffectEvidence	dag/gunbc/srv3_host_effect_apply.dag	1094	1112
HostEffectEvidence	dag/gunbc/srv3_host_effect_apply.dag	1542	1560
HostEffectEvidence	dag/gunbc/srv3_host_effect_apply.dag	1705	1723
HostEffectEvidence	dag/gunbc/srv3_host_effect_apply.dag	1860	1878
HostEffectEvidence	dag/gunbc/srv3_host_effect_apply.dag	2010	2028
HostEffectEvidence	dag/gunbc/srv3_host_effect_apply.dag	2182	2200
HostEffectEvidence	dag/gunbc/srv3_host_effect_apply.dag	2556	2574
HostEffectEvidence	dag/gunbc/srv3_host_effect_apply.dag	2727	2745
HostEffectEvidence	dag/gunbc/srv3_host_effect_apply.dag	3126	3144
HostEffectEvidence	dag/gunbc/srv3_host_effect_apply.dag	3380	3398
# TYPE	Watt	14
Watt	dag/extdeps/bmc.dag	627	631
Watt	dag/extdeps/bmc/redfish.dag	1549	1553
Watt	dag/extdeps/bmc/redfish.dag	1984	1988
Watt	dag/extdeps/bmc/redfish.dag	2616	2620
Watt	dag/extdeps/cpu/types.dag	1145	1149
Watt	dag/product/hardware_selection.dag	335	339
Watt	dag/product/hardware_selection.dag	2381	2385
Watt	dag/product/hardware_selection.dag	2843	2847
Watt	dag/product/hardware_selection.dag	3030	3034
Watt	dag/product/hardware_selection.dag	3194	3198
Watt	dag/product/hardware_selection.dag	3857	3861
Watt	dag/test/claim/power_watt_witness_test.dag	139	143
Watt	dag/test/claim/power_watt_witness_test.dag	149	153
Watt	dag/test/claim/power_watt_witness_test.dag	274	278
# TYPE	MarkdownBlock	13
MarkdownBlock	dag/gunbc/plans/branch_merge_admission_model.dag	71	84
MarkdownBlock	dag/gunbc/plans/branch_merge_admission_model.dag	1880	1893
MarkdownBlock	dag/gunbc/plans/branch_merge_admission_model.dag	4024	4037
MarkdownBlock	dag/gunbc/plans/branch_merge_admission_model.dag	5521	5534
MarkdownBlock	dag/gunbc/plans/branch_merge_admission_model.dag	8049	8062
MarkdownBlock	dag/gunbc/plans/branch_merge_admission_model.dag	9829	9842
MarkdownBlock	dag/gunbc/plans/branch_merge_admission_model.dag	12086	12099
MarkdownBlock	dag/gunbc/plans/branch_merge_admission_model.dag	14334	14347
MarkdownBlock	dag/gunbc/plans/branch_merge_admission_model.dag	16166	16179
MarkdownBlock	dag/gunbc/plans/merge_admission_gate_shape_proposal.dag	78	91
MarkdownBlock	dag/gunbc/plans/merge_admission_gate_shape_proposal.dag	513	526
MarkdownBlock	dag/gunbc/plans/merge_admission_gate_shape_proposal.dag	3098	3111
MarkdownBlock	dag/gunbc/plans/merge_admission_gate_shape_proposal.dag	3604	3617
# TYPE	Memory	13
Memory	dag/gunbc/ci_budget_tree.dag	1813	1819
Memory	dag/gunbc/fleet_host_budget.dag	8089	8095
Memory	dag/product/budget_tree.dag	428	434
Memory	dag/product/budget_tree.dag	535	541
Memory	dag/product/budget_tree.dag	721	727
Memory	dag/product/budget_tree.dag	820	826
Memory	dag/product/budget_tree.dag	965	971
Memory	dag/product/budget_tree.dag	1982	1988
Memory	dag/std/measure.dag	3974	3980
Memory	dag/std/measure.dag	4017	4023
Memory	dag/std/measure.dag	4061	4067
Memory	dag/std/measure.dag	4105	4111
Memory	dag/test/claim/budget_tree_witness_test.dag	332	338
# TYPE	NodeControlPlane	13
NodeControlPlane	dag/gunbc/fleet_show_effective_read.dag	8673	8689
NodeControlPlane	dag/gunbc/host_identity_adopt.dag	1392	1408
NodeControlPlane	dag/gunbc/host_identity_adopt.dag	1605	1621
NodeControlPlane	dag/gunbc/host_identity_adopt.dag	2897	2913
NodeControlPlane	dag/gunbc/host_identity_assimilation.dag	151	167
NodeControlPlane	dag/gunbc/host_identity_observation.dag	1565	1581
NodeControlPlane	dag/gunbc/srv3_host_effect_apply.dag	116	132
NodeControlPlane	dag/test/claim/deploy_access_privilege_witness_test.dag	225	241
NodeControlPlane	dag/test/claim/host_effect_apply_witness_test.dag	139	155
NodeControlPlane	dag/test/claim/host_effect_apply_witness_test.dag	209	225
NodeControlPlane	dag/test/claim/host_identity_observation_witness_test.dag	147	163
NodeControlPlane	dag/test/claim/srv3_host_effect_apply_witness_test.dag	150	166
NodeControlPlane	dag/test/claim/srv3_host_effect_apply_witness_test.dag	245	261
# TYPE	Second	13
Second	dag/gunbc/tailscale_acl_phase2_credential.dag	179	185
Second	dag/gunbc/tailscale_acl_phase2_credential.dag	3878	3884
Second	dag/gunbc/tailscale_acl_phase2_credential.dag	3896	3902
Second	dag/gunbc/tailscale_acl_phase2_credential.dag	4087	4093
Second	dag/gunbc/tailscale_acl_phase2_credential.dag	4102	4108
Second	dag/gunbc/tailscale_acl_phase2_credential.dag	4229	4235
Second	dag/gunbc/tailscale_acl_phase2_credential.dag	4249	4255
Second	dag/gunbc/tailscale_acl_phase2_credential.dag	4264	4270
Second	dag/gunbc/tailscale_acl_phase2_credential.dag	4518	4524
Second	dag/gunbc/tailscale_acl_phase2_credential.dag	5277	5283
Second	dag/gunbc/tailscale_acl_phase2_credential.dag	5295	5301
Second	dag/gunbc/tailscale_acl_phase2_credential.dag	5936	5942
Second	dag/test/claim/host_hygiene_liveness_test.dag	138	144
# TYPE	Timestamp	13
Timestamp	dag/extdeps/audit/cloudevents.dag	1238	1247
Timestamp	dag/extdeps/clock/clock.dag	288	297
Timestamp	dag/extdeps/git/git.dag	1114	1123
Timestamp	dag/gunbc/code_change_workflow.dag	517	526
Timestamp	dag/gunbc/code_change_workflow.dag	546	555
Timestamp	dag/gunbc/code_change_workflow.dag	570	579
Timestamp	dag/gunbc/code_change_workflow.dag	594	603
Timestamp	dag/gunbc/review_verdict.dag	1894	1903
Timestamp	dag/gunbc/review_verdict.dag	2383	2392
Timestamp	dag/test/claim/code_change_workflow_witness_test.dag	353	362
Timestamp	dag/test/claim/code_change_workflow_witness_test.dag	569	578
Timestamp	dag/test/claim/code_change_workflow_witness_test.dag	1291	1300
Timestamp	dag/test/claim/temporal_effect_spine_witness_test.dag	335	344
# TYPE	std.nat.Nat	13
std.nat.Nat	dag/gunbc/ci_input_envelope.dag	177	188
std.nat.Nat	dag/product/hardware_selection.dag	75	86
std.nat.Nat	dag/product/hardware_selection.dag	109	120
std.nat.Nat	dag/product/hardware_selection.dag	205	216
std.nat.Nat	dag/test/claim/budget_tree_witness_test.dag	141	152
std.nat.Nat	dag/test/claim/budget_tree_witness_test.dag	302	313
std.nat.Nat	dag/test/claim/budget_tree_witness_test.dag	619	630
std.nat.Nat	dag/test/claim/budget_tree_witness_test.dag	768	779
std.nat.Nat	dag/test/claim/hetzner_cost_quote_witness_test.dag	153	164
std.nat.Nat	dag/test/claim/memory_scale_factor_derivation_test.dag	155	166
std.nat.Nat	dag/test/claim/realization_scale_agnostic_test.dag	133	144
std.nat.Nat	dag/test/claim/realization_scale_agnostic_test.dag	170	181
std.nat.Nat	dag/test/claim/time_scale_factor_derivation_test.dag	153	164
# TYPE	BudgetNode	12
BudgetNode	dag/gunbc/ci_budget_tree.dag	2127	2137
BudgetNode	dag/gunbc/ci_budget_tree.dag	2744	2754
BudgetNode	dag/gunbc/ci_budget_tree.dag	3138	3148
BudgetNode	dag/gunbc/ci_budget_tree.dag	3224	3234
BudgetNode	dag/gunbc/ci_budget_tree.dag	3310	3320
BudgetNode	dag/gunbc/ci_budget_tree.dag	3404	3414
BudgetNode	dag/gunbc/ci_budget_tree.dag	3516	3526
BudgetNode	dag/gunbc/ci_budget_tree.dag	3655	3665
BudgetNode	dag/test/claim/budget_tree_witness_test.dag	635	645
BudgetNode	dag/test/claim/budget_tree_witness_test.dag	784	794
BudgetNode	dag/test/claim/budget_tree_witness_test.dag	915	925
BudgetNode	dag/test/claim/budget_tree_witness_test.dag	930	940
# TYPE	CpuModelCatalogRow	12
CpuModelCatalogRow	dag/extdeps/cpu/amd.dag	3052	3070
CpuModelCatalogRow	dag/extdeps/cpu/amd.dag	3685	3703
CpuModelCatalogRow	dag/extdeps/cpu/amd.dag	4317	4335
CpuModelCatalogRow	dag/extdeps/cpu/ampere.dag	3829	3847
CpuModelCatalogRow	dag/extdeps/cpu/ampere.dag	4499	4517
CpuModelCatalogRow	dag/extdeps/cpu/machine_shape.dag	359	377
CpuModelCatalogRow	dag/extdeps/cpu/machine_shape.dag	439	457
CpuModelCatalogRow	dag/extdeps/cpu/machine_shape.dag	720	738
CpuModelCatalogRow	dag/extdeps/cpu/machine_shape.dag	996	1014
CpuModelCatalogRow	dag/extdeps/cpu/machine_shape.dag	1313	1331
CpuModelCatalogRow	dag/product/hardware_selection.dag	2808	2826
CpuModelCatalogRow	dag/test/claim/hardware_selection_witness_test.dag	2264	2282
# TYPE	HardwareThreadCount	12
HardwareThreadCount	dag/extdeps/bmc.dag	390	409
HardwareThreadCount	dag/extdeps/bmc/redfish.dag	447	466
HardwareThreadCount	dag/extdeps/bmc/redfish.dag	495	514
HardwareThreadCount	dag/extdeps/bmc/redfish.dag	881	900
HardwareThreadCount	dag/extdeps/bmc/redfish.dag	993	1012
HardwareThreadCount	dag/extdeps/cloud/hetzner.dag	942	961
HardwareThreadCount	dag/extdeps/cloud/ubicloud.dag	1826	1845
HardwareThreadCount	dag/extdeps/cpu.dag	380	399
HardwareThreadCount	dag/extdeps/cpu/types.dag	1051	1070
HardwareThreadCount	dag/product/compute_fabric.dag	114	133
HardwareThreadCount	dag/test/claim/realization_width_witness_test.dag	360	379
HardwareThreadCount	dag/test/claim/realization_width_witness_test.dag	439	458
# TYPE	ObservationVerdict	12
ObservationVerdict	dag/gunbc/file_access.dag	882	900
ObservationVerdict	dag/gunbc/host_standup.dag	18920	18938
ObservationVerdict	dag/gunbc/host_standup.dag	19586	19604
ObservationVerdict	dag/gunbc/host_standup_assimilation_deduction.dag	3438	3456
ObservationVerdict	dag/gunbc/host_standup_assimilation_deduction.dag	4220	4238
ObservationVerdict	dag/gunbc/host_standup_assimilation_deduction.dag	5865	5883
ObservationVerdict	dag/gunbc/host_standup_assimilation_deduction.dag	6158	6176
ObservationVerdict	dag/gunbc/host_standup_assimilation_deduction.dag	6368	6386
ObservationVerdict	dag/gunbc/host_standup_assimilation_deduction.dag	6583	6601
ObservationVerdict	dag/gunbc/host_standup_assimilation_deduction.dag	6777	6795
ObservationVerdict	dag/gunbc/install_media.dag	274	292
ObservationVerdict	dag/test/claim/host_phase_status_witness_test.dag	700	718
# TYPE	GcpProjectId	11
GcpProjectId	dag/extdeps/cloud/gcp/iam.dag	3216	3228
GcpProjectId	dag/extdeps/cloud/gcp/iam.dag	3615	3627
GcpProjectId	dag/extdeps/cloud/gcp/iam_admin.dag	577	589
GcpProjectId	dag/extdeps/cloud/gcp/iam_admin.dag	1241	1253
GcpProjectId	dag/extdeps/cloud/gcp/iam_admin.dag	1916	1928
GcpProjectId	dag/extdeps/cloud/gcp/secret_manager.dag	1310	1322
GcpProjectId	dag/extdeps/cloud/gcp/secret_manager.dag	1888	1900
GcpProjectId	dag/extdeps/cloud/gcp/secret_manager.dag	2889	2901
GcpProjectId	dag/extdeps/cloud/gcp/secret_ref.dag	365	377
GcpProjectId	dag/extdeps/cloud/gcp/serviceusage.dag	630	642
GcpProjectId	dag/gunbc/auth/patterns.dag	955	967
# TYPE	RunnerSliceCapEffectiveness	11
RunnerSliceCapEffectiveness	dag/gunbc/fleet_show_effective_read.dag	1153	1180
RunnerSliceCapEffectiveness	dag/gunbc/fleet_show_effective_read.dag	7570	7597
RunnerSliceCapEffectiveness	dag/gunbc/fleet_show_effective_read.dag	9936	9963
RunnerSliceCapEffectiveness	dag/gunbc/fleet_show_effective_read.dag	10123	10150
RunnerSliceCapEffectiveness	dag/gunbc/fleet_show_effective_read.dag	12868	12895
RunnerSliceCapEffectiveness	dag/gunbc/runner_unit_live_read.dag	2909	2936
RunnerSliceCapEffectiveness	dag/test/claim/runner_slot_enforcement_grounding_witness_test.dag	549	576
RunnerSliceCapEffectiveness	dag/test/claim/runner_slot_enforcement_grounding_witness_test.dag	697	724
RunnerSliceCapEffectiveness	dag/test/claim/runner_slot_enforcement_grounding_witness_test.dag	807	834
RunnerSliceCapEffectiveness	dag/test/claim/runner_slot_enforcement_grounding_witness_test.dag	1092	1119
RunnerSliceCapEffectiveness	dag/test/claim/runner_slot_enforcement_grounding_witness_test.dag	1344	1371
# TYPE	std.types.FilePath	11
std.types.FilePath	dag/gunbc/auth/credentials.dag	555	573
std.types.FilePath	dag/gunbc/auth/credentials.dag	1431	1449
std.types.FilePath	dag/gunbc/bootstrap.dag	761	779
std.types.FilePath	dag/gunbc/bootstrap.dag	1440	1458
std.types.FilePath	dag/gunbc/parse_allowlist.dag	132	150
std.types.FilePath	dag/gunbc/tools/card_intake.dag	3154	3172
std.types.FilePath	dag/gunbc/tools/card_intake.dag	3755	3773
std.types.FilePath	dag/gunbc/tools/card_intake.dag	4809	4827
std.types.FilePath	dag/test/claim/extdeps_anemia_grounding_witness_test.dag	305	323
std.types.FilePath	dag/test/claim/gcp_oauth_access_token_witness.dag	74	92
std.types.FilePath	dag/test/claim/gcp_oauth_access_token_witness.dag	156	174
# TYPE	CacheGeometryCitation	10
CacheGeometryCitation	dag/extdeps/cpu/amd.dag	1229	1250
CacheGeometryCitation	dag/extdeps/cpu/amd.dag	1555	1576
CacheGeometryCitation	dag/extdeps/cpu/amd.dag	1869	1890
CacheGeometryCitation	dag/extdeps/cpu/amd.dag	2236	2257
CacheGeometryCitation	dag/extdeps/cpu/amd.dag	2570	2591
CacheGeometryCitation	dag/extdeps/cpu/amd.dag	2891	2912
CacheGeometryCitation	dag/extdeps/cpu/ampere.dag	1854	1875
CacheGeometryCitation	dag/extdeps/cpu/ampere.dag	2527	2548
CacheGeometryCitation	dag/extdeps/cpu/ampere.dag	3078	3099
CacheGeometryCitation	dag/extdeps/cpu/ampere.dag	3579	3600
# TYPE	CacheProvider	10
CacheProvider	dag/gunbc/floor_materialization.dag	2356	2369
CacheProvider	dag/gunbc/floor_materialization.dag	2652	2665
CacheProvider	dag/gunbc/floor_materialization.dag	6246	6259
CacheProvider	dag/gunbc/floor_materialization.dag	10204	10217
CacheProvider	dag/gunbc/floor_materialization.dag	10512	10525
CacheProvider	dag/gunbc/floor_materialization.dag	11814	11827
CacheProvider	dag/test/claim/materialization_ladder_witness_test.dag	1559	1572
CacheProvider	dag/test/claim/materialization_ladder_witness_test.dag	1814	1827
CacheProvider	dag/test/claim/materialization_ladder_witness_test.dag	2024	2037
CacheProvider	dag/test/claim/materialization_ladder_witness_test.dag	12711	12724
# TYPE	HostEffectTransport	10
HostEffectTransport	dag/gunbc/fleet_show_effective_read.dag	8944	8963
HostEffectTransport	dag/gunbc/host_identity_adopt.dag	1271	1290
HostEffectTransport	dag/gunbc/host_identity_adopt.dag	1484	1503
HostEffectTransport	dag/gunbc/host_identity_adopt.dag	1700	1719
HostEffectTransport	dag/gunbc/host_identity_adopt.dag	2199	2218
HostEffectTransport	dag/gunbc/host_identity_adopt.dag	2928	2947
HostEffectTransport	dag/gunbc/host_identity_assimilation.dag	181	200
HostEffectTransport	dag/gunbc/host_identity_assimilation.dag	344	363
HostEffectTransport	dag/gunbc/host_identity_assimilation.dag	777	796
HostEffectTransport	dag/gunbc/host_identity_observation.dag	1596	1615
# TYPE	TestModuleRetirement	10
TestModuleRetirement	dag/test/retirement/e0308_mechanical_trio_retained.dag	94	114
TestModuleRetirement	dag/test/retirement/field_of_fractions_construction_retained.dag	114	134
TestModuleRetirement	dag/test/retirement/field_of_fractions_single_declaration_retained.dag	126	146
TestModuleRetirement	dag/test/retirement/group_completion_construction_retained.dag	110	130
TestModuleRetirement	dag/test/retirement/map_lookup_dual_dispatch_retired.dag	100	120
TestModuleRetirement	dag/test/retirement/materialization_provider_resolved_graph_consumer_retained.dag	148	168
TestModuleRetirement	dag/test/retirement/namespace_unique_on_chain_policy_retained.dag	116	136
TestModuleRetirement	dag/test/retirement/none_undetermined_carrier_refuse_retained.dag	116	136
TestModuleRetirement	dag/test/retirement/pipeline_self_gen8_retired.dag	94	114
TestModuleRetirement	dag/test/retirement/pipeline_self_gen8_retired.dag	2227	2247
# TYPE	CpuFacts	9
CpuFacts	dag/extdeps/cpu.dag	219	227
CpuFacts	dag/extdeps/cpu.dag	299	307
CpuFacts	dag/extdeps/cpu.dag	367	375
CpuFacts	dag/extdeps/cpu.dag	458	466
CpuFacts	dag/extdeps/cpu.dag	558	566
CpuFacts	dag/extdeps/cpu/amd.dag	4947	4955
CpuFacts	dag/extdeps/cpu/amd.dag	5124	5132
CpuFacts	dag/extdeps/cpu/amd.dag	5304	5312
CpuFacts	dag/extdeps/pricing/hetzner_dedicated.dag	1968	1976
# TYPE	DramModuleCatalogRow	9
DramModuleCatalogRow	dag/product/hardware_selection.dag	1094	1114
DramModuleCatalogRow	dag/product/hardware_selection.dag	2135	2155
DramModuleCatalogRow	dag/product/hardware_selection.dag	2236	2256
DramModuleCatalogRow	dag/test/claim/hardware_selection_witness_test.dag	328	348
DramModuleCatalogRow	dag/test/claim/hardware_selection_witness_test.dag	639	659
DramModuleCatalogRow	dag/test/claim/hardware_selection_witness_test.dag	950	970
DramModuleCatalogRow	dag/test/claim/hardware_selection_witness_test.dag	1267	1287
DramModuleCatalogRow	dag/test/claim/jedec_ddr_generation_witness_test.dag	135	155
DramModuleCatalogRow	dag/test/claim/jedec_ddr_generation_witness_test.dag	469	489
# TYPE	FrameDemand	9
FrameDemand	dag/gunbc/ci_materialization_gate.dag	2059	2070
FrameDemand	dag/test/claim/materialization_ladder_witness_test.dag	1437	1448
FrameDemand	dag/test/claim/materialization_ladder_witness_test.dag	2656	2667
FrameDemand	dag/test/claim/materialization_ladder_witness_test.dag	2964	2975
FrameDemand	dag/test/claim/materialization_ladder_witness_test.dag	6193	6204
FrameDemand	dag/test/claim/materialization_ladder_witness_test.dag	7135	7146
FrameDemand	dag/test/claim/materialization_ladder_witness_test.dag	7893	7904
FrameDemand	dag/test/claim/materialization_ladder_witness_test.dag	8746	8757
FrameDemand	dag/test/claim/materialization_ladder_witness_test.dag	10339	10350
# TYPE	GitObjectId	9
GitObjectId	dag/test/claim/merge_admission_actuator_witness_test.dag	147	158
GitObjectId	dag/test/claim/merge_admission_actuator_witness_test.dag	259	270
GitObjectId	dag/test/claim/merge_admission_deployed_gate_control_test.dag	151	162
GitObjectId	dag/test/claim/merge_admission_deployed_gate_control_test.dag	276	287
GitObjectId	dag/test/claim/merge_admission_enforcement_witness_test.dag	150	161
GitObjectId	dag/test/claim/merge_admission_enforcement_witness_test.dag	262	273
GitObjectId	dag/test/claim/merge_admission_producer_witness_test.dag	144	155
GitObjectId	dag/test/claim/merge_admission_witness_test.dag	359	370
GitObjectId	dag/test/claim/merge_admission_witness_test.dag	471	482
# TYPE	LevelId	9
LevelId	dag/extdeps/cpu/machine_shape.dag	292	299
LevelId	dag/extdeps/cpu/machine_shape.dag	316	323
LevelId	dag/extdeps/cpu/machine_shape.dag	340	347
LevelId	dag/extdeps/cpu/machine_shape.dag	425	432
LevelId	dag/extdeps/cpu/machine_shape.dag	706	713
LevelId	dag/extdeps/cpu/machine_shape.dag	982	989
LevelId	dag/extdeps/cpu/machine_shape.dag	1255	1262
LevelId	dag/extdeps/cpu/machine_shape.dag	1276	1283
LevelId	dag/extdeps/cpu/machine_shape.dag	1297	1304
# TYPE	MergeAdmissionReceipt	9
MergeAdmissionReceipt	dag/test/claim/merge_admission_actuator_witness_test.dag	620	641
MergeAdmissionReceipt	dag/test/claim/merge_admission_deployed_gate_control_test.dag	547	568
MergeAdmissionReceipt	dag/test/claim/merge_admission_enforcement_witness_test.dag	568	589
MergeAdmissionReceipt	dag/test/claim/merge_admission_enforcement_witness_test.dag	764	785
MergeAdmissionReceipt	dag/test/claim/merge_admission_enforcement_witness_test.dag	1012	1033
MergeAdmissionReceipt	dag/test/claim/merge_admission_enforcement_witness_test.dag	1245	1266
MergeAdmissionReceipt	dag/test/claim/merge_admission_producer_witness_test.dag	326	347
MergeAdmissionReceipt	dag/test/claim/merge_admission_producer_witness_test.dag	512	533
MergeAdmissionReceipt	dag/test/claim/merge_admission_witness_test.dag	832	853
# TYPE	MoneyAmountMicro	9
MoneyAmountMicro	dag/extdeps/cloud/hetzner.dag	1020	1036
MoneyAmountMicro	dag/extdeps/cloud/hetzner.dag	1052	1068
MoneyAmountMicro	dag/product/hardware_selection.dag	348	364
MoneyAmountMicro	dag/product/hardware_selection.dag	1225	1241
MoneyAmountMicro	dag/product/hardware_selection.dag	2626	2642
MoneyAmountMicro	dag/product/hardware_selection.dag	2857	2873
MoneyAmountMicro	dag/product/hardware_selection.dag	3044	3060
MoneyAmountMicro	dag/product/hardware_selection.dag	3239	3255
MoneyAmountMicro	dag/product/hardware_selection.dag	4113	4129
# TYPE	OciMediaType	9
OciMediaType	dag/extdeps/container/oci/descriptor.dag	327	339
OciMediaType	dag/extdeps/container/oci/manifest.dag	287	299
OciMediaType	dag/extdeps/container/oci/manifest.dag	460	472
OciMediaType	dag/extdeps/container/oci/manifest.dag	484	496
OciMediaType	dag/extdeps/container/oci/media_types.dag	317	329
OciMediaType	dag/extdeps/container/oci/media_types.dag	388	400
OciMediaType	dag/extdeps/container/oci/media_types.dag	465	477
OciMediaType	dag/extdeps/container/oci/media_types.dag	539	551
OciMediaType	dag/extdeps/container/oci/media_types.dag	605	617
# TYPE	QualifiedName	9
QualifiedName	src/v2/lens/enforcement/vocab.dag	72	85
QualifiedName	src/v2/lens/enforcement/vocab.dag	4305	4318
QualifiedName	src/v2/lens/enforcement/vocab.dag	4323	4336
QualifiedName	src/v2/std/cross_tree/resolution.dag	71	84
QualifiedName	src/v2/std/cross_tree/resolution.dag	290	303
QualifiedName	src/v2/std/cross_tree/resolution.dag	612	625
QualifiedName	src/v2/std/cross_tree/resolution.dag	1787	1800
QualifiedName	src/v2/std/cross_tree/resolution.dag	3743	3756
QualifiedName	src/v2/std/cross_tree/resolution.dag	3767	3780
# TYPE	SystemdCgroupMemoryLimit	9
SystemdCgroupMemoryLimit	dag/gunbc/fleet_show_effective_read.dag	223	247
SystemdCgroupMemoryLimit	dag/gunbc/runner_unit_live_read.dag	290	314
SystemdCgroupMemoryLimit	dag/gunbc/runner_unit_live_read.dag	334	358
SystemdCgroupMemoryLimit	dag/gunbc/runner_unit_live_read.dag	374	398
SystemdCgroupMemoryLimit	dag/gunbc/runner_unit_live_read.dag	417	441
SystemdCgroupMemoryLimit	dag/gunbc/runner_unit_live_read.dag	2880	2904
SystemdCgroupMemoryLimit	dag/gunbc/runner_unit_live_read.dag	3195	3219
SystemdCgroupMemoryLimit	dag/gunbc/runner_unit_live_read.dag	3607	3631
SystemdCgroupMemoryLimit	dag/gunbc/runner_unit_live_read.dag	3911	3935
# TYPE	ComputeHost	8
ComputeHost	dag/gunbc/deployed_intent_v0.dag	100	111
ComputeHost	dag/gunbc/deployed_intent_v0.dag	1147	1158
ComputeHost	dag/gunbc/deployed_intent_v0.dag	1687	1698
ComputeHost	dag/gunbc/host_identity_access.dag	153	164
ComputeHost	dag/gunbc/host_identity_adopt.dag	2133	2144
ComputeHost	dag/gunbc/host_identity_adopt.dag	2874	2885
ComputeHost	dag/gunbc/host_identity_assimilation.dag	122	133
ComputeHost	dag/gunbc/srv3_seeded_install_media.dag	2634	2645
# TYPE	ComputeOffer	8
ComputeOffer	dag/gunbc/ci_budget_tree.dag	995	1007
ComputeOffer	dag/gunbc/ci_budget_tree.dag	1119	1131
ComputeOffer	dag/gunbc/ci_budget_tree.dag	1278	1290
ComputeOffer	dag/gunbc/ci_budget_tree.dag	1610	1622
ComputeOffer	dag/gunbc/ci_budget_tree.dag	2085	2097
ComputeOffer	dag/gunbc/ci_budget_tree.dag	2727	2739
ComputeOffer	dag/gunbc/ci_budget_tree.dag	2894	2906
ComputeOffer	dag/gunbc/ci_budget_tree.dag	2993	3005
# TYPE	ConvergeVerdict	8
ConvergeVerdict	dag/gunbc/fleet_converge_cli.dag	1684	1699
ConvergeVerdict	dag/gunbc/fleet_show_effective_read.dag	5537	5552
ConvergeVerdict	dag/gunbc/fleet_show_effective_read.dag	11543	11558
ConvergeVerdict	dag/gunbc/fleet_show_effective_read.dag	11837	11852
ConvergeVerdict	dag/gunbc/fleet_show_effective_read.dag	12721	12736
ConvergeVerdict	dag/gunbc/runner_unit_live_read.dag	3249	3264
ConvergeVerdict	dag/gunbc/runner_unit_live_read.dag	3659	3674
ConvergeVerdict	dag/gunbc/runner_unit_live_read.dag	4350	4365
# TYPE	CredentialSource	8
CredentialSource	dag/gunbc/tools/card_intake.dag	66	82
CredentialSource	dag/gunbc/tools/card_intake.dag	178	194
CredentialSource	dag/gunbc/tools/card_intake.dag	290	306
CredentialSource	dag/gunbc/tools/ebay_listing.dag	62	78
CredentialSource	dag/gunbc/tools/ebay_listing.dag	164	180
CredentialSource	dag/gunbc/tools/ebay_listing.dag	270	286
CredentialSource	dag/gunbc/tools/review_codex.dag	537	553
CredentialSource	dag/gunbc/tools/review_codex.dag	622	638
# TYPE	HostConverge	8
HostConverge	dag/gunbc/fleet_converge_cli.dag	2173	2185
HostConverge	dag/gunbc/fleet_converge_cli.dag	2215	2227
HostConverge	dag/gunbc/fleet_converge_cli.dag	5994	6006
HostConverge	dag/gunbc/host_converge_delta.dag	1113	1125
HostConverge	dag/test/claim/fleet_converge_apply_witness_test.dag	154	166
HostConverge	dag/test/claim/host_effect_apply_witness_test.dag	5277	5289
HostConverge	dag/test/claim/srv3_runner_memory_converge_witness_test.dag	327	339
HostConverge	dag/test/claim/srv3_runner_memory_converge_witness_test.dag	472	484
# TYPE	MarkdownDocument	8
MarkdownDocument	dag/test/claim/markdown_markup_xss_witness_test.dag	144	160
MarkdownDocument	dag/test/claim/markdown_markup_xss_witness_test.dag	3867	3883
MarkdownDocument	dag/test/claim/markdown_markup_xss_witness_test.dag	4151	4167
MarkdownDocument	dag/test/claim/markdown_roundtrip_test.dag	136	152
MarkdownDocument	dag/test/claim/markdown_roundtrip_test.dag	4664	4680
MarkdownDocument	dag/test/claim/markdown_source_emit_test.dag	130	146
MarkdownDocument	dag/test/claim/markdown_source_emit_test.dag	3328	3344
MarkdownDocument	dag/test/claim/markdown_source_emit_test.dag	5292	5308
# TYPE	SourceRootRef	8
SourceRootRef	src/v2/std/cross_tree/resolution.dag	93	106
SourceRootRef	src/v2/std/cross_tree/resolution.dag	313	326
SourceRootRef	src/v2/std/cross_tree/resolution.dag	485	498
SourceRootRef	src/v2/std/cross_tree/resolution.dag	1244	1257
SourceRootRef	src/v2/std/cross_tree/resolution.dag	1270	1283
SourceRootRef	src/v2/std/cross_tree/resolution.dag	3327	3340
SourceRootRef	src/v2/std/cross_tree/resolution.dag	3348	3361
SourceRootRef	src/v2/std/cross_tree/resolution.dag	3378	3391
# TYPE	AsymptoticClass	7
AsymptoticClass	src/v2/lens/complexity_lowering.dag	88	103
AsymptoticClass	src/v2/lens/complexity_lowering.dag	113	128
AsymptoticClass	src/v2/lens/complexity_lowering.dag	161	176
AsymptoticClass	src/v2/lens/complexity_lowering.dag	181	196
AsymptoticClass	src/v2/lens/complexity_lowering.dag	905	920
AsymptoticClass	src/v2/lens/complexity_lowering.dag	1013	1028
AsymptoticClass	src/v2/lens/complexity_lowering.dag	1290	1305
# TYPE	DeployAccess	7
DeployAccess	dag/gunbc/host_identity_access.dag	192	204
DeployAccess	dag/gunbc/host_identity_access.dag	499	511
DeployAccess	dag/gunbc/host_identity_access.dag	641	653
DeployAccess	dag/gunbc/host_identity_access.dag	783	795
DeployAccess	dag/gunbc/host_identity_access.dag	3509	3521
DeployAccess	dag/gunbc/host_identity_assimilation.dag	211	223
DeployAccess	dag/gunbc/srv3_host_effect_apply.dag	250	262
# TYPE	FloorOutcome	7
FloorOutcome	dag/gunbc/ci_oom_reclassify.dag	2072	2084
FloorOutcome	dag/gunbc/ci_oom_reclassify.dag	2146	2158
FloorOutcome	dag/test/claim/ci_failure_class_witness_test.dag	432	444
FloorOutcome	dag/test/claim/ci_failure_class_witness_test.dag	584	596
FloorOutcome	dag/test/claim/ci_oom_reclassify_witness_test.dag	141	153
FloorOutcome	dag/test/claim/ci_oom_reclassify_witness_test.dag	283	295
FloorOutcome	dag/test/claim/ci_oom_reclassify_witness_test.dag	502	514
# TYPE	MergeReadinessTally	7
MergeReadinessTally	dag/gunbc/code_change_workflow.dag	1676	1695
MergeReadinessTally	dag/gunbc/code_change_workflow.dag	4865	4884
MergeReadinessTally	dag/test/claim/code_change_workflow_witness_test.dag	2278	2297
MergeReadinessTally	dag/test/claim/code_change_workflow_witness_test.dag	5237	5256
MergeReadinessTally	dag/test/claim/code_change_workflow_witness_test.dag	6173	6192
MergeReadinessTally	dag/test/claim/code_change_workflow_witness_test.dag	6480	6499
MergeReadinessTally	dag/test/claim/code_change_workflow_witness_test.dag	6789	6808
# TYPE	Millisecond	7
Millisecond	dag/gunbc/host_standup_assimilation_deduction.dag	2193	2204
Millisecond	dag/gunbc/host_standup_assimilation_deduction.dag	2287	2298
Millisecond	dag/gunbc/host_standup_assimilation_deduction.dag	5847	5858
Millisecond	dag/gunbc/host_standup_assimilation_deduction.dag	6142	6153
Millisecond	dag/gunbc/host_standup_assimilation_deduction.dag	6352	6363
Millisecond	dag/gunbc/host_standup_assimilation_deduction.dag	6567	6578
Millisecond	dag/test/claim/host_standup_assimilation_deduction_witness_test.dag	146	157
# TYPE	gunbc.fleet_intent.ComputeHost	7
gunbc.fleet_intent.ComputeHost	dag/gunbc/ci_deploy_access.dag	1645	1656
gunbc.fleet_intent.ComputeHost	dag/gunbc/ci_fleet.dag	1280	1291
gunbc.fleet_intent.ComputeHost	dag/gunbc/fleet_intent.dag	10544	10555
gunbc.fleet_intent.ComputeHost	dag/gunbc/fleet_intent.dag	10904	10915
gunbc.fleet_intent.ComputeHost	dag/gunbc/fleet_intent.dag	11264	11275
gunbc.fleet_intent.ComputeHost	dag/gunbc/host_toolchain_ensure.dag	3765	3776
gunbc.fleet_intent.ComputeHost	dag/gunbc/os_install_actuator_selection.dag	10902	10913
# TYPE	std.decl_ref.DeclarationRef	7
std.decl_ref.DeclarationRef	dag/gunbc/auth/secret_ref_credential.dag	563	577
std.decl_ref.DeclarationRef	dag/gunbc/host_toolchain_components.dag	2839	2853
std.decl_ref.DeclarationRef	dag/gunbc/tailscale_acl_phase2_credential.dag	367	381
std.decl_ref.DeclarationRef	dag/gunbc/tailscale_acl_phase2_credential.dag	562	576
std.decl_ref.DeclarationRef	dag/gunbc/tailscale_acl_phase2_credential.dag	774	788
std.decl_ref.DeclarationRef	dag/std/disposition.dag	307	321
std.decl_ref.DeclarationRef	dag/std/serialization.dag	519	533
# TYPE	std.materialization_ladder.Frame	7
std.materialization_ladder.Frame	dag/gunbc/floor_materialization.dag	2185	2217
std.materialization_ladder.Frame	dag/test/claim/materialization_ladder_witness_test.dag	670	702
std.materialization_ladder.Frame	dag/test/claim/materialization_ladder_witness_test.dag	814	846
std.materialization_ladder.Frame	dag/test/claim/materialization_ladder_witness_test.dag	948	980
std.materialization_ladder.Frame	dag/test/claim/materialization_ladder_witness_test.dag	1083	1115
std.materialization_ladder.Frame	dag/test/claim/materialization_ladder_witness_test.dag	1219	1251
std.materialization_ladder.Frame	dag/test/claim/materialization_ladder_witness_test.dag	1377	1409
# TYPE	Argument	6
Argument	dag/gunbc/design_argument.dag	1469	1477
Argument	dag/gunbc/design_argument.dag	3826	3834
Argument	dag/test/claim/design_argument_witness_test.dag	764	772
Argument	dag/test/claim/design_argument_witness_test.dag	1199	1207
Argument	dag/test/claim/design_argument_witness_test.dag	1537	1545
Argument	dag/test/claim/design_argument_witness_test.dag	1939	1947
# TYPE	BmcGroundedHostObservations	6
BmcGroundedHostObservations	dag/extdeps/bmc.dag	245	272
BmcGroundedHostObservations	dag/extdeps/bmc.dag	358	385
BmcGroundedHostObservations	dag/extdeps/bmc.dag	482	509
BmcGroundedHostObservations	dag/extdeps/bmc.dag	595	622
BmcGroundedHostObservations	dag/extdeps/bmc.dag	723	750
BmcGroundedHostObservations	dag/extdeps/bmc/redfish.dag	3495	3522
# TYPE	ConstructionJustification	6
ConstructionJustification	src/v2/lens/complexity_lowering.dag	1595	1620
ConstructionJustification	src/v2/lens/coverage.dag	3066	3091
ConstructionJustification	src/v2/lens/disposition_redundancy.dag	1380	1405
ConstructionJustification	src/v2/lens/inert_lens.dag	747	772
ConstructionJustification	src/v2/lens/registry.dag	18640	18665
ConstructionJustification	src/v2/lens/witness_cost_locality.dag	6450	6475
# TYPE	ConvergeTarget	6
ConvergeTarget	dag/gunbc/fleet_show_effective_read.dag	5516	5530
ConvergeTarget	dag/gunbc/runner_unit_live_read.dag	4329	4343
ConvergeTarget	dag/gunbc/runner_unit_live_read.dag	5071	5085
ConvergeTarget	dag/test/claim/runner_unit_live_read_witness_test.dag	264	278
ConvergeTarget	dag/test/claim/runner_unit_live_read_witness_test.dag	582	596
ConvergeTarget	dag/test/claim/runner_unit_live_read_witness_test.dag	1306	1320
# TYPE	Gate	6
Gate	dag/gunbc/floor_materialization.dag	3415	3419
Gate	dag/gunbc/floor_materialization.dag	5195	5199
Gate	dag/gunbc/floor_materialization.dag	5461	5465
Gate	dag/gunbc/floor_materialization.dag	5786	5790
Gate	dag/gunbc/floor_materialization.dag	5973	5977
Gate	dag/gunbc/floor_materialization.dag	6333	6337
# TYPE	GateRosterHash	6
GateRosterHash	dag/test/claim/merge_admission_actuator_witness_test.dag	373	387
GateRosterHash	dag/test/claim/merge_admission_actuator_witness_test.dag	495	509
GateRosterHash	dag/test/claim/merge_admission_deployed_gate_control_test.dag	403	417
GateRosterHash	dag/test/claim/merge_admission_enforcement_witness_test.dag	376	390
GateRosterHash	dag/test/claim/merge_admission_witness_test.dag	585	599
GateRosterHash	dag/test/claim/merge_admission_witness_test.dag	707	721
# TYPE	JsSitePage	6
JsSitePage	dag/examples/js_site/js_site_emit.dag	587	597
JsSitePage	dag/examples/js_site/js_site_emit.dag	693	703
JsSitePage	dag/examples/js_site/js_site_emit.dag	828	838
JsSitePage	dag/examples/js_site/js_site_emit.dag	990	1000
JsSitePage	dag/examples/js_site/js_site_emit.dag	1287	1297
JsSitePage	dag/test/claim/js_site_emit_test.dag	132	142
# TYPE	JsonValue	6
JsonValue	dag/gunbc/tailscale_acl_emit.dag	95	104
JsonValue	dag/gunbc/tailscale_acl_emit.dag	255	264
JsonValue	dag/gunbc/tailscale_acl_emit.dag	367	376
JsonValue	dag/gunbc/tailscale_acl_emit.dag	652	661
JsonValue	dag/gunbc/tailscale_acl_emit.dag	1006	1015
JsonValue	dag/gunbc/tailscale_acl_emit.dag	1384	1393
# TYPE	LadderVerdict	6
LadderVerdict	dag/gunbc/ci_materialization_gate.dag	2343	2356
LadderVerdict	dag/gunbc/ci_materialization_gate.dag	2825	2838
LadderVerdict	dag/gunbc/ci_materialization_gate.dag	3285	3298
LadderVerdict	dag/gunbc/ci_materialization_gate.dag	4073	4086
LadderVerdict	dag/gunbc/ci_materialization_gate.dag	4857	4870
LadderVerdict	dag/test/claim/materialization_ladder_witness_test.dag	2483	2496
# TYPE	Pep440Version	6
Pep440Version	dag/test/claim/python_pep440_version_witness_test.dag	517	530
Pep440Version	dag/test/claim/python_pep440_version_witness_test.dag	765	778
Pep440Version	dag/test/claim/python_pep440_version_witness_test.dag	1092	1105
Pep440Version	dag/test/claim/python_pep440_version_witness_test.dag	1343	1356
Pep440Version	dag/test/claim/python_pep440_version_witness_test.dag	1610	1623
Pep440Version	dag/test/claim/python_pep440_version_witness_test.dag	1880	1893
# TYPE	Plan	6
Plan	dag/gunbc/plans/branch_merge_admission_model.dag	16446	16450
Plan	dag/gunbc/plans/merge_admission_gate_shape_proposal.dag	3754	3758
Plan	dag/test/claim/plan_lens_witness_test.dag	135	139
Plan	dag/test/claim/plan_lens_witness_test.dag	281	285
Plan	dag/test/claim/plan_lens_witness_test.dag	380	384
Plan	dag/test/claim/plan_lens_witness_test.dag	503	507
# TYPE	PullReview	6
PullReview	dag/gunbc/digest_render.dag	1491	1501
PullReview	dag/gunbc/digest_render.dag	2155	2165
PullReview	dag/gunbc/pr_digests.dag	602	612
PullReview	dag/gunbc/pr_digests.dag	995	1005
PullReview	dag/gunbc/tools/review.dag	775	785
PullReview	dag/gunbc/tools/review_codex.dag	3755	3765
# TYPE	RunnerUnitMemoryLiveRead	6
RunnerUnitMemoryLiveRead	dag/gunbc/fleet_show_effective_read.dag	791	815
RunnerUnitMemoryLiveRead	dag/gunbc/fleet_show_effective_read.dag	2466	2490
RunnerUnitMemoryLiveRead	dag/gunbc/fleet_show_effective_read.dag	4977	5001
RunnerUnitMemoryLiveRead	dag/gunbc/fleet_show_effective_read.dag	5480	5504
RunnerUnitMemoryLiveRead	dag/test/claim/srv3_runner_memory_cap_plan_verify_witness_test.dag	172	196
RunnerUnitMemoryLiveRead	dag/test/claim/srv3_runner_memory_cap_plan_verify_witness_test.dag	695	719
# TYPE	ScheduleWitnessEntry	6
ScheduleWitnessEntry	dag/gunbc/floor_materialization.dag	5218	5238
ScheduleWitnessEntry	dag/gunbc/floor_materialization.dag	5484	5504
ScheduleWitnessEntry	dag/gunbc/floor_materialization.dag	5809	5829
ScheduleWitnessEntry	dag/gunbc/floor_materialization.dag	5996	6016
ScheduleWitnessEntry	dag/gunbc/floor_materialization.dag	6356	6376
ScheduleWitnessEntry	src/v2/lens/enforcement/vocab.dag	526	546
# TYPE	ServiceAccountEmail	6
ServiceAccountEmail	dag/extdeps/cloud/gcp/iam.dag	2471	2490
ServiceAccountEmail	dag/extdeps/cloud/gcp/iam_admin.dag	684	703
ServiceAccountEmail	dag/gunbc/assimilate/bmc_bootstrap_provision.dag	1124	1143
ServiceAccountEmail	dag/gunbc/assimilate/bmc_wif_canary_bootstrap.dag	370	389
ServiceAccountEmail	dag/gunbc/auth/optional_impersonation.dag	118	137
ServiceAccountEmail	dag/gunbc/auth/patterns.dag	891	910
# TYPE	StageResult	6
StageResult	dag/shared/dag_util.dag	59	70
StageResult	dag/shared/dag_util.dag	319	330
StageResult	dag/shared/dag_util.dag	437	448
StageResult	dag/shared/dag_util.dag	918	929
StageResult	dag/shared/dag_util.dag	1048	1059
StageResult	dag/shared/dag_util.dag	1237	1248
# TYPE	extdeps.cache.types.CacheInterfaceCatalogFacts	6
extdeps.cache.types.CacheInterfaceCatalogFacts	dag/extdeps/cache/sccache.dag	19502	19528
extdeps.cache.types.CacheInterfaceCatalogFacts	dag/extdeps/realization/hermetic_fixture.dag	1034	1060
extdeps.cache.types.CacheInterfaceCatalogFacts	dag/extdeps/realization/hermetic_fixture.dag	2437	2463
extdeps.cache.types.CacheInterfaceCatalogFacts	dag/extdeps/realization/reconcile_in_process.dag	955	981
extdeps.cache.types.CacheInterfaceCatalogFacts	dag/extdeps/realization/reconcile_in_process.dag	2211	2237
extdeps.cache.types.CacheInterfaceCatalogFacts	dag/extdeps/realization/resolved_graph.dag	1738	1764
# TYPE	Architecture	5
Architecture	dag/extdeps/cloud/hetzner.dag	1146	1158
Architecture	dag/extdeps/cloud/ubicloud.dag	1914	1926
Architecture	dag/extdeps/container/oci/image_config.dag	595	607
Architecture	dag/extdeps/cpu.dag	471	483
Architecture	dag/extdeps/cpu/types.dag	1014	1026
# TYPE	BmcOnboardingPhase	5
BmcOnboardingPhase	dag/test/claim/bmc_onboarding_lifecycle_witness_test.dag	132	150
BmcOnboardingPhase	dag/test/claim/bmc_onboarding_lifecycle_witness_test.dag	290	308
BmcOnboardingPhase	dag/test/claim/bmc_onboarding_lifecycle_witness_test.dag	2206	2224
BmcOnboardingPhase	dag/test/claim/bmc_onboarding_lifecycle_witness_test.dag	2495	2513
BmcOnboardingPhase	dag/test/claim/bmc_onboarding_lifecycle_witness_test.dag	3572	3590
# TYPE	BmcTelemetrySnapshot	5
BmcTelemetrySnapshot	dag/extdeps/bmc.dag	698	718
BmcTelemetrySnapshot	dag/extdeps/bmc/redfish.dag	2591	2611
BmcTelemetrySnapshot	dag/extdeps/bmc/redfish.dag	3470	3490
BmcTelemetrySnapshot	dag/test/claim/bmc_redfish_grounding_witness_test.dag	943	963
BmcTelemetrySnapshot	dag/test/claim/bmc_redfish_grounding_witness_test.dag	2111	2131
# TYPE	BuildCacheInstance	5
BuildCacheInstance	dag/test/claim/build_cache_endpoint_path_test.dag	740	758
BuildCacheInstance	dag/test/claim/build_cache_ensure_test.dag	722	740
BuildCacheInstance	dag/test/claim/build_cache_ensure_test.dag	793	811
BuildCacheInstance	dag/test/claim/build_cache_placement_observation_test.dag	761	779
BuildCacheInstance	dag/test/claim/runner_activation_wall_test.dag	831	849
# TYPE	Count	5
Count	dag/gunbc/ci_input_envelope.dag	165	170
Count	dag/std/measure.dag	4687	4692
Count	dag/std/measure.dag	4735	4740
Count	dag/std/measure.dag	4778	4783
Count	dag/std/measure.dag	15603	15608
# TYPE	EntryKind	5
EntryKind	dag/extdeps/filesystem/ntfs.dag	363	372
EntryKind	dag/extdeps/filesystem/posix.dag	379	388
EntryKind	dag/test/claim/filesystem_entry_kind_witness_test.dag	135	144
EntryKind	dag/test/claim/filesystem_entry_kind_witness_test.dag	215	224
EntryKind	dag/test/claim/filesystem_entry_kind_witness_test.dag	301	310
# TYPE	Expression	5
Expression	dag/test/claim/gha_expression_roundtrip_test.dag	133	143
Expression	dag/test/claim/gha_expression_roundtrip_test.dag	2779	2789
Expression	dag/test/claim/gha_expression_roundtrip_test.dag	3053	3063
Expression	dag/test/claim/gha_expression_roundtrip_test.dag	3759	3769
Expression	dag/test/claim/gha_expression_roundtrip_test.dag	3849	3859
# TYPE	ExpressionSpellings	5
ExpressionSpellings	dag/test/claim/gha_expression_roundtrip_test.dag	1321	1340
ExpressionSpellings	dag/test/claim/gha_expression_roundtrip_test.dag	1787	1806
ExpressionSpellings	dag/test/claim/gha_expression_roundtrip_test.dag	1916	1935
ExpressionSpellings	dag/test/claim/gha_expression_roundtrip_test.dag	2050	2069
ExpressionSpellings	dag/test/claim/gha_expression_roundtrip_test.dag	2429	2448
# TYPE	IdempotencyEvidence	5
IdempotencyEvidence	dag/gunbc/host_standup.dag	812	831
IdempotencyEvidence	dag/gunbc/host_standup.dag	3505	3524
IdempotencyEvidence	dag/gunbc/host_standup.dag	3877	3896
IdempotencyEvidence	dag/gunbc/host_standup.dag	4445	4464
IdempotencyEvidence	dag/test/claim/host_effect_apply_witness_test.dag	4750	4769
# TYPE	Milliseconds	5
Milliseconds	dag/extdeps/bmc/serial_console.dag	1086	1098
Milliseconds	dag/gunbc/host_standup_assimilation_deduction.dag	2176	2188
Milliseconds	dag/std/fermi.dag	1331	1343
Milliseconds	dag/std/fermi.dag	1817	1829
Milliseconds	dag/test/claim/srv3_os_install_diagnostic_witness_test.dag	332	344
# TYPE	ResidualSlotObservation	5
ResidualSlotObservation	dag/test/claim/host_hygiene_reaper_test.dag	140	163
ResidualSlotObservation	dag/test/claim/host_hygiene_reaper_test.dag	395	418
ResidualSlotObservation	dag/test/claim/host_hygiene_reaper_test.dag	637	660
ResidualSlotObservation	dag/test/claim/host_hygiene_reaper_test.dag	880	903
ResidualSlotObservation	dag/test/claim/host_hygiene_reaper_test.dag	1134	1157
# TYPE	RustManifestObserved	5
RustManifestObserved	dag/gunbc/stage0_rust_honest_frontier_projection.dag	3702	3722
RustManifestObserved	dag/gunbc/stage0_rust_source_lifecycle_scaffold.dag	18080	18100
RustManifestObserved	dag/gunbc/stage0_rust_source_lifecycle_scaffold.dag	18653	18673
RustManifestObserved	dag/gunbc/stage0_rust_source_lifecycle_scaffold.dag	19452	19472
RustManifestObserved	dag/gunbc/stage0_rust_source_lifecycle_scaffold.dag	20204	20224
# TYPE	SecretAccessBinding	5
SecretAccessBinding	dag/gunbc/tailscale_acl_phase2_credential.dag	1586	1605
SecretAccessBinding	dag/gunbc/tailscale_acl_phase2_credential.dag	2205	2224
SecretAccessBinding	dag/gunbc/tailscale_acl_phase2_credential.dag	2429	2448
SecretAccessBinding	dag/gunbc/tailscale_acl_phase2_credential.dag	2675	2694
SecretAccessBinding	dag/test/claim/bmc_token_federation_witness_test.dag	144	163
# TYPE	SemVerVersion	5
SemVerVersion	dag/test/claim/extdeps_version_semver_witness_test.dag	364	377
SemVerVersion	dag/test/claim/extdeps_version_semver_witness_test.dag	509	522
SemVerVersion	dag/test/claim/extdeps_version_semver_witness_test.dag	703	716
SemVerVersion	dag/test/claim/extdeps_version_semver_witness_test.dag	935	948
SemVerVersion	dag/test/claim/extdeps_version_semver_witness_test.dag	1205	1218
# TYPE	SliceMembershipSignal	5
SliceMembershipSignal	dag/test/claim/oomd_install_grounding_witness_test.dag	390	411
SliceMembershipSignal	dag/test/claim/oomd_install_grounding_witness_test.dag	5949	5970
SliceMembershipSignal	dag/test/claim/oomd_install_grounding_witness_test.dag	6080	6101
SliceMembershipSignal	dag/test/claim/oomd_install_grounding_witness_test.dag	6218	6239
SliceMembershipSignal	dag/test/claim/oomd_install_grounding_witness_test.dag	6349	6370
# TYPE	StallBudgetVerdict	5
StallBudgetVerdict	dag/gunbc/host_standup_assimilation_deduction.dag	2848	2866
StallBudgetVerdict	dag/gunbc/host_standup_assimilation_deduction.dag	3413	3431
StallBudgetVerdict	dag/gunbc/host_standup_assimilation_deduction.dag	3965	3983
StallBudgetVerdict	dag/gunbc/host_standup_assimilation_deduction.dag	4283	4301
StallBudgetVerdict	dag/gunbc/host_standup_assimilation_deduction.dag	5357	5375
# TYPE	extdeps.tools.CliTool	5
extdeps.tools.CliTool	dag/extdeps/tools/curl.dag	559	566
extdeps.tools.CliTool	dag/extdeps/tools/gcloud.dag	545	552
extdeps.tools.CliTool	dag/extdeps/tools/nbdkit.dag	523	530
extdeps.tools.CliTool	dag/extdeps/tools/socat.dag	533	540
extdeps.tools.CliTool	dag/extdeps/tools/websocat.dag	866	873
# TYPE	AcceleratorRecognitionOutcome	4
AcceleratorRecognitionOutcome	dag/gunbc/accelerator_demo_recognizer.dag	112	141
AcceleratorRecognitionOutcome	dag/gunbc/accelerator_demo_recognizer.dag	475	504
AcceleratorRecognitionOutcome	dag/gunbc/accelerator_demo_render.dag	2375	2404
AcceleratorRecognitionOutcome	dag/gunbc/accelerator_demo_render.dag	6376	6405
# TYPE	ArtifactId	4
ArtifactId	dag/gunbc/review_verdict.dag	1677	1687
ArtifactId	dag/gunbc/review_verdict.dag	2090	2100
ArtifactId	dag/gunbc/review_verdict.dag	2226	2236
ArtifactId	dag/gunbc/review_verdict.dag	2512	2522
# TYPE	BmcLifecycleState	4
BmcLifecycleState	dag/test/claim/bmc_onboarding_lifecycle_witness_test.dag	3595	3612
BmcLifecycleState	dag/test/claim/bmc_onboarding_lifecycle_witness_test.dag	4256	4273
BmcLifecycleState	dag/test/claim/bmc_onboarding_lifecycle_witness_test.dag	4278	4295
BmcLifecycleState	dag/test/claim/bmc_onboarding_lifecycle_witness_test.dag	4626	4643
# TYPE	CatalogKeyDerivationFacts	4
CatalogKeyDerivationFacts	dag/test/claim/cache_key_completeness_test.dag	880	905
CatalogKeyDerivationFacts	dag/test/claim/cache_key_completeness_test.dag	1243	1268
CatalogKeyDerivationFacts	dag/test/claim/cache_key_completeness_test.dag	1585	1610
CatalogKeyDerivationFacts	dag/test/claim/cache_key_completeness_test.dag	1929	1954
# TYPE	CpuL3CacheGeometry	4
CpuL3CacheGeometry	dag/extdeps/cpu/amd.dag	1724	1742
CpuL3CacheGeometry	dag/extdeps/cpu/amd.dag	2746	2764
CpuL3CacheGeometry	dag/extdeps/cpu/ampere.dag	2904	2922
CpuL3CacheGeometry	dag/extdeps/cpu/ampere.dag	3397	3415
# TYPE	DescentEvidence	4
DescentEvidence	dag/test/claim/descent_evidence_lattice_witness_test.dag	134	149
DescentEvidence	dag/test/claim/descent_evidence_lattice_witness_test.dag	154	169
DescentEvidence	dag/test/claim/descent_evidence_lattice_witness_test.dag	264	279
DescentEvidence	dag/test/claim/descent_evidence_lattice_witness_test.dag	284	299
# TYPE	ElfClass	4
ElfClass	dag/extdeps/formats/elf/encode.dag	1155	1163
ElfClass	dag/extdeps/formats/elf/types.dag	298	306
ElfClass	dag/extdeps/formats/elf/types.dag	800	808
ElfClass	dag/extdeps/formats/elf/types.dag	2363	2371
# TYPE	EntryPoint	4
EntryPoint	dag/extdeps/boot/freestanding_payload.dag	307	317
EntryPoint	dag/extdeps/boot/freestanding_payload.dag	370	380
EntryPoint	dag/extdeps/boot/freestanding_payload.dag	436	446
EntryPoint	dag/extdeps/formats/elf/types.dag	6818	6828
# TYPE	FloorFailureClass	4
FloorFailureClass	dag/gunbc/ci_oom_reclassify.dag	1673	1690
FloorFailureClass	dag/gunbc/ci_oom_reclassify.dag	1752	1769
FloorFailureClass	dag/test/claim/ci_failure_class_witness_test.dag	136	153
FloorFailureClass	dag/test/claim/ci_failure_class_witness_test.dag	283	300
# TYPE	GpuModelCatalogRow	4
GpuModelCatalogRow	dag/gunbc/accelerator_demo_gpu.dag	329	347
GpuModelCatalogRow	dag/gunbc/accelerator_demo_gpu.dag	518	536
GpuModelCatalogRow	dag/gunbc/accelerator_demo_gpu.dag	2109	2127
GpuModelCatalogRow	dag/gunbc/accelerator_demo_gpu.dag	2581	2599
# TYPE	HardwareAxes	4
HardwareAxes	dag/test/claim/hardware_selection_witness_test.dag	3879	3891
HardwareAxes	dag/test/claim/hardware_selection_witness_test.dag	3968	3980
HardwareAxes	dag/test/claim/hardware_selection_witness_test.dag	4057	4069
HardwareAxes	dag/test/claim/hardware_selection_witness_test.dag	4149	4161
# TYPE	HeldLease	4
HeldLease	dag/test/claim/temporal_effect_spine_witness_test.dag	828	837
HeldLease	dag/test/claim/temporal_effect_spine_witness_test.dag	1121	1130
HeldLease	dag/test/claim/temporal_effect_spine_witness_test.dag	1419	1428
HeldLease	dag/test/claim/temporal_effect_spine_witness_test.dag	1718	1727
# TYPE	HostIdentityObservation	4
HostIdentityObservation	dag/gunbc/deployed_intent_v0.dag	127	150
HostIdentityObservation	dag/gunbc/deployed_intent_v0.dag	1175	1198
HostIdentityObservation	dag/gunbc/host_identity_adopt.dag	2161	2184
HostIdentityObservation	dag/gunbc/host_identity_assimilation.dag	4157	4180
# TYPE	MarkdownSpellings	4
MarkdownSpellings	dag/test/claim/markdown_roundtrip_test.dag	1625	1642
MarkdownSpellings	dag/test/claim/markdown_roundtrip_test.dag	3164	3181
MarkdownSpellings	dag/test/claim/markdown_roundtrip_test.dag	3313	3330
MarkdownSpellings	dag/test/claim/markdown_source_emit_test.dag	3737	3754
# TYPE	MemoryConfig	4
MemoryConfig	dag/test/claim/hardware_selection_witness_test.dag	1596	1608
MemoryConfig	dag/test/claim/hardware_selection_witness_test.dag	1819	1831
MemoryConfig	dag/test/claim/hardware_selection_witness_test.dag	2042	2054
MemoryConfig	dag/test/claim/hardware_selection_witness_test.dag	3734	3746
# TYPE	Micro	4
Micro	dag/std/measure.dag	7178	7183
Micro	dag/std/measure.dag	11672	11677
Micro	dag/test/claim/measure_magnitude_carrier_test.dag	366	371
Micro	dag/test/claim/measure_magnitude_carrier_test.dag	463	468
# TYPE	Milli	4
Milli	dag/product/hardware_selection.dag	68	73
Milli	dag/std/measure.dag	4785	4790
Milli	dag/std/measure.dag	11860	11865
Milli	dag/test/claim/realization_scale_agnostic_test.dag	163	168
# TYPE	OciDescriptor	4
OciDescriptor	dag/extdeps/container/oci/manifest.dag	310	323
OciDescriptor	dag/extdeps/container/oci/manifest.dag	339	352
OciDescriptor	dag/extdeps/container/oci/manifest.dag	1825	1838
OciDescriptor	dag/extdeps/container/oci/manifest.dag	1856	1869
# TYPE	Pep440ReleaseSegments	4
Pep440ReleaseSegments	dag/test/claim/python_pep440_version_witness_test.dag	138	159
Pep440ReleaseSegments	dag/test/claim/python_pep440_version_witness_test.dag	232	253
Pep440ReleaseSegments	dag/test/claim/python_pep440_version_witness_test.dag	327	348
Pep440ReleaseSegments	dag/test/claim/python_pep440_version_witness_test.dag	422	443
# TYPE	Percent	4
Percent	dag/extdeps/git/git.dag	1848	1855
Percent	dag/extdeps/git/git.dag	1967	1974
Percent	dag/gunbc/fleet_show_effective_read.dag	688	695
Percent	dag/gunbc/fleet_show_effective_read.dag	11825	11832
# TYPE	Placement	4
Placement	dag/gunbc/accelerator_demo_plan.dag	890	899
Placement	dag/gunbc/accelerator_demo_plan.dag	1034	1043
Placement	dag/gunbc/accelerator_demo_render.dag	736	745
Placement	dag/gunbc/accelerator_demo_render.dag	1833	1842
# TYPE	ProcessIdentity	4
ProcessIdentity	dag/test/claim/build_cache_endpoint_path_test.dag	955	970
ProcessIdentity	dag/test/claim/build_cache_ensure_test.dag	1094	1109
ProcessIdentity	dag/test/claim/build_cache_placement_observation_test.dag	841	856
ProcessIdentity	dag/test/claim/runner_activation_wall_test.dag	909	924
# TYPE	PullRequestState	4
PullRequestState	dag/gunbc/digest_render.dag	119	135
PullRequestState	dag/gunbc/digest_render.dag	1127	1143
PullRequestState	dag/test/claim/code_change_workflow_witness_test.dag	540	556
PullRequestState	dag/test/claim/code_change_workflow_witness_test.dag	1262	1278
# TYPE	ReduceVerdict	4
ReduceVerdict	dag/gunbc/idea_pr_spine.dag	275	288
ReduceVerdict	dag/gunbc/idea_pr_spine.dag	618	631
ReduceVerdict	dag/gunbc/idea_pr_spine.dag	1163	1176
ReduceVerdict	dag/gunbc/idea_pr_spine.dag	1426	1439
# TYPE	StreamDisposition	4
StreamDisposition	dag/test/claim/output_policy_witness_test.dag	3980	3997
StreamDisposition	dag/test/claim/output_policy_witness_test.dag	4265	4282
StreamDisposition	dag/test/claim/output_policy_witness_test.dag	4429	4446
StreamDisposition	dag/test/claim/output_policy_witness_test.dag	9932	9949
# TYPE	TerminalEnvironment	4
TerminalEnvironment	dag/test/claim/terminal_capability_witness_test.dag	140	159
TerminalEnvironment	dag/test/claim/terminal_capability_witness_test.dag	261	280
TerminalEnvironment	dag/test/claim/terminal_capability_witness_test.dag	386	405
TerminalEnvironment	dag/test/claim/terminal_capability_witness_test.dag	514	533
# TYPE	TsProgram	4
TsProgram	dag/test/claim/typescript_program_serializer_test.dag	149	158
TsProgram	dag/test/claim/typescript_program_serializer_test.dag	458	467
TsProgram	dag/test/claim/typescript_program_serializer_test.dag	3457	3466
TsProgram	dag/test/claim/typescript_program_serializer_test.dag	3632	3641
# TYPE	ValueMaterialization	4
ValueMaterialization	dag/gunbc/floor_materialization.dag	6022	6042
ValueMaterialization	dag/gunbc/floor_materialization.dag	6382	6402
ValueMaterialization	dag/gunbc/floor_materialization.dag	11612	11632
ValueMaterialization	dag/gunbc/floor_materialization.dag	11898	11918
# TYPE	Verbosity	4
Verbosity	dag/test/claim/output_policy_witness_test.dag	317	326
Verbosity	dag/test/claim/output_policy_witness_test.dag	408	417
Verbosity	dag/test/claim/output_policy_witness_test.dag	498	507
Verbosity	dag/test/claim/output_policy_witness_test.dag	4197	4206
# TYPE	VerdictTree	4
VerdictTree	dag/test/claim/workflow_recursive_witness_test.dag	163	174
VerdictTree	dag/test/claim/workflow_recursive_witness_test.dag	293	304
VerdictTree	dag/test/claim/workflow_recursive_witness_test.dag	717	728
VerdictTree	dag/test/claim/workflow_recursive_witness_test.dag	1052	1063
# TYPE	extdeps.ssh.SshPublicKey	4
extdeps.ssh.SshPublicKey	dag/gunbc/fleet_ssh_access.dag	522	534
extdeps.ssh.SshPublicKey	dag/gunbc/fleet_ssh_access.dag	717	729
extdeps.ssh.SshPublicKey	dag/gunbc/host_authorized_keys_reconcile.dag	5436	5448
extdeps.ssh.SshPublicKey	dag/gunbc/host_authorized_keys_reconcile.dag	5643	5655
# TYPE	gunbc.ci_deploy_access.DeployAccess	4
gunbc.ci_deploy_access.DeployAccess	dag/gunbc/ci_deploy_access.dag	6570	6582
gunbc.ci_deploy_access.DeployAccess	dag/gunbc/ci_deploy_access.dag	7001	7013
gunbc.ci_deploy_access.DeployAccess	dag/gunbc/host_identity_access.dag	499	511
gunbc.ci_deploy_access.DeployAccess	dag/gunbc/host_toolchain_ensure.dag	3788	3800
# TYPE	product.network_topology.NetworkEndpoint	4
product.network_topology.NetworkEndpoint	dag/gunbc/fleet_intent_network.dag	2530	2545
product.network_topology.NetworkEndpoint	dag/gunbc/fleet_intent_network.dag	2955	2970
product.network_topology.NetworkEndpoint	dag/gunbc/fleet_intent_network.dag	3351	3366
product.network_topology.NetworkEndpoint	dag/gunbc/fleet_intent_network.dag	5681	5696
# TYPE	std.cache_interface.CacheInterfaceFacts	4
std.cache_interface.CacheInterfaceFacts	dag/extdeps/cache.dag	1957	1976
std.cache_interface.CacheInterfaceFacts	dag/extdeps/cache.dag	5713	5732
std.cache_interface.CacheInterfaceFacts	dag/extdeps/cache.dag	5818	5837
std.cache_interface.CacheInterfaceFacts	dag/extdeps/cache.dag	5926	5945
# TYPE	std.credentials.FactoryLogin	4
std.credentials.FactoryLogin	dag/extdeps/bmc/openbmc.dag	217	229
std.credentials.FactoryLogin	dag/gunbc/bmc_onboarding.dag	6061	6073
std.credentials.FactoryLogin	dag/gunbc/srv3_bmc_credential_resolve.dag	995	1007
std.credentials.FactoryLogin	dag/gunbc/srv3_bmc_credential_resolve.dag	1133	1145
# TYPE	std.languages.ConfigFormat	4
std.languages.ConfigFormat	dag/std/languages.dag	30257	30269
std.languages.ConfigFormat	dag/std/languages.dag	30572	30584
std.languages.ConfigFormat	dag/std/languages.dag	30884	30896
std.languages.ConfigFormat	dag/std/languages.dag	31216	31228
# TYPE	v2.std.lens_verdict.LensVerdict	4
v2.std.lens_verdict.LensVerdict	dag/test/claim/crosstree_probe_test.dag	220	251
v2.std.lens_verdict.LensVerdict	dag/test/claim/lens_verdict_witness_test.dag	201	232
v2.std.lens_verdict.LensVerdict	dag/test/claim/lens_verdict_witness_test.dag	398	429
v2.std.lens_verdict.LensVerdict	dag/test/claim/lens_verdict_witness_test.dag	592	623
# TYPE	v2.std.live_tree.LiveTreeDisposition	4
v2.std.live_tree.LiveTreeDisposition	dag/test/claim/accelerator_demo_execution_witness_test.dag	83	119
v2.std.live_tree.LiveTreeDisposition	dag/test/claim/accelerator_demo_gpu_witness_test.dag	77	113
v2.std.live_tree.LiveTreeDisposition	dag/test/claim/accelerator_demo_model_witness_test.dag	79	115
v2.std.live_tree.LiveTreeDisposition	dag/test/claim/access_layer_extension_witness_test.dag	79	115
# TYPE	BmcFirmwareFamily	3
BmcFirmwareFamily	dag/extdeps/bmc/openbmc.dag	591	608
BmcFirmwareFamily	dag/extdeps/bmc/openbmc.dag	733	750
BmcFirmwareFamily	dag/extdeps/bmc/openbmc.dag	890	907
# TYPE	BmcProtocol	3
BmcProtocol	dag/extdeps/bmc/openbmc.dag	342	353
BmcProtocol	dag/extdeps/bmc/openbmc.dag	760	771
BmcProtocol	dag/test/claim/bmc_factory_credential_witness_test.dag	435	446
# TYPE	BudgetClaim	3
BudgetClaim	dag/gunbc/ci_budget_tree.dag	1893	1904
BudgetClaim	dag/test/claim/budget_tree_witness_test.dag	176	187
BudgetClaim	dag/test/claim/budget_tree_witness_test.dag	426	437
# TYPE	BudgetReconciliation	3
BudgetReconciliation	dag/test/claim/budget_tree_witness_test.dag	1059	1079
BudgetReconciliation	dag/test/claim/budget_tree_witness_test.dag	1174	1194
BudgetReconciliation	dag/test/claim/budget_tree_witness_test.dag	1305	1325
# TYPE	BuildCacheEndpointObservation	3
BuildCacheEndpointObservation	dag/test/claim/build_cache_placement_observation_test.dag	1070	1099
BuildCacheEndpointObservation	dag/test/claim/build_cache_placement_observation_test.dag	1459	1488
BuildCacheEndpointObservation	dag/test/claim/build_cache_placement_observation_test.dag	1767	1796
# TYPE	Celsius	3
Celsius	dag/extdeps/cpu/types.dag	764	771
Celsius	dag/extdeps/cpu/types.dag	804	811
Celsius	dag/extdeps/cpu/types.dag	844	851
# TYPE	ContainerExposedPort	3
ContainerExposedPort	dag/extdeps/container/oci/image_config.dag	455	475
ContainerExposedPort	dag/extdeps/container/oci/image_config.dag	1567	1587
ContainerExposedPort	dag/extdeps/container/oci/image_config.dag	1853	1873
# TYPE	ConvergeDirective	3
ConvergeDirective	dag/test/claim/host_effect_apply_witness_test.dag	294	311
ConvergeDirective	dag/test/claim/host_effect_apply_witness_test.dag	445	462
ConvergeDirective	dag/test/claim/host_effect_apply_witness_test.dag	596	613
# TYPE	CpuCandidate	3
CpuCandidate	dag/test/claim/hardware_selection_witness_test.dag	2929	2941
CpuCandidate	dag/test/claim/hardware_selection_witness_test.dag	3103	3115
CpuCandidate	dag/test/claim/hardware_selection_witness_test.dag	3715	3727
# TYPE	CpuL1CacheGeometry	3
CpuL1CacheGeometry	dag/extdeps/cpu/amd.dag	1022	1040
CpuL1CacheGeometry	dag/extdeps/cpu/amd.dag	2029	2047
CpuL1CacheGeometry	dag/extdeps/cpu/ampere.dag	1580	1598
# TYPE	CpuL2CacheGeometry	3
CpuL2CacheGeometry	dag/extdeps/cpu/amd.dag	1403	1421
CpuL2CacheGeometry	dag/extdeps/cpu/amd.dag	2417	2435
CpuL2CacheGeometry	dag/extdeps/cpu/ampere.dag	2343	2361
# TYPE	CurrencyCode	3
CurrencyCode	dag/examples/cost_estimate/cost_estimate.dag	111	123
CurrencyCode	dag/extdeps/cloud/hetzner.dag	1081	1093
CurrencyCode	dag/gunbc/tools/ebay_listing.dag	523	535
# TYPE	DeployTargetHostObservation	3
DeployTargetHostObservation	dag/test/claim/deploy_mutation_gate_witness_test.dag	221	248
DeployTargetHostObservation	dag/test/claim/deploy_mutation_gate_witness_test.dag	402	429
DeployTargetHostObservation	dag/test/claim/grounded_principal_witness_test.dag	3693	3720
# TYPE	DeployedIntentV0	3
DeployedIntentV0	dag/gunbc/host_identity_adopt.dag	245	261
DeployedIntentV0	dag/gunbc/host_identity_assimilation.dag	242	258
DeployedIntentV0	dag/gunbc/host_identity_assimilation.dag	1260	1276
# TYPE	DeployedIntentV1	3
DeployedIntentV1	dag/gunbc/host_identity_assimilation.dag	270	286
DeployedIntentV1	dag/gunbc/host_identity_assimilation.dag	2825	2841
DeployedIntentV1	dag/gunbc/host_identity_assimilation.dag	4119	4135
# TYPE	DriftVerdict	3
DriftVerdict	dag/test/claim/roadmap_status_test.dag	1089	1101
DriftVerdict	dag/test/claim/roadmap_status_test.dag	1198	1210
DriftVerdict	dag/test/claim/roadmap_status_test.dag	1313	1325
# TYPE	ElfDataEncoding	3
ElfDataEncoding	dag/extdeps/formats/elf/encode.dag	1319	1334
ElfDataEncoding	dag/extdeps/formats/elf/types.dag	315	330
ElfDataEncoding	dag/extdeps/formats/elf/types.dag	2695	2710
# TYPE	ElfFileType	3
ElfFileType	dag/extdeps/formats/elf/encode.dag	1501	1512
ElfFileType	dag/extdeps/formats/elf/types.dag	428	439
ElfFileType	dag/extdeps/formats/elf/types.dag	3035	3046
# TYPE	ElfMachine	3
ElfMachine	dag/extdeps/formats/elf/encode.dag	1687	1697
ElfMachine	dag/extdeps/formats/elf/types.dag	451	461
ElfMachine	dag/extdeps/formats/elf/types.dag	3457	3467
# TYPE	ElfSegmentType	3
ElfSegmentType	dag/extdeps/formats/elf/encode.dag	1822	1836
ElfSegmentType	dag/extdeps/formats/elf/segments.dag	261	275
ElfSegmentType	dag/extdeps/formats/elf/segments.dag	429	443
# TYPE	EndpointPathState	3
EndpointPathState	dag/test/claim/build_cache_endpoint_path_test.dag	1150	1167
EndpointPathState	dag/test/claim/build_cache_endpoint_path_test.dag	1397	1414
EndpointPathState	dag/test/claim/build_cache_ensure_test.dag	5958	5975
# TYPE	FactoryLogin	3
FactoryLogin	dag/extdeps/bmc/openbmc.dag	217	229
FactoryLogin	dag/extdeps/bmc/openbmc.dag	613	625
FactoryLogin	dag/test/claim/bmc_factory_credential_witness_test.dag	314	326
# TYPE	GcpBinding	3
GcpBinding	dag/extdeps/cloud/gcp/secret_manager.dag	2949	2959
GcpBinding	dag/gunbc/assimilate/bmc_bootstrap_provision.dag	338	348
GcpBinding	dag/test/claim/bmc_bootstrap_provision_witness_test.dag	281	291
# TYPE	GcpOAuth2AccessTokenStrategy	3
GcpOAuth2AccessTokenStrategy	dag/gunbc/auth/credentials.dag	1117	1145
GcpOAuth2AccessTokenStrategy	dag/gunbc/tailscale_acl_phase2_credential.dag	251	279
GcpOAuth2AccessTokenStrategy	dag/test/claim/gcp_oauth_access_token_witness.dag	1408	1436
# TYPE	Hertz	3
Hertz	dag/extdeps/cpu.dag	571	576
Hertz	dag/extdeps/cpu/types.dag	1106	1111
Hertz	dag/extdeps/cpu/types.dag	1449	1454
# TYPE	InfraSignature	3
InfraSignature	dag/test/claim/ci_failure_class_witness_test.dag	1096	1110
InfraSignature	dag/test/claim/ci_failure_class_witness_test.dag	1203	1217
InfraSignature	dag/test/claim/ci_failure_class_witness_test.dag	1228	1242
# TYPE	JsSitePageId	3
JsSitePageId	dag/examples/js_site/js_site_emit.dag	137	149
JsSitePageId	dag/examples/js_site/js_site_emit.dag	280	292
JsSitePageId	dag/examples/js_site/js_site_emit.dag	437	449
# TYPE	LayoutProtocol	3
LayoutProtocol	dag/test/claim/config_record_emit_test.dag	134	148
LayoutProtocol	dag/test/claim/layout_render_witness_test.dag	129	143
LayoutProtocol	dag/test/claim/layout_render_witness_test.dag	198	212
# TYPE	MemoryLevel	3
MemoryLevel	dag/extdeps/cpu/machine_shape.dag	462	473
MemoryLevel	dag/extdeps/cpu/machine_shape.dag	743	754
MemoryLevel	dag/extdeps/cpu/machine_shape.dag	1019	1030
# TYPE	ObservationCurrency	3
ObservationCurrency	dag/test/claim/build_cache_endpoint_path_test.dag	814	833
ObservationCurrency	dag/test/claim/build_cache_endpoint_path_test.dag	1179	1198
ObservationCurrency	dag/test/claim/build_cache_ensure_test.dag	944	963
# TYPE	OomKillObservation	3
OomKillObservation	dag/test/claim/ci_oom_reclassify_witness_test.dag	722	740
OomKillObservation	dag/test/claim/ci_oom_reclassify_witness_test.dag	910	928
OomKillObservation	dag/test/claim/ci_oom_reclassify_witness_test.dag	1086	1104
# TYPE	OperatingSystemSurface	3
OperatingSystemSurface	dag/std/os.dag	89	111
OperatingSystemSurface	dag/std/os.dag	415	437
OperatingSystemSurface	dag/std/os.dag	788	810
# TYPE	PathTemplate	3
PathTemplate	dag/extdeps/bmc/webui/nbd_proxy.dag	3711	3723
PathTemplate	dag/extdeps/bmc/webui/nbd_proxy.dag	3873	3885
PathTemplate	dag/extdeps/bmc/webui/nbd_proxy.dag	4143	4155
# TYPE	PhaseDisposition	3
PhaseDisposition	dag/test/claim/host_phase_status_witness_test.dag	136	152
PhaseDisposition	dag/test/claim/host_phase_status_witness_test.dag	375	391
PhaseDisposition	dag/test/claim/host_phase_status_witness_test.dag	667	683
# TYPE	Proposition	3
Proposition	dag/gunbc/design_argument.dag	621	632
Proposition	dag/gunbc/design_argument.dag	1611	1622
Proposition	dag/gunbc/design_argument.dag	3714	3725
# TYPE	RedfishSystemInventory	3
RedfishSystemInventory	dag/extdeps/bmc/redfish.dag	1019	1041
RedfishSystemInventory	dag/extdeps/bmc/redfish.dag	3873	3895
RedfishSystemInventory	dag/test/claim/bmc_redfish_grounding_witness_test.dag	147	169
# TYPE	ReviewState	3
ReviewState	dag/gunbc/digest_render.dag	1252	1263
ReviewState	dag/gunbc/review_verdict.dag	851	862
ReviewState	dag/gunbc/review_verdict.dag	1290	1301
# TYPE	SerializationKnobs	3
SerializationKnobs	dag/test/claim/config_record_emit_test.dag	210	228
SerializationKnobs	dag/test/claim/config_record_emit_test.dag	439	457
SerializationKnobs	dag/test/claim/config_record_emit_test.dag	610	628
# TYPE	SlotListeningObservation	3
SlotListeningObservation	dag/test/claim/host_hygiene_liveness_test.dag	192	216
SlotListeningObservation	dag/test/claim/host_hygiene_liveness_test.dag	349	373
SlotListeningObservation	dag/test/claim/host_hygiene_liveness_test.dag	513	537
# TYPE	SshPublicKey	3
SshPublicKey	dag/test/claim/srv3_subsumption_witness_test.dag	4045	4057
SshPublicKey	dag/test/claim/srv3_subsumption_witness_test.dag	4171	4183
SshPublicKey	dag/test/claim/srv3_subsumption_witness_test.dag	5906	5918
# TYPE	ValueUsage	3
ValueUsage	dag/gunbc/floor_materialization.dag	5510	5520
ValueUsage	dag/gunbc/floor_materialization.dag	11264	11274
ValueUsage	dag/test/claim/materialization_ladder_witness_test.dag	2382	2392
# TYPE	extdeps.github.actions.Job	3
extdeps.github.actions.Job	dag/extdeps/github/actions.dag	2514	2517
extdeps.github.actions.Job	dag/gunbc/assimilate/bmc_token_federation.dag	6349	6352
extdeps.github.actions.Job	dag/gunbc/gha_yaml_fold_pilot.dag	60	86
# TYPE	extdeps.http.server.HttpServerRoute	3
extdeps.http.server.HttpServerRoute	dag/extdeps/http/server.dag	6074	6089
extdeps.http.server.HttpServerRoute	dag/gunbc/gunbhub_serve.dag	7355	7370
extdeps.http.server.HttpServerRoute	dag/gunbc/gunbhub_serve.dag	7681	7696
# TYPE	extdeps.memory.types.JedecDdrGenerationCatalogRow	3
extdeps.memory.types.JedecDdrGenerationCatalogRow	dag/extdeps/memory/jedec.dag	598	626
extdeps.memory.types.JedecDdrGenerationCatalogRow	dag/extdeps/memory/jedec.dag	819	847
extdeps.memory.types.JedecDdrGenerationCatalogRow	dag/extdeps/memory/jedec.dag	1296	1324
# TYPE	gunbc.host_converge.ConvergeKnob	3
gunbc.host_converge.ConvergeKnob	dag/gunbc/host_converge.dag	7202	7214
gunbc.host_converge.ConvergeKnob	dag/gunbc/host_converge_delta.dag	1672	1684
gunbc.host_converge.ConvergeKnob	dag/gunbc/host_converge_delta.dag	3161	3173
# TYPE	gunbc.runner_slot_allocation.RunnerSlotDesired	3
gunbc.runner_slot_allocation.RunnerSlotDesired	dag/gunbc/ci_runner_target.dag	1945	1962
gunbc.runner_slot_allocation.RunnerSlotDesired	dag/gunbc/runner_slot_allocation.dag	982	999
gunbc.runner_slot_allocation.RunnerSlotDesired	dag/gunbc/runner_slot_allocation.dag	3049	3066
# TYPE	std.serialization.CoproductWireContract	3
std.serialization.CoproductWireContract	dag/extdeps/github/pulls_contracts.dag	492	513
std.serialization.CoproductWireContract	dag/extdeps/github/pulls_contracts.dag	727	748
std.serialization.CoproductWireContract	dag/extdeps/llm/anthropic_contracts.dag	743	764
# TYPE	AcceleratorRefusalReason	2
AcceleratorRefusalReason	dag/gunbc/accelerator_demo_realize.dag	191	215
AcceleratorRefusalReason	dag/gunbc/accelerator_demo_render.dag	1456	1480
# TYPE	AccessToken	2
AccessToken	dag/gunbc/auth/patterns.dag	725	736
AccessToken	dag/gunbc/auth/patterns.dag	1127	1138
# TYPE	AdmissionPolicy	2
AdmissionPolicy	dag/test/claim/merge_admission_witness_test.dag	1121	1136
AdmissionPolicy	dag/test/claim/merge_admission_witness_test.dag	1366	1381
# TYPE	AnthropicChatMessage	2
AnthropicChatMessage	dag/gunbc/tools/grounding_confirm.dag	2264	2284
AnthropicChatMessage	dag/gunbc/tools/review.dag	376	396
# TYPE	AuthScheme	2
AuthScheme	dag/extdeps/cloud/cloud.dag	1260	1270
AuthScheme	dag/gunbc/auth/patterns.dag	639	649
# TYPE	AxisComparison	2
AxisComparison	dag/product/hardware_selection.dag	4977	4991
AxisComparison	dag/test/claim/pareto_dominance_witness_test.dag	181	195
# TYPE	Bandwidth	2
Bandwidth	dag/product/hardware_selection.dag	316	325
Bandwidth	dag/product/hardware_selection.dag	1726	1735
# TYPE	BmcCredentialPosture	2
BmcCredentialPosture	dag/test/claim/bmc_onboarding_lifecycle_witness_test.dag	668	688
BmcCredentialPosture	dag/test/claim/bmc_onboarding_lifecycle_witness_test.dag	825	845
# TYPE	BmcCredentialProbeResult	2
BmcCredentialProbeResult	dag/gunbc/host_standup.dag	25112	25136
BmcCredentialProbeResult	dag/gunbc/host_standup.dag	25361	25385
# TYPE	BmcCredentialResolution	2
BmcCredentialResolution	dag/gunbc/srv3_os_install_actuate.dag	1258	1281
BmcCredentialResolution	dag/gunbc/srv3_os_install_actuate.dag	2284	2307
# TYPE	BudgetChild	2
BudgetChild	dag/gunbc/ci_budget_tree.dag	3531	3542
BudgetChild	dag/gunbc/ci_budget_tree.dag	3670	3681
# TYPE	BuildCacheDaemonObservation	2
BuildCacheDaemonObservation	dag/test/claim/host_build_cache_provision_design_witness_test.dag	6051	6078
BuildCacheDaemonObservation	dag/test/claim/host_build_cache_provision_design_witness_test.dag	10166	10193
# TYPE	BuildCacheInstanceReady	2
BuildCacheInstanceReady	dag/test/claim/runner_activation_wall_test.dag	1146	1169
BuildCacheInstanceReady	dag/test/claim/runner_activation_wall_test.dag	1915	1938
# TYPE	BuildCacheServerPlacement	2
BuildCacheServerPlacement	dag/test/claim/build_cache_ensure_test.dag	5925	5950
BuildCacheServerPlacement	dag/test/claim/build_cache_placement_observation_test.dag	3535	3560
# TYPE	CacheDeploymentBackends	2
CacheDeploymentBackends	dag/test/claim/cache_layer_planner_test.dag	347	370
CacheDeploymentBackends	dag/test/claim/cache_layer_planner_test.dag	544	567
# TYPE	CheckRun	2
CheckRun	dag/test/claim/github_checks_witness_test.dag	277	285
CheckRun	dag/test/claim/github_checks_witness_test.dag	594	602
# TYPE	CodeChangeFacts	2
CodeChangeFacts	dag/test/claim/code_change_workflow_witness_test.dag	1642	1657
CodeChangeFacts	dag/test/claim/code_change_workflow_witness_test.dag	1976	1991
# TYPE	CompilePoolObservation	2
CompilePoolObservation	dag/test/claim/host_compile_pool_test.dag	608	630
CompilePoolObservation	dag/test/claim/host_compile_pool_test.dag	1037	1059
# TYPE	CompilePoolResolution	2
CompilePoolResolution	dag/test/claim/host_compile_pool_test.dag	864	885
CompilePoolResolution	dag/test/claim/host_compile_pool_test.dag	1002	1023
# TYPE	ContainerPortProtocol	2
ContainerPortProtocol	dag/extdeps/container/oci/image_config.dag	1905	1926
ContainerPortProtocol	dag/extdeps/container/oci/image_config.dag	2092	2113
# TYPE	ConvergeKnobKey	2
ConvergeKnobKey	dag/test/claim/host_converge_delta_witness_test.dag	1894	1909
ConvergeKnobKey	dag/test/claim/host_converge_delta_witness_test.dag	2012	2027
# TYPE	CostAccount	2
CostAccount	dag/test/claim/cache_layer_planner_test.dag	132	143
CostAccount	dag/test/claim/cache_layer_planner_test.dag	240	251
# TYPE	Cr1000aDhcpLeaseRow	2
Cr1000aDhcpLeaseRow	dag/test/claim/cr1000a_dhcp_lease_naming_witness_test.dag	294	313
Cr1000aDhcpLeaseRow	dag/test/claim/cr1000a_dhcp_lease_naming_witness_test.dag	723	742
# TYPE	Cr1000aDhcpLeaseTable	2
Cr1000aDhcpLeaseTable	dag/gunbc/host_standup_assimilation_deduction.dag	670	691
Cr1000aDhcpLeaseTable	dag/test/claim/srv3_os_install_diagnostic_witness_test.dag	399	420
# TYPE	CronSchedule	2
CronSchedule	dag/gunbc/tools/review.dag	163	175
CronSchedule	dag/gunbc/tools/review_codex.dag	207	219
# TYPE	CursorAction	2
CursorAction	dag/test/claim/terminal_capability_witness_test.dag	1578	1590
CursorAction	dag/test/claim/terminal_capability_witness_test.dag	1672	1684
# TYPE	DeclField	2
DeclField	src/v2/lens/disposition_redundancy.dag	61	70
DeclField	src/v2/lens/disposition_redundancy.dag	75	84
# TYPE	Dimensionless	2
Dimensionless	dag/std/measure.dag	13648	13661
Dimensionless	dag/std/measure.dag	14773	14786
# TYPE	Doc	2
Doc	dag/test/claim/layout_render_witness_test.dag	270	273
Doc	dag/test/claim/layout_render_witness_test.dag	379	382
# TYPE	DominanceVerdict	2
DominanceVerdict	dag/product/hardware_selection.dag	5598	5614
DominanceVerdict	dag/test/claim/pareto_dominance_witness_test.dag	411	427
# TYPE	ElectricPotential	2
ElectricPotential	dag/test/claim/measure_magnitude_carrier_test.dag	347	364
ElectricPotential	dag/test/claim/measure_magnitude_carrier_test.dag	444	461
# TYPE	ElementwiseArrayOp	2
ElementwiseArrayOp	dag/gunbc/accelerator_demo_eval.dag	234	252
ElementwiseArrayOp	dag/gunbc/accelerator_demo_float_eval.dag	290	308
# TYPE	Elf64Ehdr	2
Elf64Ehdr	dag/extdeps/boot/emit.dag	877	886
Elf64Ehdr	dag/extdeps/formats/elf/encode.dag	2273	2282
# TYPE	Elf64Phdr	2
Elf64Phdr	dag/extdeps/boot/emit.dag	1283	1292
Elf64Phdr	dag/extdeps/formats/elf/encode.dag	3261	3270
# TYPE	ElfIdent	2
ElfIdent	dag/extdeps/boot/emit.dag	618	626
ElfIdent	dag/extdeps/formats/elf/encode.dag	1948	1956
# TYPE	Email	2
Email	dag/extdeps/git/git.dag	1095	1100
Email	dag/test/claim/extdeps_anemia_grounding_witness_test.dag	142	147
# TYPE	FmaContractionPolicy	2
FmaContractionPolicy	dag/gunbc/accelerator_demo_realize.dag	7183	7203
FmaContractionPolicy	dag/gunbc/accelerator_demo_realize.dag	7770	7790
# TYPE	FreestandingPayloadRef	2
FreestandingPayloadRef	dag/extdeps/boot/emit.dag	1988	2010
FreestandingPayloadRef	dag/extdeps/boot/linux_x86_boot.dag	308	330
# TYPE	GcpService	2
GcpService	dag/gunbc/assimilate/bmc_bootstrap_provision.dag	89	99
GcpService	dag/gunbc/assimilate/bmc_wif_canary_bootstrap.dag	93	103
# TYPE	Gibibyte	2
Gibibyte	dag/extdeps/bmc/redfish.dag	235	243
Gibibyte	dag/extdeps/bmc/redfish.dag	922	930
# TYPE	GitHubActionsRuntime	2
GitHubActionsRuntime	dag/gunbc/auth/patterns.dag	75	95
GitHubActionsRuntime	dag/gunbc/auth/patterns.dag	1955	1975
# TYPE	Hardware	2
Hardware	dag/extdeps/cpu.dag	239	247
Hardware	dag/extdeps/cpu/types.dag	988	996
# TYPE	HostCompilePoolReady	2
HostCompilePoolReady	dag/test/claim/runner_activation_wall_test.dag	1516	1536
HostCompilePoolReady	dag/test/claim/runner_activation_wall_test.dag	1952	1972
# TYPE	HostIdentityKnobKey	2
HostIdentityKnobKey	dag/gunbc/host_identity_adopt.dag	95	114
HostIdentityKnobKey	dag/gunbc/host_identity_assimilation.dag	1224	1243
# TYPE	HostIdentityLeafVerdict	2
HostIdentityLeafVerdict	dag/gunbc/host_identity_assimilation.dag	1319	1342
HostIdentityLeafVerdict	dag/gunbc/host_identity_assimilation.dag	2852	2875
# TYPE	HostName	2
HostName	dag/test/claim/cr1000a_dhcp_lease_naming_witness_test.dag	147	155
HostName	dag/test/claim/network_grounding_witness_test.dag	3983	3991
# TYPE	HostToolchainKind	2
HostToolchainKind	dag/test/claim/srv3_subsumption_witness_test.dag	7881	7898
HostToolchainKind	dag/test/claim/srv3_subsumption_witness_test.dag	8187	8204
# TYPE	HostToolchainReach	2
HostToolchainReach	dag/test/claim/srv3_subsumption_witness_test.dag	7923	7941
HostToolchainReach	dag/test/claim/srv3_subsumption_witness_test.dag	9519	9537
# TYPE	KvmObservedScreen	2
KvmObservedScreen	dag/gunbc/host_standup_assimilation_deduction.dag	987	1004
KvmObservedScreen	dag/gunbc/host_standup_assimilation_deduction.dag	7513	7530
# TYPE	MacAddress	2
MacAddress	dag/test/claim/cr1000a_dhcp_lease_naming_witness_test.dag	376	386
MacAddress	dag/test/claim/cr1000a_dhcp_lease_naming_witness_test.dag	805	815
# TYPE	MergeReadinessVerdict	2
MergeReadinessVerdict	dag/gunbc/code_change_workflow.dag	1644	1665
MergeReadinessVerdict	dag/gunbc/code_change_workflow.dag	4832	4853
# TYPE	MergeStateStatus	2
MergeStateStatus	dag/test/claim/github_merge_state_witness_test.dag	149	165
MergeStateStatus	dag/test/claim/github_merge_state_witness_test.dag	207	223
# TYPE	NetworkHost	2
NetworkHost	dag/test/claim/network_grounding_witness_test.dag	7229	7240
NetworkHost	dag/test/claim/network_grounding_witness_test.dag	7350	7361
# TYPE	OomdEnforcementEvidence	2
OomdEnforcementEvidence	dag/test/claim/oomd_install_grounding_witness_test.dag	8149	8172
OomdEnforcementEvidence	dag/test/claim/oomd_install_grounding_witness_test.dag	9796	9819
# TYPE	OomdGroundingThresholds	2
OomdGroundingThresholds	dag/test/claim/oomd_install_grounding_witness_test.dag	145	168
OomdGroundingThresholds	dag/test/claim/oomd_install_grounding_witness_test.dag	5730	5753
# TYPE	OsInstallActuationObservations	2
OsInstallActuationObservations	dag/test/claim/srv3_os_install_diagnostic_witness_test.dag	427	457
OsInstallActuationObservations	dag/test/claim/srv3_os_install_diagnostic_witness_test.dag	1335	1365
# TYPE	Power	2
Power	dag/product/hardware_selection.dag	61	66
Power	dag/std/measure.dag	4818	4823
# TYPE	ProcessNodeId	2
ProcessNodeId	dag/gunbc/code_change_workflow.dag	355	368
ProcessNodeId	dag/test/claim/code_change_workflow_witness_test.dag	407	420
# TYPE	RealizedStep	2
RealizedStep	dag/test/claim/realization_reconcile_witness_test.dag	286	298
RealizedStep	dag/test/claim/realization_reconcile_witness_test.dag	560	572
# TYPE	RedfishBootSourceOverrideMode	2
RedfishBootSourceOverrideMode	dag/gunbc/host_standup_assimilation_deduction.dag	909	938
RedfishBootSourceOverrideMode	dag/gunbc/host_standup_assimilation_deduction.dag	7018	7047
# TYPE	RedfishPowerControl	2
RedfishPowerControl	dag/extdeps/bmc/redfish.dag	1524	1543
RedfishPowerControl	dag/extdeps/bmc/redfish.dag	3226	3245
# TYPE	RedfishPowerSubsystem	2
RedfishPowerSubsystem	dag/extdeps/bmc/redfish.dag	3200	3221
RedfishPowerSubsystem	dag/test/claim/bmc_redfish_grounding_witness_test.dag	1834	1855
# TYPE	RedfishPrivilege	2
RedfishPrivilege	dag/extdeps/bmc/access.dag	291	307
RedfishPrivilege	dag/extdeps/bmc/access.dag	470	486
# TYPE	RoadmapItem	2
RoadmapItem	dag/test/claim/roadmap_status_test.dag	1460	1471
RoadmapItem	dag/test/claim/roadmap_status_test.dag	1580	1591
# TYPE	RoadmapNode	2
RoadmapNode	dag/test/claim/roadmap_gate_test.dag	121	132
RoadmapNode	dag/test/claim/roadmap_gate_test.dag	379	390
# TYPE	RunnerCommandOrRefusal	2
RunnerCommandOrRefusal	dag/test/claim/runner_activation_wall_test.dag	1716	1738
RunnerCommandOrRefusal	dag/test/claim/runner_activation_wall_test.dag	1977	1999
# TYPE	RunnerSlotEnforcement	2
RunnerSlotEnforcement	dag/test/claim/runner_slot_enforcement_grounding_witness_test.dag	378	399
RunnerSlotEnforcement	dag/test/claim/runner_slot_enforcement_grounding_witness_test.dag	1125	1146
# TYPE	Scale	2
Scale	dag/test/claim/memory_scale_factor_derivation_test.dag	138	143
Scale	dag/test/claim/time_scale_factor_derivation_test.dag	136	141
# TYPE	Seconds	2
Seconds	dag/extdeps/bmc/serial_console.dag	2053	2060
Seconds	dag/extdeps/bmc/serial_console.dag	2085	2092
# TYPE	SemVerConstraint	2
SemVerConstraint	dag/test/claim/extdeps_version_semver_witness_test.dag	202	218
SemVerConstraint	dag/test/claim/extdeps_version_semver_witness_test.dag	317	333
# TYPE	SemVerIdentity	2
SemVerIdentity	dag/test/claim/extdeps_version_semver_witness_test.dag	143	157
SemVerIdentity	dag/test/claim/extdeps_version_semver_witness_test.dag	260	274
# TYPE	SerialField	2
SerialField	dag/test/claim/config_record_emit_test.dag	472	483
SerialField	dag/test/claim/config_record_emit_test.dag	643	654
# TYPE	SourceRootRole	2
SourceRootRole	dag/test/claim/compile_source_model_witness_test.dag	139	153
SourceRootRole	dag/test/claim/compile_source_model_witness_test.dag	254	268
# TYPE	Summary	2
Summary	dag/shared/dag_util.dag	76	83
Summary	dag/shared/dag_util.dag	415	422
# TYPE	SymbolicCost	2
SymbolicCost	src/v2/lens/complexity_lowering.dag	1158	1170
SymbolicCost	src/v2/lens/complexity_lowering.dag	1273	1285
# TYPE	TailscaleAclPolicy	2
TailscaleAclPolicy	dag/gunbc/tailscale_acl_emit.dag	1361	1379
TailscaleAclPolicy	dag/gunbc/tailscale_acl_phase2_credential.dag	6546	6564
# TYPE	TsExpr	2
TsExpr	dag/test/claim/typescript_program_serializer_test.dag	3446	3452
TsExpr	dag/test/claim/typescript_program_serializer_test.dag	3621	3627
# TYPE	UbuntuAutoinstallPayload	2
UbuntuAutoinstallPayload	dag/test/claim/os_install_deduction_witness_test.dag	151	175
UbuntuAutoinstallPayload	dag/test/claim/os_install_deduction_witness_test.dag	623	647
# TYPE	ValueConsumerEdge	2
ValueConsumerEdge	dag/test/claim/materialization_ladder_witness_test.dag	2242	2259
ValueConsumerEdge	dag/test/claim/materialization_ladder_witness_test.dag	2359	2376
# TYPE	VersionIdentity	2
VersionIdentity	dag/test/claim/extdeps_version_witness_test.dag	134	149
VersionIdentity	dag/test/claim/extdeps_version_witness_test.dag	185	200
# TYPE	extdeps.access.posix.PosixUser	2
extdeps.access.posix.PosixUser	dag/test/claim/access_layer_extension_witness_test.dag	472	502
extdeps.access.posix.PosixUser	dag/test/claim/access_layer_extension_witness_test.dag	558	588
# TYPE	extdeps.bmc.types.BmcGroundedHostObservations	2
extdeps.bmc.types.BmcGroundedHostObservations	dag/extdeps/bmc.dag	723	750
extdeps.bmc.types.BmcGroundedHostObservations	dag/extdeps/bmc/redfish.dag	3495	3522
# TYPE	extdeps.bmc.webui.nbd_proxy_serve.NbdProxyServeTransportIntent	2
extdeps.bmc.webui.nbd_proxy_serve.NbdProxyServeTransportIntent	dag/gunbc/host_effect.dag	1759	1787
extdeps.bmc.webui.nbd_proxy_serve.NbdProxyServeTransportIntent	dag/gunbc/srv3_nbd_proxy_serve_intent.dag	1178	1206
# TYPE	extdeps.cloud.gcp.iam.GcpBinding	2
extdeps.cloud.gcp.iam.GcpBinding	dag/gunbc/assimilate/bmc_bootstrap_provision.dag	338	348
extdeps.cloud.gcp.iam.GcpBinding	dag/gunbc/assimilate/bmc_wif_delegation_chain.dag	3481	3491
# TYPE	extdeps.cpu.types.CacheGeometryCitation	2
extdeps.cpu.types.CacheGeometryCitation	dag/extdeps/cpu/types.dag	1208	1229
extdeps.cpu.types.CacheGeometryCitation	dag/extdeps/cpu/types.dag	1370	1391
# TYPE	extdeps.cpu.types.CpuModelCatalogRow	2
extdeps.cpu.types.CpuModelCatalogRow	dag/extdeps/cpu/ampere.dag	3829	3847
extdeps.cpu.types.CpuModelCatalogRow	dag/extdeps/cpu/types.dag	1485	1503
# TYPE	extdeps.github.actions.Workflow	2
extdeps.github.actions.Workflow	dag/gunbc/assimilate/bmc_token_federation.dag	6775	6783
extdeps.github.actions.Workflow	dag/gunbc/ci_workflow.dag	52236	52244
# TYPE	extdeps.github.hosted_runners.GithubHostedRunnerCatalogRow	2
extdeps.github.hosted_runners.GithubHostedRunnerCatalogRow	dag/extdeps/github/hosted_runners.dag	3344	3372
extdeps.github.hosted_runners.GithubHostedRunnerCatalogRow	dag/extdeps/github/hosted_runners.dag	3663	3691
# TYPE	extdeps.github.pulls.PullRequestRef	2
extdeps.github.pulls.PullRequestRef	dag/extdeps/github/pulls.dag	1447	1461
extdeps.github.pulls.PullRequestRef	dag/extdeps/github/pulls.dag	1470	1484
# TYPE	extdeps.gpu.types.GpuModelCatalogRow	2
extdeps.gpu.types.GpuModelCatalogRow	dag/extdeps/gpu/apple.dag	564	582
extdeps.gpu.types.GpuModelCatalogRow	dag/extdeps/gpu/nvidia.dag	1473	1491
# TYPE	extdeps.memory.types.DramGeneration	2
extdeps.memory.types.DramGeneration	dag/extdeps/memory/types.dag	775	789
extdeps.memory.types.DramGeneration	dag/extdeps/memory/types.dag	898	912
# TYPE	extdeps.os.ubuntu_autoinstall.UbuntuAutoinstallPayload	2
extdeps.os.ubuntu_autoinstall.UbuntuAutoinstallPayload	dag/gunbc/os_install.dag	2719	2743
extdeps.os.ubuntu_autoinstall.UbuntuAutoinstallPayload	dag/gunbc/os_install.dag	4305	4329
# TYPE	extdeps.provisioning.ubuntu_install_media.UbuntuInstallMediaArtifactRow	2
extdeps.provisioning.ubuntu_install_media.UbuntuInstallMediaArtifactRow	dag/extdeps/provisioning/ubuntu_seeded_install_media.dag	865	894
extdeps.provisioning.ubuntu_install_media.UbuntuInstallMediaArtifactRow	dag/gunbc/srv3_ubuntu_install_media_artifact.dag	218	247
# TYPE	extdeps.render.surface.GroupSyntax	2
extdeps.render.surface.GroupSyntax	dag/extdeps/render/surface.dag	918	929
extdeps.render.surface.GroupSyntax	dag/extdeps/render/surface.dag	1282	1293
# TYPE	extdeps.router.verizon_cr1000a.Cr1000aDhcpLeaseRow	2
extdeps.router.verizon_cr1000a.Cr1000aDhcpLeaseRow	dag/gunbc/network_identity_subsumption.dag	3178	3197
extdeps.router.verizon_cr1000a.Cr1000aDhcpLeaseRow	dag/gunbc/network_identity_subsumption.dag	3510	3529
# TYPE	extdeps.storage.types.NvmeDeviceCatalogRow	2
extdeps.storage.types.NvmeDeviceCatalogRow	dag/extdeps/storage/samsung.dag	961	981
extdeps.storage.types.NvmeDeviceCatalogRow	dag/extdeps/storage/western_digital.dag	651	671
# TYPE	gunbc.assimilate.bmc_token_federation.SecretAccessBinding	2
gunbc.assimilate.bmc_token_federation.SecretAccessBinding	dag/gunbc/assimilate/bmc_token_federation.dag	5043	5062
gunbc.assimilate.bmc_token_federation.SecretAccessBinding	dag/gunbc/tailscale_acl_phase2_credential.dag	1586	1605
# TYPE	gunbc.auth.secret_access_grant.SecretAccessGrant	2
gunbc.auth.secret_access_grant.SecretAccessGrant	dag/gunbc/assimilate/bmc_wif_delegation_chain.dag	2423	2440
gunbc.auth.secret_access_grant.SecretAccessGrant	dag/gunbc/assimilate/bmc_wif_delegation_chain.dag	5097	5114
# TYPE	gunbc.bmc_onboarding.BmcOnboardingPlan	2
gunbc.bmc_onboarding.BmcOnboardingPlan	dag/gunbc/bmc_onboarding.dag	7112	7129
gunbc.bmc_onboarding.BmcOnboardingPlan	dag/gunbc/bmc_onboarding.dag	7240	7257
# TYPE	gunbc.ci_runner_placement.OperatingPointRow	2
gunbc.ci_runner_placement.OperatingPointRow	dag/gunbc/ci_runner_placement.dag	13181	13198
gunbc.ci_runner_placement.OperatingPointRow	dag/gunbc/ci_runner_placement.dag	14338	14355
# TYPE	gunbc.deployed_intent_v0.DeployedIntentV0	2
gunbc.deployed_intent_v0.DeployedIntentV0	dag/gunbc/deployed_intent_v0.dag	1972	1988
gunbc.deployed_intent_v0.DeployedIntentV0	dag/gunbc/deployed_intent_v0.dag	3112	3128
# TYPE	gunbc.fleet_posix_accounts.PosixSudoGrant	2
gunbc.fleet_posix_accounts.PosixSudoGrant	dag/gunbc/ci_deploy_access.dag	1563	1577
gunbc.fleet_posix_accounts.PosixSudoGrant	dag/gunbc/fleet_posix_accounts.dag	5335	5349
# TYPE	gunbc.host_converge.ConvergeSlice	2
gunbc.host_converge.ConvergeSlice	dag/gunbc/host_converge.dag	6398	6411
gunbc.host_converge.ConvergeSlice	dag/gunbc/host_converge_delta.dag	331	344
# TYPE	gunbc.host_effect.HostEffectIntent	2
gunbc.host_effect.HostEffectIntent	dag/gunbc/host_effect_realize.dag	73007	73023
gunbc.host_effect.HostEffectIntent	dag/gunbc/live_deploy/apply.dag	7363	7379
# TYPE	gunbc.host_identity_knob.HostIdentityKnobKey	2
gunbc.host_identity_knob.HostIdentityKnobKey	dag/gunbc/host_identity_adopt.dag	95	114
gunbc.host_identity_knob.HostIdentityKnobKey	dag/gunbc/host_identity_knob.dag	374	393
# TYPE	gunbc.host_identity_observation.HostIdentityObservation	2
gunbc.host_identity_observation.HostIdentityObservation	dag/gunbc/host_identity_observation.dag	2489	2512
gunbc.host_identity_observation.HostIdentityObservation	dag/gunbc/host_identity_observation.dag	2654	2677
# TYPE	gunbc.runner_unit_live_read.RunnerUnitMemoryLiveRead	2
gunbc.runner_unit_live_read.RunnerUnitMemoryLiveRead	dag/gunbc/runner_unit_live_read.dag	2076	2100
gunbc.runner_unit_live_read.RunnerUnitMemoryLiveRead	dag/gunbc/runner_unit_live_read.dag	5260	5284
# TYPE	gunbc.workflow_escalation.WorkflowEscalation	2
gunbc.workflow_escalation.WorkflowEscalation	dag/gunbc/srv3_os_install_actuate_workflow.dag	847	865
gunbc.workflow_escalation.WorkflowEscalation	dag/gunbc/workflow_escalation.dag	246	264
# TYPE	std.approximate_field.RoundingMode	2
std.approximate_field.RoundingMode	dag/std/numerical_contract.dag	192	226
std.approximate_field.RoundingMode	dag/std/numerical_contract.dag	378	412
# TYPE	std.integer.UInt8	2
std.integer.UInt8	dag/test/claim/base64_rfc4648_witness_test.dag	274	291
std.integer.UInt8	dag/test/claim/random_bytes_csprng_witness_test.dag	161	178
# TYPE	std.occurrence_identity.NodeOccurrenceIdentity	2
std.occurrence_identity.NodeOccurrenceIdentity	src/v2/std/node.dag	1042	1088
std.occurrence_identity.NodeOccurrenceIdentity	src/v2/std/node.dag	1338	1384
# TYPE	std.realization_schedule.Schedule	2
std.realization_schedule.Schedule	dag/gunbc/accelerator_demo_plan.dag	1245	1278
std.realization_schedule.Schedule	dag/gunbc/accelerator_demo_plan.dag	1397	1430
# TYPE	std.render.RenderFrame	2
std.render.RenderFrame	dag/test/claim/render_surface_witness_test.dag	399	421
std.render.RenderFrame	dag/test/claim/terminal_capability_witness_test.dag	721	743
# TYPE	std.types.NonEmptyStr	2
std.types.NonEmptyStr	dag/test/claim/access_layer_extension_witness_test.dag	224	245
std.types.NonEmptyStr	dag/test/claim/access_layer_extension_witness_test.dag	258	279
# TYPE	v2.lens.enforcement.vocab.ScopeRoster	2
v2.lens.enforcement.vocab.ScopeRoster	src/v2/lens/enforcement/standing_intent.dag	506	543
v2.lens.enforcement.vocab.ScopeRoster	src/v2/lens/enforcement/standing_intent.dag	905	942
# TYPE	v2.std.layer.LayerPrefix	2
v2.std.layer.LayerPrefix	src/v2/std/cross_tree/resolution.dag	1623	1647
v2.std.layer.LayerPrefix	src/v2/std/cross_tree/resolution.dag	1805	1829
# TYPE	AccessMode	1
AccessMode	dag/test/claim/materialization_ladder_witness_test.dag	2213	2223
# TYPE	Axiom	1
Axiom	dag/gunbc/design_argument.dag	56	61
# TYPE	BudgetPriority	1
BudgetPriority	dag/test/claim/budget_tree_witness_test.dag	157	171
# TYPE	CacheEvidence	1
CacheEvidence	dag/test/claim/sccache_local_content_verified_on_read_test.dag	1661	1674
# TYPE	CacheInterfaceId	1
CacheInterfaceId	dag/test/claim/realize_kernel_test.dag	128	144
# TYPE	CallGraph	1
CallGraph	dag/std/syllogism.dag	653	662
# TYPE	CallingConvention	1
CallingConvention	dag/std/os/invocation.dag	161	178
# TYPE	CargoTarget	1
CargoTarget	dag/test/claim/cargo_target_path_witness_test.dag	323	334
# TYPE	CargoVersionRequirement	1
CargoVersionRequirement	dag/test/claim/cargo_version_witness_test.dag	1750	1773
# TYPE	CheckOutput	1
CheckOutput	dag/test/claim/github_checks_witness_test.dag	138	149
# TYPE	CheckRunList	1
CheckRunList	dag/test/claim/github_checks_witness_test.dag	944	956
# TYPE	CliTool	1
CliTool	dag/extdeps/bmc/os_install_actuator_toolchain.dag	304	311
# TYPE	ClusteringEvidence	1
ClusteringEvidence	dag/test/claim/ci_oom_reclassify_witness_test.dag	1278	1296
# TYPE	CodeChangeActiveStage	1
CodeChangeActiveStage	dag/test/claim/code_change_workflow_witness_test.dag	1616	1637
# TYPE	CodeChangeBinding	1
CodeChangeBinding	dag/test/claim/code_change_workflow_witness_test.dag	1472	1489
# TYPE	CodeChangeGithubPrContext	1
CodeChangeGithubPrContext	dag/test/claim/code_change_workflow_witness_test.dag	1306	1331
# TYPE	CodeChangeTerminalStage	1
CodeChangeTerminalStage	dag/test/claim/code_change_workflow_witness_test.dag	1948	1971
# TYPE	CommitCheckEnrollment	1
CommitCheckEnrollment	dag/test/claim/merge_admission_witness_test.dag	154	175
# TYPE	CompilePoolPlacement	1
CompilePoolPlacement	dag/test/claim/host_compile_pool_test.dag	970	990
# TYPE	ConditionEnum	1
ConditionEnum	dag/gunbc/tools/ebay_listing.dag	725	738
# TYPE	ContainerConfig	1
ContainerConfig	dag/test/claim/docker_container_stats_witness_test.dag	2076	2091
# TYPE	ContainerInspect	1
ContainerInspect	dag/test/claim/docker_container_stats_witness_test.dag	3110	3126
# TYPE	ContainerStateDetail	1
ContainerStateDetail	dag/test/claim/docker_container_stats_witness_test.dag	2574	2594
# TYPE	ContainerStats	1
ContainerStats	dag/test/claim/docker_container_stats_witness_test.dag	1215	1229
# TYPE	ConvergePolicy	1
ConvergePolicy	dag/gunbc/host_standup.dag	25605	25619
# TYPE	ConvergeSlice	1
ConvergeSlice	dag/gunbc/host_converge_delta.dag	331	344
# TYPE	CpuSocket	1
CpuSocket	dag/product/hardware_selection.dag	2955	2964
# TYPE	CpuStats	1
CpuStats	dag/test/claim/docker_container_stats_witness_test.dag	612	620
# TYPE	CpuUsage	1
CpuUsage	dag/test/claim/docker_container_stats_witness_test.dag	145	153
# TYPE	CredentialDelegationStep	1
CredentialDelegationStep	dag/test/claim/bmc_wif_delegation_chain_witness_test.dag	141	165
# TYPE	Currency	1
Currency	dag/std/measure.dag	7123	7131
# TYPE	DataRate	1
DataRate	dag/std/measure.dag	11302	11310
# TYPE	DemandNature	1
DemandNature	dag/test/claim/materialization_ladder_witness_test.dag	1420	1432
# TYPE	DescriptorRejectReason	1
DescriptorRejectReason	dag/extdeps/container/oci/manifest.dag	597	619
# TYPE	Diagnostic	1
Diagnostic	src/v2/compiler/body_producer_forward.dag	3547	3557
# TYPE	Document	1
Document	dag/test/claim/render_surface_witness_test.dag	584	592
# TYPE	DomainId	1
DomainId	dag/extdeps/cpu/machine_shape.dag	267	275
# TYPE	EbayOfferDetailsWithKeys	1
EbayOfferDetailsWithKeys	dag/gunbc/tools/ebay_listing.dag	1440	1464
# TYPE	EffectAttemptIntent	1
EffectAttemptIntent	dag/test/claim/temporal_effect_spine_witness_test.dag	392	411
# TYPE	EffectStallBudget	1
EffectStallBudget	dag/gunbc/host_standup_assimilation_deduction.dag	2303	2320
# TYPE	EffectStepReceipt	1
EffectStepReceipt	dag/test/claim/temporal_effect_spine_witness_test.dag	2015	2032
# TYPE	EndpointOwnerContext	1
EndpointOwnerContext	dag/test/claim/build_cache_placement_observation_test.dag	1045	1065
# TYPE	Energy	1
Energy	dag/std/measure.dag	4857	4863
# TYPE	EnsureBuildCacheAdmission	1
EnsureBuildCacheAdmission	dag/test/claim/build_cache_ensure_test.dag	5980	6005
# TYPE	ExecutableFormat	1
ExecutableFormat	dag/extdeps/formats/elf/primitives.dag	1185	1201
# TYPE	ExecutionReceiptDigest	1
ExecutionReceiptDigest	dag/test/claim/realize_kernel_test.dag	497	519
# TYPE	ExpectedOutcome	1
ExpectedOutcome	dag/test/claim/output_policy_witness_test.dag	4218	4233
# TYPE	ExpressionTemplate	1
ExpressionTemplate	dag/test/claim/gha_expression_roundtrip_test.dag	541	559
# TYPE	FilePathParts	1
FilePathParts	dag/test/claim/cargo_target_path_witness_test.dag	135	148
# TYPE	FileTreeScope	1
FileTreeScope	dag/test/claim/resource_namespace_upsert_witness_test.dag	182	195
# TYPE	FormatTypeEnum	1
FormatTypeEnum	dag/gunbc/tools/ebay_listing.dag	417	431
# TYPE	Frequency	1
Frequency	dag/std/measure.dag	4630	4639
# TYPE	Gibi	1
Gibi	dag/std/measure.dag	4113	4117
# TYPE	GitDiffStatusEntry	1
GitDiffStatusEntry	dag/test/claim/extdeps_git_diff_name_status_witness_test.dag	591	609
# TYPE	GitHubErrorShape	1
GitHubErrorShape	dag/gunbc/pr_digests.dag	1147	1163
# TYPE	GitHubUser	1
GitHubUser	dag/test/claim/roadmap_status_test.dag	124	134
# TYPE	GoMvsProperty	1
GoMvsProperty	dag/test/claim/go_module_versioning_witness_test.dag	1886	1899
# TYPE	GraphEdge	1
GraphEdge	dag/std/syllogism.dag	343	352
# TYPE	HostConfig	1
HostConfig	dag/test/claim/docker_container_stats_witness_test.dag	1492	1502
# TYPE	HostEffect	1
HostEffect	dag/gunbc/srv3_host_effect_apply.dag	623	633
# TYPE	HostIdentityObservationRow	1
HostIdentityObservationRow	dag/gunbc/deployed_intent_v0.dag	1707	1733
# TYPE	HostPhaseCellStatus	1
HostPhaseCellStatus	dag/test/claim/host_phase_status_witness_test.dag	726	745
# TYPE	HostStandupStep	1
HostStandupStep	dag/test/claim/host_standup_spine_witness_test.dag	134	149
# TYPE	HtmlEmitResult	1
HtmlEmitResult	dag/examples/js_site/js_site_emit.dag	602	616
# TYPE	Information	1
Information	dag/std/measure.dag	4534	4545
# TYPE	InputEnvelope	1
InputEnvelope	dag/test/claim/input_envelope_admission_test.dag	136	149
# TYPE	InventoryItem	1
InventoryItem	dag/gunbc/tools/ebay_listing.dag	988	1001
# TYPE	Ipv4Address	1
Ipv4Address	dag/test/claim/network_grounding_witness_test.dag	1372	1383
# TYPE	IsoServeReadinessObservation	1
IsoServeReadinessObservation	dag/test/claim/srv3_os_install_diagnostic_witness_test.dag	230	258
# TYPE	JedecDdrGenerationCatalogRow	1
JedecDdrGenerationCatalogRow	dag/product/hardware_selection.dag	1124	1152
# TYPE	JsonKeyValue	1
JsonKeyValue	dag/gunbc/tailscale_acl_emit.dag	1237	1249
# TYPE	JsxEmitResult	1
JsxEmitResult	dag/examples/js_site/js_site_emit.dag	708	721
# TYPE	Kibi	1
Kibi	dag/std/measure.dag	4025	4029
# TYPE	LinuxPlatform	1
LinuxPlatform	dag/extdeps/container/oci/runtime_config.dag	677	690
# TYPE	LoadSegment	1
LoadSegment	dag/extdeps/formats/elf/segments.dag	2123	2134
# TYPE	LocalDevRuntime	1
LocalDevRuntime	dag/gunbc/auth/patterns.dag	167	182
# TYPE	Locus	1
Locus	src/v2/std/artifact.dag	864	869
# TYPE	MachineShapeConstruction	1
MachineShapeConstruction	dag/extdeps/cpu/machine_shape.dag	1603	1627
# TYPE	MacosDistributionCatalogRow	1
MacosDistributionCatalogRow	dag/std/os.dag	756	783
# TYPE	MarketplaceEnum	1
MarketplaceEnum	dag/gunbc/tools/ebay_listing.dag	370	385
# TYPE	Materialization	1
Materialization	dag/test/claim/realization_reconcile_witness_test.dag	135	150
# TYPE	MaterializedSecret	1
MaterializedSecret	dag/test/claim/materialized_secret_witness_test.dag	519	537
# TYPE	Mebi	1
Mebi	dag/std/measure.dag	4069	4073
# TYPE	MemoryShape	1
MemoryShape	dag/extdeps/cpu/machine_shape.dag	1337	1348
# TYPE	MetadataRuntime	1
MetadataRuntime	dag/gunbc/auth/patterns.dag	125	140
# TYPE	Motherboard	1
Motherboard	dag/test/claim/hardware_selection_witness_test.dag	3276	3287
# TYPE	NbdProxyWebsocatParams	1
NbdProxyWebsocatParams	dag/extdeps/bmc/webui/nbd_proxy_serve.dag	1386	1408
# TYPE	NbdServePortObservation	1
NbdServePortObservation	dag/test/claim/srv3_os_install_diagnostic_witness_test.dag	198	221
# TYPE	NbdServeProcessObservation	1
NbdServeProcessObservation	dag/test/claim/srv3_os_install_diagnostic_witness_test.dag	156	182
# TYPE	NetworkSettings	1
NetworkSettings	dag/test/claim/docker_container_stats_witness_test.dag	2897	2912
# TYPE	NetworkStats	1
NetworkStats	dag/test/claim/docker_container_stats_witness_test.dag	837	849
# TYPE	Networks	1
Networks	dag/test/claim/docker_container_stats_witness_test.dag	1051	1059
# TYPE	NobleNumbat2404Lts	1
NobleNumbat2404Lts	dag/extdeps/provisioning/ubuntu_install_media.dag	800	818
# TYPE	ObservedOutcome	1
ObservedOutcome	dag/test/claim/output_policy_witness_test.dag	4245	4260
# TYPE	OciRuntimeVersion	1
OciRuntimeVersion	dag/extdeps/container/oci/runtime_config.dag	572	589
# TYPE	Os	1
Os	dag/extdeps/container/oci/image_config.dag	614	616
# TYPE	OutputDecision	1
OutputDecision	dag/test/claim/output_policy_witness_test.dag	125	139
# TYPE	Ownership	1
Ownership	dag/test/claim/srv3_subsumption_witness_test.dag	5923	5932
# TYPE	PathParamBinding	1
PathParamBinding	dag/extdeps/bmc/webui/nbd_proxy.dag	4414	4430
# TYPE	Permission	1
Permission	dag/extdeps/bmc/access.dag	312	322
# TYPE	PermissionAssignment	1
PermissionAssignment	dag/extdeps/bmc/access.dag	517	537
# TYPE	PerturbationReading	1
PerturbationReading	dag/test/claim/perturbation_kernel_test.dag	136	155
# TYPE	PidStats	1
PidStats	dag/test/claim/docker_container_stats_witness_test.dag	771	779
# TYPE	Platform	1
Platform	dag/test/claim/hardware_selection_witness_test.dag	122	130
# TYPE	ProbeEffectOnSubject	1
ProbeEffectOnSubject	dag/test/claim/readback_independence_witness_test.dag	8647	8667
# TYPE	ProcessPortScope	1
ProcessPortScope	dag/test/claim/resource_namespace_upsert_witness_test.dag	295	311
# TYPE	ProcessorThermalLimits	1
ProcessorThermalLimits	dag/extdeps/cpu/ampere.dag	699	721
# TYPE	PsuModel	1
PsuModel	dag/test/claim/hardware_selection_witness_test.dag	3551	3559
# TYPE	PullRequestRef	1
PullRequestRef	dag/test/claim/roadmap_status_test.dag	220	234
# TYPE	RbacPolicy	1
RbacPolicy	dag/extdeps/bmc/access.dag	715	725
# TYPE	RedfishAccountRole	1
RedfishAccountRole	dag/extdeps/bmc/access.dag	494	512
# TYPE	RedfishBootSourceOverrideEnabled	1
RedfishBootSourceOverrideEnabled	dag/test/claim/srv3_os_install_diagnostic_witness_test.dag	284	316
# TYPE	RedfishChassisSensorCollection	1
RedfishChassisSensorCollection	dag/test/claim/bmc_redfish_grounding_witness_test.dag	561	591
# TYPE	RedfishMemorySummary	1
RedfishMemorySummary	dag/extdeps/bmc/redfish.dag	248	268
# TYPE	RedfishPowerState	1
RedfishPowerState	dag/extdeps/bmc/redfish.dag	947	964
# TYPE	RedfishProcessorSummary	1
RedfishProcessorSummary	dag/extdeps/bmc/redfish.dag	521	544
# TYPE	RedfishSensorReading	1
RedfishSensorReading	dag/extdeps/bmc/redfish.dag	1958	1978
# TYPE	RenderCapability	1
RenderCapability	dag/test/claim/render_surface_witness_test.dag	129	145
# TYPE	ResourceHandle	1
ResourceHandle	dag/test/claim/filesystem_write_closure_scale_witness.dag	103	117
# TYPE	ReviewComment	1
ReviewComment	dag/gunbc/pr_digests.dag	647	660
# TYPE	ReviewProvider	1
ReviewProvider	dag/gunbc/idea_pr_spine.dag	341	355
# TYPE	ReviewVerdict	1
ReviewVerdict	dag/gunbc/idea_pr_spine.dag	367	380
# TYPE	RoadmapDocument	1
RoadmapDocument	dag/test/claim/roadmap_gate_test.dag	137	152
# TYPE	RotationalSpeed	1
RotationalSpeed	dag/std/measure.dag	6076	6091
# TYPE	RunnerDeploymentPlan	1
RunnerDeploymentPlan	dag/test/claim/runner_placement_witness_test.dag	133	153
# TYPE	RunnerHostDeploy	1
RunnerHostDeploy	dag/test/claim/runner_activation_wall_test.dag	734	750
# TYPE	RunnerHostDeployment	1
RunnerHostDeployment	dag/test/claim/host_converge_delta_witness_test.dag	144	164
# TYPE	RunnerMemoryCapVerifyRunResult	1
RunnerMemoryCapVerifyRunResult	dag/gunbc/fleet_converge_cli.dag	7231	7261
# TYPE	RunnerSlotApplyEffect	1
RunnerSlotApplyEffect	dag/test/claim/runner_slot_enforcement_grounding_witness_test.dag	933	954
# TYPE	RunnerSlotIdentity	1
RunnerSlotIdentity	dag/test/claim/build_cache_placement_observation_test.dag	1404	1422
# TYPE	RunnerSlotLifecycle	1
RunnerSlotLifecycle	dag/test/claim/build_cache_placement_observation_test.dag	1435	1454
# TYPE	RuntimeMountKind	1
RuntimeMountKind	dag/extdeps/container/oci/runtime_config.dag	485	501
# TYPE	RuntimeMountSource	1
RuntimeMountSource	dag/extdeps/container/oci/runtime_config.dag	451	469
# TYPE	SecretRef	1
SecretRef	dag/test/claim/materialized_secret_witness_test.dag	450	459
# TYPE	SegmentPermission	1
SegmentPermission	dag/extdeps/formats/elf/segments.dag	680	697
# TYPE	ServerBaseboard	1
ServerBaseboard	dag/test/claim/bmc_factory_credential_witness_test.dag	141	156
# TYPE	Sixty	1
Sixty	dag/std/measure.dag	13490	13495
# TYPE	SolConsoleContentObservation	1
SolConsoleContentObservation	dag/test/claim/srv3_os_install_diagnostic_witness_test.dag	353	381
# TYPE	SourceRootSet	1
SourceRootSet	src/v2/std/cross_tree/resolution.dag	3798	3811
# TYPE	Span	1
Span	dag/test/claim/render_surface_witness_test.dag	256	260
# TYPE	StageStep	1
StageStep	dag/test/claim/workflow_recursive_witness_test.dag	148	157
# TYPE	StampClass	1
StampClass	src/v2/compiler/02_parse.dag	51166	51176
# TYPE	StorageDevice	1
StorageDevice	dag/test/claim/storage_nvme_grounding_witness_test.dag	137	150
# TYPE	SwapStats	1
SwapStats	dag/test/claim/host_swap_backing_witness_test.dag	146	155
# TYPE	SystemConfig	1
SystemConfig	dag/test/claim/hardware_selection_witness_test.dag	3751	3763
# TYPE	TailscaleAclSelector	1
TailscaleAclSelector	dag/gunbc/tailscale_acl_emit.dag	69	89
# TYPE	TailscaleGrant	1
TailscaleGrant	dag/gunbc/tailscale_acl_emit.dag	348	362
# TYPE	TailscaleNodeAttr	1
TailscaleNodeAttr	dag/gunbc/tailscale_acl_emit.dag	984	1001
# TYPE	TailscaleSshRule	1
TailscaleSshRule	dag/gunbc/tailscale_acl_emit.dag	631	647
# TYPE	TailscaleTagOwnerRow	1
TailscaleTagOwnerRow	dag/gunbc/tailscale_acl_emit.dag	1212	1232
# TYPE	TemperatureDifference	1
TemperatureDifference	dag/std/measure.dag	4951	4972
# TYPE	TreeFundamentalityOrder	1
TreeFundamentalityOrder	src/v2/std/cross_tree/resolution.dag	1289	1312
# TYPE	UbuntuDistributionCatalogRow	1
UbuntuDistributionCatalogRow	dag/std/os.dag	56	84
# TYPE	VersionConstraint	1
VersionConstraint	dag/test/claim/extdeps_version_witness_test.dag	237	254
# TYPE	Viewport	1
Viewport	dag/test/claim/terminal_capability_witness_test.dag	641	649
# TYPE	VirtualMediaIntent	1
VirtualMediaIntent	dag/extdeps/bmc/webui/nbd_proxy_serve.dag	1358	1376
# TYPE	WindowsDistributionCatalogRow	1
WindowsDistributionCatalogRow	dag/std/os.dag	381	410
# TYPE	WorkflowRun	1
WorkflowRun	dag/test/claim/github_workflow_runs_witness_test.dag	137	148
# TYPE	WorkflowRunList	1
WorkflowRunList	dag/test/claim/github_workflow_runs_witness_test.dag	541	556
# TYPE	YamlValue	1
YamlValue	dag/test/claim/yaml_ingest_witness_test.dag	128	137
# TYPE	extdeps.access.rbac.Permission	1
extdeps.access.rbac.Permission	dag/extdeps/access/rbac.dag	386	396
# TYPE	extdeps.access.rbac.PermissionAssignment	1
extdeps.access.rbac.PermissionAssignment	dag/extdeps/access/rbac.dag	706	726
# TYPE	extdeps.access.rbac.RbacPolicy	1
extdeps.access.rbac.RbacPolicy	dag/test/claim/access_layer_extension_witness_test.dag	186	216
# TYPE	extdeps.bmc.os_install_actuator_toolchain.ActuatorToolchainRequirement	1
extdeps.bmc.os_install_actuator_toolchain.ActuatorToolchainRequirement	dag/extdeps/bmc/os_install_actuator_toolchain.dag	721	749
# TYPE	extdeps.bmc.types.RedfishMemorySummary	1
extdeps.bmc.types.RedfishMemorySummary	dag/extdeps/bmc/types.dag	2027	2047
# TYPE	extdeps.bmc.types.RedfishProcessorSummary	1
extdeps.bmc.types.RedfishProcessorSummary	dag/extdeps/bmc/types.dag	1993	2016
# TYPE	extdeps.bmc.types.RedfishSystemInventory	1
extdeps.bmc.types.RedfishSystemInventory	dag/extdeps/bmc/types.dag	14716	14738
# TYPE	extdeps.bmc.webui.nbd_proxy.NbdProxyRoleAssignment	1
extdeps.bmc.webui.nbd_proxy.NbdProxyRoleAssignment	dag/extdeps/bmc/webui/nbd_proxy.dag	802	824
# TYPE	extdeps.boards.types.BaseboardCatalogRow	1
extdeps.boards.types.BaseboardCatalogRow	dag/extdeps/boards/types.dag	666	685
# TYPE	extdeps.cache.sccache.SccacheBinaryRelease	1
extdeps.cache.sccache.SccacheBinaryRelease	dag/extdeps/cache/sccache.dag	4509	4529
# TYPE	extdeps.cache.types.CatalogBackendCacheKey	1
extdeps.cache.types.CatalogBackendCacheKey	dag/extdeps/cache.dag	4069	4091
# TYPE	extdeps.cache.types.CatalogKeyDerivationFacts	1
extdeps.cache.types.CatalogKeyDerivationFacts	dag/extdeps/cache/types.dag	3124	3149
# TYPE	extdeps.cloud.gcp.errors.GcpErrorDetails	1
extdeps.cloud.gcp.errors.GcpErrorDetails	dag/extdeps/cloud/gcp/errors.dag	4353	4368
# TYPE	extdeps.cloud.gcp.errors.GcpErrorShape	1
extdeps.cloud.gcp.errors.GcpErrorShape	dag/extdeps/cloud/gcp/errors.dag	4492	4505
# TYPE	extdeps.cloud.hetzner.HetznerCloudServerCatalogRow	1
extdeps.cloud.hetzner.HetznerCloudServerCatalogRow	dag/extdeps/cloud/hetzner.dag	1182	1210
# TYPE	extdeps.cloud.ubicloud.UbicloudRunnerCatalogRow	1
extdeps.cloud.ubicloud.UbicloudRunnerCatalogRow	dag/extdeps/cloud/ubicloud.dag	5020	5044
# TYPE	extdeps.communication.numerical_fidelity.LoweringRefusalReason	1
extdeps.communication.numerical_fidelity.LoweringRefusalReason	dag/gunbc/accelerator_demo_plan.dag	1663	1725
# TYPE	extdeps.container.oci.descriptor.OciDescriptor	1
extdeps.container.oci.descriptor.OciDescriptor	dag/extdeps/container/oci/descriptor.dag	497	510
# TYPE	extdeps.cpu.types.CpuDeploymentFacts	1
extdeps.cpu.types.CpuDeploymentFacts	dag/extdeps/cpu/types.dag	1518	1536
# TYPE	extdeps.cpu.types.CpuL1CacheGeometry	1
extdeps.cpu.types.CpuL1CacheGeometry	dag/extdeps/cpu/types.dag	1162	1180
# TYPE	extdeps.cpu.types.CpuL2CacheGeometry	1
extdeps.cpu.types.CpuL2CacheGeometry	dag/extdeps/cpu/types.dag	1243	1261
# TYPE	extdeps.cpu.types.CpuL3CacheGeometry	1
extdeps.cpu.types.CpuL3CacheGeometry	dag/extdeps/cpu/types.dag	1324	1342
# TYPE	extdeps.dns.domain_name.HostName	1
extdeps.dns.domain_name.HostName	dag/extdeps/dns/domain_name.dag	3654	3662
# TYPE	extdeps.docker.container_inspect.ContainerStateDetail	1
extdeps.docker.container_inspect.ContainerStateDetail	dag/extdeps/docker/container_inspect.dag	4536	4556
# TYPE	extdeps.docker.container_stats.MemoryStats	1
extdeps.docker.container_stats.MemoryStats	dag/test/claim/docker_container_stats_witness_test.dag	384	426
# TYPE	extdeps.external_authority.ExternalAuthority	1
extdeps.external_authority.ExternalAuthority	dag/extdeps/bmc/os_install_actuator_toolchain.dag	91	108
# TYPE	extdeps.formats.elf.segments.Elf64Phdr	1
extdeps.formats.elf.segments.Elf64Phdr	dag/extdeps/formats/elf/segments.dag	1145	1154
# TYPE	extdeps.formats.elf.types.Elf64Ehdr	1
extdeps.formats.elf.types.Elf64Ehdr	dag/extdeps/formats/elf/types.dag	6254	6263
# TYPE	extdeps.formats.elf.types.ElfIdent	1
extdeps.formats.elf.types.ElfIdent	dag/extdeps/formats/elf/types.dag	406	414
# TYPE	extdeps.git.versioning.GitReleaseVersion	1
extdeps.git.versioning.GitReleaseVersion	dag/extdeps/git/versioning.dag	841	858
# TYPE	extdeps.github.errors.GitHubErrorShape	1
extdeps.github.errors.GitHubErrorShape	dag/extdeps/github/errors.dag	428	444
# TYPE	extdeps.github.expressions.ExpressionSpellings	1
extdeps.github.expressions.ExpressionSpellings	dag/extdeps/github/expressions.dag	2060	2079
# TYPE	extdeps.gpu.types.AcceleratorFacts	1
extdeps.gpu.types.AcceleratorFacts	dag/gunbc/accelerator_demo_plan.dag	723	757
# TYPE	extdeps.gpu.types.UnsubstantiatedGpuCapabilityLabel	1
extdeps.gpu.types.UnsubstantiatedGpuCapabilityLabel	dag/extdeps/gpu/types.dag	1152	1185
# TYPE	extdeps.hardware.Hardware	1
extdeps.hardware.Hardware	dag/extdeps/gpu/types.dag	2118	2126
# TYPE	extdeps.http.server.MediaType	1
extdeps.http.server.MediaType	dag/extdeps/http/server.dag	6543	6552
# TYPE	extdeps.http.server.NodeHttpRequestListener	1
extdeps.http.server.NodeHttpRequestListener	dag/extdeps/http/server.dag	6102	6125
# TYPE	extdeps.http.server.NodeHttpServerRouteBinding	1
extdeps.http.server.NodeHttpServerRouteBinding	dag/gunbc/gunbhub_serve.dag	10407	10433
# TYPE	extdeps.http.server.ServedStaticRoute	1
extdeps.http.server.ServedStaticRoute	dag/extdeps/http/server.dag	6629	6646
# TYPE	extdeps.http.server.ServedStaticRouteTable	1
extdeps.http.server.ServedStaticRouteTable	dag/gunbc/gunbhub_serve.dag	8324	8346
# TYPE	extdeps.languages.markdown.MarkdownSpellings	1
extdeps.languages.markdown.MarkdownSpellings	dag/extdeps/languages/markdown.dag	2228	2245
# TYPE	extdeps.llm.anthropic.AnthropicModelSpec	1
extdeps.llm.anthropic.AnthropicModelSpec	dag/extdeps/llm/anthropic.dag	1159	1177
# TYPE	extdeps.llm.anthropic_errors.AnthropicErrorDetails	1
extdeps.llm.anthropic_errors.AnthropicErrorDetails	dag/extdeps/llm/anthropic_errors.dag	2516	2537
# TYPE	extdeps.llm.anthropic_errors.AnthropicErrorShape	1
extdeps.llm.anthropic_errors.AnthropicErrorShape	dag/extdeps/llm/anthropic_errors.dag	2571	2590
# TYPE	extdeps.memory.types.MemoryFacts	1
extdeps.memory.types.MemoryFacts	dag/extdeps/gpu/types.dag	2236	2247
# TYPE	extdeps.network.endpoint.SocketAddress	1
extdeps.network.endpoint.SocketAddress	dag/extdeps/network/endpoint.dag	2091	2104
# TYPE	extdeps.network.ipv4.Ipv4Address	1
extdeps.network.ipv4.Ipv4Address	dag/extdeps/network/ipv4.dag	1878	1889
# TYPE	extdeps.provisioning.network_boot.NetworkBootChain	1
extdeps.provisioning.network_boot.NetworkBootChain	dag/gunbc/os_install.dag	3065	3081
# TYPE	extdeps.provisioning.ubuntu_install_media.UbuntuInstallMediaMirrorRow	1
extdeps.provisioning.ubuntu_install_media.UbuntuInstallMediaMirrorRow	dag/gunbc/srv3_install_media_fetch.dag	2287	2314
# TYPE	extdeps.provisioning.ubuntu_seeded_install_media.UbuntuSeededInstallMediaArtifactRow	1
extdeps.provisioning.ubuntu_seeded_install_media.UbuntuSeededInstallMediaArtifactRow	dag/gunbc/srv3_seeded_install_media_artifact.dag	1466	1501
# TYPE	extdeps.router.verizon_cr1000a.Cr1000aRouterCatalogRow	1
extdeps.router.verizon_cr1000a.Cr1000aRouterCatalogRow	dag/extdeps/router/verizon_cr1000a.dag	1063	1086
# TYPE	extdeps.storage.types.PcieLink	1
extdeps.storage.types.PcieLink	dag/extdeps/storage/types.dag	1426	1434
# TYPE	extdeps.systemd.oomd.UnitManagedOomPolicy	1
extdeps.systemd.oomd.UnitManagedOomPolicy	dag/gunbc/oomd_install.dag	1369	1389
# TYPE	extdeps.tailscale.acl.TailscaleAclPolicy	1
extdeps.tailscale.acl.TailscaleAclPolicy	dag/extdeps/tailscale/acl.dag	5644	5662
# TYPE	extdeps.tools.free.MemoryStats	1
extdeps.tools.free.MemoryStats	dag/extdeps/tools/free.dag	563	574
# TYPE	extdeps.uri.Uri	1
extdeps.uri.Uri	dag/extdeps/external_authority.dag	223	226
# TYPE	gunbc.accelerator_demo_render.AcceleratorDemoPlanView	1
gunbc.accelerator_demo_render.AcceleratorDemoPlanView	dag/gunbc/accelerator_demo_render.dag	271	294
# TYPE	gunbc.assimilate.bmc_wif_delegation_chain.WifDelegationChain	1
gunbc.assimilate.bmc_wif_delegation_chain.WifDelegationChain	dag/gunbc/assimilate/bmc_wif_delegation_chain.dag	4735	4753
# TYPE	gunbc.build_cache_instance.RunnerSlotIdentity	1
gunbc.build_cache_instance.RunnerSlotIdentity	dag/gunbc/build_cache_instance.dag	9584	9602
# TYPE	gunbc.ci_deploy_access.DeployAccessJobPrincipalRefusal	1
gunbc.ci_deploy_access.DeployAccessJobPrincipalRefusal	dag/gunbc/ci_deploy_access.dag	1959	1990
# TYPE	gunbc.ci_deploy_access.DeployAuthorizationQuery	1
gunbc.ci_deploy_access.DeployAuthorizationQuery	dag/gunbc/ci_deploy_access.dag	8408	8432
# TYPE	gunbc.ci_deploy_access.PrivilegedCommand	1
gunbc.ci_deploy_access.PrivilegedCommand	dag/gunbc/ci_deploy_access.dag	4004	4021
# TYPE	gunbc.ci_fleet.ComputeOffer	1
gunbc.ci_fleet.ComputeOffer	dag/gunbc/ci_fleet.dag	2745	2757
# TYPE	gunbc.ci_fleet.ComputeSupplyFacts	1
gunbc.ci_fleet.ComputeSupplyFacts	dag/gunbc/ci_fleet.dag	1452	1470
# TYPE	gunbc.ci_fleet.CostEstimate	1
gunbc.ci_fleet.CostEstimate	dag/gunbc/ci_fleet.dag	1630	1642
# TYPE	gunbc.ci_fleet.CostModel	1
gunbc.ci_fleet.CostModel	dag/gunbc/ci_fleet.dag	1175	1184
# TYPE	gunbc.ci_runner_placement.RunnerHostDeployment	1
gunbc.ci_runner_placement.RunnerHostDeployment	dag/gunbc/ci_runner_placement.dag	2611	2631
# TYPE	gunbc.ci_spec.DeployStage	1
gunbc.ci_spec.DeployStage	dag/gunbc/ci_spec.dag	8375	8386
# TYPE	gunbc.digest_render.PullRequestDigestSubject	1
gunbc.digest_render.PullRequestDigestSubject	dag/gunbc/digest_render.dag	867	891
# TYPE	gunbc.fleet_converge_cli.ConvergeCliOutput	1
gunbc.fleet_converge_cli.ConvergeCliOutput	dag/gunbc/fleet_converge_cli.dag	8648	8665
# TYPE	gunbc.fleet_converge_cli.ConvergeCliReceipt	1
gunbc.fleet_converge_cli.ConvergeCliReceipt	dag/gunbc/fleet_converge_cli.dag	9393	9411
# TYPE	gunbc.fleet_posix_accounts.DeployRunnerPrincipal	1
gunbc.fleet_posix_accounts.DeployRunnerPrincipal	dag/gunbc/fleet_posix_accounts.dag	3140	3161
# TYPE	gunbc.fleet_posix_accounts.GroundedPosixPrincipal	1
gunbc.fleet_posix_accounts.GroundedPosixPrincipal	dag/gunbc/fleet_posix_accounts.dag	6152	6174
# TYPE	gunbc.fleet_posix_accounts.PosixAccountDeclaredProbe	1
gunbc.fleet_posix_accounts.PosixAccountDeclaredProbe	dag/gunbc/fleet_posix_accounts.dag	2642	2667
# TYPE	gunbc.gunbhub_serve.GunbhubHttpResponse	1
gunbc.gunbhub_serve.GunbhubHttpResponse	dag/gunbc/gunbhub_serve.dag	848	867
# TYPE	gunbc.host_converge.ConvergeApplyMode	1
gunbc.host_converge.ConvergeApplyMode	dag/gunbc/host_converge.dag	6484	6501
# TYPE	gunbc.host_converge.ConvergeNoOpPolicy	1
gunbc.host_converge.ConvergeNoOpPolicy	dag/gunbc/host_converge.dag	6511	6529
# TYPE	gunbc.host_converge.ConvergeTarget	1
gunbc.host_converge.ConvergeTarget	dag/gunbc/host_converge.dag	6455	6469
# TYPE	gunbc.host_converge.HostConverge	1
gunbc.host_converge.HostConverge	dag/gunbc/host_effect.dag	1150	1162
# TYPE	gunbc.host_converge_delta.ConvergeKnobKey	1
gunbc.host_converge_delta.ConvergeKnobKey	dag/gunbc/host_converge_delta.dag	1655	1670
# TYPE	gunbc.host_effect.HostEffect	1
gunbc.host_effect.HostEffect	dag/gunbc/ci_deploy_access_observe.dag	1459	1469
# TYPE	gunbc.host_effect.HostEffectEvidence	1
gunbc.host_effect.HostEffectEvidence	dag/gunbc/host_effect_realize.dag	73025	73043
# TYPE	gunbc.host_effect.ThinInvocation	1
gunbc.host_effect.ThinInvocation	dag/gunbc/fleet_converge_apply.dag	3283	3297
# TYPE	gunbc.host_effect_nbd_proxy_serve.NbdProxyServeSessionBinding	1
gunbc.host_effect_nbd_proxy_serve.NbdProxyServeSessionBinding	dag/gunbc/host_effect_nbd_proxy_serve.dag	3408	3435
# TYPE	gunbc.host_identity_adopt.HostIdentityAdoptReceipt	1
gunbc.host_identity_adopt.HostIdentityAdoptReceipt	dag/gunbc/host_identity_adopt.dag	2249	2273
# TYPE	gunbc.host_identity_knob.HostIdentityKnobValue	1
gunbc.host_identity_knob.HostIdentityKnobValue	dag/gunbc/host_identity_knob.dag	301	322
# TYPE	gunbc.host_phase_status.HostPhaseCellStatus	1
gunbc.host_phase_status.HostPhaseCellStatus	dag/gunbc/host_phase_status.dag	13900	13919
# TYPE	gunbc.host_runner_memory_cap_verify.RunnerMemoryCapVerifyReceipt	1
gunbc.host_runner_memory_cap_verify.RunnerMemoryCapVerifyReceipt	dag/gunbc/host_runner_memory_cap_verify.dag	7164	7192
# TYPE	gunbc.host_runner_memory_cap_verify.RunnerMemoryCapVerifyTally	1
gunbc.host_runner_memory_cap_verify.RunnerMemoryCapVerifyTally	dag/gunbc/host_runner_memory_cap_verify.dag	2906	2932
# TYPE	gunbc.host_standup.GapLedgerRow	1
gunbc.host_standup.GapLedgerRow	dag/gunbc/host_standup.dag	14412	14424
# TYPE	gunbc.host_standup.HostStandupStep	1
gunbc.host_standup.HostStandupStep	dag/gunbc/host_standup.dag	4747	4762
# TYPE	gunbc.idea_pr_spine.StageStep	1
gunbc.idea_pr_spine.StageStep	dag/gunbc/idea_pr_spine.dag	1289	1298
# TYPE	gunbc.membership_reconcile.MembershipTally	1
gunbc.membership_reconcile.MembershipTally	dag/gunbc/membership_reconcile.dag	5590	5605
# TYPE	gunbc.merge_admission.MergeAdmissionReceipt	1
gunbc.merge_admission.MergeAdmissionReceipt	dag/gunbc/merge_admission.dag	20025	20046
# TYPE	gunbc.merge_admission.RepoStandard	1
gunbc.merge_admission.RepoStandard	dag/gunbc/merge_admission.dag	2215	2227
# TYPE	gunbc.nbd_proxy_virtual_media_install.OsInstallActuatorPlan	1
gunbc.nbd_proxy_virtual_media_install.OsInstallActuatorPlan	dag/gunbc/nbd_proxy_virtual_media_install.dag	4251	4272
# TYPE	gunbc.os_install.Srv3OsInstallPlan	1
gunbc.os_install.Srv3OsInstallPlan	dag/gunbc/os_install.dag	5577	5594
# TYPE	gunbc.output_policy.ChannelPolicy	1
gunbc.output_policy.ChannelPolicy	dag/gunbc/output_policy.dag	2011	2024
# TYPE	gunbc.output_policy.EffectStreamPolicy	1
gunbc.output_policy.EffectStreamPolicy	dag/gunbc/output_policy.dag	13381	13399
# TYPE	gunbc.readback_independence.ReadBackProbe	1
gunbc.readback_independence.ReadBackProbe	dag/gunbc/readback_independence.dag	8909	8922
# TYPE	gunbc.runner_activation.HostCompilePoolReady	1
gunbc.runner_activation.HostCompilePoolReady	dag/gunbc/host_compile_pool.dag	8792	8812
# TYPE	gunbc.runner_host_deploy.GithubAppRunnerConfig	1
gunbc.runner_host_deploy.GithubAppRunnerConfig	dag/gunbc/runner_host_deploy.dag	1979	2000
# TYPE	gunbc.runner_slot_allocation.HostRunnerSlotAllocation	1
gunbc.runner_slot_allocation.HostRunnerSlotAllocation	dag/gunbc/runner_slot_allocation.dag	4047	4071
# TYPE	gunbc.session_lease.ProcessPortScope	1
gunbc.session_lease.ProcessPortScope	dag/gunbc/host_effect_nbd_proxy_serve.dag	3238	3254
# TYPE	gunbc.srv3_bmc_credential_resolve.BmcCredentialIntent	1
gunbc.srv3_bmc_credential_resolve.BmcCredentialIntent	dag/gunbc/srv3_bmc_credential_resolve.dag	1505	1524
# TYPE	gunbc.srv3_host_effect_apply.Srv3TypedReceipt	1
gunbc.srv3_host_effect_apply.Srv3TypedReceipt	dag/gunbc/srv3_host_effect_apply.dag	2319	2335
# TYPE	product.budget_tree.BudgetNode	1
product.budget_tree.BudgetNode	dag/product/budget_tree.dag	1546	1556
# TYPE	product.network_topology.NetworkTopology	1
product.network_topology.NetworkTopology	dag/gunbc/fleet_intent_network.dag	6535	6550
# TYPE	std.access.AccessDecision	1
std.access.AccessDecision	dag/test/claim/crosstree_probe_test.dag	147	172
# TYPE	std.algebra.Ordering	1
std.algebra.Ordering	dag/test/claim/extdeps_version_witness_test.dag	288	308
# TYPE	std.bmc.BmcEndpoint	1
std.bmc.BmcEndpoint	dag/gunbc/bmc_onboarding.dag	5999	6010
# TYPE	std.cache_interface.CacheEvidence	1
std.cache_interface.CacheEvidence	dag/extdeps/cache/types.dag	3250	3263
# TYPE	std.cache_interface.CacheLayerPlan	1
std.cache_interface.CacheLayerPlan	dag/std/cache_interface.dag	9564	9578
# TYPE	std.cache_interface.KeyDerivationFacts	1
std.cache_interface.KeyDerivationFacts	dag/std/cache_interface.dag	3221	3239
# TYPE	std.determinism.Determinism	1
std.determinism.Determinism	dag/std/behavioral.dag	838	865
# TYPE	std.effect_grant.Envelope	1
std.effect_grant.Envelope	dag/gunbc/ci_deploy_access.dag	2150	2158
# TYPE	std.exec_format.EntryPoint	1
std.exec_format.EntryPoint	dag/extdeps/formats/elf/types.dag	6818	6828
# TYPE	std.exec_format.ExecutableFormat	1
std.exec_format.ExecutableFormat	dag/extdeps/formats/elf/primitives.dag	1185	1201
# TYPE	std.exec_format.LoadSegment	1
std.exec_format.LoadSegment	dag/extdeps/formats/elf/segments.dag	2123	2134
# TYPE	std.exec_format.SegmentPermission	1
std.exec_format.SegmentPermission	dag/std/exec_format.dag	332	349
# TYPE	std.graph.CallGraphAdjacencyViews	1
std.graph.CallGraphAdjacencyViews	dag/std/graph.dag	1032	1055
# TYPE	std.http_path.PathTemplate	1
std.http_path.PathTemplate	dag/extdeps/uri_path.dag	598	610
# TYPE	std.markdown.MarkdownDocument	1
std.markdown.MarkdownDocument	dag/extdeps/languages/markdown.dag	16314	16330
# TYPE	std.perturbation.PerturbationVerdict	1
std.perturbation.PerturbationVerdict	dag/std/determinism.dag	151	187
# TYPE	std.realization_schedule.RunnableResourceProfile	1
std.realization_schedule.RunnableResourceProfile	dag/std/realization_schedule.dag	5264	5287
# TYPE	std.render.RenderCapability	1
std.render.RenderCapability	dag/extdeps/render/terminal_capability.dag	1016	1032
# TYPE	std.temporal_effect.EffectStepReceipt	1
std.temporal_effect.EffectStepReceipt	dag/std/temporal_effect.dag	2312	2329
# TYPE	v2.compiler.parse.ParseArtifact	1
v2.compiler.parse.ParseArtifact	src/v2/compiler/02_parse.dag	68886	68899
# TYPE	v2.lens.duplicate_computation.ComputationDemandFact	1
v2.lens.duplicate_computation.ComputationDemandFact	dag/test/claim/computation_demand_duplication_witness_test.dag	596	647
# TYPE	v2.lens.duplicate_computation.ReplicationIntent	1
v2.lens.duplicate_computation.ReplicationIntent	dag/test/claim/computation_demand_duplication_witness_test.dag	539	586
# TYPE	v2.lens.duplicate_computation.TypedArgvInvocation	1
v2.lens.duplicate_computation.TypedArgvInvocation	dag/test/claim/computation_demand_duplication_witness_test.dag	202	251
# TYPE	v2.lens.enforcement.vocab.ConsumerRequirement	1
v2.lens.enforcement.vocab.ConsumerRequirement	src/v2/lens/enforcement/standing_intent.dag	684	729
# TYPE	v2.lens.enforcement.vocab.EnforcementMode	1
v2.lens.enforcement.vocab.EnforcementMode	src/v2/lens/enforcement/standing_intent.dag	621	662
# TYPE	v2.lens.enforcement.vocab.NarrowingReason	1
v2.lens.enforcement.vocab.NarrowingReason	src/v2/lens/enforcement/standing_intent.dag	790	831
# TYPE	v2.lens.enforcement.vocab.SubjectRoster	1
v2.lens.enforcement.vocab.SubjectRoster	src/v2/lens/enforcement/standing_intent.dag	565	604
# TYPE	v2.lens.registry.LensIdV0	1
v2.lens.registry.LensIdV0	src/v2/lens/enforcement/standing_intent.dag	88	113
# TYPE	v2.std.decl_index.DeclFact	1
v2.std.decl_index.DeclFact	src/v2/lens/enforcement/grammar_coverage.dag	1497	1523
# TYPE	v2.std.diagnostic.Diagnostic	1
v2.std.diagnostic.Diagnostic	src/v2/std/diagnostic.dag	762	772
# TYPE	v2.std.diagnostic.NonEmptyDiagnostics	1
v2.std.diagnostic.NonEmptyDiagnostics	src/v2/std/diagnostic.dag	970	989
# TYPE	v2.std.language_model.LanguageModel	1
v2.std.language_model.LanguageModel	src/v2/extdeps/languages/dag.dag	117875	117888
