[SOL Session operational.  Use ~? for help]
EFI stub: Booting Linux Kernel...
EFI stub: WARNING: Working around broken SetVirtualAddressMap()
EFI stub: Generating empty DTB
EFI stub: Exiting boot services...
[    0.000000] Booting Linux on physical CPU 0x0000120000 [0x413fd0c1]
[    0.000000] Linux version 6.12.108 (briansrls@srv2) (gcc (Ubuntu 13.3.0-6ubuntu2~24.04.1) 13.3.0, GNU ld (GNU Binutils for Ubuntu) 2.42) #11 SMP PREEMPT Sun Sep  6 22:07:51 UTC 2026
[    0.000000] KASLR enabled
[    0.000000] efi: EFI v2.7 by American Megatrends
[    0.000000] efi: ACPI 2.0=0xaad80000 SMBIOS 3.0=0xb0a4ff98 MEMATTR=0xa65d9018 ESRT=0xa65def98 RNG=0xaabc0018 MEMRESERVE=0xa66b5f18 
[    0.000000] random: crng init done
[    0.000000] esrt: Reserving ESRT space from 0x00000000a65def98 to 0x00000000a65defd0.
[    0.000000] ACPI: Early table checksum verification disabled
[    0.000000] ACPI: RSDP 0x00000000AAD80000 000024 (v02 Ampere)
[    0.000000] ACPI: XSDT 0x00000000AAD70000 0000DC (v01 Ampere Altra    00000000 AMI  01000013)
[    0.000000] ACPI: FACP 0x00000000AAD50000 000114 (v06 Ampere Altra    00000000 INTL 20190509)
[    0.000000] ACPI: DSDT 0x00000000AACD0000 02FDB3 (v02 Ampere Jade     00000001 INTL 20200717)
[    0.000000] ACPI: FACS 0x00000000AADD0000 000040
[    0.000000] ACPI: DBG2 0x00000000AAD60000 00005C (v00 Ampere Altra    00000000 INTL 20190509)
[    0.000000] ACPI: GTDT 0x00000000AAD40000 000110 (v03 Ampere Altra    00000000 INTL 20190509)
[    0.000000] ACPI: SSDT 0x00000000AAD30000 00002D (v02 Ampere Altra    00000001 INTL 20190509)
[    0.000000] ACPI: EINJ 0x00000000AAD10000 000150 (v01 Ampere Altra    00000001 INTL 20200717)
[    0.000000] ACPI: SDEI 0x00000000AAD00000 000024 (v01 Ampere Altra    00000001 INTL 20200717)
[    0.000000] ACPI: SPMI 0x00000000AACC0000 000041 (v05 ALASKA A M I    00000000 AMI. 00000000)
[    0.000000] ACPI: SPMI 0x00000000AACB0000 000041 (v05 ALASKA A M I    00000000 AMI. 00000000)
[    0.000000] ACPI: SPMI 0x00000000AACA0000 000041 (v05 ALASKA A M I    00000000 AMI. 00000000)
[    0.000000] ACPI: FIDT 0x00000000AAC90000 00009C (v01 ALASKA A M I    01072009 AMI  00010013)
[    0.000000] ACPI: SPCR 0x00000000AAC80000 000050 (v02 A M I  APTIO V  01072009 AMI. 0005000F)
[    0.000000] ACPI: BGRT 0x00000000AAC70000 000038 (v01 ALASKA A M I    01072009 AMI  00010013)
[    0.000000] ACPI: PPTT 0x00000000AAC50000 006E60 (v02 Ampere Altra    00000000 AMP. 01000013)
[    0.000000] ACPI: SLIT 0x00000000AAC40000 000030 (v01 Ampere Altra    00000000 AMP. 01000013)
[    0.000000] ACPI: SRAT 0x00000000AAC30000 000CF0 (v03 Ampere Altra    00000000 AMP. 01000013)
[    0.000000] ACPI: HEST 0x00000000AAC20000 0007E8 (v01 Ampere Altra    00000001 ARM  00000099)
[    0.000000] ACPI: BERT 0x00000000AAD20000 000030 (v01 Ampere Altra    00000001 INTL 20200717)
[    0.000000] ACPI: MCFG 0x00000000AAC10000 0000EC (v01 Ampere Altra    00000001 AMP. 01000013)
[    0.000000] ACPI: IORT 0x00000000AAC00000 000900 (v00 Ampere Altra    00000000 AMP. 01000013)
[    0.000000] ACPI: APIC 0x00000000AAC60000 003354 (v05 Ampere Altra    00000003 AMI  01000013)
[    0.000000] ACPI: PCCT 0x00000000AABF0000 000ABC (v02 Ampere Altra    00000003 AMP. 01000013)
[    0.000000] ACPI: WSMT 0x00000000AABE0000 000028 (v01 ALASKA A M I    01072009 AMI  00010013)
[    0.000000] ACPI: FPDT 0x00000000AABD0000 000044 (v01 ALASKA A M I    01072009 AMI  01000013)
[    0.000000] ACPI: SPCR: console: pl011,mmio32,0x100002600000,115200
[    0.000000] earlycon: pl11 at MMIO32 0x0000100002600000 (options '115200')
[    0.000000] printk: legacy bootconsole [pl11] enabled
[    0.000000] ACPI: Use ACPI SPCR as default console: Yes
[    0.000000] ACPI: SRAT: Node 0 PXM 0 [mem 0x88300000-0x883fffff]
[    0.000000] ACPI: SRAT: Node 0 PXM 0 [mem 0x90000000-0xbfffffff]
[    0.000000] ACPI: SRAT: Node 0 PXM 0 [mem 0x80000000000-0x8007fffffff]
[    0.000000] ACPI: SRAT: Node 0 PXM 0 [mem 0x800c0000000-0x81fffffffff]
[    0.000000] ACPI: SRAT: Node 1 PXM 1 [mem 0x400000000000-0x4000bfffffff]
[    0.000000] ACPI: SRAT: Node 1 PXM 1 [mem 0x400100000000-0x401fffffffff]
[    0.000000] NUMA: Node 0 [mem 0x88300000-0x883fffff] + [mem 0x90000000-0xbfffffff] -> [mem 0x88300000-0xbfffffff]
[    0.000000] NUMA: Node 0 [mem 0x88300000-0xbfffffff] + [mem 0x80000000000-0x8007fffffff] -> [mem 0x88300000-0x8007fffffff]
[    0.000000] NUMA: Node 0 [mem 0x88300000-0x8007fffffff] + [mem 0x800c0000000-0x81fffffffff] -> [mem 0x88300000-0x81fffffffff]
[    0.000000] NUMA: Node 1 [mem 0x400000000000-0x4000bfffffff] + [mem 0x400100000000-0x401fffffffff] -> [mem 0x400000000000-0x401fffffffff]
[    0.000000] NODE_DATA(0) allocated [mem 0x81fffffd9c0-0x81fffffffff]
[    0.000000] NODE_DATA(1) allocated [mem 0x401fe01e89c0-0x401fe01eafff]
[    0.000000] Zone ranges:
[    0.000000]   DMA      [mem 0x0000000088300000-0x00000000ffffffff]
[    0.000000]   DMA32    empty
[    0.000000]   Normal   [mem 0x0000000100000000-0x0000401fffffffff]
[    0.000000] Movable zone start for each node
[    0.000000] Early memory node ranges
[    0.000000]   node   0: [mem 0x0000000088300000-0x00000000883fffff]
[    0.000000]   node   0: [mem 0x0000000090000000-0x0000000091ffffff]
[    0.000000]   node   0: [mem 0x0000000092000000-0x00000000927bffff]
[    0.000000]   node   0: [mem 0x00000000927c0000-0x00000000aa872fff]
[    0.000000]   node   0: [mem 0x00000000aa873000-0x00000000aab51fff]
[    0.000000]   node   0: [mem 0x00000000aab52000-0x00000000aadcffff]
[    0.000000]   node   0: [mem 0x00000000aadd0000-0x00000000aadeffff]
[    0.000000]   node   0: [mem 0x00000000aadf0000-0x00000000ad66ffff]
[    0.000000]   node   0: [mem 0x00000000ad670000-0x00000000b768ffff]
[    0.000000]   node   0: [mem 0x00000000b7690000-0x00000000b786ffff]
[    0.000000]   node   0: [mem 0x00000000b7870000-0x00000000b7feffff]
[    0.000000]   node   0: [mem 0x00000000b7ff0000-0x00000000bfc3efff]
[    0.000000]   node   0: [mem 0x00000000bfc3f000-0x00000000bfc3ffff]
[    0.000000]   node   0: [mem 0x00000000bfc40000-0x00000000bfffffff]
[    0.000000]   node   0: [mem 0x0000080000000000-0x000008007fffffff]
[    0.000000]   node   0: [mem 0x00000800c0000000-0x0000081fffffffff]
[    0.000000]   node   1: [mem 0x0000400000000000-0x00004000bfffffff]
[    0.000000]   node   1: [mem 0x0000400100000000-0x0000401fffffffff]
[    0.000000] Initmem setup node 0 [mem 0x0000000088300000-0x0000081fffffffff]
[    0.000000] Initmem setup node 1 [mem 0x0000400000000000-0x0000401fffffffff]
[    0.000000] On node 0, zone DMA: 768 pages in unavailable ranges
[    0.000000] On node 0, zone DMA: 31744 pages in unavailable ranges
[    0.000000] cma: Reserved 32 MiB at 0x00000000bdc00000 on node -1
[    0.000000] psci: probing for conduit method from ACPI.
[    0.000000] psci: PSCIv1.1 detected in firmware.
[    0.000000] psci: Using standard PSCI v0.2 function IDs
[    0.000000] psci: MIGRATE_INFO_TYPE not supported.
[    0.000000] psci: SMC Calling Convention v1.2
[    0.000000] ACPI: NUMA: SRAT: PXM 0 -> MPIDR 0x0 -> Node 0
[    0.000000] ACPI: NUMA: SRAT: PXM 0 -> MPIDR 0x100 -> Node 0
[    0.000000] ACPI: NUMA: SRAT: PXM 0 -> MPIDR 0x10000 -> Node 0
[    0.000000] ACPI: NUMA: SRAT: PXM 0 -> MPIDR 0x10100 -> Node 0
[    0.000000] ACPI: NUMA: SRAT: PXM 0 -> MPIDR 0x20000 -> Node 0
[    0.000000] ACPI: NUMA: SRAT: PXM 0 -> MPIDR 0x20100 -> Node 0
[    0.000000] ACPI: NUMA: SRAT: PXM 0 -> MPIDR 0x30000 -> Node 0
[    0.000000] ACPI: NUMA: SRAT: PXM 0 -> MPIDR 0x30100 -> Node 0
[    0.000000] ACPI: NUMA: SRAT: PXM 0 -> MPIDR 0x40000 -> Node 0
[    0.000000] ACPI: NUMA: SRAT: PXM 0 -> MPIDR 0x40100 -> Node 0
[    0.000000] ACPI: NUMA: SRAT: PXM 0 -> MPIDR 0x50000 -> Node 0
[    0.000000] ACPI: NUMA: SRAT: PXM 0 -> MPIDR 0x50100 -> Node 0
[    0.000000] ACPI: NUMA: SRAT: PXM 0 -> MPIDR 0x60000 -> Node 0
[    0.000000] ACPI: NUMA: SRAT: PXM 0 -> MPIDR 0x60100 -> Node 0
[    0.000000] ACPI: NUMA: SRAT: PXM 0 -> MPIDR 0x70000 -> Node 0
[    0.000000] ACPI: NUMA: SRAT: PXM 0 -> MPIDR 0x70100 -> Node 0
[    0.000000] ACPI: NUMA: SRAT: PXM 0 -> MPIDR 0x80000 -> Node 0
[    0.000000] ACPI: NUMA: SRAT: PXM 0 -> MPIDR 0x80100 -> Node 0
[    0.000000] ACPI: NUMA: SRAT: PXM 0 -> MPIDR 0x90000 -> Node 0
[    0.000000] ACPI: NUMA: SRAT: PXM 0 -> MPIDR 0x90100 -> Node 0
[    0.000000] ACPI: NUMA: SRAT: PXM 0 -> MPIDR 0xa0000 -> Node 0
[    0.000000] ACPI: NUMA: SRAT: PXM 0 -> MPIDR 0xa0100 -> Node 0
[    0.000000] ACPI: NUMA: SRAT: PXM 0 -> MPIDR 0xb0000 -> Node 0
[    0.000000] ACPI: NUMA: SRAT: PXM 0 -> MPIDR 0xb0100 -> Node 0
[    0.000000] ACPI: NUMA: SRAT: PXM 0 -> MPIDR 0xc0000 -> Node 0
[    0.000000] ACPI: NUMA: SRAT: PXM 0 -> MPIDR 0xc0100 -> Node 0
[    0.000000] ACPI: NUMA: SRAT: PXM 0 -> MPIDR 0xd0000 -> Node 0
[    0.000000] ACPI: NUMA: SRAT: PXM 0 -> MPIDR 0xd0100 -> Node 0
[    0.000000] ACPI: NUMA: SRAT: PXM 0 -> MPIDR 0xe0000 -> Node 0
[    0.000000] ACPI: NUMA: SRAT: PXM 0 -> MPIDR 0xe0100 -> Node 0
[    0.000000] ACPI: NUMA: SRAT: PXM 0 -> MPIDR 0xf0000 -> Node 0
[    0.000000] ACPI: NUMA: SRAT: PXM 0 -> MPIDR 0xf0100 -> Node 0
[    0.000000] ACPI: NUMA: SRAT: PXM 0 -> MPIDR 0x100000 -> Node 0
[    0.000000] ACPI: NUMA: SRAT: PXM 0 -> MPIDR 0x100100 -> Node 0
[    0.000000] ACPI: NUMA: SRAT: PXM 0 -> MPIDR 0x110000 -> Node 0
[    0.000000] ACPI: NUMA: SRAT: PXM 0 -> MPIDR 0x110100 -> Node 0
[    0.000000] ACPI: NUMA: SRAT: PXM 0 -> MPIDR 0x120000 -> Node 0
[    0.000000] ACPI: NUMA: SRAT: PXM 0 -> MPIDR 0x120100 -> Node 0
[    0.000000] ACPI: NUMA: SRAT: PXM 0 -> MPIDR 0x130000 -> Node 0
[    0.000000] ACPI: NUMA: SRAT: PXM 0 -> MPIDR 0x130100 -> Node 0
[    0.000000] ACPI: NUMA: SRAT: PXM 0 -> MPIDR 0x140000 -> Node 0
[    0.000000] ACPI: NUMA: SRAT: PXM 0 -> MPIDR 0x140100 -> Node 0
[    0.000000] ACPI: NUMA: SRAT: PXM 0 -> MPIDR 0x150000 -> Node 0
[    0.000000] ACPI: NUMA: SRAT: PXM 0 -> MPIDR 0x150100 -> Node 0
[    0.000000] ACPI: NUMA: SRAT: PXM 0 -> MPIDR 0x160000 -> Node 0
[    0.000000] ACPI: NUMA: SRAT: PXM 0 -> MPIDR 0x160100 -> Node 0
[    0.000000] ACPI: NUMA: SRAT: PXM 0 -> MPIDR 0x170000 -> Node 0
[    0.000000] ACPI: NUMA: SRAT: PXM 0 -> MPIDR 0x170100 -> Node 0
[    0.000000] ACPI: NUMA: SRAT: PXM 0 -> MPIDR 0x180000 -> Node 0
[    0.000000] ACPI: NUMA: SRAT: PXM 0 -> MPIDR 0x180100 -> Node 0
[    0.000000] ACPI: NUMA: SRAT: PXM 0 -> MPIDR 0x190000 -> Node 0
[    0.000000] ACPI: NUMA: SRAT: PXM 0 -> MPIDR 0x190100 -> Node 0
[    0.000000] ACPI: NUMA: SRAT: PXM 0 -> MPIDR 0x1a0000 -> Node 0
[    0.000000] ACPI: NUMA: SRAT: PXM 0 -> MPIDR 0x1a0100 -> Node 0
[    0.000000] ACPI: NUMA: SRAT: PXM 0 -> MPIDR 0x1b0000 -> Node 0
[    0.000000] ACPI: NUMA: SRAT: PXM 0 -> MPIDR 0x1b0100 -> Node 0
[    0.000000] ACPI: NUMA: SRAT: PXM 0 -> MPIDR 0x1c0000 -> Node 0
[    0.000000] ACPI: NUMA: SRAT: PXM 0 -> MPIDR 0x1c0100 -> Node 0
[    0.000000] ACPI: NUMA: SRAT: PXM 0 -> MPIDR 0x1d0000 -> Node 0
[    0.000000] ACPI: NUMA: SRAT: PXM 0 -> MPIDR 0x1d0100 -> Node 0
[    0.000000] ACPI: NUMA: SRAT: PXM 0 -> MPIDR 0x1e0000 -> Node 0
[    0.000000] ACPI: NUMA: SRAT: PXM 0 -> MPIDR 0x1e0100 -> Node 0
[    0.000000] ACPI: NUMA: SRAT: PXM 0 -> MPIDR 0x1f0000 -> Node 0
[    0.000000] ACPI: NUMA: SRAT: PXM 0 -> MPIDR 0x1f0100 -> Node 0
[    0.000000] ACPI: NUMA: SRAT: PXM 0 -> MPIDR 0x200000 -> Node 0
[    0.000000] ACPI: NUMA: SRAT: PXM 0 -> MPIDR 0x200100 -> Node 0
[    0.000000] ACPI: NUMA: SRAT: PXM 0 -> MPIDR 0x210000 -> Node 0
[    0.000000] ACPI: NUMA: SRAT: PXM 0 -> MPIDR 0x210100 -> Node 0
[    0.000000] ACPI: NUMA: SRAT: PXM 0 -> MPIDR 0x220000 -> Node 0
[    0.000000] ACPI: NUMA: SRAT: PXM 0 -> MPIDR 0x220100 -> Node 0
[    0.000000] ACPI: NUMA: SRAT: PXM 0 -> MPIDR 0x230000 -> Node 0
[    0.000000] ACPI: NUMA: SRAT: PXM 0 -> MPIDR 0x230100 -> Node 0
[    0.000000] ACPI: NUMA: SRAT: PXM 0 -> MPIDR 0x240000 -> Node 0
[    0.000000] ACPI: NUMA: SRAT: PXM 0 -> MPIDR 0x240100 -> Node 0
[    0.000000] ACPI: NUMA: SRAT: PXM 0 -> MPIDR 0x250000 -> Node 0
[    0.000000] ACPI: NUMA: SRAT: PXM 0 -> MPIDR 0x250100 -> Node 0
[    0.000000] ACPI: NUMA: SRAT: PXM 0 -> MPIDR 0x260000 -> Node 0
[    0.000000] ACPI: NUMA: SRAT: PXM 0 -> MPIDR 0x260100 -> Node 0
[    0.000000] ACPI: NUMA: SRAT: PXM 0 -> MPIDR 0x270000 -> Node 0
[    0.000000] ACPI: NUMA: SRAT: PXM 0 -> MPIDR 0x270100 -> Node 0
[    0.000000] ACPI: NUMA: SRAT: PXM 1 -> MPIDR 0x100000000 -> Node 1
[    0.000000] ACPI: NUMA: SRAT: PXM 1 -> MPIDR 0x100000100 -> Node 1
[    0.000000] ACPI: NUMA: SRAT: PXM 1 -> MPIDR 0x100010000 -> Node 1
[    0.000000] ACPI: NUMA: SRAT: PXM 1 -> MPIDR 0x100010100 -> Node 1
[    0.000000] ACPI: NUMA: SRAT: PXM 1 -> MPIDR 0x100020000 -> Node 1
[    0.000000] ACPI: NUMA: SRAT: PXM 1 -> MPIDR 0x100020100 -> Node 1
[    0.000000] ACPI: NUMA: SRAT: PXM 1 -> MPIDR 0x100030000 -> Node 1
[    0.000000] ACPI: NUMA: SRAT: PXM 1 -> MPIDR 0x100030100 -> Node 1
[    0.000000] ACPI: NUMA: SRAT: PXM 1 -> MPIDR 0x100040000 -> Node 1
[    0.000000] ACPI: NUMA: SRAT: PXM 1 -> MPIDR 0x100040100 -> Node 1
[    0.000000] ACPI: NUMA: SRAT: PXM 1 -> MPIDR 0x100050000 -> Node 1
[    0.000000] ACPI: NUMA: SRAT: PXM 1 -> MPIDR 0x100050100 -> Node 1
[    0.000000] ACPI: NUMA: SRAT: PXM 1 -> MPIDR 0x100060000 -> Node 1
[    0.000000] ACPI: NUMA: SRAT: PXM 1 -> MPIDR 0x100060100 -> Node 1
[    0.000000] ACPI: NUMA: SRAT: PXM 1 -> MPIDR 0x100070000 -> Node 1
[    0.000000] ACPI: NUMA: SRAT: PXM 1 -> MPIDR 0x100070100 -> Node 1
[    0.000000] ACPI: NUMA: SRAT: PXM 1 -> MPIDR 0x100080000 -> Node 1
[    0.000000] ACPI: NUMA: SRAT: PXM 1 -> MPIDR 0x100080100 -> Node 1
[    0.000000] ACPI: NUMA: SRAT: PXM 1 -> MPIDR 0x100090000 -> Node 1
[    0.000000] ACPI: NUMA: SRAT: PXM 1 -> MPIDR 0x100090100 -> Node 1
[    0.000000] ACPI: NUMA: SRAT: PXM 1 -> MPIDR 0x1000a0000 -> Node 1
[    0.000000] ACPI: NUMA: SRAT: PXM 1 -> MPIDR 0x1000a0100 -> Node 1
[    0.000000] ACPI: NUMA: SRAT: PXM 1 -> MPIDR 0x1000b0000 -> Node 1
[    0.000000] ACPI: NUMA: SRAT: PXM 1 -> MPIDR 0x1000b0100 -> Node 1
[    0.000000] ACPI: NUMA: SRAT: PXM 1 -> MPIDR 0x1000c0000 -> Node 1
[    0.000000] ACPI: NUMA: SRAT: PXM 1 -> MPIDR 0x1000c0100 -> Node 1
[    0.000000] ACPI: NUMA: SRAT: PXM 1 -> MPIDR 0x1000d0000 -> Node 1
[    0.000000] ACPI: NUMA: SRAT: PXM 1 -> MPIDR 0x1000d0100 -> Node 1
[    0.000000] ACPI: NUMA: SRAT: PXM 1 -> MPIDR 0x1000e0000 -> Node 1
[    0.000000] ACPI: NUMA: SRAT: PXM 1 -> MPIDR 0x1000e0100 -> Node 1
[    0.000000] ACPI: NUMA: SRAT: PXM 1 -> MPIDR 0x1000f0000 -> Node 1
[    0.000000] ACPI: NUMA: SRAT: PXM 1 -> MPIDR 0x1000f0100 -> Node 1
[    0.000000] ACPI: NUMA: SRAT: PXM 1 -> MPIDR 0x100100000 -> Node 1
[    0.000000] ACPI: NUMA: SRAT: PXM 1 -> MPIDR 0x100100100 -> Node 1
[    0.000000] ACPI: NUMA: SRAT: PXM 1 -> MPIDR 0x100110000 -> Node 1
[    0.000000] ACPI: NUMA: SRAT: PXM 1 -> MPIDR 0x100110100 -> Node 1
[    0.000000] ACPI: NUMA: SRAT: PXM 1 -> MPIDR 0x100120000 -> Node 1
[    0.000000] ACPI: NUMA: SRAT: PXM 1 -> MPIDR 0x100120100 -> Node 1
[    0.000000] ACPI: NUMA: SRAT: PXM 1 -> MPIDR 0x100130000 -> Node 1
[    0.000000] ACPI: NUMA: SRAT: PXM 1 -> MPIDR 0x100130100 -> Node 1
[    0.000000] ACPI: NUMA: SRAT: PXM 1 -> MPIDR 0x100140000 -> Node 1
[    0.000000] ACPI: NUMA: SRAT: PXM 1 -> MPIDR 0x100140100 -> Node 1
[    0.000000] ACPI: NUMA: SRAT: PXM 1 -> MPIDR 0x100150000 -> Node 1
[    0.000000] ACPI: NUMA: SRAT: PXM 1 -> MPIDR 0x100150100 -> Node 1
[    0.000000] ACPI: NUMA: SRAT: PXM 1 -> MPIDR 0x100160000 -> Node 1
[    0.000000] ACPI: NUMA: SRAT: PXM 1 -> MPIDR 0x100160100 -> Node 1
[    0.000000] ACPI: NUMA: SRAT: PXM 1 -> MPIDR 0x100170000 -> Node 1
[    0.000000] ACPI: NUMA: SRAT: PXM 1 -> MPIDR 0x100170100 -> Node 1
[    0.000000] ACPI: NUMA: SRAT: PXM 1 -> MPIDR 0x100180000 -> Node 1
[    0.000000] ACPI: NUMA: SRAT: PXM 1 -> MPIDR 0x100180100 -> Node 1
[    0.000000] ACPI: NUMA: SRAT: PXM 1 -> MPIDR 0x100190000 -> Node 1
[    0.000000] ACPI: NUMA: SRAT: PXM 1 -> MPIDR 0x100190100 -> Node 1
[    0.000000] ACPI: NUMA: SRAT: PXM 1 -> MPIDR 0x1001a0000 -> Node 1
[    0.000000] ACPI: NUMA: SRAT: PXM 1 -> MPIDR 0x1001a0100 -> Node 1
[    0.000000] ACPI: NUMA: SRAT: PXM 1 -> MPIDR 0x1001b0000 -> Node 1
[    0.000000] ACPI: NUMA: SRAT: PXM 1 -> MPIDR 0x1001b0100 -> Node 1
[    0.000000] ACPI: NUMA: SRAT: PXM 1 -> MPIDR 0x1001c0000 -> Node 1
[    0.000000] ACPI: NUMA: SRAT: PXM 1 -> MPIDR 0x1001c0100 -> Node 1
[    0.000000] ACPI: NUMA: SRAT: PXM 1 -> MPIDR 0x1001d0000 -> Node 1
[    0.000000] ACPI: NUMA: SRAT: PXM 1 -> MPIDR 0x1001d0100 -> Node 1
[    0.000000] ACPI: NUMA: SRAT: PXM 1 -> MPIDR 0x1001e0000 -> Node 1
[    0.000000] ACPI: NUMA: SRAT: PXM 1 -> MPIDR 0x1001e0100 -> Node 1
[    0.000000] ACPI: NUMA: SRAT: PXM 1 -> MPIDR 0x1001f0000 -> Node 1
[    0.000000] ACPI: NUMA: SRAT: PXM 1 -> MPIDR 0x1001f0100 -> Node 1
[    0.000000] ACPI: NUMA: SRAT: PXM 1 -> MPIDR 0x100200000 -> Node 1
[    0.000000] ACPI: NUMA: SRAT: PXM 1 -> MPIDR 0x100200100 -> Node 1
[    0.000000] ACPI: NUMA: SRAT: PXM 1 -> MPIDR 0x100210000 -> Node 1
[    0.000000] ACPI: NUMA: SRAT: PXM 1 -> MPIDR 0x100210100 -> Node 1
[    0.000000] ACPI: NUMA: SRAT: PXM 1 -> MPIDR 0x100220000 -> Node 1
[    0.000000] ACPI: NUMA: SRAT: PXM 1 -> MPIDR 0x100220100 -> Node 1
[    0.000000] ACPI: NUMA: SRAT: PXM 1 -> MPIDR 0x100230000 -> Node 1
[    0.000000] ACPI: NUMA: SRAT: PXM 1 -> MPIDR 0x100230100 -> Node 1
[    0.000000] ACPI: NUMA: SRAT: PXM 1 -> MPIDR 0x100240000 -> Node 1
[    0.000000] ACPI: NUMA: SRAT: PXM 1 -> MPIDR 0x100240100 -> Node 1
[    0.000000] ACPI: NUMA: SRAT: PXM 1 -> MPIDR 0x100250000 -> Node 1
[    0.000000] ACPI: NUMA: SRAT: PXM 1 -> MPIDR 0x100250100 -> Node 1
[    0.000000] ACPI: NUMA: SRAT: PXM 1 -> MPIDR 0x100260000 -> Node 1
[    0.000000] ACPI: NUMA: SRAT: PXM 1 -> MPIDR 0x100260100 -> Node 1
[    0.000000] ACPI: NUMA: SRAT: PXM 1 -> MPIDR 0x100270000 -> Node 1
[    0.000000] ACPI: NUMA: SRAT: PXM 1 -> MPIDR 0x100270100 -> Node 1
[    0.000000] percpu: Embedded 23 pages/cpu s63512 r0 d30696 u94208
[    0.000000] Detected PIPT I-cache on CPU0
[    0.000000] CPU features: detected: GIC system register CPU interface
[    0.000000] CPU features: detected: Virtualization Host Extensions
[    0.000000] CPU features: detected: Spectre-v4
[    0.000000] CPU features: detected: Spectre-BHB
[    0.000000] CPU features: kernel page table isolation forced ON by KASLR
[    0.000000] CPU features: detected: Kernel page table isolation (KPTI)
[    0.000000] CPU features: detected: ARM erratum 1418040
[    0.000000] CPU features: detected: Broken broadcast TLBI completion
[    0.000000] CPU features: detected: SSBS not fully self-synchronizing
[    0.000000] alternatives: applying boot alternatives
[    0.000000] Kernel command line: console=ttyS0,115200 console=ttyAMA0,115200 earlycon
[    0.000000] printk: log_buf_len individual max cpu contribution: 4096 bytes
[    0.000000] printk: log_buf_len total cpu_extra contributions: 651264 bytes
[    0.000000] printk: log_buf_len min size: 131072 bytes
[    0.000000] printk: log_buf_len: 1048576 bytes
[    0.000000] printk: early log buf free: 111064(84%)
[    0.000000] Fallback order for Node 0: 0 1 
[    0.000000] Fallback order for Node 1: 1 0 
[    0.000000ing on.  Total pages: 66781440
[    0.000000] Policy zone: Normal
[    0.000000] mem auto-init: stack:all(zero), heap alloc:off, heap free:off
[    0.000000] software IO TLB: area num 256.
[    0.000000] software IO TLB: mapped [mem 0x00000000b9c00000-0x00000000bdc00000] (64MB)
[    0.000000] SLUB: HWalign=64, Order=0-3, MinObjects=0, CPUs=160, Nodes=2
[    0.000000] rcu: Preemptible hierarchical RCU implementation.
[    0.000000] rcu: 	RCU event tracing is enabled.
[    0.000000] rcu: 	RCU restricting CPUs from NR_CPUS=512 to nr_cpu_ids=160.
[    0.000000] 	Trampoline variant of Tasks RCU enabled.
[    0.000000] 	Tracing variant of Tasks RCU enabled.
[    0.000000] rcu: RCU calculated value of scheduler-enlistment delay is 25 jiffies.
[    0.000000] rcu: Adjusting geometry for rcu_fanout_leaf=16, nr_cpu_ids=160
[    0.000000] RCU Tasks: Setting shift to 8 and lim to 1 rcu_task_cb_adjust=1 rcu_task_cpu_ids=160.
[    0.000000] RCU Tasks Trace: Setting shift to 8 and lim to 1 rcu_task_cb_adjust=1 rcu_task_cpu_ids=160.
[    0.000000] NR_IRQS: 64, nr_irqs: 64, preallocated irqs: 0
[    0.000000] GICv3: GIC: Using split EOI/Deactivate mode
[    0.000000] GICv3: 672 SPIs implemented
[    0.000000] GICv3: 0 Extended SPIs implemented
[    0.000000] Root IRQ handler: gic_handle_irq
[    0.000000] GICv3: GICv3 features: 16 PPIs
[    0.000000] GICv3: GICD_CTRL.DS=0, SCR_EL3.FIQ=1
[    0.000000] GICv3: CPU0: found redistributor 120000 region 0:0x00001001005c0000
[    0.000000] SRAT: PXM 0 -> ITS 2 -> Node 0
[    0.000000] SRAT: PXM 0 -> ITS 3 -> Node 0
[    0.000000] SRAT: PXM 0 -> ITS 4 -> Node 0
[    0.000000] SRAT: PXM 0 -> ITS 5 -> Node 0
[    0.000000] SRAT: PXM 0 -> ITS 6 -> Node 0
[    0.000000] SRAT: PXM 0 -> ITS 7 -> Node 0
[    0.000000] SRAT: PXM 1 -> ITS 10 -> Node 1
[    0.000000] SRAT: PXM 1 -> ITS 11 -> Node 1
[    0.000000] SRAT: PXM 1 -> ITS 12 -> Node 1
[    0.000000] SRAT: PXM 1 -> ITS 13 -> Node 1
[    0.000000] SRAT: PXM 1 -> ITS 14 -> Node 1
[    0.000000] SRAT: PXM 1 -> ITS 15 -> Node 1
[    0.000000] ITS [mem 0x100100080000-0x10010009ffff]
[    0.000000] ITS@0x0000100100080000: allocated 8192 Devices @80000370000 (indirect, esz 8, psz 64K, shr 1)
[    0.000000] ITS@0x0000100100080000: allocated 32768 Interrupt Collections @80000380000 (flat, esz 2, psz 64K, shr 1)
[    0.000000] ITS [mem 0x1001000a0000-0x1001000bffff]
[    0.000000] ITS@0x00001001000a0000: allocated 8192 Devices @800003a0000 (indirect, esz 8, psz 64K, shr 1)
[    0.000000] ITS@0x00001001000a0000: allocated 32768 Interrupt Collections @800003b0000 (flat, esz 2, psz 64K, shr 1)
[    0.000000] ITS [mem 0x1001000c0000-0x1001000dffff]
[    0.000000] ITS@0x00001001000c0000: allocated 8192 Devices @800003d0000 (indirect, esz 8, psz 64K, shr 1)
[    0.000000] ITS@0x00001001000c0000: allocated 32768 Interrupt Collections @800003e0000 (flat, esz 2, psz 64K, shr 1)
[    0.000000] ITS [mem 0x1001000e0000-0x1001000fffff]
[    0.000000] ITS@0x00001001000e0000: allocated 8192 Devices @80000800000 (indirect, esz 8, psz 64K, shr 1)
[    0.000000] ITS@0x00001001000e0000: allocated 32768 Interrupt Collections @80000810000 (flat, esz 2, psz 64K, shr 1)
[    0.000000] ITS [mem 0x100100100000-0x10010011ffff]
[    0.000000] ITS@0x0000100100100000: allocated 8192 Devices @80000830000 (indirect, esz 8, psz 64K, shr 1)
[    0.000000] ITS@0x0000100100100000: allocated 32768 Interrupt Collections @80000840000 (flat, esz 2, psz 64K, shr 1)
[    0.000000] ITS [mem 0x100100120000-0x10010013ffff]
[    0.000000] ITS@0x0000100100120000: allocated 8192 Devices @80000860000 (indirect, esz 8, psz 64K, shr 1)
[    0.000000] ITS@0x0000100100120000: allocated 32768 Interrupt Collections @80000870000 (flat, esz 2, psz 64K, shr 1)
[    0.000000] ITS [mem 0x500100080000-0x50010009ffff]
[    0.000000] ITS@0x0000500100080000: allocated 8192 Devices @4000001d0000 (indirect, esz 8, psz 64K, shr 1)
[    0.000000] ITS@0x0000500100080000: allocated 32768 Interrupt Collections @4000001e0000 (flat, esz 2, psz 64K, shr 1)
[    0.000000] ITS [mem 0x5001000a0000-0x5001000bffff]
[    0.000000] ITS@0x00005001000a0000: allocated 8192 Devices @400000200000 (indirect, esz 8, psz 64K, shr 1)
[    0.000000] ITS@0x00005001000a0000: allocated 32768 Interrupt Collections @400000210000 (flat, esz 2, psz 64K, shr 1)
[    0.000000] ITS [mem 0x5001000c0000-0x5001000dffff]
[    0.000000] ITS@0x00005001000c0000: allocated 8192 Devices @400000230000 (indirect, esz 8, psz 64K, shr 1)
[    0.000000] ITS@0x00005001000c0000: allocated 32768 Interrupt Collections @400000240000 (flat, esz 2, psz 64K, shr 1)
[    0.000000] ITS [mem 0x5001000e0000-0x5001000fffff]
[    0.000000] ITS@0x00005001000e0000: allocated 8192 Devices @400000260000 (indirect, esz 8, psz 64K, shr 1)
[    0.000000] ITS@0x00005001000e0000: allocated 32768 Interrupt Collections @400000270000 (flat, esz 2, psz 64K, shr 1)
[    0.000000] ITS [mem 0x500100100000-0x50010011ffff]
[    0.000000] ITS@0x0000500100100000: allocated 8192 Devices @400000290000 (indirect, esz 8, psz 64K, shr 1)
[    0.000000] ITS@0x0000500100100000: allocated 32768 Interrupt Collections @4000002a0000 (flat, esz 2, psz 64K, shr 1)
[    0.000000] ITS [mem 0x500100120000-0x50010013ffff]
[    0.000000] ITS@0x0000500100120000: allocated 8192 Devices @4000002c0000 (indirect, esz 8, psz 64K, shr 1)
[    0.000000] ITS@0x0000500100120000: allocated 32768 Interrupt Collections @4000002d0000 (flat, esz 2, psz 64K, shr 1)
[    0.000000] GICv3: using LPI property table @0x0000080000890000
[    0.000000] GICv3: CPU0: using allocated LPI pending table @0x00000800008a0000
[    0.000000] rcu: srcu_init: Setting srcu_struct sizes to big.
[    0.000000] clocksource: jiffies: mask: 0xffffffff max_cycles: 0xffffffff, max_idle_ns: 7645041785100000 ns
[    0.000000] arch_timer: Enabling local workaround for ARM erratum 1418040
[    0.000000] ACPI GTDT: found 1 memory-mapped timer block(s).
[    0.000000] arch_timer: cp15 and mmio timer(s) running at 25.00MHz (phys/phys).
[    0.000000] clocksource: arch_sys_counter: mask: 0xffffffffffffff max_cycles: 0x5c40939b5, max_idle_ns: 440795202646 ns
[    0.000000] sched_clock: 56 bits at 25MHz, resolution 40ns, wraps every 4398046511100ns
[    0.008595] Console: colour dummy device 80x25
[    0.013274] mempolicy: Enabling automatic NUMA balancing. Configure with numa_balancing= or the kernel.numa_balancing sysctl
[    0.024701] ACPI: Core revision 20240827
[    0.028957] Calibrating delay loop (skipped), value calculated using timer frequency.. 50.00 BogoMIPS (lpj=100000)
[    0.039492] pid_max: default: 163840 minimum: 1280
[    0.044413] LSM: initializing lsm=capability
[    0.060650] Dentry cache hash table entries: 16777216 (order: 15, 134217728 bytes, vmalloc hugepage)
[    0.075927] Inode-cache hash table entries: 8388608 (order: 14, 67108864 bytes, vmalloc hugepage)
[    0.085550] Mount-cache hash table entries: 262144 (order: 9, 2097152 bytes, vmalloc)
[    0.094066] Mountpoint-cache hash table entries: 262144 (order: 9, 2097152 bytes, vmalloc)
[    0.104422] rcu: Hierarchical SRCU implementation.
[    0.109302] rcu: 	Max phase no-delay instances is 1000.
[    0.114658] Timer migration: 4 hierarchy levels; 8 children per group; 3 crossnode level
[    0.122957] fsl-mc MSI: ITS@0x100100080000 domain created
[    0.128451] fsl-mc MSI: ITS@0x1001000a0000 domain created
[    0.133940] fsl-mc MSI: ITS@0x1001000c0000 domain created
[    0.139428] fsl-mc MSI: ITS@0x1001000e0000 domain created
[    0.144917] fsl-mc MSI: ITS@0x100100100000 domain created
[    0.150407] fsl-mc MSI: ITS@0x100100120000 domain created
[    0.155897] fsl-mc MSI: ITS@0x500100080000 domain created
[    0.161385] fsl-mc MSI: ITS@0x5001000a0000 domain created
[    0.166874] fsl-mc MSI: ITS@0x5001000c0000 domain created
[    0.172363] fsl-mc MSI: ITS@0x5001000e0000 domain created
[    0.177850] fsl-mc MSI: ITS@0x500100100000 domain created
[    0.183339] fsl-mc MSI: ITS@0x500100120000 domain created
[    0.188852] Remapping and enabling EFI services.
[    0.196708] smp: Bringing up secondary CPUs ...
[    0.201585] Detected PIPT I-cache on CPU1
[    0.201619] GICv3: CPU1: found redistributor 120100 region 0:0x00001001005e0000
[    0.201626] GICv3: CPU1: using allocated LPI pending table @0x00000800008b0000
[    0.201712] arch_timer: Enabling local workaround for ARM erratum 1418040
[    0.201725] CPU1: Booted secondary processor 0x0000120100 [0x413fd0c1]
[    0.202239] Detected PIPT I-cache on CPU2
[    0.202284] GICv3: CPU2: found redistributor 140000 region 0:0x0000100100640000
[    0.202291] GICv3: CPU2: using allocated LPI pending table @0x00000800008c0000
[    0.202380] arch_timer: Enabling local workaround for ARM erratum 1418040
[    0.202394] CPU2: Booted secondary processor 0x0000140000 [0x413fd0c1]
[    0.203176] Detected PIPT I-cache on CPU3
[    0.203203] GICv3: CPU3: found redistributor 140100 region 0:0x0000100100660000
[    0.203210] GICv3: CPU3: using allocated LPI pending table @0x00000800008d0000
[    0.203295] arch_timer: Enabling local workaround for ARM erratum 1418040
[    0.203305] CPU3: Booted secondary processor 0x0000140100 [0x413fd0c1]
[    0.203713] Detected PIPT I-cache on CPU4
[    0.203755] GICv3: CPU4: found redistributor 1a0000 region 0:0x00001001007c0000
[    0.203763] GICv3: CPU4: using allocated LPI pending table @0x00000800008e0000
[    0.203850] arch_timer: Enabling local workaround for ARM erratum 1418040
[    0.203860] CPU4: Booted secondary processor 0x00001a0000 [0x413fd0c1]
[    0.204393] Detected PIPT I-cache on CPU5
[    0.204424] GICv3: CPU5: found redistributor 1a0100 region 0:0x00001001007e0000
[    0.204431] GICv3: CPU5: using allocated LPI pending table @0x00000800008f0000
[    0.204515] arch_timer: Enabling local workaround for ARM erratum 1418040
[    0.204525] CPU5: Booted secondary processor 0x00001a0100 [0x413fd0c1]
[    0.204921] Detected PIPT I-cache on CPU6
[    0.204964] GICv3: CPU6: found redistributor 1c0000 region 0:0x0000100100840000
[    0.204971] GICv3: CPU6: using allocated LPI pending table @0x0000080000900000
[    0.205057] arch_timer: Enabling local workaround for ARM erratum 1418040
[    0.205066] CPU6: Booted secondary processor 0x00001c0000 [0x413fd0c1]
[    0.205600] Detected PIPT I-cache on CPU7
[    0.205632] GICv3: CPU7: found redistributor 1c0100 region 0:0x0000100100860000
[    0.205638] GICv3: CPU7: using allocated LPI pending table @0x0000080000910000
[    0.205723] arch_timer: Enabling local workaround for ARM erratum 1418040
[    0.205733] CPU7: Booted secondary processor 0x00001c0100 [0x413fd0c1]
[    0.206111] Detected PIPT I-cache on CPU8
[    0.206151] GICv3: CPU8: found redistributor 100000 region 0:0x0000100100540000
[    0.206158] GICv3: CPU8: using allocated LPI pending table @0x0000080000920000
[    0.206243] arch_timer: Enabling local workaround for ARM erratum 1418040
[    0.206252] CPU8: Booted secondary processor 0x0000100000 [0x413fd0c1]
[    0.206794] Detected PIPT I-cache on CPU9
[    0.206822] GICv3: CPU9: found redistributor 100100 region 0:0x0000100100560000
[    0.206829] GICv3: CPU9: using allocated LPI pending table @0x0000080000930000
[    0.206913] arch_timer: Enabling local workaround for ARM erratum 1418040
[    0.206923] CPU9: Booted secondary processor 0x0000100100 [0x413fd0c1]
[    0.207317] Detected PIPT I-cache on CPU10
[    0.207360] GICv3: CPU10: found redistributor 160000 region 0:0x00001001006c0000
[    0.207367] GICv3: CPU10: using allocated LPI pending table @0x0000080000940000
[    0.207453] arch_timer: Enabling local workaround for ARM erratum 1418040
[    0.207462] CPU10: Booted secondary processor 0x0000160000 [0x413fd0c1]
[    0.208002] Detected PIPT I-cache on CPU11
[    0.208032] GICv3: CPU11: found redistributor 160100 region 0:0x00001001006e0000
[    0.208039] GICv3: CPU11: using allocated LPI pending table @0x0000080000950000
[    0.208125] arch_timer: Enabling local workaround for ARM erratum 1418040
[    0.208135] CPU11: Booted secondary processor 0x0000160100 [0x413fd0c1]
[    0.208525] Detected PIPT I-cache on CPU12
[    0.208570] GICv3: CPU12: found redistributor 180000 region 0:0x0000100100740000
[    0.208577] GICv3: CPU12: using allocated LPI pending table @0x0000080000960000
[    0.208663] arch_timer: Enabling local workaround for ARM erratum 1418040
[    0.208672] CPU12: Booted secondary processor 0x0000180000 [0x413fd0c1]
[    0.209210] Detected PIPT I-cache on CPU13
[    0.209242] GICv3: CPU13: found redistributor 180100 region 0:0x0000100100760000
[    0.209249] GICv3: CPU13: using allocated LPI pending table @0x0000080000970000
[    0.209334] arch_timer: Enabling local workaround for ARM erratum 1418040
[    0.209344] CPU13: Booted secondary processor 0x0000180100 [0x413fd0c1]
[    0.209796] Detected PIPT I-cache on CPU14
[    0.209844] GICv3: CPU14: found redistributor 1e0000 region 0:0x00001001008c0000
[    0.209851] GICv3: CPU14: using allocated LPI pending table @0x0000080000980000
[    0.209939] arch_timer: Enabling local workaround for ARM erratum 1418040
[    0.209950] CPU14: Booted secondary processor 0x00001e0000 [0x413fd0c1]
[    0.210595] Detected PIPT I-cache on CPU15
[    0.210630] GICv3: CPU15: found redistributor 1e0100 region 0:0x00001001008e0000
[    0.210637] GICv3: CPU15: using allocated LPI pending table @0x0000080000990000
[    0.210723] arch_timer: Enabling local workaround for ARM erratum 1418040
[    0.210733] CPU15: Booted secondary processor 0x00001e0100 [0x413fd0c1]
[    0.211190] Detected PIPT I-cache on CPU16
[    0.211231] GICv3: CPU16: found redistributor a0000 region 0:0x00001001003c0000
[    0.211239] GICv3: CPU16: using allocated LPI pending table @0x00000800009a0000
[    0.211326] arch_timer: Enabling local workaround for ARM erratum 1418040
[    0.211337] CPU16: Booted secondary processor 0x00000a0000 [0x413fd0c1]
[    0.211991] Detected PIPT I-cache on CPU17
[    0.212019] GICv3: CPU17: found redistributor a0100 region 0:0x00001001003e0000
[    0.212026] GICv3: CPU17: using allocated LPI pending table @0x00000800009b0000
[    0.212110] arch_timer: Enabling local workaround for ARM erratum 1418040
[    0.212120] CPU17: Booted secondary processor 0x00000a0100 [0x413fd0c1]
[    0.212591] Detected PIPT I-cache on CPU18
[    0.212633] GICv3: CPU18: found redistributor c0000 region 0:0x0000100100440000
[    0.212640] GICv3: CPU18: using allocated LPI pending table @0x00000800009c0000
[    0.212727] arch_timer: Enabling local workaround for ARM erratum 1418040
[    0.212739] CPU18: Booted secondary processor 0x00000c0000 [0x413fd0c1]
[    0.213390] Detected PIPT I-cache on CPU19
[    0.213418] GICv3: CPU19: found redistributor c0100 region 0:0x0000100100460000
[    0.213425] GICv3: CPU19: using allocated LPI pending table @0x00000800009d0000
[    0.213510] arch_timer: Enabling local workaround for ARM erratum 1418040
[    0.213520] CPU19: Booted secondary processor 0x00000c0100 [0x413fd0c1]
[    0.213989] Detected PIPT I-cache on CPU20
[    0.214041] GICv3: CPU20: found redistributor 220000 region 0:0x00001001009c0000
[    0.214049] GICv3: CPU20: using allocated LPI pending table @0x00000800009e0000
[    0.214136] arch_timer: Enabling local workaround for ARM erratum 1418040
[    0.214148] CPU20: Booted secondary processor 0x0000220000 [0x413fd0c1]
[    0.214786] Detected PIPT I-cache on CPU21
[    0.214824] GICv3: CPU21: found redistributor 220100 region 0:0x00001001009e0000
[    0.214831] GICv3: CPU21: using allocated LPI pending table @0x00000800009f0000
[    0.214915] arch_timer: Enabling local workaround for ARM erratum 1418040
[    0.214925] CPU21: Booted secondary processor 0x0000220100 [0x413fd0c1]
[    0.215387] Detected PIPT I-cache on CPU22
[    0.215442] GICv3: CPU22: found redistributor 240000 region 0:0x0000100100a40000
[    0.215450] GICv3: CPU22: using allocated LPI pending table @0x0000080000a00000
[    0.215537] arch_timer: Enabling local workaround for ARM erratum 1418040
[    0.215549] CPU22: Booted secondary processor 0x0000240000 [0x413fd0c1]
[    0.216195] Detected PIPT I-cache on CPU23
[    0.216234] GICv3: CPU23: found redistributor 240100 region 0:0x0000100100a60000
[    0.216241] GICv3: CPU23: using allocated LPI pending table @0x0000080000a10000
[    0.216326] arch_timer: Enabling local workaround for ARM erratum 1418040
[    0.216336] CPU23: Booted secondary processor 0x0000240100 [0x413fd0c1]
[    0.216795] Detected PIPT I-cache on CPU24
[    0.216840] GICv3: CPU24: found redistributor 80000 region 0:0x0000100100340000
[    0.216848] GICv3: CPU24: using allocated LPI pending table @0x0000080000a20000
[    0.216935] arch_timer: Enabling local workaround for ARM erratum 1418040
[    0.216947] CPU24: Booted secondary processor 0x0000080000 [0x413fd0c1]
[    0.217592] Detected PIPT I-cache on CPU25
[    0.217621] GICv3: CPU25: found redistributor 80100 region 0:0x0000100100360000
[    0.217628] GICv3: CPU25: using allocated LPI pending table @0x0000080000a30000
[    0.217713] arch_timer: Enabling local workaround for ARM erratum 1418040
[    0.217723] CPU25: Booted secondary processor 0x0000080100 [0x413fd0c1]
[    0.218195] Detected PIPT I-cache on CPU26
[    0.218243] GICv3: CPU26: found redistributor e0000 region 0:0x00001001004c0000
[    0.218252] GICv3: CPU26: using allocated LPI pending table @0x0000080000a40000
[    0.218339] arch_timer: Enabling local workaround for ARM erratum 1418040
[    0.218351] CPU26: Booted secondary processor 0x00000e0000 [0x413fd0c1]
[    0.218990] Detected PIPT I-cache on CPU27
[    0.219022] GICv3: CPU27: found redistributor e0100 region 0:0x00001001004e0000
[    0.219029] GICv3: CPU27: using allocated LPI pending table @0x0000080000a50000
[    0.219115] arch_timer: Enabling local workaround for ARM erratum 1418040
[    0.219124] CPU27: Booted secondary processor 0x00000e0100 [0x413fd0c1]
[    0.219592] Detected PIPT I-cache on CPU28
[    0.219647] GICv3: CPU28: found redistributor 200000 region 0:0x0000100100940000
[    0.219654] GICv3: CPU28: using allocated LPI pending table @0x0000080000a60000
[    0.219741] arch_timer: Enabling local workaround for ARM erratum 1418040
[    0.219753] CPU28: Booted secondary processor 0x0000200000 [0x413fd0c1]
[    0.220389] Detected PIPT I-cache on CPU29
[    0.220428] GICv3: CPU29: found redistributor 200100 region 0:0x0000100100960000
[    0.220435] GICv3: CPU29: using allocated LPI pending table @0x0000080000a70000
[    0.220520] arch_timer: Enabling local workaround for ARM erratum 1418040
[    0.220530] CPU29: Booted secondary processor 0x0000200100 [0x413fd0c1]
[    0.220999] Detected PIPT I-cache on CPU30
[    0.221058] GICv3: CPU30: found redistributor 260000 region 0:0x0000100100ac0000
[    0.221067] GICv3: CPU30: using allocated LPI pending table @0x0000080000a80000
[    0.221155] arch_timer: Enabling local workaround for ARM erratum 1418040
[    0.221167] CPU30: Booted secondary processor 0x0000260000 [0x413fd0c1]
[    0.221799] Detected PIPT I-cache on CPU31
[    0.221841] GICv3: CPU31: found redistributor 260100 region 0:0x0000100100ae0000
[    0.221849] GICv3: CPU31: using allocated LPI pending table @0x0000080000a90000
[    0.221935] arch_timer: Enabling local workaround for ARM erratum 1418040
[    0.221945] CPU31: Booted secondary processor 0x0000260100 [0x413fd0c1]
[    0.222394] Detected PIPT I-cache on CPU32
[    0.222440] GICv3: CPU32: found redistributor 20000 region 0:0x00001001001c0000
[    0.222449] GICv3: CPU32: using allocated LPI pending table @0x0000080000aa0000
[    0.222536] arch_timer: Enabling local workaround for ARM erratum 1418040
[    0.222548] CPU32: Booted secondary processor 0x0000020000 [0x413fd0c1]
[    0.223195] Detected PIPT I-cache on CPU33
[    0.223223] GICv3: CPU33: found redistributor 20100 region 0:0x00001001001e0000
[    0.223231] GICv3: CPU33: using allocated LPI pending table @0x0000080000ab0000
[    0.223315] arch_timer: Enabling local workaround for ARM erratum 1418040
[    0.223325] CPU33: Booted secondary processor 0x0000020100 [0x413fd0c1]
[    0.223799] Detected PIPT I-cache on CPU34
[    0.223848] GICv3: CPU34: found redistributor 40000 region 0:0x0000100100240000
[    0.223857] GICv3: CPU34: using allocated LPI pending table @0x0000080000ac0000
[    0.223944] arch_timer: Enabling local workaround for ARM erratum 1418040
[    0.223956] CPU34: Booted secondary processor 0x0000040000 [0x413fd0c1]
[    0.224585] Detected PIPT I-cache on CPU35
[    0.224615] GICv3: CPU35: found redistributor 40100 region 0:0x0000100100260000
[    0.224622] GICv3: CPU35: using allocated LPI pending table @0x0000080000ad0000
[    0.224707] arch_timer: Enabling local workaround for ARM erratum 1418040
[    0.224717] CPU35: Booted secondary processor 0x0000040100 [0x413fd0c1]
[    0.225191] Detected PIPT I-cache on CPU36
[    0.225238] GICv3: CPU36: found redistributor 0 region 0:0x0000100100140000
[    0.225246] GICv3: CPU36: using allocated LPI pending table @0x0000080000ae0000
[    0.225333] arch_timer: Enabling local workaround for ARM erratum 1418040
[    0.225345] CPU36: Booted secondary processor 0x0000000000 [0x413fd0c1]
[    0.225989] Detected PIPT I-cache on CPU37
[    0.226017] GICv3: CPU37: found redistributor 100 region 0:0x0000100100160000
[    0.226025] GICv3: CPU37: using allocated LPI pending table @0x0000080000af0000
[    0.226110] arch_timer: Enabling local workaround for ARM erratum 1418040
[    0.226120] CPU37: Booted secondary processor 0x0000000100 [0x413fd0c1]
[    0.226593] Detected PIPT I-cache on CPU38
[    0.226643] GICv3: CPU38: found redistributor 60000 region 0:0x00001001002c0000
[    0.226652] GICv3: CPU38: using allocated LPI pending table @0x0000080000b00000
[    0.226742] arch_timer: Enabling local workaround for ARM erratum 1418040
[    0.226755] CPU38: Booted secondary processor 0x0000060000 [0x413fd0c1]
[    0.227395] Detected PIPT I-cache on CPU39
[    0.227426] GICv3: CPU39: found redistributor 60100 region 0:0x00001001002e0000
[    0.227435] GICv3: CPU39: using allocated LPI pending table @0x0000080000b10000
[    0.227521] arch_timer: Enabling local workaround for ARM erratum 1418040
[    0.227531] CPU39: Booted secondary processor 0x0000060100 [0x413fd0c1]
[    0.227997] Detected PIPT I-cache on CPU40
[    0.228052] GICv3: CPU40: found redistributor 130000 region 0:0x0000100100600000
[    0.228061] GICv3: CPU40: using allocated LPI pending table @0x0000080000b20000
[    0.228148] arch_timer: Enabling local workaround for ARM erratum 1418040
[    0.228159] CPU40: Booted secondary processor 0x0000130000 [0x413fd0c1]
[    0.228791] Detected PIPT I-cache on CPU41
[    0.228828] GICv3: CPU41: found redistributor 130100 region 0:0x0000100100620000
[    0.228835] GICv3: CPU41: using allocated LPI pending table @0x0000080000b30000
[    0.228920] arch_timer: Enabling local workaround for ARM erratum 1418040
[    0.228929] CPU41: Booted secondary processor 0x0000130100 [0x413fd0c1]
[    0.229399] Detected PIPT I-cache on CPU42
[    0.229456] GICv3: CPU42: found redistributor 150000 region 0:0x0000100100680000
[    0.229464] GICv3: CPU42: using allocated LPI pending table @0x0000080000b40000
[    0.229551] arch_timer: Enabling local workaround for ARM erratum 1418040
[    0.229563] CPU42: Booted secondary processor 0x0000150000 [0x413fd0c1]
[    0.230183] Detected PIPT I-cache on CPU43
[    0.230220] GICv3: CPU43: found redistributor 150100 region 0:0x00001001006a0000
[    0.230229] GICv3: CPU43: using allocated LPI pending table @0x0000080000b50000
[    0.230314] arch_timer: Enabling local workaround for ARM erratum 1418040
[    0.230323] CPU43: Booted secondary processor 0x0000150100 [0x413fd0c1]
[    0.230799] Detected PIPT I-cache on CPU44
[    0.230858] GICv3: CPU44: found redistributor 1b0000 region 0:0x0000100100800000
[    0.230867] GICv3: CPU44: using allocated LPI pending table @0x0000080000b60000
[    0.230954] arch_timer: Enabling local workaround for ARM erratum 1418040
[    0.230966] CPU44: Booted secondary processor 0x00001b0000 [0x413fd0c1]
[    0.231780] Detected PIPT I-cache on CPU45
[    0.231820] GICv3: CPU45: found redistributor 1b0100 region 0:0x0000100100820000
[    0.231827] GICv3: CPU45: using allocated LPI pending table @0x0000080000b70000
[    0.231911] arch_timer: Enabling local workaround for ARM erratum 1418040
[    0.231921] CPU45: Booted secondary processor 0x00001b0100 [0x413fd0c1]
[    0.232397] Detected PIPT I-cache on CPU46
[    0.232458] GICv3: CPU46: found redistributor 1d0000 region 0:0x0000100100880000
[    0.232468] GICv3: CPU46: using allocated LPI pending table @0x0000080000b80000
[    0.232555] arch_timer: Enabling local workaround for ARM erratum 1418040
[    0.232567] CPU46: Booted secondary processor 0x00001d0000 [0x413fd0c1]
[    0.233181] Detected PIPT I-cache on CPU47
[    0.233223] GICv3: CPU47: found redistributor 1d0100 region 0:0x00001001008a0000
[    0.233231] GICv3: CPU47: using allocated LPI pending table @0x0000080000b90000
[    0.233316] arch_timer: Enabling local workaround for ARM erratum 1418040
[    0.233326] CPU47: Booted secondary processor 0x00001d0100 [0x413fd0c1]
[    0.233798] Detected PIPT I-cache on CPU48
[    0.233855] GICv3: CPU48: found redistributor 110000 region 0:0x0000100100580000
[    0.233864] GICv3: CPU48: using allocated LPI pending table @0x0000080000ba0000
[    0.233951] arch_timer: Enabling local workaround for ARM erratum 1418040
[    0.233963] CPU48: Booted secondary processor 0x0000110000 [0x413fd0c1]
[    0.234585] Detected PIPT I-cache on CPU49
[    0.234622] GICv3: CPU49: found redistributor 110100 region 0:0x00001001005a0000
[    0.234631] GICv3: CPU49: using allocated LPI pending table @0x0000080000bb0000
[    0.234716] arch_timer: Enabling local workaround for ARM erratum 1418040
[    0.234726] CPU49: Booted secondary processor 0x0000110100 [0x413fd0c1]
[    0.235192] Detected PIPT I-cache on CPU50
[    0.235254] GICv3: CPU50: found redistributor 170000 region 0:0x0000100100700000
[    0.235264] GICv3: CPU50: using allocated LPI pending table @0x0000080000bc0000
[    0.235353] arch_timer: Enabling local workaround for ARM erratum 1418040
[    0.235364] CPU50: Booted secondary processor 0x0000170000 [0x413fd0c1]
[    0.235998] Detected PIPT I-cache on CPU51
[    0.236037] GICv3: CPU51: found redistributor 170100 region 0:0x0000100100720000
[    0.236046] GICv3: CPU51: using allocated LPI pending table @0x0000080000bd0000
[    0.236132] arch_timer: Enabling local workaround for ARM erratum 1418040
[    0.236142] CPU51: Booted secondary processor 0x0000170100 [0x413fd0c1]
[    0.236596] Detected PIPT I-cache on CPU52
[    0.236658] GICv3: CPU52: found redistributor 190000 region 0:0x0000100100780000
[    0.236668] GICv3: CPU52: using allocated LPI pending table @0x0000080000be0000
[    0.236755] arch_timer: Enabling local workaround for ARM erratum 1418040
[    0.236767] CPU52: Booted secondary processor 0x0000190000 [0x413fd0c1]
[    0.237389] Detected PIPT I-cache on CPU53
[    0.237431] GICv3: CPU53: found redistributor 190100 region 0:0x00001001007a0000
[    0.237440] GICv3: CPU53: using allocated LPI pending table @0x0000080000bf0000
[    0.237524] arch_timer: Enabling local workaround for ARM erratum 1418040
[    0.237534] CPU53: Booted secondary processor 0x0000190100 [0x413fd0c1]
[    0.237994] Detected PIPT I-cache on CPU54
[    0.238060] GICv3: CPU54: found redistributor 1f0000 region 0:0x0000100100900000
[    0.238069] GICv3: CPU54: using allocated LPI pending table @0x0000080000c00000
[    0.238157] arch_timer: Enabling local workaround for ARM erratum 1418040
[    0.238169] CPU54: Booted secondary processor 0x00001f0000 [0x413fd0c1]
[    0.238794] Detected PIPT I-cache on CPU55
[    0.238839] GICv3: CPU55: found redistributor 1f0100 region 0:0x0000100100920000
[    0.238847] GICv3: CPU55: using allocated LPI pending table @0x0000080000c10000
[    0.238932] arch_timer: Enabling local workaround for ARM erratum 1418040
[    0.238943] CPU55: Booted secondary processor 0x00001f0100 [0x413fd0c1]
[    0.239395] Detected PIPT I-cache on CPU56
[    0.239455] GICv3: CPU56: found redistributor b0000 region 0:0x0000100100400000
[    0.239465] GICv3: CPU56: using allocated LPI pending table @0x0000080000c20000
[    0.239552] arch_timer: Enabling local workaround for ARM erratum 1418040
[    0.239564] CPU56: Booted secondary processor 0x00000b0000 [0x413fd0c1]
[    0.240187] Detected PIPT I-cache on CPU57
[    0.240225] GICv3: CPU57: found redistributor b0100 region 0:0x0000100100420000
[    0.240233] GICv3: CPU57: using allocated LPI pending table @0x0000080000c30000
[    0.240318] arch_timer: Enabling local workaround for ARM erratum 1418040
[    0.240327] CPU57: Booted secondary processor 0x00000b0100 [0x413fd0c1]
[    0.240792] Detected PIPT I-cache on CPU58
[    0.240854] GICv3: CPU58: found redistributor d0000 region 0:0x0000100100480000
[    0.240863] GICv3: CPU58: using allocated LPI pending table @0x0000080000c40000
[    0.240950] arch_timer: Enabling local workaround for ARM erratum 1418040
[    0.240962] CPU58: Booted secondary processor 0x00000d0000 [0x413fd0c1]
[    0.241787] Detected PIPT I-cache on CPU59
[    0.241825] GICv3: CPU59: found redistributor d0100 region 0:0x00001001004a0000
[    0.241833] GICv3: CPU59: using allocated LPI pending table @0x0000080000c50000
[    0.241918] arch_timer: Enabling local workaround for ARM erratum 1418040
[    0.241928] CPU59: Booted secondary processor 0x00000d0100 [0x413fd0c1]
[    0.242396] Detected PIPT I-cache on CPU60
[    0.242467] GICv3: CPU60: found redistributor 230000 region 0:0x0000100100a00000
[    0.242477] GICv3: CPU60: using allocated LPI pending table @0x0000080000c60000
[    0.242564] arch_timer: Enabling local workaround for ARM erratum 1418040
[    0.242575] CPU60: Booted secondary processor 0x0000230000 [0x413fd0c1]
[    0.243186] Detected PIPT I-cache on CPU61
[    0.243233] GICv3: CPU61: found redistributor 230100 region 0:0x0000100100a20000
[    0.243240] GICv3: CPU61: using allocated LPI pending table @0x0000080000c70000
[    0.243324] arch_timer: Enabling local workaround for ARM erratum 1418040
[    0.243334] CPU61: Booted secondary processor 0x0000230100 [0x413fd0c1]
[    0.243795] Detected PIPT I-cache on CPU62
[    0.243865] GICv3: CPU62: found redistributor 250000 region 0:0x0000100100a80000
[    0.243876] GICv3: CPU62: using allocated LPI pending table @0x0000080000c80000
[    0.243963] arch_timer: Enabling local workaround for ARM erratum 1418040
[    0.243975] CPU62: Booted secondary processor 0x0000250000 [0x413fd0c1]
[    0.244598] Detected PIPT I-cache on CPU63
[    0.244645] GICv3: CPU63: found redistributor 250100 region 0:0x0000100100aa0000
[    0.244654] GICv3: CPU63: using allocated LPI pending table @0x0000080000c90000
[    0.244738] arch_timer: Enabling local workaround for ARM erratum 1418040
[    0.244749] CPU63: Booted secondary processor 0x0000250100 [0x413fd0c1]
[    0.245183] Detected PIPT I-cache on CPU64
[    0.245245] GICv3: CPU64: found redistributor 90000 region 0:0x0000100100380000
[    0.245255] GICv3: CPU64: using allocated LPI pending table @0x0000080000ca0000
[    0.245341] arch_timer: Enabling local workaround for ARM erratum 1418040
[    0.245353] CPU64: Booted secondary processor 0x0000090000 [0x413fd0c1]
[    0.245988] Detected PIPT I-cache on CPU65
[    0.246027] GICv3: CPU65: found redistributor 90100 region 0:0x00001001003a0000
[    0.246035] GICv3: CPU65: using allocated LPI pending table @0x0000080000cb0000
[    0.246119] arch_timer: Enabling local workaround for ARM erratum 1418040
[    0.246129] CPU65: Booted secondary processor 0x0000090100 [0x413fd0c1]
[    0.246595] Detected PIPT I-cache on CPU66
[    0.246658] GICv3: CPU66: found redistributor f0000 region 0:0x0000100100500000
[    0.246669] GICv3: CPU66: using allocated LPI pending table @0x0000080000cc0000
[    0.246756] arch_timer: Enabling local workaround for ARM erratum 1418040
[    0.246768] CPU66: Booted secondary processor 0x00000f0000 [0x413fd0c1]
[    0.247388] Detected PIPT I-cache on CPU67
[    0.247428] GICv3: CPU67: found redistributor f0100 region 0:0x0000100100520000
[    0.247437] GICv3: CPU67: using allocated LPI pending table @0x0000080000cd0000
[    0.247523] arch_timer: Enabling local workaround for ARM erratum 1418040
[    0.247533] CPU67: Booted secondary processor 0x00000f0100 [0x413fd0c1]
[    0.247997] Detected PIPT I-cache on CPU68
[    0.248068] GICv3: CPU68: found redistributor 210000 region 0:0x0000100100980000
[    0.248080] GICv3: CPU68: using allocated LPI pending table @0x0000080000ce0000
[    0.248167] arch_timer: Enabling local workaround for ARM erratum 1418040
[    0.248179] CPU68: Booted secondary processor 0x0000210000 [0x413fd0c1]
[    0.248789] Detected PIPT I-cache on CPU69
[    0.248837] GICv3: CPU69: found redistributor 210100 region 0:0x00001001009a0000
[    0.248846] GICv3: CPU69: using allocated LPI pending table @0x0000080000cf0000
[    0.248930] arch_timer: Enabling local workaround for ARM erratum 1418040
[    0.248939] CPU69: Booted secondary processor 0x0000210100 [0x413fd0c1]
[    0.249393] Detected PIPT I-cache on CPU70
[    0.249469] GICv3: CPU70: found redistributor 270000 region 0:0x0000100100b00000
[    0.249480] GICv3: CPU70: using allocated LPI pending table @0x0000080000d00000
[    0.249567] arch_timer: Enabling local workaround for ARM erratum 1418040
[    0.249579] CPU70: Booted secondary processor 0x0000270000 [0x413fd0c1]
[    0.250199] Detected PIPT I-cache on CPU71
[    0.250249] GICv3: CPU71: found redistributor 270100 region 0:0x0000100100b20000
[    0.250257] GICv3: CPU71: using allocated LPI pending table @0x0000080000d10000
[    0.250343] arch_timer: Enabling local workaround for ARM erratum 1418040
[    0.250353] CPU71: Booted secondary processor 0x0000270100 [0x413fd0c1]
[    0.250792] Detected PIPT I-cache on CPU72
[    0.250855] GICv3: CPU72: found redistributor 30000 region 0:0x0000100100200000
[    0.250868] GICv3: CPU72: using allocated LPI pending table @0x0000080000d20000
[    0.250954] arch_timer: Enabling local workaround for ARM erratum 1418040
[    0.250966] CPU72: Booted secondary processor 0x0000030000 [0x413fd0c1]
[    0.251790] Detected PIPT I-cache on CPU73
[    0.251828] GICv3: CPU73: found redistributor 30100 region 0:0x0000100100220000
[    0.251836] GICv3: CPU73: using allocated LPI pending table @0x0000080000d30000
[    0.251921] arch_timer: Enabling local workaround for ARM erratum 1418040
[    0.251931] CPU73: Booted secondary processor 0x0000030100 [0x413fd0c1]
[    0.252394] Detected PIPT I-cache on CPU74
[    0.252458] GICv3: CPU74: found redistributor 50000 region 0:0x0000100100280000
[    0.252470] GICv3: CPU74: using allocated LPI pending table @0x0000080000d40000
[    0.252557] arch_timer: Enabling local workaround for ARM erratum 1418040
[    0.252569] CPU74: Booted secondary processor 0x0000050000 [0x413fd0c1]
[    0.253192] Detected PIPT I-cache on CPU75
[    0.253230] GICv3: CPU75: found redistributor 50100 region 0:0x00001001002a0000
[    0.253238] GICv3: CPU75: using allocated LPI pending table @0x0000080000d50000
[    0.253323] arch_timer: Enabling local workaround for ARM erratum 1418040
[    0.253333] CPU75: Booted secondary processor 0x0000050100 [0x413fd0c1]
[    0.253797] Detected PIPT I-cache on CPU76
[    0.253860] GICv3: CPU76: found redistributor 10000 region 0:0x0000100100180000
[    0.253873] GICv3: CPU76: using allocated LPI pending table @0x0000080000d60000
[    0.253959] arch_timer: Enabling local workaround for ARM erratum 1418040
[    0.253971] CPU76: Booted secondary processor 0x0000010000 [0x413fd0c1]
[    0.254591] Detected PIPT I-cache on CPU77
[    0.254629] GICv3: CPU77: found redistributor 10100 region 0:0x00001001001a0000
[    0.254637] GICv3: CPU77: using allocated LPI pending table @0x0000080000d70000
[    0.254722] arch_timer: Enabling local workaround for ARM erratum 1418040
[    0.254732] CPU77: Booted secondary processor 0x0000010100 [0x413fd0c1]
[    0.255197] Detected PIPT I-cache on CPU78
[    0.255264] GICv3: CPU78: found redistributor 70000 region 0:0x0000100100300000
[    0.255277] GICv3: CPU78: using allocated LPI pending table @0x0000080000d80000
[    0.255366] arch_timer: Enabling local workaround for ARM erratum 1418040
[    0.255380] CPU78: Booted secondary processor 0x0000070000 [0x413fd0c1]
[    0.255995] Detected PIPT I-cache on CPU79
[    0.256037] GICv3: CPU79: found redistributor 70100 region 0:0x0000100100320000
[    0.256045] GICv3: CPU79: using allocated LPI pending table @0x0000080000d90000
[    0.256131] arch_timer: Enabling local workaround for ARM erratum 1418040
[    0.256141] CPU79: Booted secondary processor 0x0000070100 [0x413fd0c1]
[    0.256825] Detected PIPT I-cache on CPU80
[    0.256999] GICv3: CPU80: found redistributor 100120000 region 1:0x00005001005c0000
[    0.257018] GICv3: CPU80: using allocated LPI pending table @0x0000080000da0000
[    0.257115] arch_timer: Enabling local workaround for ARM erratum 1418040
[    0.257152] CPU80: Booted secondary processor 0x0100120000 [0x413fd0c1]
[    0.258082] Detected PIPT I-cache on CPU81
[    0.258187] GICv3: CPU81: found redistributor 100120100 region 1:0x00005001005e0000
[    0.258195] GICv3: CPU81: using allocated LPI pending table @0x0000080000db0000
[    0.258285] arch_timer: Enabling local workaround for ARM erratum 1418040
[    0.258305] CPU81: Booted secondary processor 0x0100120100 [0x413fd0c1]
[    0.259036] Detected PIPT I-cache on CPU82
[    0.259230] GICv3: CPU82: found redistributor 100140000 region 1:0x0000500100640000
[    0.259248] GICv3: CPU82: using allocated LPI pending table @0x0000080000dc0000
[    0.259357] arch_timer: Enabling local workaround for ARM erratum 1418040
[    0.259403] CPU82: Booted secondary processor 0x0100140000 [0x413fd0c1]
[    0.260302] Detected PIPT I-cache on CPU83
[    0.260407] GICv3: CPU83: found redistributor 100140100 region 1:0x0000500100660000
[    0.260414] GICv3: CPU83: using allocated LPI pending table @0x0000080000dd0000
[    0.260505] arch_timer: Enabling local workaround for ARM erratum 1418040
[    0.260526] CPU83: Booted secondary processor 0x0100140100 [0x413fd0c1]
[    0.261231] Detected PIPT I-cache on CPU84
[    0.261422] GICv3: CPU84: found redistributor 1001a0000 region 1:0x00005001007c0000
[    0.261440] GICv3: CPU84: using allocated LPI pending table @0x0000080000de0000
[    0.261547] arch_timer: Enabling local workaround for ARM erratum 1418040
[    0.261593] CPU84: Booted secondary processor 0x01001a0000 [0x413fd0c1]
[    0.262580] Detected PIPT I-cache on CPU85
[    0.262703] GICv3: CPU85: found redistributor 1001a0100 region 1:0x00005001007e0000
[    0.262712] GICv3: CPU85: using allocated LPI pending table @0x0000080000df0000
[    0.262803] arch_timer: Enabling local workaround for ARM erratum 1418040
[    0.262823] CPU85: Booted secondary processor 0x01001a0100 [0x413fd0c1]
[    0.263536] Detected PIPT I-cache on CPU86
[    0.263734] GICv3: CPU86: found redistributor 1001c0000 region 1:0x0000500100840000
[    0.263753] GICv3: CPU86: using allocated LPI pending table @0x0000080000e00000
[    0.263861] arch_timer: Enabling local workaround for ARM erratum 1418040
[    0.263907] CPU86: Booted secondary processor 0x01001c0000 [0x413fd0c1]
[    0.264975] Detected PIPT I-cache on CPU87
[    0.265103] GICv3: CPU87: found redistributor 1001c0100 region 1:0x0000500100860000
[    0.265111] GICv3: CPU87: using allocated LPI pending table @0x0000080000e10000
[    0.265203] arch_timer: Enabling local workaround for ARM erratum 1418040
[    0.265225] CPU87: Booted secondary processor 0x01001c0100 [0x413fd0c1]
[    0.266006] Detected PIPT I-cache on CPU88
[    0.266186] GICv3: CPU88: found redistributor 100100000 region 1:0x0000500100540000
[    0.266205] GICv3: CPU88: using allocated LPI pending table @0x0000080000e20000
[    0.266313] arch_timer: Enabling local workaround for ARM erratum 1418040
[    0.266357] CPU88: Booted secondary processor 0x0100100000 [0x413fd0c1]
[    0.267378] Detected PIPT I-cache on CPU89
[    0.267498] GICv3: CPU89: found redistributor 100100100 region 1:0x0000500100560000
[    0.267507] GICv3: CPU89: using allocated LPI pending table @0x0000080000e30000
[    0.267597] arch_timer: Enabling local workaround for ARM erratum 1418040
[    0.267619] CPU89: Booted secondary processor 0x0100100100 [0x413fd0c1]
[    0.268402] Detected PIPT I-cache on CPU90
[    0.268600] GICv3: CPU90: found redistributor 100160000 region 1:0x00005001006c0000
[    0.268619] GICv3: CPU90: using allocated LPI pending table @0x0000080000e40000
[    0.268728] arch_timer: Enabling local workaround for ARM erratum 1418040
[    0.268773] CPU90: Booted secondary processor 0x0100160000 [0x413fd0c1]
[    0.269779] Detected PIPT I-cache on CPU91
[    0.269907] GICv3: CPU91: found redistributor 100160100 region 1:0x00005001006e0000
[    0.269917] GICv3: CPU91: using allocated LPI pending table @0x0000080000e50000
[    0.270008] arch_timer: Enabling local workaround for ARM erratum 1418040
[    0.270032] CPU91: Booted secondary processor 0x0100160100 [0x413fd0c1]
[    0.270815] Detected PIPT I-cache on CPU92
[    0.271013] GICv3: CPU92: found redistributor 100180000 region 1:0x0000500100740000
[    0.271031] GICv3: CPU92: using allocated LPI pending table @0x0000080000e60000
[    0.271138] arch_timer: Enabling local workaround for ARM erratum 1418040
[    0.271183] CPU92: Booted secondary processor 0x0100180000 [0x413fd0c1]
[    0.272179] Detected PIPT I-cache on CPU93
[    0.272308] GICv3: CPU93: found redistributor 100180100 region 1:0x0000500100760000
[    0.272318] GICv3: CPU93: using allocated LPI pending table @0x0000080000e70000
[    0.272408] arch_timer: Enabling local workaround for ARM erratum 1418040
[    0.272431] CPU93: Booted secondary processor 0x0100180100 [0x413fd0c1]
[    0.273207] Detected PIPT I-cache on CPU94
[    0.273418] GICv3: CPU94: found redistributor 1001e0000 region 1:0x00005001008c0000
[    0.273436] GICv3: CPU94: using allocated LPI pending table @0x0000080000e80000
[    0.273545] arch_timer: Enabling local workaround for ARM erratum 1418040
[    0.273590] CPU94: Booted secondary processor 0x01001e0000 [0x413fd0c1]
[    0.274580] Detected PIPT I-cache on CPU95
[    0.274716] GICv3: CPU95: found redistributor 1001e0100 region 1:0x00005001008e0000
[    0.274725] GICv3: CPU95: using allocated LPI pending table @0x0000080000e90000
[    0.274816] arch_timer: Enabling local workaround for ARM erratum 1418040
[    0.274838] CPU95: Booted secondary processor 0x01001e0100 [0x413fd0c1]
[    0.275573] Detected PIPT I-cache on CPU96
[    0.275761] GICv3: CPU96: found redistributor 1000a0000 region 1:0x00005001003c0000
[    0.275780] GICv3: CPU96: using allocated LPI pending table @0x0000080000ea0000
[    0.275886] arch_timer: Enabling local workaround for ARM erratum 1418040
[    0.275932] CPU96: Booted secondary processor 0x01000a0000 [0x413fd0c1]
[    0.276978] Detected PIPT I-cache on CPU97
[    0.277101] GICv3: CPU97: found redistributor 1000a0100 region 1:0x00005001003e0000
[    0.277110] GICv3: CPU97: using allocated LPI pending table @0x0000080000eb0000
[    0.277200] arch_timer: Enabling local workaround for ARM erratum 1418040
[    0.277221] CPU97: Booted secondary processor 0x01000a0100 [0x413fd0c1]
[    0.277932] Detected PIPT I-cache on CPU98
[    0.278116] GICv3: CPU98: found redistributor 1000c0000 region 1:0x0000500100440000
[    0.278134] GICv3: CPU98: using allocated LPI pending table @0x0000080000ec0000
[    0.278243] arch_timer: Enabling local workaround for ARM erratum 1418040
[    0.278289] CPU98: Booted secondary processor 0x01000c0000 [0x413fd0c1]
[    0.279200] Detected PIPT I-cache on CPU99
[    0.279324] GICv3: CPU99: found redistributor 1000c0100 region 1:0x0000500100460000
[    0.279335] GICv3: CPU99: using allocated LPI pending table @0x0000080000ed0000
[    0.279426] arch_timer: Enabling local workaround for ARM erratum 1418040
[    0.279448] CPU99: Booted secondary processor 0x01000c0100 [0x413fd0c1]
[    0.280217] Detected PIPT I-cache on CPU100
[    0.280436] GICv3: CPU100: found redistributor 100220000 region 1:0x00005001009c0000
[    0.280455] GICv3: CPU100: using allocated LPI pending table @0x0000080000ee0000
[    0.280563] arch_timer: Enabling local workaround for ARM erratum 1418040
[    0.280609] CPU100: Booted secondary processor 0x0100220000 [0x413fd0c1]
[    0.281578] Detected PIPT I-cache on CPU101
[    0.281718] GICv3: CPU101: found redistributor 100220100 region 1:0x00005001009e0000
[    0.281728] GICv3: CPU101: using allocated LPI pending table @0x0000080000ef0000
[    0.281819] arch_timer: Enabling local workaround for ARM erratum 1418040
[    0.281841] CPU101: Booted secondary processor 0x0100220100 [0x413fd0c1]
[    0.282614] Detected PIPT I-cache on CPU102
[    0.282842] GICv3: CPU102: found redistributor 100240000 region 1:0x0000500100a40000
[    0.282861] GICv3: CPU102: using allocated LPI pending table @0x0000080000f00000
[    0.282970] arch_timer: Enabling local workaround for ARM erratum 1418040
[    0.283016] CPU102: Booted secondary processor 0x0100240000 [0x413fd0c1]
[    0.283980] Detected PIPT I-cache on CPU103
[    0.284121] GICv3: CPU103: found redistributor 100240100 region 1:0x0000500100a60000
[    0.284133] GICv3: CPU103: using allocated LPI pending table @0x0000080000f10000
[    0.284223] arch_timer: Enabling local workaround for ARM erratum 1418040
[    0.284245] CPU103: Booted secondary processor 0x0100240100 [0x413fd0c1]
[    0.285010] Detected PIPT I-cache on CPU104
[    0.285202] GICv3: CPU104: found redistributor 100080000 region 1:0x0000500100340000
[    0.285220] GICv3: CPU104: using allocated LPI pending table @0x0000080000f20000
[    0.285327] arch_timer: Enabling local workaround for ARM erratum 1418040
[    0.285373] CPU104: Booted secondary processor 0x0100080000 [0x413fd0c1]
[    0.286375] Detected PIPT I-cache on CPU105
[    0.286504] GICv3: CPU105: found redistributor 100080100 region 1:0x0000500100360000
[    0.286515] GICv3: CPU105: using allocated LPI pending table @0x0000080000f30000
[    0.286604] arch_timer: Enabling local workaround for ARM erratum 1418040
[    0.286626] CPU105: Booted secondary processor 0x0100080100 [0x413fd0c1]
[    0.287404] Detected PIPT I-cache on CPU106
[    0.287605] GICv3: CPU106: found redistributor 1000e0000 region 1:0x00005001004c0000
[    0.287624] GICv3: CPU106: using allocated LPI pending table @0x0000080000f40000
[    0.287734] arch_timer: Enabling local workaround for ARM erratum 1418040
[    0.287780] CPU106: Booted secondary processor 0x01000e0000 [0x413fd0c1]
[    0.288781] Detected PIPT I-cache on CPU107
[    0.288913] GICv3: CPU107: found redistributor 1000e0100 region 1:0x00005001004e0000
[    0.288924] GICv3: CPU107: using allocated LPI pending table @0x0000080000f50000
[    0.289016] arch_timer: Enabling local workaround for ARM erratum 1418040
[    0.289036] CPU107: Booted secondary processor 0x01000e0100 [0x413fd0c1]
[    0.289815] Detected PIPT I-cache on CPU108
[    0.290045] GICv3: CPU108: found redistributor 100200000 region 1:0x0000500100940000
[    0.290064] GICv3: CPU108: using allocated LPI pending table @0x0000080000f60000
[    0.290171] arch_timer: Enabling local workaround for ARM erratum 1418040
[    0.290216] CPU108: Booted secondary processor 0x0100200000 [0x413fd0c1]
[    0.291178] Detected PIPT I-cache o109: found redistributor 100200100 region 1:0x0000500100960000
[    0.291331] GICv3: CPU109: using allocated LPI pending table @0x0000080000f70000
[    0.291422] arch_timer: Enabling local workaround for ARM erratum 1418040
[    0.291445] CPU109: Booted secondary processor 0x0100200100 [0x413fd0c1]
[    0.292218] Detected PIPT I-cache on CPU110
[    0.292457] GICv3: CPU110: found redistributor 100260000 region 1:0x0000500100ac0000
[    0.292476] GICv3: CPU110: using allocated LPI pending table @0x0000080000f80000
[    0.292586] arch_timer: Enabling local workaround for ARM erratum 1418040
[    0.292633] CPU110: Booted secondary processor 0x0100260000 [0x413fd0c1]
[    0.293581] Detected PIPT I-cache on CPU111
[    0.293728] GICv3: CPU111: found redistributor 100260100 region 1:0x0000500100ae0000
[    0.293740] GICv3: CPU111: using allocated LPI pending table @0x0000080000f90000
[    0.293831] arch_timer: Enabling local workaround for ARM erratum 1418040
[    0.293853] CPU111: Booted secondary processor 0x0100260100 [0x413fd0c1]
[    0.294608] Detected PIPT I-cache on CPU112
[    0.294802] GICv3: CPU112: found redistributor 100020000 region 1:0x00005001001c0000
[    0.294822] GICv3: CPU112: using allocated LPI pending table @0x0000080000fa0000
[    0.294928] arch_timer: Enabling local workaround for ARM erratum 1418040
[    0.294973] CPU112: Booted secondary processor 0x0100020000 [0x413fd0c1]
[    0.295980] Detected PIPT I-cache on CPU113
[    0.296107] GICv3: CPU113: found redistributor 100020100 region 1:0x00005001001e0000
[    0.296119] GICv3: CPU113: using allocated LPI pending table @0x0000080000fb0000
[    0.296208] arch_timer: Enabling local workaround for ARM erratum 1418040
[    0.296230] CPU113: Booted secondary processor 0x0100020100 [0x413fd0c1]
[    0.297003] Detected PIPT I-cache on CPU114
[    0.297202] GICv3: CPU114: found redistributor 100040000 region 1:0x0000500100240000
[    0.297221] GICv3: CPU114: using allocated LPI pending table @0x0000080000fc0000
[    0.297329] arch_timer: Enabling local workaround for ARM erratum 1418040
[    0.297374] CPU114: Booted secondary processor 0x0100040000 [0x413fd0c1]
[    0.298376] Detected PIPT I-cache on CPU115
[    0.298510] GICv3: CPU115: found redistributor 100040100 region 1:0x0000500100260000
[    0.298521] GICv3: CPU115: using allocated LPI pending table @0x0000080000fd0000
[    0.298612] arch_timer: Enabling local workaround for ARM erratum 1418040
[    0.298632] CPU115: Booted secondary processor 0x0100040100 [0x413fd0c1]
[    0.299412] Detected PIPT I-cache on CPU116
[    0.299606] GICv3: CPU116: found redistributor 100000000 region 1:0x0000500100140000
[    0.299625] GICv3: CPU116: using allocated LPI pending table @0x0000080000fe0000
[    0.299732] arch_timer: Enabling local workaround for ARM erratum 1418040
[    0.299776] CPU116: Booted secondary processor 0x0100000000 [0x413fd0c1]
[    0.300776] Detected PIPT I-cache on CPU117
[    0.300908] GICv3: CPU117: found redistributor 100000100 region 1:0x0000500100160000
[    0.300920] GICv3: CPU117: using allocated LPI pending table @0x0000080000ff0000
[    0.301010] arch_timer: Enabling local workaround for ARM erratum 1418040
[    0.301029] CPU117: Booted secondary processor 0x0100000100 [0x413fd0c1]
[    0.301807] Detected PIPT I-cache on CPU118
[    0.302011] GICv3: CPU118: found redistributor 100060000 region 1:0x00005001002c0000
[    0.302031] GICv3: CPU118: using allocated LPI pending table @0x0000080001000000
[    0.302140] arch_timer: Enabling local workaround for ARM erratum 1418040
[    0.302185] CPU118: Booted secondary processor 0x0100060000 [0x413fd0c1]
[    0.303174] Detected PIPT I-cache on CPU119
[    0.303311] GICv3: CPU119: found redistributor 100060100 region 1:0x00005001002e0000
[    0.303323] GICv3: CPU119: using allocated LPI pending table @0x0000080001010000
[    0.303414] arch_timer: Enabling local workaround for ARM erratum 1418040
[    0.303436] CPU119: Booted secondary processor 0x0100060100 [0x413fd0c1]
[    0.304203] Detected PIPT I-cache on CPU120
[    0.304427] GICv3: CPU120: found redistributor 100130000 region 1:0x0000500100600000
[    0.304446] GICv3: CPU120: using allocated LPI pending table @0x0000080001020000
[    0.304553] arch_timer: Enabling local workaround for ARM erratum 1418040
[    0.304599] CPU120: Booted secondary processor 0x0100130000 [0x413fd0c1]
[    0.305581] Detected PIPT I-cache on CPU121
[    0.305725] GICv3: CPU121: found redistributor 100130100 region 1:0x0000500100620000
[    0.305737] GICv3: CPU121: using allocated LPI pending table @0x0000080001030000
[    0.305827] arch_timer: Enabling local workaround for ARM erratum 1418040
[    0.305850] CPU121: Booted secondary processor 0x0100130100 [0x413fd0c1]
[    0.306608] Detected PIPT I-cache on CPU122
[    0.306833] GICv3: CPU122: found redistributor 100150000 region 1:0x0000500100680000
[    0.306852] GICv3: CPU122: using allocated LPI pending table @0x0000080001040000
[    0.306960] arch_timer: Enabling local workaround for ARM erratum 1418040
[    0.307005] CPU122: Booted secondary processor 0x0100150000 [0x413fd0c1]
[    0.307976] Detected PIPT I-cache on CPU123
[    0.308128] GICv3: CPU123: found redistributor 100150100 region 1:0x00005001006a0000
[    0.308141] GICv3: CPU123: using allocated LPI pending table @0x0000080001050000
[    0.308231] arch_timer: Enabling local workaround for ARM erratum 1418040
[    0.308255] CPU123: Booted secondary processor 0x0100150100 [0x413fd0c1]
[    0.309202] Detected PIPT I-cache on CPU124
[    0.309441] GICv3: CPU124: found redistributor 1001b0000 region 1:0x0000500100800000
[    0.309460] GICv3: CPU124: using allocated LPI pending table @0x0000080001060000
[    0.309567] arch_timer: Enabling local workaround for ARM erratum 1418040
[    0.309611] CPU124: Booted secondary processor 0x01001b0000 [0x413fd0c1]
[    0.310580] Detected PIPT I-cache on CPU125
[    0.310734] GICv3: CPU125: found redistributor 1001b0100 region 1:0x0000500100820000
[    0.310746] GICv3: CPU125: using allocated LPI pending table @0x0000080001070000
[    0.310836] arch_timer: Enabling local workaround for ARM erratum 1418040
[    0.310855] CPU125: Booted secondary processor 0x01001b0100 [0x413fd0c1]
[    0.311610] Detected PIPT I-cache on CPU126
[    0.311851] GICv3: CPU126: found redistributor 1001d0000 region 1:0x0000500100880000
[    0.311871] GICv3: CPU126: using allocated LPI pending table @0x0000080001080000
[    0.311979] arch_timer: Enabling local workaround for ARM erratum 1418040
[    0.312025] CPU126: Booted secondary processor 0x01001d0000 [0x413fd0c1]
[    0.312979] Detected PIPT I-cache on CPU127
[    0.313135] GICv3: CPU127: found redistributor 1001d0100 region 1:0x00005001008a0000
[    0.313148] GICv3: CPU127: using allocated LPI pending table @0x0000080001090000
[    0.313239] arch_timer: Enabling local workaround for ARM erratum 1418040
[    0.313263] CPU127: Booted secondary processor 0x01001d0100 [0x413fd0c1]
[    0.314006] Detected PIPT I-cache on CPU128
[    0.314237] GICv3: CPU128: found redistributor 100110000 region 1:0x0000500100580000
[    0.314256] GICv3: CPU128: using allocated LPI pending table @0x00000800010a0000
[    0.314363] arch_timer: Enabling local workaround for ARM erratum 1418040
[    0.314408] CPU128: Booted secondary processor 0x0100110000 [0x413fd0c1]
[    0.315572] Detected PIPT I-cache on CPU129
[    0.315724] GICv3: CPU129: found redistributor 100110100 region 1:0x00005001005a0000
[    0.315738] GICv3: CPU129: using allocated LPI pending table @0x00000800010b0000
[    0.315827] arch_timer: Enabling local workaround for ARM erratum 1418040
[    0.315851] CPU129: Booted secondary processor 0x0100110100 [0x413fd0c1]
[    0.316614] Detected PIPT I-cache on CPU130
[    0.316849] GICv3: CPU130: found redistributor 100170000 region 1:0x0000500100700000
[    0.316869] GICv3: CPU130: using allocated LPI pending table @0x00000800010c0000
[    0.316979] arch_timer: Enabling local workaround for ARM erratum 1418040
[    0.317024] CPU130: Booted secondary processor 0x0100170000 [0x413fd0c1]
[    0.317983] Detected PIPT I-cache on CPU131
[    0.318137] GICv3: CPU131: found redistributor 100170100 region 1:0x0000500100720000
[    0.318150] GICv3: CPU131: using allocated LPI pending table @0x00000800010d0000
[    0.318241] arch_timer: Enabling local workaround for ARM erratum 1418040
[    0.318264] CPU131: Booted secondary processor 0x0100170100 [0x413fd0c1]
[    0.319208] Detected PIPT I-cache on CPU132
[    0.319457] GICv3: CPU132: found redistributor 100190000 region 1:0x0000500100780000
[    0.319476] GICv3: CPU132: using allocated LPI pending table @0x00000800010e0000
[    0.319583] arch_timer: Enabling local workaround for ARM erratum 1418040
[    0.319628] CPU132: Booted secondary processor 0x0100190000 [0x413fd0c1]
[    0.320578] Detected PIPT I-cache on CPU133
[    0.320740] GICv3: CPU133: found redistributor 100190100 region 1:0x00005001007a0000
[    0.320752] GICv3: CPU133: using allocated LPI pending table @0x00000800010f0000
[    0.320843] arch_timer: Enabling local workaround for ARM erratum 1418040
[    0.320865] CPU133: Booted secondary processor 0x0100190100 [0x413fd0c1]
[    0.321612] Detected PIPT I-cache on CPU134
[    0.321872] GICv3: CPU134: found redistributor 1001f0000 region 1:0x0000500100900000
[    0.321892] GICv3: CPU134: using allocated LPI pending table @0x0000080001100000
[    0.322003] arch_timer: Enabling local workaround for ARM erratum 1418040
[    0.322049] CPU134: Booted secondary processor 0x01001f0000 [0x413fd0c1]
[    0.322985] Detected PIPT I-cache on CPU135
[    0.323145] GICv3: CPU135: found redistributor 1001f0100 region 1:0x0000500100920000
[    0.323158] GICv3: CPU135: using allocated LPI pending table @0x0000080001110000
[    0.323249] arch_timer: Enabling local workaround for ARM erratum 1418040
[    0.323272] CPU135: Booted secondary processor 0x01001f0100 [0x413fd0c1]
[    0.324013] Detected PIPT I-cache on CPU136
[    0.324240] GICv3: CPU136: found redistributor 1000b0000 region 1:0x0000500100400000
[    0.324259] GICv3: CPU136: using allocated LPI pending table @0x0000080001120000
[    0.324365] arch_timer: Enabling local workaround for ARM erratum 1418040
[    0.324410] CPU136: Booted secondary processor 0x01000b0000 [0x413fd0c1]
[    0.325366] Detected PIPT I-cache on CPU137
[    0.325520] GICv3: CPU137: found redistributor 1000b0100 region 1:0x0000500100420000
[    0.325532] GICv3: CPU137: using allocated LPI pending table @0x0000080001130000
[    0.325622] arch_timer: Enabling local workaround for ARM erratum 1418040
[    0.325648] CPU137: Booted secondary processor 0x01000b0100 [0x413fd0c1]
[    0.326410] Detected PIPT I-cache on CPU138
[    0.326649] GICv3: CPU138: found redistributor 1000d0000 region 1:0x0000500100480000
[    0.326670] GICv3: CPU138: using allocated LPI pending table @0x0000080001140000
[    0.326779] arch_timer: Enabling local workaround for ARM erratum 1418040
[    0.326824] CPU138: Booted secondary processor 0x01000d0000 [0x413fd0c1]
[    0.327772] Detected PIPT I-cache on CPU139
[    0.327927] GICv3: CPU139: found redistributor 1000d0100 region 1:0x00005001004a0000
[    0.327940] GICv3: CPU139: using allocated LPI pending table @0x0000080001150000
[    0.328030] arch_timer: Enabling local workaround for ARM erratum 1418040
[    0.328052] CPU139: Booted secondary processor 0x01000d0100 [0x413fd0c1]
[    0.328808] Detected PIPT I-cache on CPU140
[    0.329078] GICv3: CPU140: found redistributor 100230000 region 1:0x0000500100a00000
[    0.329098] GICv3: CPU140: using allocated LPI pending table @0x0000080001160000
[    0.329205] arch_timer: Enabling local workaround for ARM erratum 1418040
[    0.329252] CPU140: Booted secondary processor 0x0100230000 [0x413fd0c1]
[    0.330194] Detected PIPT I-cache on CPU141
[    0.330368] GICv3: CPU141: found redistributor 100230100 region 1:0x0000500100a20000
[    0.330380] GICv3: CPU141: using allocated LPI pending table @0x0000080001170000
[    0.330471] arch_timer: Enabling local workaround for ARM erratum 1418040
[    0.330495] CPU141: Booted secondary processor 0x0100230100 [0x413fd0c1]
[    0.331225] Detected PIPT I-cache on CPU142
[    0.331497] GICv3: CPU142: found redistributor 100250000 region 1:0x0000500100a80000
[    0.331518] GICv3: CPU142: using allocated LPI pending table @0x0000080001180000
[    0.331628] arch_timer: Enabling local workaround for ARM erratum 1418040
[    0.331675] CPU142: Booted secondary processor 0x0100250000 [0x413fd0c1]
[    0.332609] Detected PIPT I-cache on CPU143
[    0.332779] GICv3: CPU143: found redistributor 100250100 region 1:0x0000500100aa0000
[    0.332790] GICv3: CPU143: using allocated LPI pending table @0x0000080001190000
[    0.332881] arch_timer: Enabling local workaround for ARM erratum 1418040
[    0.332903] CPU143: Booted secondary processor 0x0100250100 [0x413fd0c1]
[    0.333804] Detected PIPT I-cache on CPU144
[    0.334041] GICv3: CPU144: found redistributor 100090000 region 1:0x0000500100380000
[    0.334060] GICv3: CPU144: using allocated LPI pending table @0x00000800011a0000
[    0.334168] arch_timer: Enabling local workaround for ARM erratum 1418040
[    0.334214] CPU144: Booted secondary processor 0x0100090000 [0x413fd0c1]
[    0.335177] Detected PIPT I-cache on CPU145
[    0.335338] GICv3: CPU145: found redistributor 100090100 region 1:0x00005001003a0000
[    0.335352] GICv3: CPU145: using allocated LPI pending table @0x00000800011b0000
[    0.335444] arch_timer: Enabling local workaround for ARM erratum 1418040
[    0.335466] CPU145: Booted secondary processor 0x0100090100 [0x413fd0c1]
[    0.336210] Detected PIPT I-cache on CPU146
[    0.336454] GICv3: CPU146: found redistributor 1000f0000 region 1:0x0000500100500000
[    0.336476] GICv3: CPU146: using allocated LPI pending table @0x00000800011c0000
[    0.336587] arch_timer: Enabling local workaround for ARM erratum 1418040
[    0.336630] CPU146: Booted secondary processor 0x01000f0000 [0x413fd0c1]
[    0.337576] Detected PIPT I-cache on CPU147
[    0.337744] GICv3: CPU147: found redistributor 1000f0100 region 1:0x0000500100520000
[    0.337758] GICv3: CPU147: using allocated LPI pending table @0x00000800011d0000
[    0.337850] arch_timer: Enabling local workaround for ARM erratum 1418040
[    0.337876] CPU147: Booted secondary processor 0x01000f0100 [0x413fd0c1]
[    0.338626] Detected PIPT I-cache on CPU148
[    0.338893] GICv3: CPU148: found redistributor 100210000 region 1:0x0000500100980000
[    0.338914] GICv3: CPU148: using allocated LPI pending table @0x00000800011e0000
[    0.339021] arch_timer: Enabling local workaround for ARM erratum 1418040
[    0.339067] CPU148: Booted secondary processor 0x0100210000 [0x413fd0c1]
[    0.340159] Detected PIPT I-cache on CPU149
[    0.340340] GICv3: CPU149: found redistributor 100210100 region 1:0x00005001009a0000
[    0.340354] GICv3: CPU149: using allocated LPI pending table @0x00000800011f0000
[    0.340445] arch_timer: Enabling local workaround for ARM erratum 1418040
[    0.340468] CPU149: Booted secondary processor 0x0100210100 [0x413fd0c1]
[    0.341207] Detected PIPT I-cache on CPU150
[    0.341492] GICv3: CPU150: found redistributor 100270000 region 1:0x0000500100b00000
[    0.341513] GICv3: CPU150: using allocated LPI pending table @0x0000080001200000
[    0.341624] arch_timer: Enabling local workaround for ARM erratum 1418040
[    0.341671] CPU150: Booted secondary processor 0x0100270000 [0x413fd0c1]
[    0.342605] Detected PIPT I-cache on CPU151
[    0.342787] GICv3: CPU151: found redistributor 100270100 region 1:0x0000500100b20000
[    0.342802] GICv3: CPU151: using allocated LPI pending table @0x0000080001210000
[    0.342894] arch_timer: Enabling local workaround for ARM erratum 1418040
[    0.342918] CPU151: Booted secondary processor 0x0100270100 [0x413fd0c1]
[    0.343811] Detected PIPT I-cache on CPU152
[    0.344050] GICv3: CPU152: found redistributor 100030000 region 1:0x0000500100200000
[    0.344070] GICv3: CPU152: using allocated LPI pending table @0x0000080001220000
[    0.344178] arch_timer: Enabling local workaround for ARM erratum 1418040
[    0.344223] CPU152: Booted secondary processor 0x0100030000 [0x413fd0c1]
[    0.345172] Detected PIPT I-cache on CPU153
[    0.345337] GICv3: CPU153: found redistributor 100030100 region 1:0x0000500100220000
[    0.345352] GICv3: CPU153: using allocated LPI pending table @0x0000080001230000
[    0.345442] arch_timer: Enabling local workaround for ARM erratum 1418040
[    0.345464] CPU153: Booted secondary processor 0x0100030100 [0x413fd0c1]
[    0.346204] Detected PIPT I-cache on CPU154
[    0.346448] GICv3: CPU154: found redistributor 100050000 region 1:0x0000500100280000
[    0.346469] GICv3: CPU154: using allocated LPI pending table @0x0000080001240000
[    0.346579] arch_timer: Enabling local workaround for ARM erratum 1418040
[    0.346625] CPU154: Booted secondary processor 0x0100050000 [0x413fd0c1]
[    0.347584] Detected PIPT I-cache on CPU155
[    0.347748] GICv3: CPU155: found redistributor 100050100 region 1:0x00005001002a0000
[    0.347763] GICv3: CPU155: using allocated LPI pending table @0x0000080001250000
[    0.347854] arch_timer: Enabling local workaround for ARM erratum 1418040
[    0.347878] CPU155: Booted secondary processor 0x0100050100 [0x413fd0c1]
[    0.348622] Detected PIPT I-cache on CPU156
[    0.348860] GICv3: CPU156: found redistributor 100010000 region 1:0x0000500100180000
[    0.348880] GICv3: CPU156: using allocated LPI pending table @0x0000080001260000
[    0.348988] arch_timer: Enabling local workaround for ARM erratum 1418040
[    0.349032] CPU156: Booted secondary processor 0x0100010000 [0x413fd0c1]
[    0.349982] Detected PIPT I-cache on CPU157
[    0.350148] GICv3: CPU157: found redistributor 100010100 region 1:0x00005001001a0000
[    0.350162] GICv3: CPU157: using allocated LPI pending table @0x0000080001270000
[    0.350252] arch_timer: Enabling local workaround for ARM erratum 1418040
[    0.350276] CPU157: Booted secondary processor 0x0100010100 [0x413fd0c1]
[    0.351015] Detected PIPT I-cache on CPU158
[    0.351267] GICv3: CPU158: found redistributor 100070000 region 1:0x0000500100300000
[    0.351287] GICv3: CPU158: using allocated LPI pending table @0x0000080001280000
[    0.351397] arch_timer: Enabling local workaround for ARM erratum 1418040
[    0.351441] CPU158: Booted secondary processor 0x0100070000 [0x413fd0c1]
[    0.352379] Detected PIPT I-cache on CPU159
[    0.352554] GICv3: CPU159: found redistributor 100070100 region 1:0x0000500100320000
[    0.352570] GICv3: CPU159: using allocated LPI pending table @0x0000080001290000
[    0.352662] arch_timer: Enabling local workaround for ARM erratum 1418040
[    0.352684] CPU159: Booted secondary processor 0x0100070100 [0x413fd0c1]
[    0.353013] smp: Brought up 2 nodes, 160 CPUs
[    5.605245] SMP: Total of 160 processors activated.
[    5.610213] CPU: All CPU(s) started at EL2
[    5.614388] CPU features: detected: 32-bit EL0 Support
[    5.619617] CPU features: detected: Data cache clean to the PoU not required for I/D coherence
[    5.628428] CPU features: detected: Common not Private translations
[    5.634808] CPU features: detected: CRC32 instructions
[    5.640032] CPU features: detected: Enhanced Virtualization Traps
[    5.646234] CPU features: detected: RCpc load-acquire (LDAPR)
[    5.652079] CPU features: detected: LSE atomic instructions
[    5.657749] CPU features: detected: Privileged Access Never
[    5.663419] CPU features: detected: RAS Extension Support
[    5.668911] CPU features: detected: Speculative Store Bypassing Safe (SSBS)
[    5.678658] alternatives: applying system-wide alternatives
[    5.688403] CPU features: detected: Hardware dirty bit management on CPU0-159
[    5.718478] Memory: 261739760K/267125760K available (35008K kernel code, 7074K rwdata, 23200K rodata, 18624K init, 821K bss, 5054656K reserved, 32768K cma-reserved)
[    5.734124] devtmpfs: initialized
[    5.760550] futex hash table entries: 65536 (order: 10, 4194304 bytes, vmalloc hugepage)
[    5.770092] 2G module region forced by RANDOMIZE_MODULE_REGION_FULL
[    5.776552] 0 pages in range for non-PLT usage
[    5.776555] 503040 pages in range for PLT usage
[    5.781268] pinctrl core: initialized pinctrl subsystem
[    5.791526] SMBIOS 3.4.0 present.
[    5.794892] DMI: FOXCONN Mt. Collins/Mt. Collins, BIOS 0ACOC017 (SCP: 1.08.20210825) 10/22/2021
[    5.803828] DMI: Memory slots populated: 16/32
[    5.815718] NET: Registered PF_NETLINK/PF_ROUTE protocol family
[    5.823886] DMA: preallocated 4096 KiB GFP_KERNEL pool for atomic allocations
[    5.831409] DMA: preallocated 4096 KiB GFP_KERNEL|GFP_DMA pool for atomic allocations
[    5.839631] DMA: preallocated 4096 KiB GFP_KERNEL|GFP_DMA32 pool for atomic allocations
[    5.847797] audit: initializing netlink subsys (disabled)
[    5.853375] audit: type=2000 audit(3.616:1): state=initialized audit_enabled=0 res=1
[    5.853854] thermal_sys: Registered thermal governor 'step_wise'
[    5.861267] thermal_sys: Registered thermal governor 'power_allocator'
[    5.867442] cpuidle: using governor menu
[    5.878493] Detected 30 PCC Subspaces
[    5.882231] Registering PCC driver as Mailbox controller
[    5.887698] NET: Registered PF_QIPCRTR protocol family
[    5.893399] hw-breakpoint: found 6 breakpoint and 4 watchpoint registers.
[    5.902355] ASID allocator initialised with 32768 entries
[    5.908128] acpiphp: ACPI Hot Plug PCI Controller Driver version: 0.5
[    5.914784] Serial: AMBA PL011 UART driver
[    5.919798] HugeTLB: registered 1.00 GiB page size, pre-allocated 0 pages
[    5.926717] HugeTLB: 0 KiB vmemmap can be freed for a 1.00 GiB page
[    5.933095] HugeTLB: registered 32.0 MiB page size, pre-allocated 0 pages
[    5.940004] HugeTLB: 0 KiB vmemmap can be freed for a 32.0 MiB page
[    5.946382] HugeTLB: registered 2.00 MiB page size, pre-allocated 0 pages
[    5.953294] HugeTLB: 0 KiB vmemmap can be freed for a 2.00 MiB page
[    5.959673] HugeTLB: registered 64.0 KiB page size, pre-allocated 0 pages
[    5.966584] HugeTLB: 0 KiB vmemmap can be freed for a 64.0 KiB page
[    6.041090] raid6: neonx8   gen() 14788 MB/s
[    6.113565] raid6: neonx4   gen() 14728 MB/s
[    6.186035] raid6: neonx2   gen() 12432 MB/s
[    6.258510] raid6: neonx1   gen()  9859 MB/s
[    6.330984] raid6: int64x8  gen()  6557 MB/s
[    6.403458] raid6: int64x4  gen()  6881 MB/s
[    6.475937] raid6: int64x2  gen()  5747 MB/s
[    6.548411] raid6: int64x1  gen()  4734 MB/s
[    6.552756] raid6: using algorithm neonx8 gen() 14788 MB/s
[    6.626466] raid6: .... xor() 11270 MB/s, rmw enabled
[    6.631606] raid6: using neon recovery algorithm
[    6.636583] ACPI: Added _OSI(Module Device)
[    6.640841] ACPI: Added _OSI(Processor Device)
[    6.645363] ACPI: Added _OSI(Processor Aggregator Device)
[    6.660833] ACPI: 2 ACPI AML tables successfully acquired and loaded
[    6.669803] ACPI: Interpreter enabled
[    6.673533] ACPI: Using GIC for interrupt routing
[    6.678334] ACPI: MCFG table detected, 12 entries
[    6.683288] HEST: Table parsing has been initialized.
[    6.688452] sdei: SDEIv1.0 (0x0) detected in firmware.
[    6.698289] {1}[Hardware Error]: Hardware error from APEI Generic Hardware Error Source: 0
[    6.706696] {1}[Hardware Error]: event severity: recoverable
[    6.712449] {1}[Hardware Error]:  Error 0, type: recoverable
[    6.718202] {1}[Hardware Error]:   section type: unknown, e8ed898d-df16-43cc-8ecc-54f060ef157f
[    6.726962] {1}[Hardware Error]:   section length: 0x30
[    6.732272] {1}[Hardware Error]:   00000000: 00000005 ec30000e 00080110 80001001  ......0.........
[    6.741388] {1}[Hardware Error]:   00000010: 00000300 00000000 00000000 00000000  ................
[    6.750502] {1}[Hardware Error]:   00000020: 00000000 00000000 00000000 00000000  ................
[    6.759679] {2}[Hardware Error]: Hardware error from APEI Generic Hardware Error Source: 3
[    6.768086] {2}[Hardware Error]: event severity: recoverable
[    6.773839] {2}[Hardware Error]:  Error 0, type: recoverable
[    6.779591] {2}[Hardware Error]:   section type: unknown, e8ed898d-df16-43cc-8ecc-54f060ef157f
[    6.788351] {2}[Hardware Error]:   section length: 0x30
[    6.793663] {2}[Hardware Error]:   00000000: 40000005 ec30000e 00080110 80005001  ...@..0......P..
[    6.802778] {2}[Hardware Error]:   00000010: 00000300 00000000 00000000 00000000  ................
[    6.811894] {2}[Hardware Error]:   00000020: 00000000 00000000 00000000 00000000  ................
[    6.821099] GHES: APEI firmware first mode is enabled by APEI bit.
[    6.827387] ACPI: IORT: SMMU-v3[3bffe0000000] Mapped to Proximity domain 0
[    6.834415] ACPI: IORT: SMMU-v3[3fffe0000000] Mapped to Proximity domain 0
[    6.841430] ACPI: IORT: SMMU-v3[23ffe0000000] Mapped to Proximity domain 0
[    6.848442] ACPI: IORT: SMMU-v3[27ffe0000000] Mapped to Proximity domain 0
[    6.855459] ACPI: IORT: SMMU-v3[2bffe0000000] Mapped to Proximity domain 0
[    6.862474] ACPI: IORT: SMMU-v3[2fffe0000000] Mapped to Proximity domain 0
[    6.869486] ACPI: IORT: SMMU-v3[7bffe0000000] Mapped to Proximity domain 1
[    6.876501] ACPI: IORT: SMMU-v3[7fffe0000000] Mapped to Proximity domain 1
[    6.883518] ACPI: IORT: SMMU-v3[63ffe0000000] Mapped to Proximity domain 1
[    6.890533] ACPI: IORT: SMMU-v3[67ffe0000000] Mapped to Proximity domain 1
[    6.897545] ACPI: IORT: SMMU-v3[6bffe0000000] Mapped to Proximity domain 1
[    6.904558] ACPI: IORT: SMMU-v3[6fffe0000000] Mapped to Proximity domain 1
[    6.926965] ARMH0011:00: ttyAMA0 at MMIO 0x100002600000 (irq = 51, base_baud = 0) is a SBSA
[    6.935490] printk: legacy console [ttyAMA0] enabled
[    6.935490] printk: legacy console [ttyAMA0] enabled
[    6.945555] printk: legacy bootconsole [pl11] disabled
[    6.945555] printk: legacy bootconsole [pl11] disabled
[    6.973785] ARMH0011:01: ttyAMA1 at MMIO 0x100002620000 (irq = 52, base_baud = 0) is a SBSA
[    6.983778] ACPI: PCI Root Bridge [PCI2] (domain 0000 [bus 00-ff])
[    6.989964] acpi PNP0A08:02: _OSC: OS supports [ExtendedConfig ASPM ClockPM Segments MSI HPX-Type3]
[    6.999090] acpi PNP0A08:02: _OSC: platform does not support [PME LTR]
[    7.005668] acpi PNP0A08:02: _OSC: OS now controls [AER PCIeCapability]
[    7.012323] acpi PNP0A08:02: MCFG quirk: ECAM at [mem 0x3bfff0000000-0x3bffffffffff] for [bus 00-ff] with pci_32b_read_ops
[    7.024096] acpi PNP0A08:02: ECAM area [mem 0x3bfff0000000-0x3bffffffffff] reserved by PNP0C02:00
[    7.032985] acpi PNP0A08:02: ECAM at [mem 0x3bfff0000000-0x3bffffffffff] for [bus 00-ff]
[    7.041128] PCI host bridge to bus 0000:00
[    7.045231] pci_bus 0000:00: root bus resource [mem 0x30000000-0x37ffffff window]
[    7.052709] pci_bus 0000:00: root bus resource [mem 0x380000000000-0x3bffdfffffff window]
[    7.060881] pci_bus 0000:00: root bus resource [bus 00-ff]
[    7.066364] pci 0000:00:00.0: [1def:e100] type 00 class 0x060000 conventional PCI endpoint
[    7.074708] pci 0000:00:01.0: [1def:e101] type 01 class 0x060400 PCIe Root Port
[    7.082021] pci 0000:00:01.0: PCI bridge to [bus 01]
[    7.086985] pci 0000:00:01.0: enabling Extended Tags
[    7.091975] pci 0000:00:01.0: supports D1 D2
[    7.096239] pci 0000:00:01.0: PME# supported from D0 D1 D3hot
[    7.103125] pci 0000:00:01.0: bridge window [io  0x1000-0x0fff] to [bus 01] add_size 1000
[    7.111298] pci 0000:00:01.0: bridge window [mem 0x00100000-0x000fffff 64bit pref] to [bus 01] add_size 200000 add_align 100000
[    7.122769] pci 0000:00:01.0: bridge window [mem 0x00100000-0x000fffff] to [bus 01] add_size 200000 add_align 100000
[    7.133286] pci 0000:00:01.0: bridge window [mem 0x30000000-0x301fffff]: assigned
[    7.140761] pci 0000:00:01.0: bridge window [mem 0x380000000000-0x3800001fffff 64bit pref]: assigned
[    7.149887] pci 0000:00:01.0: bridge window [io  size 0x1000]: can't assign; no space
[    7.157711] pci 0000:00:01.0: bridge window [io  size 0x1000]: failed to assign
[    7.165015] pci 0000:00:01.0: bridge window [io  size 0x1000]: can't assign; no space
[    7.172840] pci 0000:00:01.0: bridge window [io  size 0x1000]: failed to assign
[    7.180143] pci 0000:00:01.0: PCI bridge to [bus 01]
[    7.185104] pci 0000:00:01.0:   bridge window [mem 0x30000000-0x301fffff]
[    7.191886] pci 0000:00:01.0:   bridge window [mem 0x380000000000-0x3800001fffff 64bit pref]
[    7.200319] pci_bus 0000:00: resource 4 [mem 0x30000000-0x37ffffff window]
[    7.207188] pci_bus 0000:00: resource 5 [mem 0x380000000000-0x3bffdfffffff window]
[    7.214752] pci_bus 0000:01: resource 1 [mem 0x30000000-0x301fffff]
[    7.221012] pci_bus 0000:01: resource 2 [mem 0x380000000000-0x3800001fffff 64bit pref]
[    7.228986] ACPI: PCI Root Bridge [PCI3] (domain 0001 [bus 00-ff])
[    7.235166] acpi PNP0A08:03: _OSC: OS supports [ExtendedConfig ASPM ClockPM Segments MSI HPX-Type3]
[    7.244237] acpi PNP0A08:03: _OSC: platform does not support [PME LTR]
[    7.250807] acpi PNP0A08:03: _OSC: OS now controls [AER PCIeCapability]
[    7.257414] acpi PNP0A08:03: MCFG quirk: ECAM at [mem 0x3ffff0000000-0x3fffffffffff] for [bus 00-ff] with pci_32b_read_ops
[    7.269168] acpi PNP0A08:03: ECAM area [mem 0x3ffff0000000-0x3fffffffffff] reserved by PNP0C02:00
[    7.278048] acpi PNP0A08:03: ECAM at [mem 0x3ffff0000000-0x3fffffffffff] for [bus 00-ff]
[    7.286183] PCI host bridge to bus 0001:00
[    7.290286] pci_bus 0001:00: root bus resource [mem 0x38000000-0x3fffffff window]
[    7.297763] pci_bus 0001:00: root bus resource [mem 0x3c0000000000-0x3fffdfffffff window]
[    7.305935] pci_bus 0001:00: root bus resource [bus 00-ff]
[    7.311416] pci 0001:00:00.0: [1def:e100] type 00 class 0x060000 conventional PCI endpoint
[    7.319725] pci 0001:00:01.0: [1def:e101] type 01 class 0x060400 PCIe Root Port
[    7.327038] pci 0001:00:01.0: PCI bridge to [bus 01]
[    7.332000] pci 0001:00:01.0: enabling Extended Tags
[    7.336988] pci 0001:00:01.0: supports D1 D2
[    7.341253] pci 0001:00:01.0: PME# supported from D0 D1 D3hot
[    7.348122] pci 0001:00:01.0: bridge window [io  0x1000-0x0fff] to [bus 01] add_size 1000
[    7.356294] pci 0001:00:01.0: bridge window [mem 0x00100000-0x000fffff 64bit pref] to [bus 01] add_size 200000 add_align 100000
[    7.367765] pci 0001:00:01.0: bridge window [mem 0x00100000-0x000fffff] to [bus 01] add_size 200000 add_align 100000
[    7.378284] pci 0001:00:01.0: bridge window [mem 0x38000000-0x381fffff]: assigned
[    7.385760] pci 0001:00:01.0: bridge window [mem 0x3c0000000000-0x3c00001fffff 64bit pref]: assigned
[    7.394888] pci 0001:00:01.0: bridge window [io  size 0x1000]: can't assign; no space
[    7.402712] pci 0001:00:01.0: bridge window [io  size 0x1000]: failed to assign
[    7.410016] pci 0001:00:01.0: bridge window [io  size 0x1000]: can't assign; no space
[    7.417840] pci 0001:00:01.0: bridge window [io  size 0x1000]: failed to assign
[    7.425144] pci 0001:00:01.0: PCI bridge to [bus 01]
[    7.430103] pci 0001:00:01.0:   bridge window [mem 0x38000000-0x381fffff]
[    7.436885] pci 0001:00:01.0:   bridge window [mem 0x3c0000000000-0x3c00001fffff 64bit pref]
[    7.445317] pci_bus 0001:00: resource 4 [mem 0x38000000-0x3fffffff window]
[    7.452187] pci_bus 0001:00: resource 5 [mem 0x3c0000000000-0x3fffdfffffff window]
[    7.459751] pci_bus 0001:01: resource 1 [mem 0x38000000-0x381fffff]
[    7.466011] pci_bus 0001:01: resource 2 [mem 0x3c0000000000-0x3c00001fffff 64bit pref]
[    7.473974] ACPI: PCI Root Bridge [PCI4] (domain 0002 [bus 00-ff])
[    7.480154] acpi PNP0A08:04: _OSC: OS supports [ExtendedConfig ASPM ClockPM Segments MSI HPX-Type3]
[    7.489224] acpi PNP0A08:04: _OSC: platform does not support [PME LTR]
[    7.495793] acpi PNP0A08:04: _OSC: OS now controls [AER PCIeCapability]
[    7.502400] acpi PNP0A08:04: MCFG quirk: ECAM at [mem 0x23fff0000000-0x23ffffffffff] for [bus 00-ff] with pci_32b_read_ops
[    7.514145] acpi PNP0A08:04: ECAM area [mem 0x23fff0000000-0x23ffffffffff] reserved by PNP0C02:00
[    7.523019] acpi PNP0A08:04: ECAM at [mem 0x23fff0000000-0x23ffffffffff] for [bus 00-ff]
[    7.531162] PCI host bridge to bus 0002:00
[    7.535266] pci_bus 0002:00: root bus resource [mem 0x01000000-0x07ffffff window]
[    7.542743] pci_bus 0002:00: root bus resource [mem 0x200000000000-0x23ffdfffffff window]
[    7.550915] pci_bus 0002:00: root bus resource [bus 00-ff]
[    7.556397] pci 0002:00:00.0: [1def:e110] type 00 class 0x060000 conventional PCI endpoint
[    7.564706] pci 0002:00:01.0: [1def:e111] type 01 class 0x060400 PCIe Root Port
[    7.572020] pci 0002:00:01.0: PCI bridge to [bus 01]
[    7.577008] pci 0002:00:01.0: supports D1 D2
[    7.581402] pci 0002:00:01.0: PME# supported from D0 D1 D3hot
[    7.587211] pci 0002:00:03.0: [1def:e113] type 01 class 0x060400 PCIe Root Port
[    7.594521] pci 0002:00:03.0: PCI bridge to [bus 02]
[    7.599479] pci 0002:00:03.0:   bridge window [io  0x0000-0x0fff]
[    7.605566] pci 0002:00:03.0:   bridge window [mem 0x04000000-0x040fffff]
[    7.612370] pci 0002:00:03.0: supports D1 D2
[    7.616630] pci 0002:00:03.0: PME# supported from D0 D1 D3hot
[    7.622423] pci 0002:00:05.0: [1def:e115] type 01 class 0x060400 PCIe Root Port
[    7.629736] pci 0002:00:05.0: PCI bridge to [bus 03]
[    7.634724] pci 0002:00:05.0: supports D1 D2
[    7.638988] pci 0002:00:05.0: PME# supported from D0 D1 D3hot
[    7.645899] pci 0002:02:00.0: [8086:1521] type 00 class 0x020000 PCIe Endpoint
[    7.653130] pci 0002:02:00.0: BAR 0 [mem 0x04020000-0x0403ffff]
[    7.659058] pci 0002:02:00.0: BAR 2 [io  0x0020-0x003f]
[    7.664285] pci 0002:02:00.0: BAR 3 [mem 0x04044000-0x04047fff]
[    7.670315] pci 0002:02:00.0: PME# supported from D0 D3hot D3cold
[    7.676436] pci 0002:02:00.0: VF BAR 0 [mem 0x00000000-0x00003fff 64bit pref]
[    7.683567] pci 0002:02:00.0: VF BAR 0 [mem 0x00000000-0x0001ffff 64bit pref]: contains BAR 0 for 8 VFs
[    7.692972] pci 0002:02:00.0: VF BAR 3 [mem 0x00000000-0x00003fff 64bit pref]
[    7.700102] pci 0002:02:00.0: VF BAR 3 [mem 0x00000000-0x0001ffff 64bit pref]: contains BAR 3 for 8 VFs
[    7.709567] pci 0002:02:00.0: 8.000 Gb/s available PCIe bandwidth, limited by 5.0 GT/s PCIe x2 link at 0002:00:03.0 (capable of 16.000 Gb/s with 5.0 GT/s PCIe x4 link)
[    7.724622] pci 0002:02:00.1: [8086:1521] type 00 class 0x020000 PCIe Endpoint
[    7.731847] pci 0002:02:00.1: BAR 0 [mem 0x04000000-0x0401ffff]
[    7.737775] pci 0002:02:00.1: BAR 2 [io  0x0000-0x001f]
[    7.743001] pci 0002:02:00.1: BAR 3 [mem 0x04040000-0x04043fff]
[    7.749024] pci 0002:02:00.1: PME# supported from D0 D3hot D3cold
[    7.755141] pci 0002:02:00.1: VF BAR 0 [mem 0x00000000-0x00003fff 64bit pref]
[    7.762271] pci 0002:02:00.1: VF BAR 0 [mem 0x00000000-0x0001ffff 64bit pref]: contains BAR 0 for 8 VFs
[    7.771677] pci 0002:02:00.1: VF BAR 3 [mem 0x00000000-0x00003fff 64bit pref]
[    7.778806] pci 0002:02:00.1: VF BAR 3 [mem 0x00000000-0x0001ffff 64bit pref]: contains BAR 3 for 8 VFs
[    7.788375] acpiphp: Slot [3] registered
[    7.794384] pci 0002:00:01.0: bridge window [io  0x1000-0x0fff] to [bus 01] add_size 1000
[    7.802557] pci 0002:00:01.0: bridge window [mem 0x00100000-0x000fffff 64bit pref] to [bus 01] add_size 200000 add_align 100000
[    7.814028] pci 0002:00:01.0: bridge window [mem 0x00100000-0x000fffff] to [bus 01] add_size 200000 add_align 100000
[    7.824543] pci 0002:00:03.0: bridge window [mem 0x00100000-0x000fffff 64bit pref] to [bus 02] add_size 300000 add_align 100000
[    7.836014] pci 0002:00:03.0: bridge window [mem 0x00100000-0x001fffff] to [bus 02] add_size 100000 add_align 100000
[    7.846528] pci 0002:00:05.0: bridge window [io  0x1000-0x0fff] to [bus 03] add_size 1000
[    7.854697] pci 0002:00:05.0: bridge window [mem 0x00100000-0x000fffff 64bit pref] to [bus 03] add_size 200000 add_align 100000
[    7.866167] pci 0002:00:05.0: bridge window [mem 0x00100000-0x000fffff] to [bus 03] add_size 200000 add_align 100000
[    7.876683] pci 0002:00:01.0: bridge window [mem 0x01000000-0x011fffff]: assigned
[    7.884157] pci 0002:00:01.0: bridge window [mem 0x200000000000-0x2000001fffff 64bit pref]: assigned
[    7.893283] pci 0002:00:03.0: bridge window [mem 0x01200000-0x013fffff]: assigned
[    7.900761] pci 0002:00:03.0: bridge window [mem 0x200000200000-0x2000004fffff 64bit pref]: assigned
[    7.909895] pci 0002:00:05.0: bridge window [mem 0x01400000-0x015fffff]: assigned
[    7.917379] pci 0002:00:05.0: bridge window [mem 0x200000500000-0x2000006fffff 64bit pref]: assigned
[    7.926506] pci 0002:00:01.0: bridge window [io  size 0x1000]: can't assign; no space
[    7.934330] pci 0002:00:01.0: bridge window [io  size 0x1000]: failed to assign
[    7.941633] pci 0002:00:03.0: bridge window [io  size 0x1000]: can't assign; no space
[    7.949457] pci 0002:00:03.0: bridge window [io  size 0x1000]: failed to assign
[    7.956760] pci 0002:00:05.0: bridge window [io  size 0x1000]: can't assign; no space
[    7.964585] pci 0002:00:05.0: bridge window [io  size 0x1000]: failed to assign
[    7.971891] pci 0002:00:03.0: bridge window [io  size 0x1000]: can't assign; no space
[    7.979715] pci 0002:00:03.0: bridge window [io  size 0x1000]: failed to assign
[    7.987020] pci 0002:00:05.0: bridge window [io  size 0x1000]: can't assign; no space
[    7.994844] pci 0002:00:05.0: bridge window [io  size 0x1000]: failed to assign
[    8.002148] pci 0002:00:01.0: bridge window [io  size 0x1000]: can't assign; no space
[    8.009972] pci 0002:00:01.0: bridge window [io  size 0x1000]: failed to assign
[    8.017277] pci 0002:00:01.0: PCI bridge to [bus 01]
[    8.022233] pci 0002:00:01.0:   bridge window [mem 0x01000000-0x011fffff]
[    8.029015] pci 0002:00:01.0:   bridge window [mem 0x200000000000-0x2000001fffff 64bit pref]
[    8.037449] pci 0002:02:00.0: BAR 0 [mem 0x01200000-0x0121ffff]: assigned
[    8.044234] pci 0002:02:00.1: BAR 0 [mem 0x01220000-0x0123ffff]: assigned
[    8.051017] pci 0002:02:00.0: BAR 3 [mem 0x01240000-0x01243fff]: assigned
[    8.057801] pci 0002:02:00.0: VF BAR 0 [mem 0x200000200000-0x20000021ffff 64bit pref]: assigned
[    8.066496] pci 0002:02:00.0: VF BAR 3 [mem 0x200000220000-0x20000023ffff 64bit pref]: assigned
[    8.075192] pci 0002:02:00.1: BAR 3 [mem 0x01244000-0x01247fff]: assigned
[    8.081976] pci 0002:02:00.1: VF BAR 0 [mem 0x200000240000-0x20000025ffff 64bit pref]: assigned
[    8.090672] pci 0002:02:00.1: VF BAR 3 [mem 0x200000260000-0x20000027ffff 64bit pref]: assigned
[    8.099367] pci 0002:02:00.0: BAR 2 [io  size 0x0020]: can't assign; no space
[    8.106497] pci 0002:02:00.0: BAR 2 [io  size 0x0020]: failed to assign
[    8.113105] pci 0002:02:00.1: BAR 2 [io  size 0x0020]: can't assign; no space
[    8.120234] pci 0002:02:00.1: BAR 2 [io  size 0x0020]: failed to assign
[    8.126843] pci 0002:02:00.0: BAR 2 [io  size 0x0020]: can't assign; no space
[    8.133972] pci 0002:02:00.0: BAR 2 [io  size 0x0020]: failed to assign
[    8.140579] pci 0002:02:00.1: BAR 2 [io  size 0x0020]: can't assign; no space
[    8.147709] pci 0002:02:00.1: BAR 2 [io  size 0x0020]: failed to assign
[    8.154317] pci 0002:00:03.0: PCI bridge to [bus 02]
[    8.159276] pci 0002:00:03.0:   bridge window [mem 0x01200000-0x013fffff]
[    8.166057] pci 0002:00:03.0:   bridge window [mem 0x200000200000-0x2000004fffff 64bit pref]
[    8.174491] pci 0002:00:05.0: PCI bridge to [bus 03]
[    8.179449] pci 0002:00:05.0:   bridge window [mem 0x01400000-0x015fffff]
[    8.186230] pci 0002:00:05.0:   bridge window [mem 0x200000500000-0x2000006fffff 64bit pref]
[    8.194664] pci_bus 0002:00: Some PCI device resources are unassigned, try booting with pci=realloc
[    8.203703] pci_bus 0002:00: resource 4 [mem 0x01000000-0x07ffffff window]
[    8.210572] pci_bus 0002:00: resource 5 [mem 0x200000000000-0x23ffdfffffff window]
[    8.218137] pci_bus 0002:01: resource 1 [mem 0x01000000-0x011fffff]
[    8.224397] pci_bus 0002:01: resource 2 [mem 0x200000000000-0x2000001fffff 64bit pref]
[    8.232308] pci_bus 0002:02: resource 1 [mem 0x01200000-0x013fffff]
[    8.238567] pci_bus 0002:02: resource 2 [mem 0x200000200000-0x2000004fffff 64bit pref]
[    8.246478] pci_bus 0002:03: resource 1 [mem 0x01400000-0x015fffff]
[    8.252738] pci_bus 0002:03: resource 2 [mem 0x200000500000-0x2000006fffff 64bit pref]
[    8.260902] ACPI: PCI Root Bridge [PCI5] (domain 0003 [bus 00-ff])
[    8.267081] acpi PNP0A08:05: _OSC: OS supports [ExtendedConfig ASPM ClockPM Segments MSI HPX-Type3]
[    8.276154] acpi PNP0A08:05: _OSC: platform does not support [PME LTR]
[    8.282724] acpi PNP0A08:05: _OSC: OS now controls [AER PCIeCapability]
[    8.289334] acpi PNP0A08:05: MCFG quirk: ECAM at [mem 0x27fff0000000-0x27ffffffffff] for [bus 00-ff] with pci_32b_read_ops
[    8.301090] acpi PNP0A08:05: ECAM area [mem 0x27fff0000000-0x27ffffffffff] reserved by PNP0C02:00
[    8.309975] acpi PNP0A08:05: ECAM at [mem 0x27fff0000000-0x27ffffffffff] for [bus 00-ff]
[    8.318136] PCI host bridge to bus 0003:00
[    8.322240] pci_bus 0003:00: root bus resource [mem 0x08000000-0x0fffffff window]
[    8.329717] pci_bus 0003:00: root bus resource [mem 0x240000000000-0x27ffdfffffff window]
[    8.337889] pci_bus 0003:00: root bus resource [bus 00-ff]
[    8.343372] pci 0003:00:00.0: [1def:e110] type 00 class 0x060000 conventional PCI endpoint
[    8.351685] pci 0003:00:01.0: [1def:e111] type 01 class 0x060400 PCIe Root Port
[    8.358998] pci 0003:00:01.0: PCI bridge to [bus 01]
[    8.363986] pci 0003:00:01.0: supports D1 D2
[    8.368250] pci 0003:00:01.0: PME# supported from D0 D1 D3hot
[    8.374082] pci 0003:00:05.0: [1def:e115] type 01 class 0x060400 PCIe Root Port
[    8.381395] pci 0003:00:05.0: PCI bridge to [bus 02]
[    8.386383] pci 0003:00:05.0: supports D1 D2
[    8.390648] pci 0003:00:05.0: PME# supported from D0 D1 D3hot
[    8.396473] pci 0003:00:07.0: [1def:e117] type 01 class 0x060400 PCIe Root Port
[    8.403787] pci 0003:00:07.0: PCI bridge to [bus 03]
[    8.408775] pci 0003:00:07.0: supports D1 D2
[    8.413040] pci 0003:00:07.0: PME# supported from D0 D1 D3hot
[    8.418884] acpiphp: Slot [1] registered
[    8.424907] acpiphp: Slot [3-1] registered
[    8.431107] acpiphp: Slot [4] registered
[    8.437114] pci 0003:00:01.0: bridge window [io  0x1000-0x0fff] to [bus 01] add_size 1000
[    8.445286] pci 0003:00:01.0: bridge window [mem 0x00100000-0x000fffff 64bit pref] to [bus 01] add_size 200000 add_align 100000
[    8.456756] pci 0003:00:01.0: bridge window [mem 0x00100000-0x000fffff] to [bus 01] add_size 200000 add_align 100000
[    8.467271] pci 0003:00:05.0: bridge window [io  0x1000-0x0fff] to [bus 02] add_size 1000
[    8.475439] pci 0003:00:05.0: bridge window [mem 0x00100000-0x000fffff 64bit pref] to [bus 02] add_size 200000 add_align 100000
[    8.486910] pci 0003:00:05.0: bridge window [mem 0x00100000-0x000fffff] to [bus 02] add_size 200000 add_align 100000
[    8.497424] pci 0003:00:07.0: bridge window [io  0x1000-0x0fff] to [bus 03] add_size 1000
[    8.505593] pci 0003:00:07.0: bridge window [mem 0x00100000-0x000fffff 64bit pref] to [bus 03] add_size 200000 add_align 100000
[    8.517064] pci 0003:00:07.0: bridge window [mem 0x00100000-0x000fffff] to [bus 03] add_size 200000 add_align 100000
[    8.527580] pci 0003:00:01.0: bridge window [mem 0x08000000-0x081fffff]: assigned
[    8.535053] pci 0003:00:01.0: bridge window [mem 0x240000000000-0x2400001fffff 64bit pref]: assigned
[    8.544180] pci 0003:00:05.0: bridge window [mem 0x08200000-0x083fffff]: assigned
[    8.551657] pci 0003:00:05.0: bridge window [mem 0x240000200000-0x2400003fffff 64bit pref]: assigned
[    8.560784] pci 0003:00:07.0: bridge window [mem 0x08400000-0x085fffff]: assigned
[    8.568262] pci 0003:00:07.0: bridge window [mem 0x240000400000-0x2400005fffff 64bit pref]: assigned
[    8.577389] pci 0003:00:01.0: bridge window [io  size 0x1000]: can't assign; no space
[    8.585214] pci 0003:00:01.0: bridge window [io  size 0x1000]: failed to assign
[    8.592518] pci 0003:00:05.0: bridge window [io  size 0x1000]: can't assign; no space
[    8.600342] pci 0003:00:05.0: bridge window [io  size 0x1000]: failed to assign
[    8.607645] pci 0003:00:07.0: bridge window [io  size 0x1000]: can't assign; no space
[    8.615470] pci 0003:00:07.0: bridge window [io  size 0x1000]: failed to assign
[    8.622775] pci 0003:00:07.0: bridge window [io  size 0x1000]: can't assign; no space
[    8.630599] pci 0003:00:07.0: bridge window [io  size 0x1000]: failed to assign
[    8.637902] pci 0003:00:05.0: bridge window [io  size 0x1000]: can't assign; no space
[    8.645726] pci 0003:00:05.0: bridge window [io  size 0x1000]: failed to assign
[    8.653029] pci 0003:00:01.0: bridge window [io  size 0x1000]: can't assign; no space
[    8.660853] pci 0003:00:01.0: bridge window [io  size 0x1000]: failed to assign
[    8.668157] pci 0003:00:01.0: PCI bridge to [bus 01]
[    8.673112] pci 0003:00:01.0:   bridge window [mem 0x08000000-0x081fffff]
[    8.679894] pci 0003:00:01.0:   bridge window [mem 0x240000000000-0x2400001fffff 64bit pref]
[    8.688327] pci 0003:00:05.0: PCI bridge to [bus 02]
[    8.693284] pci 0003:00:05.0:   bridge window [mem 0x08200000-0x083fffff]
[    8.700065] pci 0003:00:05.0:   bridge window [mem 0x240000200000-0x2400003fffff 64bit pref]
[    8.708498] pci 0003:00:07.0: PCI bridge to [bus 03]
[    8.713455] pci 0003:00:07.0:   bridge window [mem 0x08400000-0x085fffff]
[    8.720236] pci 0003:00:07.0:   bridge window [mem 0x240000400000-0x2400005fffff 64bit pref]
[    8.728669] pci_bus 0003:00: resource 4 [mem 0x08000000-0x0fffffff window]
[    8.735538] pci_bus 0003:00: resource 5 [mem 0x240000000000-0x27ffdfffffff window]
[    8.743102] pci_bus 0003:01: resource 1 [mem 0x08000000-0x081fffff]
[    8.749361] pci_bus 0003:01: resource 2 [mem 0x240000000000-0x2400001fffff 64bit pref]
[    8.757273] pci_bus 0003:02: resource 1 [mem 0x08200000-0x083fffff]
[    8.763533] pci_bus 0003:02: resource 2 [mem 0x240000200000-0x2400003fffff 64bit pref]
[    8.771499] pci_bus 0003:03: resource 1 [mem 0x08400000-0x085fffff]
[    8.777760] pci_bus 0003:03: resource 2 [mem 0x240000400000-0x2400005fffff 64bit pref]
[    8.785852] ACPI: PCI Root Bridge [PCI6] (domain 0004 [bus 00-ff])
[    8.792031] acpi PNP0A08:06: _OSC: OS supports [ExtendedConfig ASPM ClockPM Segments MSI HPX-Type3]
[    8.801100] acpi PNP0A08:06: _OSC: platform does not support [PME LTR]
[    8.807669] acpi PNP0A08:06: _OSC: OS now controls [AER PCIeCapability]
[    8.814278] acpi PNP0A08:06: MCFG quirk: ECAM at [mem 0x2bfff0000000-0x2bffffffffff] for [bus 00-ff] with pci_32b_read_ops
[    8.826033] acpi PNP0A08:06: ECAM area [mem 0x2bfff0000000-0x2bffffffffff] reserved by PNP0C02:00
[    8.834911] acpi PNP0A08:06: ECAM at [mem 0x2bfff0000000-0x2bffffffffff] for [bus 00-ff]
[    8.843053] PCI host bridge to bus 0004:00
[    8.847156] pci_bus 0004:00: root bus resource [mem 0x10000000-0x17ffffff window]
[    8.854634] pci_bus 0004:00: root bus resource [mem 0x280000000000-0x2bffdfffffff window]
[    8.862807] pci_bus 0004:00: root bus resource [bus 00-ff]
[    8.868291] pci 0004:00:00.0: [1def:e110] type 00 class 0x060000 conventional PCI endpoint
[    8.876608] pci 0004:00:01.0: [1def:e111] type 01 class 0x060400 PCIe Root Port
[    8.883920] pci 0004:00:01.0: PCI bridge to [bus 01-02]
[    8.889137] pci 0004:00:01.0:   bridge window [io  0x0000-0x0fff]
[    8.895225] pci 0004:00:01.0:   bridge window [mem 0x10000000-0x110fffff]
[    8.902029] pci 0004:00:01.0: supports D1 D2
[    8.906291] pci 0004:00:01.0: PME# supported from D0 D1 D3hot
[    8.912102] pci 0004:00:03.0: [1def:e113] type 01 class 0x060400 PCIe Root Port
[    8.919414] pci 0004:00:03.0: PCI bridge to [bus 03]
[    8.924371] p 0x11200000-0x112fffff]
[    8.931175] pci 0004:00:03.0: supports D1 D2
[    8.935436] pci 0004:00:03.0: PME# supported from D0 D1 D3hot
[    8.941238] pci 0004:00:05.0: [1def:e115] type 01 class 0x060400 PCIe Root Port
[    8.948551] pci 0004:00:05.0: PCI bridge to [bus 04]
[    8.953538] pci 0004:00:05.0: supports D1 D2
[    8.957803] pci 0004:00:05.0: PME# supported from D0 D1 D3hot
[    8.963642] pci 0004:00:07.0: [1def:e117] type 01 class 0x060400 PCIe Root Port
[    8.970955] pci 0004:00:07.0: PCI bridge to [bus 05]
[    8.975943] pci 0004:00:07.0: supports D1 D2
[    8.980207] pci 0004:00:07.0: PME# supported from D0 D1 D3hot
[    8.986062] pci 0004:01:00.0: [1a03:1150] type 01 class 0x060400 PCIe to PCI/PCI-X bridge
[    8.994264] pci 0004:01:00.0: PCI bridge to [bus 02]
[    8.999225] pci 0004:01:00.0:   bridge window [io  0x0000-0x0fff]
[    9.005314] pci 0004:01:00.0:   bridge window [mem 0x10000000-0x110fffff]
[    9.012116] pci 0004:01:00.0: enabling Extended Tags
[    9.017140] pci 0004:01:00.0: supports D1 D2
[    9.021404] pci 0004:01:00.0: PME# supported from D0 D1 D2 D3hot D3cold
[    9.028154] pci_bus 0004:02: extended config space not accessible
[    9.034256] pci 0004:02:00.0: [1a03:2000] type 00 class 0x030000 conventional PCI endpoint
[    9.042529] pci 0004:02:00.0: BAR 0 [mem 0x10000000-0x10ffffff]
[    9.048450] pci 0004:02:00.0: BAR 1 [mem 0x11000000-0x1103ffff]
[    9.054368] pci 0004:02:00.0: BAR 2 [io  0x0000-0x007f]
[    9.059650] pci 0004:02:00.0: supports D1 D2
[    9.063914] pci 0004:02:00.0: PME# supported from D0 D1 D2 D3hot D3cold
[    9.070665] pci 0004:03:00.0: [1912:0014] type 00 class 0x0c0330 PCIe Endpoint
[    9.077902] pci 0004:03:00.0: BAR 0 [mem 0x11200000-0x11201fff 64bit]
[    9.084447] pci 0004:03:00.0: PME# supported from D0 D3hot D3cold
[    9.090667] acpiphp: Slot [1-1] registered
[    9.096864] acpiphp: Slot [2] registered
[    9.102877] pci 0004:00:01.0: bridge window [mem 0x00100000-0x000fffff 64bit pref] to [bus 01-02] add_size 200000 add_align 100000
[    9.114611] pci 0004:00:03.0: bridge window [io  0x1000-0x0fff] to [bus 03] add_size 1000
[    9.122782] pci 0004:00:03.0: bridge window [mem 0x00100000-0x000fffff 64bit pref] to [bus 03] add_size 200000 add_align 100000
[    9.134255] pci 0004:00:03.0: bridge window [mem 0x00100000-0x001fffff] to [bus 03] add_size 100000 add_align 100000
[    9.144770] pci 0004:00:05.0: bridge window [io  0x1000-0x0fff] to [bus 04] add_size 1000
[    9.152938] pci 0004:00:05.0: bridge window [mem 0x00100000-0x000fffff 64bit pref] to [bus 04] add_size 200000 add_align 100000
[    9.164409] pci 0004:00:05.0: bridge window [mem 0x00100000-0x000fffff] to [bus 04] add_size 200000 add_align 100000
[    9.174923] pci 0004:00:07.0: bridge window [io  0x1000-0x0fff] to [bus 05] add_size 1000
[    9.183093] pci 0004:00:07.0: bridge window [mem 0x00100000-0x000fffff 64bit pref] to [bus 05] add_size 200000 add_align 100000
[    9.194563] pci 0004:00:07.0: bridge window [mem 0x00100000-0x000fffff] to [bus 05] add_size 200000 add_align 100000
[    9.205085] pci 0004:00:01.0: bridge window [mem 0x10000000-0x117fffff]: assigned
[    9.212559] pci 0004:00:01.0: bridge window [mem 0x280000000000-0x2800001fffff 64bit pref]: assigned
[    9.221685] pci 0004:00:03.0: bridge window [mem 0x11800000-0x119fffff]: assigned
[    9.229162] pci 0004:00:03.0: bridge window [mem 0x280000200000-0x2800003fffff 64bit pref]: assigned
[    9.238288] pci 0004:00:05.0: bridge window [mem 0x11a00000-0x11bfffff]: assigned
[    9.245765] pci 0004:00:05.0: bridge window [mem 0x280000400000-0x2800005fffff 64bit pref]: assigned
[    9.254891] pci 0004:00:07.0: bridge window [mem 0x11c00000-0x11dfffff]: assigned
[    9.262367] pci 0004:00:07.0: bridge window [mem 0x280000600000-0x2800007fffff 64bit pref]: assigned
[    9.271494] pci 0004:00:01.0: bridge window [io  size 0x1000]: can't assign; no space
[    9.279317] pci 0004:00:01.0: bridge window [io  size 0x1000]: failed to assign
[    9.286621] pci 0004:00:03.0: bridge window [io  size 0x1000]: can't assign; no space
[    9.294445] pci 0004:00:03.0: bridge window [io  size 0x1000]: failed to assign
[    9.301748] pci 0004:00:05.0: bridge window [io  size 0x1000]: can't assign; no space
[    9.309572] pci 0004:00:05.0: bridge window [io  size 0x1000]: failed to assign
[    9.316875] pci 0004:00:07.0: bridge window [io  size 0x1000]: can't assign; no space
[    9.324699] pci 0004:00:07.0: bridge window [io  size 0x1000]: failed to assign
[    9.332004] pci 0004:00:01.0: bridge window [io  size 0x1000]: can't assign; no space
[    9.339827] pci 0004:00:01.0: bridge window [io  size 0x1000]: failed to assign
[    9.347130] pci 0004:00:07.0: bridge window [io  size 0x1000]: can't assign; no space
[    9.354954] pci 0004:00:07.0: bridge window [io  size 0x1000]: failed to assign
[    9.362258] pci 0004:00:05.0: bridge window [io  size 0x1000]: can't assign; no space
[    9.370082] pci 0004:00:05.0: bridge window [io  size 0x1000]: failed to assign
[    9.377384] pci 0004:00:03.0: bridge window [io  size 0x1000]: can't assign; no space
[    9.385208] pci 0004:00:03.0: bridge window [io  size 0x1000]: failed to assign
[    9.392512] pci 0004:01:00.0: bridge window [mem 0x10000000-0x117fffff]: assigned
[    9.399988] pci 0004:01:00.0: bridge window [io  size 0x1000]: can't assign; no space
[    9.407924] pci 0004:01:00.0: bridge window [io  size 0x1000]: failed to assign
[    9.415229] pci 0004:02:00.0: BAR 0 [mem 0x10000000-0x10ffffff]: assigned
[    9.422013] pci 0004:02:00.0: BAR 1 [mem 0x11000000-0x1103ffff]: assigned
[    9.428797] pci 0004:02:00.0: BAR 2 [io  size 0x0080]: can't assign; no space
[    9.435926] pci 0004:02:00.0: BAR 2 [io  size 0x0080]: failed to assign
[    9.442534] pci 0004:01:00.0: PCI bridge to [bus 02]
[    9.447495] pci 0004:01:00.0:   bridge window [mem 0x10000000-0x117fffff]
[    9.454283] pci 0004:00:01.0: PCI bridge to [bus 01-02]
[    9.459500] pci 0004:00:01.0:   bridge window [mem 0x10000000-0x117fffff]
[    9.466282] pci 0004:00:01.0:   bridge window [mem 0x280000000000-0x2800001fffff 64bit pref]
[    9.474716] pci 0004:03:00.0: BAR 0 [mem 0x11800000-0x11801fff 64bit]: assigned
[    9.482027] pci 0004:00:03.0: PCI bridge to [bus 03]
[    9.486983] pci 0004:00:03.0:   bridge window [mem 0x11800000-0x119fffff]
[    9.493765] pci 0004:00:03.0:   bridge window [mem 0x280000200000-0x2800003fffff 64bit pref]
[    9.502197] pci 0004:00:05.0: PCI bridge to [bus 04]
[    9.507154] pci 0004:00:05.0:   bridge window [mem 0x11a00000-0x11bfffff]
[    9.513935] pci 0004:00:05.0:   bridge window [mem 0x280000400000-0x2800005fffff 64bit pref]
[    9.522368] pci 0004:00:07.0: PCI bridge to [bus 05]
[    9.527325] pci 0004:00:07.0:   bridge window [mem 0x11c00000-0x11dfffff]
[    9.534107] pci 0004:00:07.0:   bridge window [mem 0x280000600000-0x2800007fffff 64bit pref]
[    9.542539] pci_bus 0004:00: Some PCI device resources are unassigned, try booting with pci=realloc
[    9.551579] pci_bus 0004:00: resource 4 [mem 0x10000000-0x17ffffff window]
[    9.558448] pci_bus 0004:00: resource 5 [mem 0x280000000000-0x2bffdfffffff window]
[    9.566011] pci_bus 0004:01: resource 1 [mem 0x10000000-0x117fffff]
[    9.572271] pci_bus 0004:01: resource 2 [mem 0x280000000000-0x2800001fffff 64bit pref]
[    9.580183] pci_bus 0004:02: resource 1 [mem 0x10000000-0x117fffff]
[    9.586442] pci_bus 0004:03: resource 1 [mem 0x11800000-0x119fffff]
[    9.592703] pci_bus 0004:03: resource 2 [mem 0x280000200000-0x2800003fffff 64bit pref]
[    9.600615] pci_bus 0004:04: resource 1 [mem 0x11a00000-0x11bfffff]
[    9.606873] pci_bus 0004:04: resource 2 [mem 0x280000400000-0x2800005fffff 64bit pref]
[    9.614784] pci_bus 0004:05: resource 1 [mem 0x11c00000-0x11dfffff]
[    9.621044] pci_bus 0004:05: resource 2 [mem 0x280000600000-0x2800007fffff 64bit pref]
[    9.629225] ACPI: PCI Root Bridge [PCI7] (domain 0005 [bus 00-ff])
[    9.635404] acpi PNP0A08:07: _OSC: OS supports [ExtendedConfig ASPM ClockPM Segments MSI HPX-Type3]
[    9.644475] acpi PNP0A08:07: _OSC: platform does not support [PME LTR]
[    9.651044] acpi PNP0A08:07: _OSC: OS now controls [AER PCIeCapability]
[    9.657652] acpi PNP0A08:07: MCFG quirk: ECAM at [mem 0x2ffff0000000-0x2fffffffffff] for [bus 00-ff] with pci_32b_read_ops
[    9.669424] acpi PNP0A08:07: ECAM area [mem 0x2ffff0000000-0x2fffffffffff] reserved by PNP0C02:00
[    9.678305] acpi PNP0A08:07: ECAM at [mem 0x2ffff0000000-0x2fffffffffff] for [bus 00-ff]
[    9.686453] PCI host bridge to bus 0005:00
[    9.690556] pci_bus 0005:00: root bus resource [mem 0x18000000-0x1fffffff window]
[    9.698033] pci_bus 0005:00: root bus resource [mem 0x2c0000000000-0x2fffdfffffff window]
[    9.706204] pci_bus 0005:00: root bus resource [bus 00-ff]
[    9.711685] pci 0005:00:00.0: [1def:e110] type 00 class 0x060000 conventional PCI endpoint
[    9.720000] pci 0005:00:01.0: [1def:e111] type 01 class 0x060400 PCIe Root Port
[    9.727314] pci 0005:00:01.0: PCI bridge to [bus 01]
[    9.732303] pci 0005:00:01.0: supports D1 D2
[    9.736567] pci 0005:00:01.0: PME# supported from D0 D1 D3hot
[    9.742385] pci 0005:00:05.0: [1def:e115] type 01 class 0x060400 PCIe Root Port
[    9.749698] pci 0005:00:05.0: PCI bridge to [bus 02]
[    9.754686] pci 0005:00:05.0: supports D1 D2
[    9.758952] pci 0005:00:05.0: PME# supported from D0 D1 D3hot
[    9.764775] pci 0005:00:07.0: [1def:e117] type 01 class 0x060400 PCIe Root Port
[    9.772088] pci 0005:00:07.0: PCI bridge to [bus 03]
[    9.777075] pci 0005:00:07.0: supports D1 D2
[    9.781340] pci 0005:00:07.0: PME# supported from D0 D1 D3hot
[    9.787182] acpiphp: Slot [1-2] registered
[    9.793377] acpiphp: Slot [3-2] registered
[    9.799575] acpiphp: Slot [4-1] registered
[    9.805757] pci 0005:00:01.0: bridge window [io  0x1000-0x0fff] to [bus 01] add_size 1000
[    9.813929] pci 0005:00:01.0: bridge window [mem 0x00100000-0x000fffff 64bit pref] to [bus 01] add_size 200000 add_align 100000
[    9.825399] pci 0005:00:01.0: bridge window [mem 0x00100000-0x000fffff] to [bus 01] add_size 200000 add_align 100000
[    9.835914] pci 0005:00:05.0: bridge window [io  0x1000-0x0fff] to [bus 02] add_size 1000
[    9.844082] pci 0005:00:05.0: bridge window [mem 0x00100000-0x000fffff 64bit pref] to [bus 02] add_size 200000 add_align 100000
[    9.855553] pci 0005:00:05.0: bridge window [mem 0x00100000-0x000fffff] to [bus 02] add_size 200000 add_align 100000
[    9.866067] pci 0005:00:07.0: bridge window [io  0x1000-0x0fff] to [bus 03] add_size 1000
[    9.874236] pci 0005:00:07.0: bridge window [mem 0x00100000-0x000fffff 64bit pref] to [bus 03] add_size 200000 add_align 100000
[    9.885706] pci 0005:00:07.0: bridge window [mem 0x00100000-0x000fffff] to [bus 03] add_size 200000 add_align 100000
[    9.896225] pci 0005:00:01.0: bridge window [mem 0x18000000-0x181fffff]: assigned
[    9.903699] pci 0005:00:01.0: bridge window [mem 0x2c0000000000-0x2c00001fffff 64bit pref]: assigned
[    9.912826] pci 0005:00:05.0: bridge window [mem 0x18200000-0x183fffff]: assigned
[    9.920304] pci 0005:00:05.0: bridge window [mem 0x2c0000200000-0x2c00003fffff 64bit pref]: assigned
[    9.929430] pci 0005:00:07.0: bridge window [mem 0x18400000-0x185fffff]: assigned
[    9.936907] pci 0005:00:07.0: bridge window [mem 0x2c0000400000-0x2c00005fffff 64bit pref]: assigned
[    9.946034] pci 0005:00:01.0: bridge window [io  size 0x1000]: can't assign; no space
[    9.953858] pci 0005:00:01.0: bridge window [io  size 0x1000]: failed to assign
[    9.961161] pci 0005:00:05.0: bridge window [io  size 0x1000]: can't assign; no space
[    9.968985] pci 0005:00:05.0: bridge window [io  size 0x1000]: failed to assign
[    9.976289] pci 0005:00:07.0: bridge window [io  size 0x1000]: can't assign; no space
[    9.984113] pci 0005:00:07.0: bridge window [io  size 0x1000]: failed to assign
[    9.991418] pci 0005:00:07.0: bridge window [io  size 0x1000]: can't assign; no space
[    9.999242] pci 0005:00:07.0: bridge window [io  size 0x1000]: failed to assign
[   10.006546] pci 0005:00:05.0: bridge window [io  size 0x1000]: can't assign; no space
[   10.014370] pci 0005:00:05.0: bridge window [io  size 0x1000]: failed to assign
[   10.021674] pci 0005:00:01.0: bridge window [io  size 0x1000]: can't assign; no space
[   10.029500] pci 0005:00:01.0: bridge window [io  size 0x1000]: failed to assign
[   10.036806] pci 0005:00:01.0: PCI bridge to [bus 01]
[   10.041762] pci 0005:00:01.0:   bridge window [mem 0x18000000-0x181fffff]
[   10.048546] pci 0005:00:01.0:   bridge window [mem 0x2c0000000000-0x2c00001fffff 64bit pref]
[   10.056980] pci 0005:00:05.0: PCI bridge to [bus 02]
[   10.061937] pci 0005:00:05.0:   bridge window [mem 0x18200000-0x183fffff]
[   10.068720] pci 0005:00:05.0:   bridge window [mem 0x2c0000200000-0x2c00003fffff 64bit pref]
[   10.077152] pci 0005:00:07.0: PCI bridge to [bus 03]
[   10.082108] pci 0005:00:07.0:   bridge window [mem 0x18400000-0x185fffff]
[   10.088890] pci 0005:00:07.0:   bridge window [mem 0x2c0000400000-0x2c00005fffff 64bit pref]
[   10.097322] pci_bus 0005:00: resource 4 [mem 0x18000000-0x1fffffff window]
[   10.104192] pci_bus 0005:00: resource 5 [mem 0x2c0000000000-0x2fffdfffffff window]
[   10.111756] pci_bus 0005:01: resource 1 [mem 0x18000000-0x181fffff]
[   10.118015] pci_bus 0005:01: resource 2 [mem 0x2c0000000000-0x2c00001fffff 64bit pref]
[   10.125926] pci_bus 0005:02: resource 1 [mem 0x18200000-0x183fffff]
[   10.132186] pci_bus 0005:02: resource 2 [mem 0x2c0000200000-0x2c00003fffff 64bit pref]
[   10.140097] pci_bus 0005:03: resource 1 [mem 0x18400000-0x185fffff]
[   10.146357] pci_bus 0005:03: resource 2 [mem 0x2c0000400000-0x2c00005fffff 64bit pref]
[   10.154435] ACPI: PCI Root Bridge [PCIA] (domain 0006 [bus 00-ff])
[   10.160612] acpi PNP0A08:08: _OSC: OS supports [ExtendedConfig ASPM ClockPM Segments MSI HPX-Type3]
[   10.169683] acpi PNP0A08:08: _OSC: platform does not support [PME LTR]
[   10.176253] acpi PNP0A08:08: _OSC: OS now controls [AER PCIeCapability]
[   10.182861] acpi PNP0A08:08: MCFG quirk: ECAM at [mem 0x7bfff0000000-0x7bffffffffff] for [bus 00-ff] with pci_32b_read_ops
[   10.194617] acpi PNP0A08:08: ECAM area [mem 0x7bfff0000000-0x7bffffffffff] reserved by PNP0C02:00
[   10.203495] acpi PNP0A08:08: ECAM at [mem 0x7bfff0000000-0x7bffffffffff] for [bus 00-ff]
[   10.211625] PCI host bridge to bus 0006:00
[   10.215728] pci_bus 0006:00: root bus resource [mem 0x70000000-0x77ffffff window]
[   10.223206] pci_bus 0006:00: root bus resource [mem 0x780000000000-0x7bffdfffffff window]
[   10.231378] pci_bus 0006:00: root bus resource [bus 00-ff]
[   10.236861] pci 0006:00:00.0: [1def:e100] type 00 class 0x060000 conventional PCI endpoint
[   10.245196] pci 0006:00:01.0: [1def:e101] type 01 class 0x060400 PCIe Root Port
[   10.252520] pci 0006:00:01.0: PCI bridge to [bus 01]
[   10.257488] pci 0006:00:01.0: enabling Extended Tags
[   10.262508] pci 0006:00:01.0: supports D1 D2
[   10.266772] pci 0006:00:01.0: PME# supported from D0 D1 D3hot
[   10.273702] pci 0006:00:01.0: bridge window [io  0x1000-0x0fff] to [bus 01] add_size 1000
[   10.281876] pci 0006:00:01.0: bridge window [mem 0x00100000-0x000fffff 64bit pref] to [bus 01] add_size 200000 add_align 100000
[   10.293347] pci 0006:00:01.0: bridge window [mem 0x00100000-0x000fffff] to [bus 01] add_size 200000 add_align 100000
[   10.303862] pci 0006:00:01.0: bridge window [mem 0x70000000-0x701fffff]: assigned
[   10.311337] pci 0006:00:01.0: bridge window [mem 0x780000000000-0x7800001fffff 64bit pref]: assigned
[   10.320465] pci 0006:00:01.0: bridge window [io  size 0x1000]: can't assign; no space
[   10.328290] pci 0006:00:01.0: bridge window [io  size 0x1000]: failed to assign
[   10.335595] pci 0006:00:01.0: bridge window [io  size 0x1000]: can't assign; no space
[   10.343420] pci 0006:00:01.0: bridge window [io  size 0x1000]: failed to assign
[   10.350725] pci 0006:00:01.0: PCI bridge to [bus 01]
[   10.355685] pci 0006:00:01.0:   bridge window [mem 0x70000000-0x701fffff]
[   10.362468] pci 0006:00:01.0:   bridge window [mem 0x780000000000-0x7800001fffff 64bit pref]
[   10.370902] pci_bus 0006:00: resource 4 [mem 0x70000000-0x77ffffff window]
[   10.377771] pci_bus 0006:00: resource 5 [mem 0x780000000000-0x7bffdfffffff window]
[   10.385335] pci_bus 0006:01: resource 1 [mem 0x70000000-0x701fffff]
[   10.391595] pci_bus 0006:01: resource 2 [mem 0x780000000000-0x7800001fffff 64bit pref]
[   10.399586] ACPI: PCI Root Bridge [PCIB] (domain 0007 [bus 00-ff])
[   10.405763] acpi PNP0A08:09: _OSC: OS supports [ExtendedConfig ASPM ClockPM Segments MSI HPX-Type3]
[   10.414832] acpi PNP0A08:09: _OSC: platform does not support [PME LTR]
[   10.421400] acpi PNP0A08:09: _OSC: OS now controls [AER PCIeCapability]
[   10.428009] acpi PNP0A08:09: MCFG quirk: ECAM at [mem 0x7ffff0000000-0x7fffffffffff] for [bus 00-ff] with pci_32b_read_ops
[   10.439755] acpi PNP0A08:09: ECAM area [mem 0x7ffff0000000-0x7fffffffffff] reserved by PNP0C02:00
[   10.448634] acpi PNP0A08:09: ECAM at [mem 0x7ffff0000000-0x7fffffffffff] for [bus 00-ff]
[   10.456762] PCI host bridge to bus 0007:00
[   10.460865] pci_bus 0007:00: root bus resource [mem 0x78000000-0x7fffffff window]
[   10.468344] pci_bus 0007:00: root bus resource [mem 0x7c0000000000-0x7fffdfffffff window]
[   10.476516] pci_bus 0007:00: root bus resource [bus 00-ff]
[   10.481998] pci 0007:00:00.0: [1def:e100] type 00 class 0x060000 conventional PCI endpoint
[   10.490341] pci 0007:00:01.0: [1def:e101] type 01 class 0x060400 PCIe Root Port
[   10.497663] pci 0007:00:01.0: PCI bridge to [bus 01]
[   10.502632] pci 0007:00:01.0: enabling Extended Tags
[   10.507650] pci 0007:00:01.0: supports D1 D2
[   10.511914] pci 0007:00:01.0: PME# supported from D0 D1 D3hot
[   10.518850] pci 0007:00:01.0: bridge window [io  0x1000-0x0fff] to [bus 01] add_size 1000
[   10.527022] pci 0007:00:01.0: bridge window [mem 0x00100000-0x000fffff 64bit pref] to [bus 01] add_size 200000 add_align 100000
[   10.538493] pci 0007:00:01.0: bridge window [mem 0x00100000-0x000fffff] to [bus 01] add_size 200000 add_align 100000
[   10.549009] pci 0007:00:01.0: bridge window [mem 0x78000000-0x781fffff]: assigned
[   10.556483] pci 0007:00:01.0: bridge window [mem 0x7c0000000000-0x7c00001fffff 64bit pref]: assigned
[   10.565610] pci 0007:00:01.0: bridge window [io  size 0x1000]: can't assign; no space
[   10.573433] pci 0007:00:01.0: bridge window [io  size 0x1000]: failed to assign
[   10.580737] pci 0007:00:01.0: bridge window [io  size 0x1000]: can't assign; no space
[   10.588561] pci 0007:00:01.0: bridge window [io  size 0x1000]: failed to assign
[   10.595864] pci 0007:00:01.0: PCI bridge to [bus 01]
[   10.600824] pci 0007:00:01.0:   bridge window [mem 0x78000000-0x781fffff]
[   10.607606] pci 0007:00:01.0:   bridge window [mem 0x7c0000000000-0x7c00001fffff 64bit pref]
[   10.616041] pci_bus 0007:00: resource 4 [mem 0x78000000-0x7fffffff window]
[   10.622911] pci_bus 0007:00: resource 5 [mem 0x7c0000000000-0x7fffdfffffff window]
[   10.630476] pci_bus 0007:01: resource 1 [mem 0x78000000-0x781fffff]
[   10.636745] pci_bus 0007:01: resource 2 [mem 0x7c0000000000-0x7c00001fffff 64bit pref]
[   10.644746] ACPI: PCI Root Bridge [PCIC] (domain 0008 [bus 00-ff])
[   10.650922] acpi PNP0A08:0a: _OSC: OS supports [ExtendedConfig ASPM ClockPM Segments MSI HPX-Type3]
[   10.659996] acpi PNP0A08:0a: _OSC: platform does not support [PME LTR]
[   10.666565] acpi PNP0A08:0a: _OSC: OS now controls [AER PCIeCapability]
[   10.673173] acpi PNP0A08:0a: MCFG quirk: ECAM at [mem 0x63fff0000000-0x63ffffffffff] for [bus 00-ff] with pci_32b_read_ops
[   10.684928] acpi PNP0A08:0a: ECAM area [mem 0x63fff0000000-0x63ffffffffff] reserved by PNP0C02:00
[   10.693805] acpi PNP0A08:0a: ECAM at [mem 0x63fff0000000-0x63ffffffffff] for [bus 00-ff]
[   10.701953] PCI host bridge to bus 0008:00
[   10.706056] pci_bus 0008:00: root bus resource [mem 0x40000000-0x47ffffff window]
[   10.713533] pci_bus 0008:00: root bus resource [mem 0x600000000000-0x63ffdfffffff window]
[   10.721705] pci_bus 0008:00: root bus resource [bus 00-ff]
[   10.727187] pci 0008:00:00.0: [1def:e110] type 00 class 0x060000 conventional PCI endpoint
[   10.735531] pci 0008:00:01.0: [1def:e111] type 01 class 0x060400 PCIe Root Port
[   10.742854] pci 0008:00:01.0: PCI bridge to [bus 01]
[   10.747875] pci 0008:00:01.0: supports D1 D2
[   10.752139] pci 0008:00:01.0: PME# supported from D0 D1 D3hot
[   10.758005] pci 0008:00:05.0: [1def:e115] type 01 class 0x060400 PCIe Root Port
[   10.765329] pci 0008:00:05.0: PCI bridge to [bus 02]
[   10.770349] pci 0008:00:05.0: supports D1 D2
[   10.774613] pci 0008:00:05.0: PME# supported from D0 D1 D3hot
[   10.780484] pci 0008:00:07.0: [1def:e117] type 01 class 0x060400 PCIe Root Port
[   10.787807] pci 0008:00:07.0: PCI bridge to [bus 03]
[   10.792827] pci 0008:00:07.0: supports D1 D2
[   10.797091] pci 0008:00:07.0: PME# supported from D0 D1 D3hot
[   10.802983] acpiphp: Slot [1-3] registered
[   10.809193] acpiphp: Slot [3-3] registered
[   10.815395] acpiphp: Slot [4-2] registered
[   10.821582] pci 0008:00:01.0: bridge window [io  0x1000-0x0fff] to [bus 01] add_size 1000
[   10.829754] pci 0008:00:01.0: bridge window [mem 0x00100000-0x000fffff 64bit pref] to [bus 01] add_size 200000 add_align 100000
[   10.841225] pci 0008:00:01.0: bridge window [mem 0x00100000-0x000fffff] to [bus 01] add_size 200000 add_align 100000
[   10.851740] pci 0008:00:05.0: bridge window [io  0x1000-0x0fff] to [bus 02] add_size 1000
[   10.859908] pci 0008:00:05.0: bridge window [mem 0x00100000-0x000fffff 64bit pref] to [bus 02] add_size 200000 add_align 100000
[   10.871378] pci 0008:00:05.0: bridge window [mem 0x00100000-0x000fffff] to [bus 02] add_size 200000 add_align 100000
[   10.881892] pci 0008:00:07.0: bridge window [io  0x1000-0x0fff] to [bus 03] add_size 1000
[   10.890060] pci 0008:00:07.0: bridge window [mem 0x00100000-0x000fffff 64bit pref] to [bus 03] add_size 200000 add_align 100000
[   10.901531] pci 0008:00:07.0: bridge window [mem 0x00100000-0x000fffff] to [bus 03] add_size 200000 add_align 100000
[   10.912048] pci 0008:00:01.0: bridge window [mem 0x40000000-0x401fffff]: assigned
[   10.919523] pci 0008:00:01.0: bridge window [mem 0x600000000000-0x6000001fffff 64bit pref]: assigned
[   10.928652] pci 0008:00:05.0: bridge window [mem 0x40200000-0x403fffff]: assigned
[   10.936130] pci 0008:00:05.0: bridge window [mem 0x600000200000-0x6000003fffff 64bit pref]: assigned
[   10.945258] pci 0008:00:07.0: bridge window [mem 0x40400000-0x405fffff]: assigned
[   10.952734] pci 0008:00:07.0: bridge window [mem 0x600000400000-0x6000005fffff 64bit pref]: assigned
[   10.961861] pci 0008:00:01.0: bridge window [io  size 0x1000]: can't assign; no space
[   10.969685] pci 0008:00:01.0: bridge window [io  size 0x1000]: failed to assign
[   10.976989] pci 0008:00:05.0: bridge window [io  size 0x1000]: can't assign; no space
[   10.984813] pci 0008:00:05.0: bridge window [io  size 0x1000]: failed to assign
[   10.992116] pci 0008:00:07.0: bridge window [io  size 0x1000]: can't assign; no space
[   10.999940] pci 0008:00:07.0: bridge window [io  size 0x1000]: failed to assign
[   11.007244] pci 0008:00:07.0: bridge window [io  size 0x1000]: can't assign; no space
[   11.015069] pci 0008:00:07.0: bridge window [io  size 0x1000]: failed to assign
[   11.022372] pci 0008:00:05.0: bridge window [io  size 0x1000]: can't assign; no space
[   11.030196] pci 0008:00:05.0: bridge window [io  size 0x1000]: failed to assign
[   11.037499] pci 0008:00:01.0: bridge window [io  size 0x1000]: can't assign; no space
[   11.045324] pci 0008:00:01.0: bridge window [io  size 0x1000]: failed to assign
[   11.052628] pci 0008:00:01.0: PCI bridge to [bus 01]
[   11.057584] pci 0008:00:01.0:   bridge window [mem 0x40000000-0x401fffff]
[   11.064366] pci 0008:00:01.0:   bridge window [mem 0x600000000000-0x6000001fffff 64bit pref]
[   11.072801] pci 0008:00:05.0: PCI bridge to [bus 02]
[   11.077758] pci 0008:00:05.0:   bridge window [mem 0x40200000-0x403fffff]
[   11.084540] pci 0008:00:05.0:   bridge window [mem 0x600000200000-0x6000003fffff 64bit pref]
[   11.092975] pci 0008:00:07.0: PCI bridge to [bus 03]
[   11.097933] pci 0008:00:07.0:   bridge window [mem 0x40400000-0x405fffff]
[   11.104716] pci 0008:00:07.0:   bridge window [mem 0x600000400000-0x6000005fffff 64bit pref]
[   11.113150] pci_bus 0008:00: resource 4 [mem 0x40000000-0x47ffffff window]
[   11.120018] pci_bus 0008:00: resource 5 [mem 0x600000000000-0x63ffdfffffff window]
[   11.127581] pci_bus 0008:01: resource 1 [mem 0x40000000-0x401fffff]
[   11.133841] pci_bus 0008:01: resource 2 [mem 0x600000000000-0x6000001fffff 64bit pref]
[   11.141753] pci_bus 0008:02: resource 1 [mem 0x40200000-0x403fffff]
[   11.148012] pci_bus 0008:02: resource 2 [mem 0x600000200000-0x6000003fffff 64bit pref]
[   11.155923] pci_bus 0008:03: resource 1 [mem 0x40400000-0x405fffff]
[   11.162183] pci_bus 0008:03: resource 2 [mem 0x600000400000-0x6000005fffff 64bit pref]
[   11.170329] ACPI: PCI Root Bridge [PCID] (domain 0009 [bus 00-ff])
[   11.176506] acpi PNP0A08:0b: _OSC: OS supports [ExtendedConfig ASPM ClockPM Segments MSI HPX-Type3]
[   11.185575] acpi PNP0A08:0b: _OSC: platform does not support [PME LTR]
[   11.192144] acpi PNP0A08:0b: _OSC: OS now controls [AER PCIeCapability]
[   11.198752] acpi PNP0A08:0b: MCFG quirk: ECAM at [mem 0x67fff0000000-0x67ffffffffff] for [bus 00-ff] with pci_32b_read_ops
[   11.210506] acpi PNP0A08:0b: ECAM area [mem 0x67fff0000000-0x67ffffffffff] reserved by PNP0C02:00
[   11.219387] acpi PNP0A08:0b: ECAM at [mem 0x67fff0000000-0x67ffffffffff] for [bus 00-ff]
[   11.227534] PCI host bridge to bus 0009:00
[   11.231638] pci_bus 0009:00: root bus resource [mem 0x48000000-0x4fffffff window]
[   11.239116] pci_bus 0009:00: root bus resource [mem 0x640000000000-0x67ffdfffffff window]
[   11.247289] pci_bus 0009:00: root bus resource [bus 00-ff]
[   11.252773] pci 0009:00:00.0: [1def:e110] type 00 class 0x060000 conventional PCI endpoint
[   11.261108] pci 0009:00:01.0: [1def:e111] type 01 class 0x060400 PCIe Root Port
[   11.268431] pci 0009:00:01.0: PCI bridge to [bus 01]
[   11.273451] pci 0009:00:01.0: supports D1 D2
[   11.277717] pci 0009:00:01.0: PME# supported from D0 D1 D3hot
[   11.283693] pci 0009:00:03.0: [1def:e113] type 01 class 0x060400 PCIe Root Port
[   11.291016] pci 0009:00:03.0: PCI bridge to [bus 02]
[   11.296037] pci 0009:00:03.0: supports D1 D2
[   11.300301] pci 0009:00:03.0: PME# supported from D0 D1 D3hot
[   11.306158] pci 0009:00:05.0: [1def:e115] type 01 class 0x060400 PCIe Root Port
[   11.313481] pci 0009:00:05.0: PCI bridge to [bus 03]
[   11.318500] pci 0009:00:05.0: supports D1 D2
[   11.322764] pci 0009:00:05.0: PME# supported from D0 D1 D3hot
[   11.328650] acpiphp: Slot [1-4] registered
[   11.334856] acpiphp: Slot [2-1] registered
[   11.341062] acpiphp: Slot [3-4] registered
[   11.347250] pci 0009:00:01.0: bridge window [io  0x1000-0x0fff] to [bus 01] add_size 1000
[   11.355423] pci 0009:00:01.0: bridge window [mem 0x00100000-0x000fffff 64bit pref] to [bus 01] add_size 200000 add_align 100000
[   11.366893] pci 0009:00:01.0: bridge window [mem 0x00100000-0x000fffff] to [bus 01] add_size 200000 add_align 100000
[   11.377407] pci 0009:00:03.0: bridge window [io  0x1000-0x0fff] to [bus 02] add_size 1000
[   11.385575] pci 0009:00:03.0: bridge window [mem 0x00100000-0x000fffff 64bit pref] to [bus 02] add_size 200000 add_align 100000
[   11.397045] pci 0009:00:03.0: bridge window [mem 0x00100000-0x000fffff] to [bus 02] add_size 200000 add_align 100000
[   11.407559] pci 0009:00:05.0: bridge window [io  0x1000-0x0fff] to [bus 03] add_size 1000
[   11.415727] pci 0009:00:05.0: bridge window [mem 0x00100000-0x000fffff 64bit pref] to [bus 03] add_size 200000 add_align 100000
[   11.427198] pci 0009:00:05.0: bridge window [mem 0x00100000-0x000fffff] to [bus 03] add_size 200000 add_align 100000
[   11.437714] pci 0009:00:01.0: bridge window [mem 0x48000000-0x481fffff]: assigned
[   11.445188] pci 0009:00:01.0: bridge window [mem 0x640000000000-0x6400001fffff 64bit pref]: assigned
[   11.454315] pci 0009:00:03.0: bridge window [mem 0x48200000-0x483fffff]: assigned
[   11.461791] pci 0009:00:03.0: bridge window [mem 0x640000200000-0x6400003fffff 64bit pref]: assigned
[   11.470918] pci 0009:00:05.0: bridge window [mem 0x48400000-0x485fffff]: assigned
[   11.478395] pci 0009:00:05.0: bridge window [mem 0x640000400000-0x6400005fffff 64bit pref]: assigned
[   11.487521] pci 0009:00:01.0: bridge window [io  size 0x1000]: can't assign; no space
[   11.495345] pci 0009:00:01.0: bridge window [io  size 0x1000]: failed to assign
[   11.502649] pci 0009:00:03.0: bridge window [io  size 0x1000]: can't assign; no space
[   11.510475] pci 0009:00:03.0: bridge window [io  size 0x1000]: failed to assign
[   11.517780] pci 0009:00:05.0: bridge window [io  size 0x1000]: can't assign; no space
[   11.525604] pci 0009:00:05.0: bridge window [io  size 0x1000]: failed to assign
[   11.532910] pci 0009:00:05.0: bridge window [io  size 0x1000]: can't assign; no space
[   11.540734] pci 0009:00:05.0: bridge window [io  size 0x1000]: failed to assign
[   11.548038] pci 0009:00:03.0: bridge window [io  size 0x1000]: can't assign; no space
[   11.555862] pci 0009:00:03.0: bridge window [io  size 0x1000]: failed to assign
[   11.563166] pci 0009:00:01.0: bridge window [io  size 0x1000]: can't assign; no space
[   11.570991] pci 0009:00:01.0: bridge window [io  size 0x1000]: failed to assign
[   11.578295] pci 0009:00:01.0: PCI bridge to [bus 01]
[   11.583252] pci 0009:00:01.0:   bridge window [mem 0x48000000-0x481fffff]
[   11.590035] pci 0009:00:01.0:   bridge window [mem 0x640000000000-0x6400001fffff 64bit pref]
[   11.598468] pci 0009:00:03.0: PCI bridge to [bus 02]
[   11.603425] pci 0009:00:03.0:   bridge window [mem 0x48200000-0x483fffff]
[   11.610207] pci 0009:00:03.0:   bridge window [mem 0x640000200000-0x6400003fffff 64bit pref]
[   11.618641] pci 0009:00:05.0: PCI bridge to [bus 03]
[   11.623598] pci 0009:00:05.0:   bridge window [mem 0x48400000-0x485fffff]
[   11.630380] pci 0009:00:05.0:   bridge window [mem 0x640000400000-0x6400005fffff 64bit pref]
[   11.638814] pci_bus 0009:00: resource 4 [mem 0x48000000-0x4fffffff window]
[   11.645682] pci_bus 0009:00: resource 5 [mem 0x640000000000-0x67ffdfffffff window]
[   11.653246] pci_bus 0009:01: resource 1 [mem 0x48000000-0x481fffff]
[   11.659505] pci_bus 0009:01: resource 2 [mem 0x640000000000-0x6400001fffff 64bit pref]
[   11.667415] pci_bus 0009:02: resource 1 [mem 0x48200000-0x483fffff]
[   11.673691] pci_bus 0009:02: resource 2 [mem 0x640000200000-0x6400003fffff 64bit pref]
[   11.681602] pci_bus 0009:03: resource 1 [mem 0x48400000-0x485fffff]
[   11.687862] pci_bus 0009:03: resource 2 [mem 0x640000400000-0x6400005fffff 64bit pref]
[   11.696021] ACPI: PCI Root Bridge [PCIE] (domain 000a [bus 00-ff])
[   11.702199] acpi PNP0A08:0c: _OSC: OS supports [ExtendedConfig ASPM ClockPM Segments MSI HPX-Type3]
[   11.711271] acpi PNP0A08:0c: _OSC: platform does not support [PME LTR]
[   11.717839] acpi PNP0A08:0c: _OSC: OS now controls [AER PCIeCapability]
[   11.724448] acpi PNP0A08:0c: MCFG quirk: ECAM at [mem 0x6bfff0000000-0x6bffffffffff] for [bus 00-ff] with pci_32b_read_ops
[   11.736217] acpi PNP0A08:0c: ECAM area [mem 0x6bfff0000000-0x6bffffffffff] reserved by PNP0C02:00
[   11.745097] acpi PNP0A08:0c: ECAM at [mem 0x6bfff0000000-0x6bffffffffff] for [bus 00-ff]
[   11.753244] PCI host bridge to bus 000a:00
[   11.757347] pci_bus 000a:00: root bus resource [mem 0x50000000-0x57ffffff window]
[   11.764825] pci_bus 000a:00: root bus resource [mem 0x680000000000-0x6bffdfffffff window]
[   11.772997] pci_bus 000a:00: root bus resource [bus 00-ff]
[   11.778479] pci 000a:00:00.0: [1def:e110] type 00 class 0x060000 conventional PCI endpoint
[   11.786818] pci 000a:00:01.0: [1def:e111] type 01 class 0x060400 PCIe Root Port
[   11.794141] pci 000a:00:01.0: PCI bridge to [bus 01]
[   11.799160] pci 000a:00:01.0: supports D1 D2
[   11.803426] pci 000a:00:01.0: PME# supported from D0 D1 D3hot
[   11.809291] pci 000a:00:03.0: [1def:e113] type 01 class 0x060400 PCIe Root Port
[   11.816614] pci 000a:00:03.0: PCI bridge to [bus 02]
[   11.821633] pci 000a:00:03.0: supports D1 D2
[   11.825897] pci 000a:00:03.0: PME# supported from D0 D1 D3hot
[   11.831768] pci 000a:00:05.0: [1def:e115] type 01 class 0x060400 PCIe Root Port
[   11.839089] pci 000a:00:05.0: PCI bridge to [bus 03]
[   11.844110] pci 000a:00:05.0: supports D1 D2
[   11.848374] pci 000a:00:05.0: PME# supported from D0 D1 D3hot
[   11.854272] acpiphp: Slot [1-5] registered
[   11.860480] acpiphp: Slot [2-2] registered
[   11.866685] acpiphp: Slot [3-5] registered
[   11.872872] pci 000a:00:01.0: bridge window [io  0x1000-0x0fff] to [bus 01] add_size 1000
[   11.881044] pci 000a:00:01.0: bridge window [mem 0x00100000-0x000fffff 64bit pref] to [bus 01] add_size 200000 add_align 100000
[   11.892514] pci 000a:00:01.0: bridge window [mem 0x00100000-0x000fffff] to [bus 01] add_size 200000 add_align 100000
[   11.903028] pci 000a:00:03.0: bridge window [io  0x1000-0x0fff] to [bus 02] add_size 1000
[   11.911197] pci 000a:00:03.0: bridge window [mem 0x00100000-0x000fffff 64bit pref] to [bus 02] add_size 200000 add_align 100000
[   11.922668] pci 000a:00:03.0: bridge window [mem 0x00100000-0x000fffff] to [bus 02] add_size 200000 add_align 100000
[   11.933182] pci 000a:00:05.0: bridge window [io  0x1000-0x0fff] to [bus 03] add_size 1000
[   11.941350] pci 000a:00:05.0: bridge window [mem 0x00100000-0x000fffff 64bit pref] to [bus 03] add_size 200000 add_align 100000
[   11.952821] pci 000a:00:05.0: bridge window [mem 0x00100000-0x000fffff] to [bus 03] add_size 200000 add_align 100000
[   11.963341] pci 000a:00:01.0: bridge window [mem 0x50000000-0x501fffff]: assigned
[   11.970816] pci 000a:00:01.0: bridge window [mem 0x680000000000-0x6800001fffff 64bit pref]: assigned
[   11.979943] pci 000a:00:03.0: bridge assigned
[   11.987420] pci 000a:00:03.0: bridge window [mem 0x680000200000-0x6800003fffff 64bit pref]: assigned
[   11.996546] pci 000a:00:05.0: bridge window [mem 0x50400000-0x505fffff]: assigned
[   12.004023] pci 000a:00:05.0: bridge window [mem 0x680000400000-0x6800005fffff 64bit pref]: assigned
[   12.013149] pci 000a:00:01.0: bridge window [io  size 0x1000]: can't assign; no space
[   12.020973] pci 000a:00:01.0: bridge window [io  size 0x1000]: failed to assign
[   12.028277] pci 000a:00:03.0: bridge window [io  size 0x1000]: can't assign; no space
[   12.036101] pci 000a:00:03.0: bridge window [io  size 0x1000]: failed to assign
[   12.043404] pci 000a:00:05.0: bridge window [io  size 0x1000]: can't assign; no space
[   12.051229] pci 000a:00:05.0: bridge window [io  size 0x1000]: failed to assign
[   12.058534] pci 000a:00:05.0: bridge window [io  size 0x1000]: can't assign; no space
[   12.066358] pci 000a:00:05.0: bridge window [io  size 0x1000]: failed to assign
[   12.073661] pci 000a:00:03.0: bridge window [io  size 0x1000]: can't assign; no space
[   12.081486] pci 000a:00:03.0: bridge window [io  size 0x1000]: failed to assign
[   12.088789] pci 000a:00:01.0: bridge window [io  size 0x1000]: can't assign; no space
[   12.096613] pci 000a:00:01.0: bridge window [io  size 0x1000]: failed to assign
[   12.103917] pci 000a:00:01.0: PCI bridge to [bus 01]
[   12.108874] pci 000a:00:01.0:   bridge window [mem 0x50000000-0x501fffff]
[   12.115657] pci 000a:00:01.0:   bridge window [mem 0x680000000000-0x6800001fffff 64bit pref]
[   12.124093] pci 000a:00:03.0: PCI bridge to [bus 02]
[   12.129051] pci 000a:00:03.0:   bridge window [mem 0x50200000-0x503fffff]
[   12.135834] pci 000a:00:03.0:   bridge window [mem 0x680000200000-0x6800003fffff 64bit pref]
[   12.144269] pci 000a:00:05.0: PCI bridge to [bus 03]
[   12.149227] pci 000a:00:05.0:   bridge window [mem 0x50400000-0x505fffff]
[   12.156009] pci 000a:00:05.0:   bridge window [mem 0x680000400000-0x6800005fffff 64bit pref]
[   12.164442] pci_bus 000a:00: resource 4 [mem 0x50000000-0x57ffffff window]
[   12.171310] pci_bus 000a:00: resource 5 [mem 0x680000000000-0x6bffdfffffff window]
[   12.178874] pci_bus 000a:01: resource 1 [mem 0x50000000-0x501fffff]
[   12.185134] pci_bus 000a:01: resource 2 [mem 0x680000000000-0x6800001fffff 64bit pref]
[   12.193045] pci_bus 000a:02: resource 1 [mem 0x50200000-0x503fffff]
[   12.199303] pci_bus 000a:02: resource 2 [mem 0x680000200000-0x6800003fffff 64bit pref]
[   12.207214] pci_bus 000a:03: resource 1 [mem 0x50400000-0x505fffff]
[   12.213474] pci_bus 000a:03: resource 2 [mem 0x680000400000-0x6800005fffff 64bit pref]
[   12.221628] ACPI: PCI Root Bridge [PCIF] (domain 000b [bus 00-ff])
[   12.227805] acpi PNP0A08:0d: _OSC: OS supports [ExtendedConfig ASPM ClockPM Segments MSI HPX-Type3]
[   12.236876] acpi PNP0A08:0d: _OSC: platform does not support [PME LTR]
[   12.243445] acpi PNP0A08:0d: _OSC: OS now controls [AER PCIeCapability]
[   12.250054] acpi PNP0A08:0d: MCFG quirk: ECAM at [mem 0x6ffff0000000-0x6fffffffffff] for [bus 00-ff] with pci_32b_read_ops
[   12.261807] acpi PNP0A08:0d: ECAM area [mem 0x6ffff0000000-0x6fffffffffff] reserved by PNP0C02:00
[   12.270689] acpi PNP0A08:0d: ECAM at [mem 0x6ffff0000000-0x6fffffffffff] for [bus 00-ff]
[   12.278836] PCI host bridge to bus 000b:00
[   12.282939] pci_bus 000b:00: root bus resource [mem 0x58000000-0x5fffffff window]
[   12.290417] pci_bus 000b:00: root bus resource [mem 0x6c0000000000-0x6fffdfffffff window]
[   12.298609] pci_bus 000b:00: root bus resource [bus 00-ff]
[   12.304091] pci 000b:00:00.0: [1def:e110] type 00 class 0x060000 conventional PCI endpoint
[   12.312427] pci 000b:00:01.0: [1def:e111] type 01 class 0x060400 PCIe Root Port
[   12.319749] pci 000b:00:01.0: PCI bridge to [bus 01]
[   12.324769] pci 000b:00:01.0: supports D1 D2
[   12.329033] pci 000b:00:01.0: PME# supported from D0 D1 D3hot
[   12.334901] pci 000b:00:05.0: [1def:e115] type 01 class 0x060400 PCIe Root Port
[   12.342223] pci 000b:00:05.0: PCI bridge to [bus 02]
[   12.347242] pci 000b:00:05.0: supports D1 D2
[   12.351507] pci 000b:00:05.0: PME# supported from D0 D1 D3hot
[   12.357377] pci 000b:00:07.0: [1def:e117] type 01 class 0x060400 PCIe Root Port
[   12.364700] pci 000b:00:07.0: PCI bridge to [bus 03]
[   12.369720] pci 000b:00:07.0: supports D1 D2
[   12.373985] pci 000b:00:07.0: PME# supported from D0 D1 D3hot
[   12.379885] acpiphp: Slot [1-6] registered
[   12.386091] acpiphp: Slot [3-6] registered
[   12.392304] acpiphp: Slot [4-3] registered
[   12.398492] pci 000b:00:01.0: bridge window [io  0x1000-0x0fff] to [bus 01] add_size 1000
[   12.406664] pci 000b:00:01.0: bridge window [mem 0x00100000-0x000fffff 64bit pref] to [bus 01] add_size 200000 add_align 100000
[   12.418135] pci 000b:00:01.0: bridge window [mem 0x00100000-0x000fffff] to [bus 01] add_size 200000 add_align 100000
[   12.428649] pci 000b:00:05.0: bridge window [io  0x1000-0x0fff] to [bus 02] add_size 1000
[   12.436817] pci 000b:00:05.0: bridge window [mem 0x00100000-0x000fffff 64bit pref] to [bus 02] add_size 200000 add_align 100000
[   12.448288] pci 000b:00:05.0: bridge window [mem 0x00100000-0x000fffff] to [bus 02] add_size 200000 add_align 100000
[   12.458801] pci 000b:00:07.0: bridge window [io  0x1000-0x0fff] to [bus 03] add_size 1000
[   12.467018] pci 000b:00:07.0: bridge window [mem 0x00100000-0x000fffff 64bit pref] to [bus 03] add_size 200000 add_align 100000
[   12.478489] pci 000b:00:07.0: bridge window [mem 0x00100000-0x000fffff] to [bus 03] add_size 200000 add_align 100000
[   12.489006] pci 000b:00:01.0: bridge window [mem 0x58000000-0x581fffff]: assigned
[   12.496480] pci 000b:00:01.0: bridge window [mem 0x6c0000000000-0x6c00001fffff 64bit pref]: assigned
[   12.505606] pci 000b:00:05.0: bridge window [mem 0x58200000-0x583fffff]: assigned
[   12.513082] pci 000b:00:05.0: bridge window [mem 0x6c0000200000-0x6c00003fffff 64bit pref]: assigned
[   12.522208] pci 000b:00:07.0: bridge window [mem 0x58400000-0x585fffff]: assigned
[   12.529684] pci 000b:00:07.0: bridge window [mem 0x6c0000400000-0x6c00005fffff 64bit pref]: assigned
[   12.538811] pci 000b:00:01.0: bridge window [io  size 0x1000]: can't assign; no space
[   12.546635] pci 000b:00:01.0: bridge window [io  size 0x1000]: failed to assign
[   12.553939] pci 000b:00:05.0: bridge window [io  size 0x1000]: can't assign; no space
[   12.561764] pci 000b:00:05.0: bridge window [io  size 0x1000]: failed to assign
[   12.569068] pci 000b:00:07.0: bridge window [io  size 0x1000]: can't assign; no space
[   12.576893] pci 000b:00:07.0: bridge window [io  size 0x1000]: failed to assign
[   12.584197] pci 000b:00:07.0: bridge window [io  size 0x1000]: can't assign; no space
[   12.592021] pci 000b:00:07.0: bridge window [io  size 0x1000]: failed to assign
[   12.599324] pci 000b:00:05.0: bridge window [io  size 0x1000]: can't assign; no space
[   12.607148] pci 000b:00:05.0: bridge window [io  size 0x1000]: failed to assign
[   12.614451] pci 000b:00:01.0: bridge window [io  size 0x1000]: can't assign; no space
[   12.622276] pci 000b:00:01.0: bridge window [io  size 0x1000]: failed to assign
[   12.629579] pci 000b:00:01.0: PCI bridge to [bus 01]
[   12.634535] pci 000b:00:01.0:   bridge window [mem 0x58000000-0x581fffff]
[   12.641318] pci 000b:00:01.0:   bridge window [mem 0x6c0000000000-0x6c00001fffff 64bit pref]
[   12.649753] pci 000b:00:05.0: PCI bridge to [bus 02]
[   12.654710] pci 000b:00:05.0:   bridge window [mem 0x58200000-0x583fffff]
[   12.661492] pci 000b:00:05.0:   bridge window [mem 0x6c0000200000-0x6c00003fffff 64bit pref]
[   12.669926] pci 000b:00:07.0: PCI bridge to [bus 03]
[   12.674883] pci 000b:00:07.0:   bridge window [mem 0x58400000-0x585fffff]
[   12.681666] pci 000b:00:07.0:   bridge window [mem 0x6c0000400000-0x6c00005fffff 64bit pref]
[   12.690101] pci_bus 000b:00: resource 4 [mem 0x58000000-0x5fffffff window]
[   12.696971] pci_bus 000b:00: resource 5 [mem 0x6c0000000000-0x6fffdfffffff window]
[   12.704535] pci_bus 000b:01: resource 1 [mem 0x58000000-0x581fffff]
[   12.710795] pci_bus 000b:01: resource 2 [mem 0x6c0000000000-0x6c00001fffff 64bit pref]
[   12.718707] pci_bus 000b:02: resource 1 [mem 0x58200000-0x583fffff]
[   12.724968] pci_bus 000b:02: resource 2 [mem 0x6c0000200000-0x6c00003fffff 64bit pref]
[   12.732880] pci_bus 000b:03: resource 1 [mem 0x58400000-0x585fffff]
[   12.739139] pci_bus 000b:03: resource 2 [mem 0x6c0000400000-0x6c00005fffff 64bit pref]
[   12.747429] ACPI: CPU36 has been hot-added
[   12.751562] ACPI: CPU37 has been hot-added
[   12.755792] ACPI: CPU76 has been hot-added
[   12.759925] ACPI: CPU77 has been hot-added
[   12.764182] ACPI: CPU32 has been hot-added
[   12.768325] ACPI: CPU33 has been hot-added
[   12.772580] ACPI: CPU72 has been hot-added
[   12.776711] ACPI: CPU73 has been hot-added
[   12.780953] ACPI: CPU34 has been hot-added
[   12.785081] ACPI: CPU35 has been hot-added
[   12.789321] ACPI: CPU74 has been hot-added
[   12.793452] ACPI: CPU75 has been hot-added
[   12.797696] ACPI: CPU38 has been hot-added
[   12.801826] ACPI: CPU39 has been hot-added
[   12.806066] ACPI: CPU78 has been hot-added
[   12.810196] ACPI: CPU79 has been hot-added
[   12.814445] ACPI: CPU24 has been hot-added
[   12.818573] ACPI: CPU25 has been hot-added
[   12.822811] ACPI: CPU64 has been hot-added
[   12.826938] ACPI: CPU65 has been hot-added
[   12.831124] ACPI: CPU16 has been hot-added
[   12.835247] ACPI: CPU17 has been hot-added
[   12.839494] ACPI: CPU56 has been hot-added
[   12.843618] ACPI: CPU57 has been hot-added
[   12.847862] ACPI: CPU18 has been hot-added
[   12.851983] ACPI: CPU19 has been hot-added
[   12.856227] ACPI: CPU58 has been hot-added
[   12.860355] ACPI: CPU59 has been hot-added
[   12.864599] ACPI: CPU26 has been hot-added
[   12.868724] ACPI: CPU27 has been hot-added
[   12.872970] ACPI: CPU66 has been hot-added
[   12.877093] ACPI: CPU67 has been hot-added
[   12.881337] ACPI: CPU8 has been hot-added
[   12.885374] ACPI: CPU9 has been hot-added
[   12.889536] ACPI: CPU48 has been hot-added
[   12.893662] ACPI: CPU49 has been hot-added
[   12.897917] ACPI: CPU0 has been hot-added
[   12.901955] ACPI: CPU1 has been hot-added
[   12.906116] ACPI: CPU40 has been hot-added
[   12.910245] ACPI: CPU41 has been hot-added
[   12.914487] ACPI: CPU2 has been hot-added
[   12.918523] ACPI: CPU3 has been hot-added
[   12.922677] ACPI: CPU42 has been hot-added
[   12.926806] ACPI: CPU43 has been hot-added
[   12.931065] ACPI: CPU10 has been hot-added
[   12.935191] ACPI: CPU11 has been hot-added
[   12.939440] ACPI: CPU50 has been hot-added
[   12.943566] ACPI: CPU51 has been hot-added
[   12.947809] ACPI: CPU12 has been hot-added
[   12.951931] ACPI: CPU13 has been hot-added
[   12.956169] ACPI: CPU52 has been hot-added
[   12.960440] ACPI: CPU53 has been hot-added
[   12.964695] ACPI: CPU4 has been hot-added
[   12.968733] ACPI: CPU5 has been hot-added
[   12.972895] ACPI: CPU44 has been hot-added
[   12.977020] ACPI: CPU45 has been hot-added
[   12.981268] ACPI: CPU6 has been hot-added
[   12.985305] ACPI: CPU7 has been hot-added
[   12.989459] ACPI: CPU46 has been hot-added
[   12.993584] ACPI: CPU47 has been hot-added
[   12.997839] ACPI: CPU14 has been hot-added
[   13.001964] ACPI: CPU15 has been hot-added
[   13.006204] ACPI: CPU54 has been hot-added
[   13.010329] ACPI: CPU55 has been hot-added
[   13.014583] ACPI: CPU28 has been hot-added
[   13.018710] ACPI: CPU29 has been hot-added
[   13.022958] ACPI: CPU68 has been hot-added
[   13.027083] ACPI: CPU69 has been hot-added
[   13.031337] ACPI: CPU20 has been hot-added
[   13.035461] ACPI: CPU21 has been hot-added
[   13.039706] ACPI: CPU60 has been hot-added
[   13.043833] ACPI: CPU61 has been hot-added
[   13.048074] ACPI: CPU22 has been hot-added
[   13.052200] ACPI: CPU23 has been hot-added
[   13.056389] ACPI: CPU62 has been hot-added
[   13.060511] ACPI: CPU63 has been hot-added
[   13.064757] ACPI: CPU30 has been hot-added
[   13.068882] ACPI: CPU31 has been hot-added
[   13.073131] ACPI: CPU70 has been hot-added
[   13.077261] ACPI: CPU71 has been hot-added
[   13.081781] ACPI: CPU116 has been hot-added
[   13.086000] ACPI: CPU117 has been hot-added
[   13.090363] ACPI: CPU156 has been hot-added
[   13.094577] ACPI: CPU157 has been hot-added
[   13.098926] ACPI: CPU112 has been hot-added
[   13.103147] ACPI: CPU113 has been hot-added
[   13.107498] ACPI: CPU152 has been hot-added
[   13.111718] ACPI: CPU153 has been hot-added
[   13.116065] ACPI: CPU114 has been hot-added
[   13.120281] ACPI: CPU115 has been hot-added
[   13.124623] ACPI: CPU154 has been hot-added
[   13.128841] ACPI: CPU155 has been hot-added
[   13.133184] ACPI: CPU118 has been hot-added
[   13.137402] ACPI: CPU119 has been hot-added
[   13.141742] ACPI: CPU158 has been hot-added
[   13.145958] ACPI: CPU159 has been hot-added
[   13.150244] ACPI: CPU104 has been hot-added
[   13.154455] ACPI: CPU105 has been hot-added
[   13.158784] ACPI: CPU144 has been hot-added
[   13.162994] ACPI: CPU145 has been hot-added
[   13.167330] ACPI: CPU96 has been hot-added
[   13.171452] ACPI: CPU97 has been hot-added
[   13.175694] ACPI: CPU136 has been hot-added
[   13.179912] ACPI: CPU137 has been hot-added
[   13.184240] ACPI: CPU98 has been hot-added
[   13.188367] ACPI: CPU99 has been hot-added
[   13.192608] ACPI: CPU138 has been hot-added
[   13.196825] ACPI: CPU139 has been hot-added
[   13.201162] ACPI: CPU106 has been hot-added
[   13.205373] ACPI: CPU107 has been hot-added
[   13.209702] ACPI: CPU146 has been hot-added
[   13.213916] ACPI: CPU147 has been hot-added
[   13.218188] ACPI: CPU88 has been hot-added
[   13.222314] ACPI: CPU89 has been hot-added
[   13.226550] ACPI: CPU128 has been hot-added
[   13.230765] ACPI: CPU129 has been hot-added
[   13.235092] ACPI: CPU80 has been hot-added
[   13.239222] ACPI: CPU81 has been hot-added
[   13.243410] ACPI: CPU120 has been hot-added
[   13.247626] ACPI: CPU121 has been hot-added
[   13.251954] ACPI: CPU82 has been hot-added
[   13.256088] ACPI: CPU83 has been hot-added
[   13.260331] ACPI: CPU122 has been hot-added
[   13.264548] ACPI: CPU123 has been hot-added
[   13.268887] ACPI: CPU90 has been hot-added
[   13.273015] ACPI: CPU91 has been hot-added
[   13.277253] ACPI: CPU130 has been hot-added
[   13.281465] ACPI: CPU131 has been hot-added
[   13.285748] ACPI: CPU92 has been hot-added
[   13.289884] ACPI: CPU93 has been hot-added
[   13.294129] ACPI: CPU132 has been hot-added
[   13.298346] ACPI: CPU133 has been hot-added
[   13.302675] ACPI: CPU84 has been hot-added
[   13.306805] ACPI: CPU85 has been hot-added
[   13.311049] ACPI: CPU124 has been hot-added
[   13.315268] ACPI: CPU125 has been hot-added
[   13.319590] ACPI: CPU86 has been hot-added
[   13.323717] ACPI: CPU87 has been hot-added
[   13.327954] ACPI: CPU126 has been hot-added
[   13.332166] ACPI: CPU127 has been hot-added
[   13.336497] ACPI: CPU94 has been hot-added
[   13.340620] ACPI: CPU95 has been hot-added
[   13.344860] ACPI: CPU134 has been hot-added
[   13.349071] ACPI: CPU135 has been hot-added
[   13.353406] ACPI: CPU108 has been hot-added
[   13.357618] ACPI: CPU109 has been hot-added
[   13.361954] ACPI: CPU148 has been hot-added
[   13.366165] ACPI: CPU149 has been hot-added
[   13.370448] ACPI: CPU100 has been hot-added
[   13.374657] ACPI: CPU101 has been hot-added
[   13.379001] ACPI: CPU140 has been hot-added
[   13.383218] ACPI: CPU141 has been hot-added
[   13.387553] ACPI: CPU102 has been hot-added
[   13.391769] ACPI: CPU103 has been hot-added
[   13.396115] ACPI: CPU142 has been hot-added
[   13.400329] ACPI: CPU143 has been hot-added
[   13.404673] ACPI: CPU110 has been hot-added
[   13.408891] ACPI: CPU111 has been hot-added
[   13.413251] ACPI: CPU150 has been hot-added
[   13.417470] ACPI: CPU151 has been hot-added
[   13.424062] iommu: Default domain type: Translated
[   13.428856] iommu: DMA domain TLB invalidation policy: strict mode
[   13.440103] SCSI subsystem initialized
[   13.444033] ACPI: bus type USB registered
[   13.448052] usbcore: registered new interface driver usbfs
[   13.453541] usbcore: registered new interface driver hub
[   13.458906] usbcore: registered new device driver usb
[   13.468122] mc: Linux media interface: v0.10
[   13.472408] videodev: Linux video capture interface: v2.00
[   13.477907] pps_core: LinuxPPS API ver. 1 registered
[   13.482864] pps_core: Software ver. 5.3.6 - Copyright 2005-2007 Rodolfo Giometti <giometti@linux.it>
[   13.491993] PTP clock support registered
[   13.496355] EDAC MC: Ver: 3.0.0
[   13.499699] scmi_core: SCMI protocol bus registered
[   13.504643] efivars: Registered efivars operations
[   13.510297] FPGA manager framework
[   13.513763] Advanced Linux Sound Architecture Driver Initialized.
[   13.520429] Bluetooth: Core ver 2.22
[   13.524013] NET: Registered PF_BLUETOOTH protocol family
[   13.529321] Bluetooth: HCI device and connection manager initialized
[   13.535668] Bluetooth: HCI socket layer initialized
[   13.540540] Bluetooth: L2CAP socket layer initialized
[   13.545606] Bluetooth: SCO socket layer initialized
[   13.550517] nfc: nfc_init: NFC Core ver 0.1
[   13.554709] NET: Registered PF_NFC protocol family
[   13.559619] pci 0004:02:00.0: vgaarb: setting as boot VGA device
[   13.565613] pci 0004:02:00.0: vgaarb: bridge control possible
[   13.571346] pci 0004:02:00.0: vgaarb: VGA device added: decodes=io+mem,owns=none,locks=none
[   13.579706] vgaarb: loaded
[   13.583183] clocksource: Switched to clocksource arch_sys_counter
[   13.589444] VFS: Disk quotas dquot_6.6.0
[   13.593372] VFS: Dquot-cache hash table entries: 512 (order 0, 4096 bytes)
[   13.600575] pnp: PnP ACPI init
[   13.604476] system 00:00: [mem 0x3bfff0000000-0x3bffffffffff window] could not be reserved
[   13.612733] system 00:00: [mem 0x3ffff0000000-0x3fffffffffff window] could not be reserved
[   13.620985] system 00:00: [mem 0x23fff0000000-0x23ffffffffff window] could not be reserved
[   13.629238] system 00:00: [mem 0x27fff0000000-0x27ffffffffff window] could not be reserved
[   13.637490] system 00:00: [mem 0x2bfff0000000-0x2bffffffffff window] could not be reserved
[   13.645742] system 00:00: [mem 0x2ffff0000000-0x2fffffffffff window] could not be reserved
[   13.653997] system 00:00: [mem 0x7bfff0000000-0x7bffffffffff window] could not be reserved
[   13.662250] system 00:00: [mem 0x7ffff0000000-0x7fffffffffff window] could not be reserved
[   13.670503] system 00:00: [mem 0x63fff0000000-0x63ffffffffff window] could not be reserved
[   13.678755] system 00:00: [mem 0x67fff0000000-0x67ffffffffff window] could not be reserved
[   13.687006] system 00:00: [mem 0x6bfff0000000-0x6bffffffffff window] could not be reserved
[   13.695258] system 00:00: [mem 0x6ffff0000000-0x6fffffffffff window] could not be reserved
[   13.703511] system 00:00: [mem 0x33fff0000000-0x33ffffffffff window] has been reserved
[   13.711416] system 00:00: [mem 0x37fff0000000-0x37ffffffffff window] has been reserved
[   13.719861] pnp: PnP ACPI: found 1 devices
[   13.725583] NET: Registered PF_INET protocol family
[   13.731044] IP idents hash table entries: 262144 (order: 9, 2097152 bytes, vmalloc)
[   13.741385] tcp_listen_portaddr_hash hash table entries: 65536 (order: 8, 1048576 bytes, vmalloc)
[   13.750631] Table-perturb hash table entries: 65536 (order: 6, 262144 bytes, vmalloc)
[   13.758478] TCP established hash table entries: 524288 (order: 10, 4194304 bytes, vmalloc hugepage)
[   13.768737] TCP bind hash table entries: 65536 (order: 9, 2097152 bytes, vmalloc)
[   13.776833] TCP: Hash tables configured (established 524288 bind 65536)
[   13.783654] UDP hash table entries: 65536 (order: 9, 2097152 bytes, vmalloc)
[   13.791538] UDP-Lite hash table entries: 65536 (order: 9, 2097152 bytes, vmalloc)
[   13.800017] NET: Registered PF_UNIX/PF_LOCAL protocol family
[   13.806068] RPC: Registered named UNIX socket transport module.
[   13.811980] RPC: Registered udp transport module.
[   13.816672] RPC: Registered tcp transport module.
[   13.821363] RPC: Registered tcp-with-tls transport module.
[   13.826836] RPC: Registered tcp NFSv4.1 backchannel transport module.
[   13.833663] PCI: CLS 64 bytes, default 64
[   13.851480] kvm [1]: nv: 554 coarse grained trap handlers
[   13.856940] kvm [1]: IPA Size Limit: 48 bits
[   13.861320] kvm [1]: GICv3: no GICV resource entry
[   13.866100] kvm [1]: disabling GICv2 emulation
[   13.870700] kvm [1]: GIC system register CPU interface enabled
[   13.876537] kvm [1]: vgic interrupt IRQ9
[   13.880682] kvm [1]: VHE mode initialized successfully
[   13.891093] Initialise system trusted keyrings
[   13.895668] workingset: timestamp_bits=42 max_order=26 bucket_order=0
[   13.902222] squashfs: version 4.0 (2009/01/31) Phillip Lougher
[   13.908318] NFS: Registering the id_resolver key type
[   13.913363] Key type id_resolver registered
[   13.917535] Key type id_legacy registered
[   13.921539] nfs4filelayout_init: NFSv4 File Layout Driver Registering...
[   13.928230] nfs4flexfilelayout_init: NFSv4 Flexfile Layout Driver Registering...
[   13.935651] fuse: init (API version 7.41)
[   13.939715] 9p: Installing v9fs 9p2000 file system support
[   13.956858] NET: Registered PF_ALG protocol family
[   13.961640] xor: measuring software checksum speed
[   13.966596]    8regs           : 18477 MB/sec
[   13.971121]    32regs          : 18259 MB/sec
[   13.975598]    arm64_neon      : 24976 MB/sec
[   13.979943] xor: using function: arm64_neon (24976 MB/sec)
[   13.985418] Key type asymmetric registered
[   13.989503] Asymmetric key parser 'x509' registered
[   13.994388] Block layer SCSI generic (bsg) driver version 0.4 loaded (major 239)
[   14.001789] io scheduler mq-deadline registered
[   14.006309] io scheduler kyber registered
[   14.010321] io scheduler bfq registered
[   14.022969] ledtrig-cpu: registered to indicate activity on CPUs
[   14.030113] IPMI message handler: version 39.2
[   14.034581] ipmi device interface
[   14.038023] ipmi_si: IPMI System Interface driver
[   14.042836] ipmi_si: Unable to find any System Interface(s)
[   14.048950] input: Power Button as /devices/LNXSYSTM:00/LNXSYBUS:00/PNP0C0C:00/input/input0
[   14.057341] ACPI: button: Power Button [PWRB]
[   14.147589] EINJ: Error INJection is initialized.
[   14.155794] ACPI GTDT: found 1 SBSA generic Watchdog(s).
[   14.171085] Serial: 8250/16550 driver, 4 ports, IRQ sharing enabled
[   14.178544] msm_serial: driver initialized
[   14.182754] SuperH (H)SCI(F) driver initialized
[   14.187315] STM32 USART driver initialized
[   14.192166] arm-smmu-v3 arm-smmu-v3.0.auto: option mask 0x0
[   14.197761] arm-smmu-v3 arm-smmu-v3.0.auto: ias 48-bit, oas 48-bit (features 0x001c1fef)
[   14.206298] arm-smmu-v3 arm-smmu-v3.0.auto: allocated 65536 entries for cmdq
[   14.213705] arm-smmu-v3 arm-smmu-v3.0.auto: allocated 32768 entries for evtq
[   14.221951] arm-smmu-v3 arm-smmu-v3.1.auto: option mask 0x0
[   14.227597] arm-smmu-v3 arm-smmu-v3.1.auto: ias 48-bit, oas 48-bit (features 0x001c1fef)
[   14.236070] arm-smmu-v3 arm-smmu-v3.1.auto: allocated 65536 entries for cmdq
[   14.243516] arm-smmu-v3 arm-smmu-v3.1.auto: allocated 32768 entries for evtq
[   14.251493] arm-smmu-v3 arm-smmu-v3.2.auto: option mask 0x0
[   14.257106] arm-smmu-v3 arm-smmu-v3.2.auto: ias 48-bit, oas 48-bit (features 0x001c1fef)
[   14.265876] arm-smmu-v3 arm-smmu-v3.2.auto: allocated 65536 entries for cmdq
[   14.273314] arm-smmu-v3 arm-smmu-v3.2.auto: allocated 32768 entries for evtq
[   14.281350] arm-smmu-v3 arm-smmu-v3.3.auto: option mask 0x0
[   14.286960] arm-smmu-v3 arm-smmu-v3.3.auto: ias 48-bit, oas 48-bit (features 0x001c1fef)
[   14.295742] arm-smmu-v3 arm-smmu-v3.3.auto: allocated 65536 entries for cmdq
[   14.303133] arm-smmu-v3 arm-smmu-v3.3.auto: allocated 32768 entries for evtq
[   14.311227] arm-smmu-v3 arm-smmu-v3.4.auto: option mask 0x0
[   14.316858] arm-smmu-v3 arm-smmu-v3.4.auto: ias 48-bit, oas 48-bit (features 0x001c1fef)
[   14.325396] arm-smmu-v3 arm-smmu-v3.4.auto: allocated 65536 entries for cmdq
[   14.332829] arm-smmu-v3 arm-smmu-v3.4.auto: allocated 32768 entries for evtq
[   14.340921] arm-smmu-v3 arm-smmu-v3.5.auto: option mask 0x0
[   14.346533] arm-smmu-v3 arm-smmu-v3.5.auto: ias 48-bit, oas 48-bit (features 0x001c1fef)
[   14.354975] arm-smmu-v3 arm-smmu-v3.5.auto: allocated 65536 entries for cmdq
[   14.362408] arm-smmu-v3 arm-smmu-v3.5.auto: allocated 32768 entries for evtq
[   14.370393] arm-smmu-v3 arm-smmu-v3.6.auto: option mask 0x0
[   14.376009] arm-smmu-v3 arm-smmu-v3.6.auto: ias 48-bit, oas 48-bit (features 0x001c1fef)
[   14.384475] arm-smmu-v3 arm-smmu-v3.6.auto: allocated 65536 entries for cmdq
[   14.391897] arm-smmu-v3 arm-smmu-v3.6.auto: allocated 32768 entries for evtq
[   14.399967] arm-smmu-v3 arm-smmu-v3.7.auto: option mask 0x0
[   14.405613] arm-smmu-v3 arm-smmu-v3.7.auto: ias 48-bit, oas 48-bit (features 0x001c1fef)
[   14.414110] arm-smmu-v3 arm-smmu-v3.7.auto: allocated 65536 entries for cmdq
[   14.421532] arm-smmu-v3 arm-smmu-v3.7.auto: allocated 32768 entries for evtq
[   14.429345] arm-smmu-v3 arm-smmu-v3.8.auto: option mask 0x0
[   14.434965] arm-smmu-v3 arm-smmu-v3.8.auto: ias 48-bit, oas 48-bit (features 0x001c1fef)
[   14.443062] cma: __cma_alloc: reserved: alloc failed, req-size: 256 pages, ret: -12
[   14.450712] cma: number of available pages: => 0 free of 8192 total pages
[   14.457523] arm-smmu-v3 arm-smmu-v3.8.auto: allocated 65536 entries for cmdq
[   14.464574] cma: __cma_alloc: reserved: alloc failed, req-size: 256 pages, ret: -12
[   14.472229] cma: number of available pages: => 0 free of 8192 total pages
[   14.479032] arm-smmu-v3 arm-smmu-v3.8.auto: allocated 32768 entries for evtq
[   14.486076] cma: __cma_alloc: reserved: alloc failed, req-size: 128 pages, ret: -12
[   14.493731] cma: number of available pages: => 0 free of 8192 total pages
[   14.501038] arm-smmu-v3 arm-smmu-v3.9.auto: option mask 0x0
[   14.506633] arm-smmu-v3 arm-smmu-v3.9.auto: ias 48-bit, oas 48-bit (features 0x001c1fef)
[   14.514719] cma: __cma_alloc: reserved: alloc failed, req-size: 256 pages, ret: -12
[   14.522365] cma: number of available pages: => 0 free of 8192 total pages
[   14.529167] arm-smmu-v3 arm-smmu-v3.9.auto: allocated 65536 entries for cmdq
[   14.536212] cma: __cma_alloc: reserved: alloc failed, req-size: 256 pages, ret: -12
[   14.543857] cma: number of available pages: => 0 free of 8192 total pages
[   14.550655] arm-smmu-v3 arm-smmu-v3.9.auto: allocated 32768 entries for evtq
[   14.557693] cma: __cma_alloc: reserved: alloc failed, req-size: 128 pages, ret: -12
[   14.565338] cma: number of available pages: => 0 free of 8192 total pages
[   14.572558] arm-smmu-v3 arm-smmu-v3.10.auto: option mask 0x0
[   14.578234] arm-smmu-v3 arm-smmu-v3.10.auto: ias 48-bit, oas 48-bit (features 0x001c1fef)
[   14.586402] cma: __cma_alloc: reserved: alloc failed, req-size: 256 pages, ret: -12
[   14.594048] cma: number of available pages: => 0 free of 8192 total pages
[   14.600850] arm-smmu-v3 arm-smmu-v3.10.auto: allocated 65536 entries for cmdq
[   14.607977] cma: __cma_alloc: reserved: alloc failed, req-size: 256 pages, ret: -12
[   14.615639] cma: number of available pages: => 0 free of 8192 total pages
[   14.622441] arm-smmu-v3 arm-smmu-v3.10.auto: allocated 32768 entries for evtq
[   14.629572] cma: __cma_alloc: reserved: alloc failed, req-size: 128 pages, ret: -12
[   14.637229] cma: number of available pages: => 0 free of 8192 total pages
[   14.644620] arm-smmu-v3 arm-smmu-v3.11.auto: option mask 0x0
[   14.650341] arm-smmu-v3 arm-smmu-v3.11.auto: ias 48-bit, oas 48-bit (features 0x001c1fef)
[   14.658519] cma: __cma_alloc: reserved: alloc failed, req-size: 256 pages, ret: -12
[   14.666169] cma: number of available pages: => 0 free of 8192 total pages
[   14.672975] arm-smmu-v3 arm-smmu-v3.11.auto: allocated 65536 entries for cmdq
[   14.680114] cma: number of available pages: => 0 free of 8192 total pages
[   14.686915] arm-smmu-v3 arm-smmu-v3.11.auto: allocated 32768 entries for evtq
[   14.694041] cma: number of available pages: => 0 free of 8192 total pages
[   14.701970] ACPI: bus type drm_connector registered
[   14.736696] loop: module loaded
[   14.778640] megasas: 07.727.03.00-rc1
[   14.782388] mpt3sas version 48.100.00.00 loaded
[   14.792268] tun: Universal TUN/TAP device driver, 1.6
[   14.797466] CAN device driver interface
[   14.802304] thunder_xcv, ver 1.0
[   14.805544] thunder_bgx, ver 1.0
[   14.808772] nicpf, ver 1.0
[   14.812044] hns3: Hisilicon Ethernet Network Driver for Hip08 Family - version
[   14.819267] hns3: Copyright (c) 2017 Huawei Corporation.
[   14.824590] hclge is initializing
[   14.828093] e1000: Intel(R) PRO/1000 Network Driver
[   14.832963] e1000: Copyright (c) 1999-2006 Intel Corporation.
[   14.838719] e1000e: Intel(R) PRO/1000 Network Driver
[   14.843674] e1000e: Copyright(c) 1999 - 2015 Intel Corporation.
[   14.849600] igb: Intel(R) Gigabit Ethernet Network Driver
[   14.854987] igb: Copyright (c) 2007-2014 Intel Corporation.
[   14.860606] cma: number of available pages: => 0 free of 8192 total pages
[   14.867455] igb 0002:02:00.0: Adding to iommu group 0
[   14.952245] igb 0002:02:00.0: added PHC on eth0
[   14.956788] igb 0002:02:00.0: Intel(R) Gigabit Ethernet Network Connection
[   14.963652] igb 0002:02:00.0: eth0: (PCIe:5.0Gb/s:Width x2) 28:c1:3c:8a:d6:4a
[   14.970856] igb 0002:02:00.0: eth0: PBA No: 106300-000
[   14.975983] igb 0002:02:00.0: Using MSI-X interrupts. 8 rx queue(s), 8 tx queue(s)
[   14.983680] igb 0002:02:00.1: Adding to iommu group 1
[   15.058985] igb 0002:02:00.1: added PHC on eth1
[   15.063527] igb 0002:02:00.1: Intel(R) Gigabit Ethernet Network Connection
[   15.070390] igb 0002:02:00.1: eth1: (PCIe:5.0Gb/s:Width x2) 28:c1:3c:8a:d6:4b
[   15.077593] igb 0002:02:00.1: eth1: PBA No: 106300-000
[   15.082720] igb 0002:02:00.1: Using MSI-X interrupts. 8 rx queue(s), 8 tx queue(s)
[   15.090355] igbvf: Intel(R) Gigabit Virtual Function Network Driver
[   15.096631] igbvf: Copyright (c) 2009 - 2012 Intel Corporation.
[   15.102821] sky2: driver version 1.30
[   15.108091] Intel(R) Wireless WiFi driver for Linux
[   15.113081] usbcore: registered new interface driver RSI-USB WLAN
[   15.119273] pegasus: Pegasus/Pegasus II USB Ethernet driver
[   15.124847] usbcore: registered new interface driver pegasus
[   15.130509] usbcore: registered new interface driver rtl8150
[   15.136171] usbcore: registered new device driver r8152-cfgselector
[   15.142434] usbcore: registered new interface driver r8152
[   15.147924] usbcore: registered new interface driver lan78xx
[   15.153580] usbcore: registered new interface driver asix
[   15.158985] usbcore: registered new interface driver ax88179_178a
[   15.165083] usbcore: registered new interface driver cdc_ether
[   15.170909] usbcore: registered new interface driver dm9601
[   15.176483] usbcore: registered new interface driver CoreChips
[   15.182310] usbcore: registered new interface driver smsc75xx
[   15.188057] usbcore: registered new interface driver smsc95xx
[   15.193796] usbcore: registered new interface driver net1080
[   15.199458] usbcore: registered new interface driver plusb
[   15.204937] usbcore: registered new interface driver cdc_subset
[   15.210857] usbcore: registered new interface driver zaurus
[   15.216433] usbcore: registered new interface driver MOSCHIP usb-ethernet driver
[   15.223835] usbcore: registered new interface driver cdc_ncm
[   15.229495] usbcore: registered new interface driver r8153_ecm
[   15.235609] VFIO - User Level meta-driver version: 0.3
[   15.241997] cma: number of available pages: => 0 free of 8192 total pages
[   15.248834] xhci_hcd 0004:03:00.0: Adding to iommu group 2
[   15.254811] xhci-pci-renesas 0004:03:00.0: failed to load firmware renesas_usb_fw.mem, fallback to ROM
[   15.264145] xhci-pci-renesas 0004:03:00.0: xHCI Host Controller
[   15.270065] xhci-pci-renesas 0004:03:00.0: new USB bus registered, assigned bus number 1
[   15.278164] xhci-pci-renesas 0004:03:00.0: Zeroing 64bit base registers, expecting fault
[   15.367283] xhci-pci-renesas 0004:03:00.0: hcc params 0x014051cf hci version 0x100 quirks 0x0000000100000010
[   15.377638] xhci-pci-renesas 0004:03:00.0: xHCI Host Controller
[   15.383552] xhci-pci-renesas 0004:03:00.0: new USB bus registered, assigned bus number 2
[   15.391635] xhci-pci-renesas 0004:03:00.0: Host supports USB 3.0 SuperSpeed
[   15.398759] hub 1-0:1.0: USB hub found
[   15.402514] hub 1-0:1.0: 4 ports detected
[   15.406619] usb usb2: We don't know the algorithms for LPM for this host, disabling LPM.
[   15.414791] hub 2-0:1.0: USB hub found
[   15.418541] hub 2-0:1.0: 4 ports detected
[   15.423404] usbcore: registered new interface driver cdc_acm
[   15.429076] cdc_acm: USB Abstract Control Model driver for USB modems and ISDN adapters
[   15.437086] usbcore: registered new interface driver usb-storage
[   15.443115] usbcore: registered new interface driver cp210x
[   15.448691] usbserial: USB Serial support registered for cp210x
[   15.454610] usbcore: registered new interface driver ftdi_sio
[   15.460347] usbserial: USB Serial support registered for FTDI USB Serial Device
[   15.467663] usbcore: registered new interface driver option
[   15.473228] usbserial: USB Serial support registered for GSM modem (1-port)
[   15.480465] usbcore: registered new device driver onboard-usb-dev
[   15.487458] UDC core: g_mass_storage: couldn't find an available UDC
[   15.497058] rtc-efi rtc-efi.0: registered as rtc0
[   15.502334] rtc-efi rtc-efi.0: setting system clock to 2026-09-06T22:12:09 UTC (1788732729)
[   15.511819] i2c_dev: i2c /dev entries driver
[   15.519449] usbcore: registered new interface driver uvcvideo
[   15.527917] sbsa-gwdt sbsa-gwdt.0: Initialized with 10s timeout @ 25000000 Hz, action=0.
[   15.537514] device-mapper: ioctl: 4.48.0-ioctl (2023-03-01) initialised: dm-devel@lists.linux.dev
[   15.546460] Bluetooth: HCI UART driver ver 2.3
[   15.550904] Bluetooth: HCI UART protocol H4 registered
[   15.556050] Bluetooth: HCI UART protocol LL registered
[   15.561492] Bluetooth: HCI UART protocol Broadcom registered
[   15.567155] Bluetooth: HCI UART protocol QCA registered
[   15.572377] Bluetooth: HCI UART protocol Marvell registered
[   15.577963] usbcore: registered new interface driver btusb
[   15.583648] ghes_edac: This system has 32 DIMM sockets.
[   15.589156] EDAC MC0: Giving out device to module ghes_edac.c controller ghes_edac: DEV ghes (INTERRUPT)
[   15.600348] sdhci: Secure Digital Host Controller Interface driver
[   15.606543] sdhci: Copyright(c) Pierre Ossman
[   15.611363] Synopsys Designware Multimedia Card Interface Driver
[   15.617827] sdhci-pltfm: SDHCI platform and OF driver helper
[   15.624959] efifb: probing for efifb
[   15.628583] efifb: framebuffer at 0x10000000, using 3072k, total 3072k
[   15.635106] efifb: mode is 1024x768x32, linelength=4096, pages=1
[   15.641104] efifb: scrolling: redraw
[   15.644672] efifb: Truecolor: size=8:8:8:8, shift=24:16:8:0
[   15.658796] Console: switching to colour frame buffer device 128x48
[   15.659185] usb 1-1: new high-speed USB device number 2 using xhci-pci-renesas
[   15.680621] fb0: EFI VGA frame buffer device
[   15.685632] pstore: Using crash dump compression: deflate
[   15.691051] pstore: Registered efi_pstore as persistent store backend
[   15.697648] SMCCC: SOC_ID: ID = jep106:0a16:0001 Revision = 0x000000a1
[   15.705628] usbcore: registered new interface driver usbhid
[   15.711221] usbhid: USB HID core driver
[   15.718455] SPI driver st-magn-spi has no spi_device_id for st,lis3mdl-magn
[   15.725455] SPI driver st-magn-spi has no spi_device_id for st,lsm303agr-magn
[   15.732591] SPI driver st-magn-spi has no spi_device_id for st,lsm9ds1-magn
[   15.739562] SPI driver st-magn-spi has no spi_device_id for st,lsm303c-magn
[   15.800784] hub 1-1:1.0: USB hub found
[   15.804884] hub 1-1:1.0: 4 ports detected
[   15.931064] usb 1-2: new high-speed USB device number 3 using xhci-pci-renesas
[   16.081775] hub 1-2:1.0: USB hub found
[   16.085874] hub 1-2:1.0: 7 ports detected
[   16.139287] hw perfevents: enabled with armv8_pmuv3_0 PMU driver, 7 (0,8000003f) counters available
[   16.150586] arm_spe_pmu arm,spe-v1: profiling buffer inaccessible. Try passing "kpti=off" on the kernel command line
[   16.161141] arm_spe_pmu arm,spe-v1: probe with driver arm_spe_pmu failed with error -1
[   16.171331]  cs_system_cfg: CoreSight Configuration manager initialised
[   16.180143] gnss: GNSS driver registered with major 498
[   16.196910] GACT probability NOT on
[   16.200423] Mirror/redirect action on
[   16.204939] IPVS: Registered protocols ()
[   16.208954] IPVS: Connection hash table configured (size=4096, memory=32Kbytes)
[   16.216347] IPVS: ipvs loaded.
[   16.219503] NET: Registered PF_INET6 protocol family
[   16.225725] Segment Routing with IPv6
[   16.229417] In-situ OAM (IOAM) with IPv6
[   16.233418] sit: IPv6, IPv4 and MPLS over IPv4 tunneling driver
[   16.239672] NET: Registered PF_PACKET protocol family
[   16.244763] Bridge firewalling registered
[   16.248924] can: controller area network core
[   16.253298] NET: Registered PF_CAN protocol family
[   16.258085] can: raw protocol
[   16.261264] can: broadcast manager protocol
[   16.265455] can: netlink gateway - max_hops=1
[   16.269812] Bluetooth: HIDP (Human Interface Emulation) ver 1.2
[   16.275727] Bluetooth: HIDP socket layer initialized
[   16.280710] 8021q: 802.1Q VLAN Support v1.8
[   16.284920] 9pnet: Installing 9P2000 support
[   16.289233] Key type dns_resolver registered
[   16.297785] registered taskstats version 1
[   16.303084] Loading compiled-in X.509 certificates
[   16.310025] Demotion targets for Node 0: null
[   16.314395] Demotion targets for Node 1: null
[   16.320122] Btrfs loaded, zoned=no, fsverity=no
[   16.324842] BERT: Error records from previous boot:
[   16.329720] [Hardware Error]: event severity: recoverable
[   16.335129] [Hardware Error]:  Error 0, type: fatal
[   16.340000] [Hardware Error]:   section type: unknown, e8ed898d-df16-43cc-8ecc-54f060ef157f
[   16.348352] [Hardware Error]:   section length: 0x31
[   16.353311] [Hardware Error]:   00000000: 0000007f 6e6b6e55 206e776f 6f626572  ....Unknown rebo
[   16.362006] [Hardware Error]:   00000010: 7220746f 6f736165 0000006e 00000000  ot reason.......
[   16.370703] [Hardware Error]:   00000020: 00000000 00000000 00000000 00000000  ................
[   16.379405] [Hardware Error]:   00000030: 12                                               .
[   16.379415] usb 1-2.1: new high-speed USB device number 4 using xhci-pci-renesas
[   16.387834] BERT: Total records found: 1
[   16.388534] cma: number of available pages: => 0 free of 8192 total pages
[   16.406026] pciback 0000:00:00.0: Adding to iommu group 3
[   16.411856] pciback 0000:00:01.0: Adding to iommu group 4
[   16.417845] pcieport 0000:00:01.0: AER: enabled with IRQ 193
[   16.423631] cma: number of available pages: => 0 free of 8192 total pages
[   16.430469] pciback 0001:00:00.0: Adding to iommu group 5
[   16.436326] pciback 0001:00:01.0: Adding to iommu group 6
[   16.442233] pcieport 0001:00:01.0: AER: enabled with IRQ 194
[   16.447980] cma: number of available pages: => 0 free of 8192 total pages
[   16.454811] pciback 0002:00:00.0: Adding to iommu group 7
[   16.460502] pciback 0002:00:01.0: Adding to iommu group 8
[   16.466361] pcieport 0002:00:01.0: AER: enabled with IRQ 163
[   16.472143] pciback 0002:00:03.0: Adding to iommu group 9
[   16.477970] pcieport 0002:00:03.0: AER: enabled with IRQ 163
[   16.483730] pciback 0002:00:05.0: Adding to iommu group 10
[   16.489621] pcieport 0002:00:05.0: AER: enabled with IRQ 163
[   16.495374] cma: number of available pages: => 0 free of 8192 total pages
[   16.502201] pciback 0003:00:00.0: Adding to iommu group 11
[   16.504751] usb-storage 1-2.1:1.0: USB Mass Storage device detected
[   16.507983] pciback 0003:00:01.0: Adding to iommu group 12
[   16.514427] scsi host0: usb-storage 1-2.1:1.0
[   16.519932] pcieport 0003:00:01.0: AER: enabled with IRQ 195
[   16.529575] pciback 0003:00:05.0: Adding to iommu group 13
[   16.535451] pcieport 0003:00:05.0: AER: enabled with IRQ 195
[   16.541238] pciback 0003:00:07.0: Adding to iommu group 14
[   16.547132] pcieport 0003:00:07.0: AER: enabled with IRQ 195
[   16.552881] cma: number of available pages: => 0 free of 8192 total pages
[   16.559717] pciback 0004:00:00.0: Adding to iommu group 15
[   16.565504] pciback 0004:00:01.0: Adding to iommu group 16
[   16.571517] pcieport 0004:00:01.0: AER: enabled with IRQ 183
[   16.577336] pciback 0004:00:03.0: Adding to iommu group 17
[   16.583233] pcieport 0004:00:03.0: AER: enabled with IRQ 183
[   16.589019] pciback 0004:00:05.0: Adding to iommu group 18
[   16.594916] pcieport 0004:00:05.0: AER: enabled with IRQ 183
[   16.600584] usb 1-2.3: new high-speed USB device number 5 using xhci-pci-renesas
[   16.600706] pciback 0004:00:07.0: Adding to iommu group 19
[   16.613864] pcieport 0004:00:07.0: AER: enabled with IRQ 183
[   16.619608] cma: number of available pages: => 0 free of 8192 total pages
[   16.626437] pciback 0004:01:00.0: Adding to iommu group 20
[   16.632260] cma: number of available pages: => 0 free of 8192 total pages
[   16.639075] pciback 0004:02:00.0: Adding to iommu group 20
[   16.644675] cma: number of available pages: => 0 free of 8192 total pages
[   16.651500] pciback 0005:00:00.0: Adding to iommu group 21
[   16.657403] pciback 0005:00:01.0: Adding to iommu group 22
[   16.663452] pcieport 0005:00:01.0: AER: enabled with IRQ 196
[   16.669260] pciback 0005:00:05.0: Adding to iommu group 23
[   16.675148] pcieport 0005:00:05.0: AER: enabled with IRQ 196
[   16.680964] pciback 0005:00:07.0: Adding to iommu group 24
[   16.686845] pcieport 0005:00:07.0: AER: enabled with IRQ 196
[   16.692611] cma: number of available pages: => 0 free of 8192 total pages
[   16.699438] pciback 0006:00:00.0: Adding to iommu group 25
[   16.705182] pciback 0006:00:01.0: Adding to iommu group 26
[   16.711239] pcieport 0006:00:01.0: AER: enabled with IRQ 197
[   16.717037] cma: number of available pages: => 0 free of 8192 total pages
[   16.723875] pciback 0007:00:00.0: Adding to iommu group 27
[   16.726382] cdc_ether 1-2.3:2.0 usb0: register 'cdc_ether' at usb-0004:03:00.0-2.3, CDC Ethernet Device, 8e:62:e1:06:67:60
[   16.729632] pciback 0007:00:01.0: Adding to iommu group 28
[   16.746417] pcieport 0007:00:01.0: AER: enabled with IRQ 198
[   16.752188] cma: number of available pages: => 0 free of 8192 total pages
[   16.759020] pciback 0008:00:00.0: Adding to iommu group 29
[   16.764794] pciback 0008:00:01.0: Adding to iommu group 30
[   16.770809] pcieport 0008:00:01.0: AER: enabled with IRQ 199
[   16.776610] pciback 0008:00:05.0: Adding to iommu group 31
[   16.782526] pcieport 0008:00:05.0: AER: enabled with IRQ 199
[   16.788296] pciback 0008:00:07.0: Adding to iommu group 32
[   16.794168] pcieport 0008:00:07.0: AER: enabled with IRQ 199
[   16.799909] cma: number of available pages: => 0 free of 8192 total pages
[   16.806741] pciback 0009:00:00.0: Adding to iommu group 33
[   16.812484] pciback 0009:00:01.0: Adding to iommu group 34
[   16.817995] usb 1-2.4: new high-speed USB device number 6 using xhci-pci-renesas
[   16.818519] pcieport 0009:00:01.0: AER: enabled with IRQ 200
[   16.831176] pciback 0009:00:03.0: Adding to iommu group 35
[   16.837074] pcieport 0009:00:03.0: AER: enabled with IRQ 200
[   16.842870] pciback 0009:00:05.0: Adding to iommu group 36
[   16.848971] pcieport 0009:00:05.0: AER: enabled with IRQ 200
[   16.854755] cma: number of available pages: => 0 free of 8192 total pages
[   16.861591] pciback 000a:00:00.0: Adding to iommu group 37
[   16.867341] pciback 000a:00:01.0: Adding to iommu group 38
[   16.873320] pcieport 000a:00:01.0: AER: enabled with IRQ 201
[   16.879126] pciback 000a:00:03.0: Adding to iommu group 39
[   16.885007] pcieport 000a:00:03.0: AER: enabled with IRQ 201
[   16.890793] pciback 000a:00:05.0: Adding to iommu group 40
[   16.896671] pcieport 000a:00:05.0: AER: enabled with IRQ 201
[   16.902433] cma: number of available pages: => 0 free of 8192 total pages
[   16.909277] pciback 000b:00:00.0: Adding to iommu group 41
[   16.915044] pciback 000b:00:01.0: Adding to iommu group 42
[   16.921052] pcieport 000b:00:01.0: AER: enabled with IRQ 202
[   16.926869] pciback 000b:00:05.0: Adding to iommu group 43
[   16.932760] pcieport 000b:00:05.0: AER: enabled with IRQ 202
[   16.933040] input: American Megatreds Inc. Virtual Keyboard and Mouse Gadget as /devices/pci0004:00/0004:00:03.0/0004:03:00.0/usb1/1-2/1-2.4/1-2.4:1.0/0003:046B:FF10.0001/input/input1
[   16.938562] pciback 000b:00:07.0: Adding to iommu group 44
[   16.954793] hid-generic 0003:046B:FF10.0001: input: USB HID v1.01 Mouse [American Megatreds Inc. Virtual Keyboard and Mouse Gadget] on usb-0004:03:00.0-2.4/input0
[   16.960610] pcieport 000b:00:07.0: AER: enabled with IRQ 202
[   16.977698] input: American Megatreds Inc. Virtual Keyboard and Mouse Gadget as /devices/pci0004:00/0004:00:03.0/0004:03:00.0/usb1/1-2/1-2.4/1-2.4:1.1/0003:046B:FF10.0002/input/input2
[   16.981117] CPPC Cpufreq:FIE not enabled on systems with registers in PCC
[   17.005500] hid-generic 0003:046B:FF10.0002: input: USB HID v1.01 Keyboard [American Megatreds Inc. Virtual Keyboard and Mouse Gadget] on usb-0004:03:00.0-2.4/input1
[   17.369089] cfg80211: Loading compiled-in X.509 certificates for regulatory database
[   17.377328] Loaded X.509 cert 'sforshee: 00b28ddf47aef9cea7'
[   17.383194] Loaded X.509 cert 'wens: 61c038651aabdcf94bd0ac7ff06c7248db18c600'
[   17.390423] clk: Disabling unused clocks
[   17.394447] platform regulatory.0: Direct firmware load for regulatory.db failed with error -2
[   17.394936] PM: genpd: Disabling unused power domains
[   17.403087] cfg80211: failed to load regulatory.db
[   17.408181] ALSA device list:
[   17.415925]   #0: Loopback 1
[   17.426960] Freeing unused kernel memory: 18624K
[   17.431786] Run /init as init process

================ GUNBC-RUNNER-HOST ================
marker=gunbc-r[   17.479620] /dev/sr0: Can't lookup blockdev
unner-host-boot
image-build=slice4-census
attempt=slice4-census-47eac00e
kernel=6.12.108  machine=aarch64
kvm=present
cgroup2-mount=ok
root-fstype=tmpfs
[   17.548072] scsi 0:0:0:0: CD-ROM            AMI      Virtual CDROM0   1.00 PQ: 0 ANSI: 2
[   17.557023] sr 0:0:0:0: Power-on or device reset occurred
[   17.562852] sr 0:0:0:0: [sr0] scsi-1 drive
[   17.568074] cdrom: Uniform CD-ROM driver Revision: 3.20
media-mount=yes after 1s
media-guest-kernel-verify=ok
media-guest-rootfs-verify=ok
jail-chroot=/run/jail/firecracker/slice4-census-47eac00e/root
jailed-guest-kernel-verify=ok
jailed-guest-rootfs-verify=ok
kvm-owner=1000:1000 600
media-unmounted=yes
guest-boot-begin attempt=slice4-census-47eac00e via=jailer
launcher-pid=1649
firecracker-pid=1649 after 0s
=== LIVE CENSUS BEGIN ===
--- identity and lineage ---
live-comm=firecracker
live-exe=/firecracker
live-root=/
live-ppid=PPid:	1
launcher-still-present=yes
--- privilege: the axes the last receipt could not read ---
Uid:	1000	1000	1000	1000
Gid:	1000	1000	1000	1000
Groups:	 
CapInh:	0000000000000000
CapPrm:	0000000000000000
CapEff:	0000000000000000
CapBnd:	000001ffffffffff
CapAmb:	0000000000000000
NoNewPrivs:	1
Seccomp:	2
--- cgroup membership, while alive ---
live-cgroup=0::/
--- namespace inodes, host vs jailed ---
ns-mnt host=mnt:[4026531841] jailed=mnt:[4026533570] verdict=DIFFERENT
ns-pid host=pid:[4026531836] jailed=pid:[4026531836] verdict=SHARED
ns-net host=net:[4026531840] jailed=net:[4026531840] verdict=SHARED
ns-user host=user:[4026531837] jailed=user:[4026531837] verdict=SHARED
ns-ipc host=ipc:[4026531839] jailed=ipc:[4026531839] verdict=SHARED
ns-uts host=uts:[4026531838] jailed=uts:[4026531838] verdict=SHARED
ns-cgroup host=cgroup:[4026531835] jailed=cgroup:[4026531835] verdict=SHARED
--- open files ---
fd 0 -> /dev/null
fd 1 -> /run/guest.log
fd 10 -> /dev/kvm
fd 11 -> anon_inode:kvm-vm
fd 12 -> anon_inode:[eventfd]
fd 13 -> anon_inode:[eventfd]
fd 14 -> anon_inode:kvm-vcpu:0
fd 15 -> anon_inode:kvm-arm-vgic-v3
fd 16 -> anon_inode:kvm-arm-vgic-its
fd 17 -> anon_inode:[eventfd]
fd 18 -> anon_inode:[eventfd]
fd 19 -> anon_inode:[eventfd]
fd 2 -> /run/guest.log
fd 20 -> anon_inode:[eventfd]
fd 21 -> anon_inode:[eventfd]
fd 22 -> anon_inode:kvm-vcpu:0
fd 3 -> anon_inode:[eventpoll]
fd 4 -> anon_inode:[timerfd]
fd 6 -> /rootfs.squashfs
fd 7 -> anon_inode:[timerfd]
fd 8 -> anon_inode:[eventfd]
fd 9 -> anon_inode:[eventfd]
--- mounts visible to the jailed process ---
tmpfs / tmpfs rw,nosuid,relatime,size=4194304k 0 0
--- host listening sockets during the attempt ---
tcp-entries=1
tcp6-entries=1
udp-entries=1
unix-sockets=1
--- host process population during the attempt ---
PID   PPID  USER     COMMAND
    1     0 0        init
 1649     1 1000     firecracker
 1651     1 0        busybox
 2399     1 0        busybox
 2400     1 0        busybox
=== LIVE CENSUS END ===
Killed
guest-boot-end rc=137
--- guest evidence ---
2026-09-06T22:12:17.418280960 [slice4-census-47eac00e:main] Running Firecracker v1.16.1
2026-09-06T22:12:17.434468440 [slice4-census-47eac00e:main] Successfully started microvm that was configured from one single json
[    0.000000] Booting Linux on physical CPU 0x0000000000 [0x413fd0c1]
[    0.000000] smccc: KVM: hypervisor services detected (0x00000000 0x00000000 0x00000000 0x00000003)
--- containment observations, AFTER the attempt ---
post-jail-cgroup=ABSENT
post-jail-chroot=dev firecracker firecracker.pid rootfs.squashfs run sys vm.json vmlinux 
--- process census after attempt ---
PID   PPID  USER     COMMAND
    1     0 0        init
 2435     1 0        busybox
 2436     1 0        busybox
surviving-firecracker=0
surviving-jailer=0
jail-removed=yes
marker-end=gunbc-runner-host-boot
===================================================



BusyBox v1.36.1 (Ubuntu 1:1.36.1-6ubuntu3.1) built-in shell (ash)
Enter 'help' for a list of built-in commands.

sh: can't access tty; job control turned off
~ # 
Session terminated, killing shell... ...killed.
