entry	function	eval_ms_basis	run_ref	host_class	clock
# Basis rows cite arm64 srv-fleet run receipts only (witness_row_cost_basis_host_class_note).
# The clock column names WHICH clock eval_ms_basis was read from, so a comparison against an
# observation on a different clock refuses (BasisClockMismatch) instead of answering. Every row
# below carries wall because every one was seeded from a receipt that recorded no other clock:
# before the 2026-08-05 clock-basis ruling the seed's PerformanceReceipt held only wall_nanos,
# so wall is what these figures ARE, not a default chosen for them.
# First fleet observation establishes a row here; absence at compare time is BasisAbsent.
# Seeded from falsifier run 30550328673 (host_class=srv_fleet_arm64, runner_spec_is_self_hosted_arm64),
# whose sole failure was the silent-pick row's wall-budget refusal; every row below completed.
# resolution_divergence_silent_pick_gate_keystone_holds is DELIBERATELY ABSENT: it was killed at
# its 900000ms deadline, so its recorded 900794ms is a CENSORED measurement, not a completed one.
# Seeding it would pin the corpus's most expensive row WithinBasis below ~1.8M ms under the 2x
# comparator and enshrine a deadline ceiling as normal cost. It stays BasisAbsent - the honest
# third state - until ClaimOutcome::TimedOut distinguishes killed rows from completed ones.
# Rows observed in two batches keep the max of the two (all 3 such pairs differ by <2%).
dag/test/claim/accelerator_demo_execution_witness_test.dag	accelerator_demo_execution_lane_witnesses	2	30550328673	srv_fleet_arm64	wall
dag/test/claim/annotation_carrier_witness_test.dag	census_closure_frontier_rows_count_is_twenty_one	4	30550328673	srv_fleet_arm64	wall
dag/test/claim/anomaly_evidence_witness_test.dag	anomaly_reason_is_a_surface	40	30550328673	srv_fleet_arm64	wall
dag/test/claim/anomaly_evidence_witness_test.dag	anomaly_reason_surface_is_styled	85	30550328673	srv_fleet_arm64	wall
dag/test/claim/asrock_live_probe_witness_test.dag	live_probe_redfish_virtual_media_absent_matches_catalog	1	30550328673	srv_fleet_arm64	wall
dag/test/claim/bmc_live_receipts_witness_test.dag	proc_mounts_parser_decodes_kernel_mount_escapes	4	30550328673	srv_fleet_arm64	wall
dag/test/claim/bmc_live_receipts_witness_test.dag	proc_mounts_parser_derives_literal_overlay_paths	2	30550328673	srv_fleet_arm64	wall
dag/test/claim/bmc_live_receipts_witness_test.dag	proc_mounts_parser_refuses_multi_lower_overlay	3	30550328673	srv_fleet_arm64	wall
dag/test/claim/bmc_live_receipts_witness_test.dag	proc_mounts_parser_refuses_relative_overlay_paths	1	30550328673	srv_fleet_arm64	wall
dag/test/claim/bmc_netboot_serve_witness_test.dag	serve_command_one_shape_two_transports	1	30550328673	srv_fleet_arm64	wall
dag/test/claim/bmc_netboot_serve_witness_test.dag	srv4_bmc_served_seed_carries_fleet_keys	3	30550328673	srv_fleet_arm64	wall
dag/test/claim/bmc_netboot_serve_witness_test.dag	srv4_staging_manifest_stages_rendered_grub_and_seed	1	30550328673	srv_fleet_arm64	wall
dag/test/claim/bmc_netboot_shell_boot_witness_test.dag	srv4_shell_boot_sequence_direct_kernel	1	30550328673	srv_fleet_arm64	wall
dag/test/claim/bmc_onboarding_lifecycle_witness_test.dag	bmc_plan_steady_state_is_keyless_wif	31	30550328673	srv_fleet_arm64	wall
dag/test/claim/bmc_token_federation_witness_test.dag	bmc_smoke_workflow_carries_no_pasted_key	29	30550328673	srv_fleet_arm64	wall
dag/test/claim/bmc_virtual_media_witness_test.dag	srv4_gadget_is_readonly_cdrom_on_nbd0	2	30550328673	srv_fleet_arm64	wall
dag/test/claim/bmc_wif_delegation_chain_witness_test.dag	bmc_smoke_workflow_scopes_id_token_write_to_its_single_designated_job	25	30550328673	srv_fleet_arm64	wall
dag/test/claim/bmc_wif_delegation_chain_witness_test.dag	bootstrap_grants_zero_bindings_for_bmc_secret	1	30550328673	srv_fleet_arm64	wall
dag/test/claim/bmc_wif_delegation_chain_witness_test.dag	main_ci_workflow_grants_no_id_token	678	30550328673	srv_fleet_arm64	wall
dag/test/claim/cache_key_completeness_test.dag	witness_live_catalog_holds	1	30550328673	srv_fleet_arm64	wall
dag/test/claim/cache_layer_planner_test.dag	witness_cheap_recompute_skips_wan_layers	2	30550328673	srv_fleet_arm64	wall
dag/test/claim/ci_budget_tree_witness_test.dag	witness_live_is_fail_closed	1	30550328673	srv_fleet_arm64	wall
dag/test/claim/ci_budget_tree_witness_test.dag	witness_live_trees_conserve	1	30550328673	srv_fleet_arm64	wall
dag/test/claim/ci_concurrency_policy_witness_test.dag	ci_concurrency_event_scoped_stop_policy_holds	700	30550328673	srv_fleet_arm64	wall
dag/test/claim/ci_deploy_target_host_witness_test.dag	witness_ci_yml_deploy_job_pins_srv1_runner	740	30550328673	srv_fleet_arm64	wall
dag/test/claim/ci_deploy_witness_test.dag	witness_ci_spec_carries_deploy_stages	4	30550328673	srv_fleet_arm64	wall
dag/test/claim/ci_deploy_witness_test.dag	witness_ci_yml_deploy_job_consumes_release_bins_artifact	745	30550328673	srv_fleet_arm64	wall
dag/test/claim/ci_heal_job_witness_test.dag	contents_write_is_scoped_to_heal_only	678	30550328673	srv_fleet_arm64	wall
dag/test/claim/ci_materialization_witness_test.dag	ci_catalog_projection_has_no_refusals	55	30550328673	srv_fleet_arm64	wall
dag/test/claim/ci_materialization_witness_test.dag	ci_ladder_holds_on_live_workflow	627	30550328673	srv_fleet_arm64	wall
dag/test/claim/ci_native_cache_root_witness_test.dag	witness_emitted_workflows_exclude_fabricated_segment_literal	768	30550328673	srv_fleet_arm64	wall
dag/test/claim/ci_release_bins_witness_test.dag	witness_retired_floor_skip_bin_absent_from_release_projections	770	30550328673	srv_fleet_arm64	wall
dag/test/claim/ci_render_histogram_width_test.dag	ci_render_histogram_width_witnesses	19	30550328673	srv_fleet_arm64	wall
dag/test/claim/ci_render_slowest_hot_style_test.dag	ci_render_slowest_hot_style_holds	15	30550328673	srv_fleet_arm64	wall
dag/test/claim/ci_runner_seam_witness_test.dag	witness_ci_workflow_runner_matches_selected_target	675	30550328673	srv_fleet_arm64	wall
dag/test/claim/ci_runner_seam_witness_test.dag	witness_ci_yaml_runs_on_projects_selected_labels	46	30550328673	srv_fleet_arm64	wall
dag/test/claim/ci_yaml_serializer_witness_test.dag	witness_cache_key_plain_not_quoted	738	30550328673	srv_fleet_arm64	wall
dag/test/claim/ci_yaml_serializer_witness_test.dag	witness_jobs_yaml_serializes	35	30550328673	srv_fleet_arm64	wall
dag/test/claim/ci_yaml_serializer_witness_test.dag	witness_steps_wrapped_serializes	4	30550328673	srv_fleet_arm64	wall
dag/test/claim/claim_indexed_evidence_witness_test.dag	witness_kvm_login_prompt_does_not_invent_completed_install	2	30550328673	srv_fleet_arm64	wall
dag/test/claim/claim_indexed_evidence_witness_test.dag	witness_login_status_does_not_promote_provider_readiness	1	30550328673	srv_fleet_arm64	wall
dag/test/claim/claim_indexed_evidence_witness_test.dag	witness_source_capture_does_not_invent_admission	1	30550328673	srv_fleet_arm64	wall
dag/test/claim/code_change_workflow_witness_test.dag	code_change_workflow_witnesses	1	30550328673	srv_fleet_arm64	wall
dag/test/claim/commit_check_demand_witness_test.dag	commit_check_demand_absent_named_declaration_is_missing	1	30550328673	srv_fleet_arm64	wall
dag/test/claim/commit_check_demand_witness_test.dag	commit_check_demand_all_six_file_grain_rows_expand_complete_discoveries	26	30550328673	srv_fleet_arm64	wall
dag/test/claim/commit_check_demand_witness_test.dag	commit_check_demand_canonical_roster_refuses_empty_or_truncated_discovery	28	30550328673	srv_fleet_arm64	wall
dag/test/claim/commit_check_demand_witness_test.dag	commit_check_demand_duplicate_module_is_ambiguous	1	30550328673	srv_fleet_arm64	wall
dag/test/claim/commit_check_demand_witness_test.dag	commit_check_demand_live_roster_is_exactly_58_typed_rows	2	30550328673	srv_fleet_arm64	wall
dag/test/claim/commit_check_demand_witness_test.dag	commit_check_demand_named_multi_function_is_exact_and_permutation_invariant	2	30550328673	srv_fleet_arm64	wall
dag/test/claim/commit_check_demand_witness_test.dag	commit_check_demand_overlapping_output_membership_is_ambiguous	1	30550328673	srv_fleet_arm64	wall
dag/test/claim/commit_check_demand_witness_test.dag	commit_check_demand_roster_and_expansion_set_equality_has_teeth	1	30550328673	srv_fleet_arm64	wall
dag/test/claim/commit_witness_claim_roster_witness_test.dag	commit_witness_claim_roster_red_control_holds	38	30550328673	srv_fleet_arm64	wall
dag/test/claim/commit_workflow_witness_test.dag	witness_ci_spec_projects_from_roster	1	30550328673	srv_fleet_arm64	wall
dag/test/claim/commit_workflow_witness_test.dag	witness_floor_roster_has_no_slow_long_lane_entries	2	30550328673	srv_fleet_arm64	wall
dag/test/claim/component_dispatch_button_witness_test.dag	witness_dispatch_button_states_total_over_wire	1	30550328673	srv_fleet_arm64	wall
dag/test/claim/component_dispatch_button_witness_test.dag	witness_scale_well_formed	3	30550328673	srv_fleet_arm64	wall
dag/test/claim/computation_demand_duplication_witness_test.dag	replicated_oracle_pair_is_declared_and_admissible	1	30550328673	srv_fleet_arm64	wall
dag/test/claim/dag_compile_clean_scope_witness_test.dag	dag_compile_clean_scope_all_disposition_rows_hold	17	30550328673	srv_fleet_arm64	wall
dag/test/claim/dag_compile_clean_scope_witness_test.dag	dag_compile_clean_scope_empty_touched_requires_whole_tree_holds	1	30550328673	srv_fleet_arm64	wall
dag/test/claim/dag_compile_clean_seam_witness_test.dag	cross_shard_seam_preservation_holds_on_live_tree	237262	30550328673	srv_fleet_arm64	wall
dag/test/claim/dag_compile_clean_shard_totality_witness_test.dag	compile_clean_shard_totality_holds_on_live_tree	23176	30550328673	srv_fleet_arm64	wall
dag/test/claim/deploy_mutation_gate_witness_test.dag	witness_right_host_privileged_gate_permits	1	30550328673	srv_fleet_arm64	wall
dag/test/claim/deploy_mutation_gate_witness_test.dag	witness_right_host_privileged_may_apply	9	30550328673	srv_fleet_arm64	wall
dag/test/claim/design_argument_witness_test.dag	cycle_is_detected	1	30550328673	srv_fleet_arm64	wall
dag/test/claim/design_argument_witness_test.dag	design_full_argument_form_is_valid	2	30550328673	srv_fleet_arm64	wall
dag/test/claim/design_argument_witness_test.dag	design_s1_argument_form_is_valid	1	30550328673	srv_fleet_arm64	wall
dag/test/claim/design_palette_witness_test.dag	witness_authored_set_has_no_text_pairing	11	30550328673	srv_fleet_arm64	wall
dag/test/claim/design_palette_witness_test.dag	witness_catalog_admissible	2	30550328673	srv_fleet_arm64	wall
dag/test/claim/design_palette_witness_test.dag	witness_graduated_default_clears_text_aa	15	30550328673	srv_fleet_arm64	wall
dag/test/claim/design_palette_witness_test.dag	witness_in_family_inks_carry_their_fills	4	30550328673	srv_fleet_arm64	wall
dag/test/claim/design_palette_witness_test.dag	witness_loam_carries_text_capability	2	30550328673	srv_fleet_arm64	wall
dag/test/claim/design_palette_witness_test.dag	witness_pressed_stop_derivation_and_legibility	6	30550328673	srv_fleet_arm64	wall
dag/test/claim/design_palette_witness_test.dag	witness_solarized_base_ladder_order_and_count	1	30550328673	srv_fleet_arm64	wall
dag/test/claim/design_palette_witness_test.dag	witness_venom_carries_ivory_text_and_refuses_loam	2	30550328673	srv_fleet_arm64	wall
dag/test/claim/design_register_lift_parity_witness_test.dag	witness_accent_study_html_digest_pinned	15	30550328673	srv_fleet_arm64	wall
dag/test/claim/design_register_lift_parity_witness_test.dag	witness_moodboard_css_digest_pinned	10	30550328673	srv_fleet_arm64	wall
dag/test/claim/design_register_lift_parity_witness_test.dag	witness_moodboard_html_digest_pinned	30	30550328673	srv_fleet_arm64	wall
dag/test/claim/design_register_lift_parity_witness_test.dag	witness_roadmap_css_digest_pinned	84	30550328673	srv_fleet_arm64	wall
dag/test/claim/dispatch_attempts_witness_test.dag	attempts_client_renders_and_shouts	42	30550328673	srv_fleet_arm64	wall
dag/test/claim/dispatch_attempts_witness_test.dag	attempts_multi_line_output_parses	1	30550328673	srv_fleet_arm64	wall
dag/test/claim/dispatch_attempts_witness_test.dag	attempts_observed_projects_to_wire	2	30550328673	srv_fleet_arm64	wall
dag/test/claim/dispatch_attempts_witness_test.dag	attempts_row_is_styled	88	30550328673	srv_fleet_arm64	wall
dag/test/claim/dispatch_attempts_witness_test.dag	belt_attempt_grain_holds	1	30550328673	srv_fleet_arm64	wall
dag/test/claim/dispatch_presentation_witness_test.dag	witness_chip_material_is_band_paint	90	30550328673	srv_fleet_arm64	wall
dag/test/claim/dispatch_presentation_witness_test.dag	witness_dispatch_receipt_is_provider_agnostic	39	30550328673	srv_fleet_arm64	wall
dag/test/claim/dispatch_stop_witness_test.dag	cleanup_separates_running_process_from_retained_session	4	30550328673	srv_fleet_arm64	wall
dag/test/claim/dispatch_stop_witness_test.dag	dashboard_instance_stop_contract_keystone_holds	132	30550328673	srv_fleet_arm64	wall
dag/test/claim/doc_reachability_witness_test.dag	doc_graph_hand_authored_slugs_not_registered	49	30550328673	srv_fleet_arm64	wall
dag/test/claim/doc_reachability_witness_test.dag	doc_graph_has_no_dangling_links	7	30550328673	srv_fleet_arm64	wall
dag/test/claim/doc_reachability_witness_test.dag	doc_graph_has_no_orphan_docs	10	30550328673	srv_fleet_arm64	wall
dag/test/claim/domain_name_parse_witness_test.dag	domain_name_parse_case_fold_equality	1	30550328673	srv_fleet_arm64	wall
dag/test/claim/domain_name_parse_witness_test.dag	domain_name_parse_fqdn_srv1_tailnet	1	30550328673	srv_fleet_arm64	wall
dag/test/claim/domain_name_parse_witness_test.dag	domain_name_parse_rejects_label_too_long	1	30550328673	srv_fleet_arm64	wall
dag/test/claim/econ_wedge_witness_test.dag	w_github_hetzner_knowable_wedge_derived_with_declared_assumptions	1	30550328673	srv_fleet_arm64	wall
dag/test/claim/effects_witness_test.dag	effects_derivation_witnesses	1	30550328673	srv_fleet_arm64	wall
dag/test/claim/effects_witness_test.dag	effects_modifier_gcp_sites_witnesses	1	30550328673	srv_fleet_arm64	wall
dag/test/claim/emit_host_gate_verdicts_test.dag	gate_failure_exit_reason_carries_verdicts	2	30550328673	srv_fleet_arm64	wall
dag/test/claim/expectation_frontier_witness_test.dag	fully_declared_effects_emit_no_frontier_receipt_holds	110078	30550328673	srv_fleet_arm64	wall
dag/test/claim/expectation_frontier_witness_test.dag	undeclared_effects_emit_the_frontier_receipt_holds	150229	30550328673	srv_fleet_arm64	wall
dag/test/claim/extdeps_llm_claude_trust_witness_test.dag	w_array_value_then_real_key_accepts	1	30550328673	srv_fleet_arm64	wall
dag/test/claim/extdeps_llm_claude_trust_witness_test.dag	w_enriched_entry_with_nested_object_and_brace_in_string_accepts	1	30550328673	srv_fleet_arm64	wall
dag/test/claim/extdeps_llm_claude_trust_witness_test.dag	w_flag_true_on_other_key_refuses	1	30550328673	srv_fleet_arm64	wall
dag/test/claim/falsifier_workflow_witness_test.dag	falsifier_concurrency_queues_not_cancels	244	30550328673	srv_fleet_arm64	wall
dag/test/claim/falsifier_workflow_witness_test.dag	falsifier_yaml_projection_evaluates	18	30550328673	srv_fleet_arm64	wall
dag/test/claim/falsifier_workflow_witness_test.dag	selection_control_enrolled_exactly_once_on_falsifier_and_never_on_ci	507	30550328673	srv_fleet_arm64	wall
dag/test/claim/falsifier_workflow_witness_test.dag	selection_control_rides_falsifier_not_per_pr_ci	54	30550328673	srv_fleet_arm64	wall
dag/test/claim/fleet_converge_apply_witness_test.dag	witness_converge_apply_fail_closed_on_knob_frontier	2	30550328673	srv_fleet_arm64	wall
dag/test/claim/fleet_converge_cli_witness_test.dag	witness_converge_cli_output_projects_receipt_and_exit_signal	8	30550328673	srv_fleet_arm64	wall
dag/test/claim/fleet_converge_cli_witness_test.dag	witness_converge_cli_refusal_causes_discriminate	1	30550328673	srv_fleet_arm64	wall
dag/test/claim/fleet_show_effective_read_witness_test.dag	witness_show_property_injection_metachar_refused	8	30550328673	srv_fleet_arm64	wall
dag/test/claim/floor_materialization_witness_test.dag	floor_index_build_has_plural_readers	3	30550328673	srv_fleet_arm64	wall
dag/test/claim/floor_materialization_witness_test.dag	floor_index_build_reds_without_reference_provider	1	30550328673	srv_fleet_arm64	wall
dag/test/claim/floor_skip_discovery_witness_test.dag	floor_skip_discovery_keystone_holds	644282	30550328673	srv_fleet_arm64	wall
dag/test/claim/generated_artifact_drift_test.dag	witness_all_known_committed	69	30550328673	srv_fleet_arm64	wall
dag/test/claim/long/generated_artifact_drift_fixed_point_witness_test.dag	witness_committed_fixed_point_red_control	717	30550328673	srv_fleet_arm64	wall
dag/test/claim/long/generated_artifact_drift_fixed_point_witness_test.dag	witness_committed_is_fixed_point	1005	30550328673	srv_fleet_arm64	wall
dag/test/claim/generated_artifact_drift_test.dag	witness_extra_validation_wired	128	30550328673	srv_fleet_arm64	wall
dag/test/claim/generated_artifact_drift_test.dag	witness_ignored_paths_excluded	3	30550328673	srv_fleet_arm64	wall
dag/test/claim/generated_artifact_drift_test.dag	witness_per_artifact_red_receipts	2	30550328673	srv_fleet_arm64	wall
dag/test/claim/generated_artifact_drift_test.dag	witness_registry_complete	1	30550328673	srv_fleet_arm64	wall
dag/test/claim/gha_expression_roundtrip_test.dag	witness_core_advertised_lossless	1	30550328673	srv_fleet_arm64	wall
dag/test/claim/gha_job_projection_witness_test.dag	absent_job_fields_emit_no_key	1	30550328673	srv_fleet_arm64	wall
dag/test/claim/gha_job_projection_witness_test.dag	every_populated_job_field_reaches_the_emitted_yaml	3	30550328673	srv_fleet_arm64	wall
dag/test/claim/gha_job_projection_witness_test.dag	queue_max_and_queue_not_max_no_longer_serialize_identically	1	30550328673	srv_fleet_arm64	wall
dag/test/claim/git_upstream_model_witness_test.dag	witness_git_annotated_tag_remains_a_tag_object	12	30550328673	srv_fleet_arm64	wall
dag/test/claim/git_upstream_model_witness_test.dag	witness_git_bounded_fixture_projects_declared_fragment	3	30550328673	srv_fleet_arm64	wall
dag/test/claim/git_upstream_model_witness_test.dag	witness_git_index_path_preserves_component_boundaries	3	30550328673	srv_fleet_arm64	wall
dag/test/claim/git_upstream_model_witness_test.dag	witness_git_ls_files_stage_z_observes_mode_identity_stage_and_raw_path	2	30550328673	srv_fleet_arm64	wall
dag/test/claim/git_upstream_model_witness_test.dag	witness_git_ls_tree_z_preserves_non_utf8_path_octets	1	30550328673	srv_fleet_arm64	wall
dag/test/claim/git_upstream_model_witness_test.dag	witness_git_ls_tree_z_wire_decodes_into_mode_path_and_identity_rows	10	30550328673	srv_fleet_arm64	wall
dag/test/claim/githooks_pre_push_emit_test.dag	witness_fmt_is_the_body	1	30550328673	srv_fleet_arm64	wall
dag/test/claim/githooks_pre_push_plan_test.dag	githooks_pre_push_plan_witnesses	2	30550328673	srv_fleet_arm64	wall
dag/test/claim/gitignore_gate_test.dag	witness_clean_does_not_drift	60	30550328673	srv_fleet_arm64	wall
dag/test/claim/gitlab_10k_income_series_witness_test.dag	w_all_seven_years_cross_foot	3	30550328673	srv_fleet_arm64	wall
dag/test/claim/grounded_principal_witness_test.dag	witness_ci_runner_grounded_access_gate_permits	1	30550328673	srv_fleet_arm64	wall
dag/test/claim/grounded_principal_witness_test.dag	witness_declared_probe_names_principal	1	30550328673	srv_fleet_arm64	wall
dag/test/claim/grounded_principal_witness_test.dag	witness_deploy_preflight_plan_first_step_reads_principal	2	30550328673	srv_fleet_arm64	wall
dag/test/claim/gunbc_invoke_witness_test.dag	gunbc_invoke_deploy_matches_pre_migration_golden_holds	1	30550328673	srv_fleet_arm64	wall
dag/test/claim/gunbc_invoke_witness_test.dag	gunbc_invoke_scheduler_matches_modeled_shell_holds	3	30550328673	srv_fleet_arm64	wall
dag/test/claim/gunbc_invoke_witness_test.dag	gunbc_invoke_verify_artifacts_shell_nonempty_holds	1	30550328673	srv_fleet_arm64	wall
dag/test/claim/gunbhub_react_browse_witness_test.dag	gunbhub_browse_keystone_holds	3	30550328673	srv_fleet_arm64	wall
dag/test/claim/gunbhub_serve_witness_test.dag	gunbhub_serve_keystone_holds	6	30550328673	srv_fleet_arm64	wall
dag/test/claim/hardware_selection_witness_test.dag	derived_ratios_are_computed	1	30550328673	srv_fleet_arm64	wall
dag/test/claim/hardware_selection_witness_test.dag	front_keeps_tradeoffs_strips_dominated	2	30550328673	srv_fleet_arm64	wall
dag/test/claim/host_axis_caps_witness_test.dag	caps_foreign_occupant_refuses_never_deletes	3	30550328673	srv_fleet_arm64	wall
dag/test/claim/host_build_cache_provision_design_witness_test.dag	design_witness_absent_daemon_fail_closed	2	30550328673	srv_fleet_arm64	wall
dag/test/claim/host_build_cache_provision_design_witness_test.dag	design_witness_install_is_cited_not_package_manager	1	30550328673	srv_fleet_arm64	wall
dag/test/claim/host_converge_delta_witness_test.dag	witness_already_applied_is_noop	4	30550328673	srv_fleet_arm64	wall
dag/test/claim/host_converge_delta_witness_test.dag	witness_drifted_knob_is_conflict	1	30550328673	srv_fleet_arm64	wall
dag/test/claim/host_converge_slice1_witness_test.dag	witness_enumerate_units_uses_typed_list_units_op	2	30550328673	srv_fleet_arm64	wall
dag/test/claim/host_converge_slice1_witness_test.dag	witness_fixture_infinity_drifts_against_model_desired	7	30550328673	srv_fleet_arm64	wall
dag/test/claim/host_converge_slice1_witness_test.dag	witness_transport_reads_use_show_property_authority	1	30550328673	srv_fleet_arm64	wall
dag/test/claim/host_effect_plan_witness_test.dag	witness_control_flow_step_refuses_fail_closed	1	30550328673	srv_fleet_arm64	wall
dag/test/claim/host_identity_observation_witness_test.dag	witness_adopt_receipt_materializes_fixture_observation	1	30550328673	srv_fleet_arm64	wall
dag/test/claim/host_identity_observation_witness_test.dag	witness_conflict_plan_has_no_effect_script_structural_no_shell	3	30550328673	srv_fleet_arm64	wall
dag/test/claim/host_identity_observation_witness_test.dag	witness_host_effect_apply_failure_is_not_observation	5	30550328673	srv_fleet_arm64	wall
dag/test/claim/host_identity_observation_witness_test.dag	witness_hostname_read_argv_is_typed_not_concat	2	30550328673	srv_fleet_arm64	wall
dag/test/claim/host_identity_observation_witness_test.dag	witness_hostname_set_argv_is_typed_not_concat	1	30550328673	srv_fleet_arm64	wall
dag/test/claim/host_identity_observation_witness_test.dag	witness_hostname_set_cas_refuses_base_mismatch	1	30550328673	srv_fleet_arm64	wall
dag/test/claim/host_network_diagnosis_witness_test.dag	host_network_diagnosis_witnesses	1	30550328673	srv_fleet_arm64	wall
dag/test/claim/host_phase_status_witness_test.dag	witness_live_observation_frontier_is_one_cell	32	30550328673	srv_fleet_arm64	wall
dag/test/claim/host_phase_status_witness_test.dag	witness_reconcile_covers_upsert_teardown_and_noop	1	30550328673	srv_fleet_arm64	wall
dag/test/claim/host_phase_status_witness_test.dag	witness_remaining_work_counts_every_unfinished_cell	36	30550328673	srv_fleet_arm64	wall
dag/test/claim/host_standup_assimilation_deduction_witness_test.dag	host_identity_converge_step_stays_modeled_not_gap	22	30550328673	srv_fleet_arm64	wall
dag/test/claim/host_standup_assimilation_deduction_witness_test.dag	no_lease_past_budget_is_drifted_not_fabricated_success	3	30550328673	srv_fleet_arm64	wall
dag/test/claim/host_standup_assimilation_deduction_witness_test.dag	post_install_lease_row_deduces_converged_noop	5	30550328673	srv_fleet_arm64	wall
dag/test/claim/host_standup_spine_witness_test.dag	declared_gap_steps_carry_interim_realization_authority	23	30550328673	srv_fleet_arm64	wall
dag/test/claim/host_standup_spine_witness_test.dag	host_standup_fleet_converge_policy_is_derived_or_unsound	6	30550328673	srv_fleet_arm64	wall
dag/test/claim/host_standup_spine_witness_test.dag	post_install_dhcp_subsumption_reduces_gap_count_by_one	9	30550328673	srv_fleet_arm64	wall
dag/test/claim/html_roundtrip_test.dag	witness_frontier_not_roundtripped	1	30550328673	srv_fleet_arm64	wall
dag/test/claim/html_roundtrip_test.dag	witness_roundtrip_core	1	30550328673	srv_fleet_arm64	wall
dag/test/claim/http_serve_route_witness_test.dag	witness_forward_backward_agreement	3	30550328673	srv_fleet_arm64	wall
dag/test/claim/js_site_emit_test.dag	witness_about_html_emit	2	30550328673	srv_fleet_arm64	wall
dag/test/claim/js_site_emit_test.dag	witness_browse_html_emit	1	30550328673	srv_fleet_arm64	wall
dag/test/claim/js_site_emit_test.dag	witness_committed_about_html	14	30550328673	srv_fleet_arm64	wall
dag/test/claim/json_emit_witness_test.dag	witness_int_list_helper	1	30550328673	srv_fleet_arm64	wall
dag/test/claim/json_emit_witness_test.dag	witness_json_int_lexeme_always_valid	1	30550328673	srv_fleet_arm64	wall
dag/test/claim/json_emit_witness_test.dag	witness_json_text_parse_agrees_with_lexeme_surface_on_exponents	1	30550328673	srv_fleet_arm64	wall
dag/test/claim/keyed_delta_fold_witness_test.dag	witness_added_hunk	1	30550328673	srv_fleet_arm64	wall
dag/test/claim/live_deploy/apply_witness_test.dag	witness_digest_readback_script_is_bounded_and_post_mutation	530	30550328673	srv_fleet_arm64	wall
dag/test/claim/live_deploy/emit_test.dag	witness_apply_emits_no_embedded_preflight_and_only_sudoers	134	30550328673	srv_fleet_arm64	wall
dag/test/claim/live_deploy/emit_test.dag	witness_dependency_ensure_is_idempotent	5	30550328673	srv_fleet_arm64	wall
dag/test/claim/live_deploy/emit_test.dag	witness_deploy_access_job_principal_refused_poison_golden_independent	1	30550328673	srv_fleet_arm64	wall
dag/test/claim/live_deploy/emit_test.dag	witness_retract_owned_only	1	30550328673	srv_fleet_arm64	wall
dag/test/claim/live_deploy/emit_test.dag	witness_retract_owned_process_removes_serve_service	40	30550328673	srv_fleet_arm64	wall
dag/test/claim/live_deploy/intent_witness_test.dag	witness_readback_requires_service_ready_gate	4	30550328673	srv_fleet_arm64	wall
dag/test/claim/live_deploy/operations_witness_test.dag	witness_apt_install_argv_matches_transport_row	5	30550328673	srv_fleet_arm64	wall
dag/test/claim/live_deploy/readiness_witness_test.dag	witness_bounded_poll_early_exit_on_grounded_read	799	30550328673	srv_fleet_arm64	wall
dag/test/claim/live_deploy/readiness_witness_test.dag	witness_bounded_poll_one_iteration_composes_probe_and_modeled_sleep	10	30550328673	srv_fleet_arm64	wall
dag/test/claim/live_deploy/readiness_witness_test.dag	witness_healthz_malformed_extension_not_groundable	4	30550328673	srv_fleet_arm64	wall
dag/test/claim/live_deploy/readiness_witness_test.dag	witness_stale_surface_read_does_not_ground	1	30550328673	srv_fleet_arm64	wall
dag/test/claim/live_deploy/readiness_witness_test.dag	witness_transport_get_probe_over_ssh_does_not_ground_mock_stdout	2	30550328673	srv_fleet_arm64	wall
dag/test/claim/long/dag_compile_clean_perturb_corpus_witness_test.dag	perturb_cross_tree_import_corpus_green_holds	78131	30550328673	srv_fleet_arm64	wall
dag/test/claim/long/dag_compile_clean_perturb_corpus_witness_test.dag	perturb_dag_shell_primary_corpus_green_holds	70281	30550328673	srv_fleet_arm64	wall
dag/test/claim/machine_shape_catalog_integration_witness_test.dag	w_cpu_cache_levels_integrated_into_memory_shape	1	30550328673	srv_fleet_arm64	wall
dag/test/claim/machine_shape_construction_wall_test.dag	gate_green_synthetic_shape_from_catalog_call	1	30550328673	srv_fleet_arm64	wall
dag/test/claim/machine_shape_witness_test.dag	catalog_derivation_matches_row	1	30550328673	srv_fleet_arm64	wall
dag/test/claim/machine_shape_witness_test.dag	gpu_sm_cache_absent_when_ungranted	1	30550328673	srv_fleet_arm64	wall
dag/test/claim/markdown_markup_xss_witness_test.dag	witness_data_image_reject_discriminates_from_char_escape	1	30550328673	srv_fleet_arm64	wall
dag/test/claim/markdown_markup_xss_witness_test.dag	witness_markdown_reduces_and_serializes	2	30550328673	srv_fleet_arm64	wall
dag/test/claim/markdown_roundtrip_test.dag	witness_core_advertised_lossless	2	30550328673	srv_fleet_arm64	wall
dag/test/claim/markdown_roundtrip_test.dag	witness_ingest_reads_bullet_row	2	30550328673	srv_fleet_arm64	wall
dag/test/claim/markdown_roundtrip_test.dag	witness_roundtrip_under_perturbed_rows	1	30550328673	srv_fleet_arm64	wall
dag/test/claim/markdown_source_emit_test.dag	witness_exact_bytes	2	30550328673	srv_fleet_arm64	wall
dag/test/claim/materialization_provider_consumer_hand_rust_witness_test.dag	witness_model_refusal_controls_remain_distinct	2	30550328673	srv_fleet_arm64	wall
dag/test/claim/materialization_provider_witness_test.dag	admission_of_oversized_artifact_is_budget_exhausted	1	30550328673	srv_fleet_arm64	wall
dag/test/claim/materialization_provider_witness_test.dag	admission_over_budget_evicts_least_recent_and_counts_it	1	30550328673	srv_fleet_arm64	wall
dag/test/claim/mercurial_upstream_model_witness_test.dag	witness_mercurial_branch_head_uses_same_branch_descendants_not_only_children	5	30550328673	srv_fleet_arm64	wall
dag/test/claim/mercurial_upstream_model_witness_test.dag	witness_mercurial_changeset_self_parent_refuses_as_cycle	1	30550328673	srv_fleet_arm64	wall
dag/test/claim/mercurial_upstream_model_witness_test.dag	witness_mercurial_clone_local_revision_can_change_without_identity_change	2	30550328673	srv_fleet_arm64	wall
dag/test/claim/mercurial_upstream_model_witness_test.dag	witness_mercurial_declared_missing_copy_source_stays_partial_not_fabricated	1	30550328673	srv_fleet_arm64	wall
dag/test/claim/mercurial_upstream_model_witness_test.dag	witness_mercurial_missing_parent_refuses	1	30550328673	srv_fleet_arm64	wall
dag/test/claim/mercurial_upstream_model_witness_test.dag	witness_mercurial_two_parent_merge_decodes_with_derived_head	1	30550328673	srv_fleet_arm64	wall
dag/test/claim/mercurial_upstream_model_witness_test.dag	witness_mercurial_wire_identity_decodes_to_structural_node	1	30550328673	srv_fleet_arm64	wall
dag/test/claim/merge_admission_enforcement_witness_test.dag	blocks_merge_false_while_deferred_even_if_stale	5	30550328673	srv_fleet_arm64	wall
dag/test/claim/merge_admission_producer_witness_test.dag	floor_stamp_exports_ci_floor_exit_on_gunbc_line	76	30550328673	srv_fleet_arm64	wall
dag/test/claim/merge_admission_producer_witness_test.dag	mint_binds_current_gate_roster_hash	4	30550328673	srv_fleet_arm64	wall
dag/test/claim/merge_admission_witness_test.dag	gate_roster_hash_sensitive_to_roster_content	5	30550328673	srv_fleet_arm64	wall
dag/test/claim/merge_lifecycle_interleaving_witness_test.dag	keyed_receipt_admits_no_unverified_tip_across_window_4	31	30550328673	srv_fleet_arm64	wall
dag/test/claim/merge_lifecycle_interleaving_witness_test.dag	per_pr_gate_only_admits_unverified_tips_in_window_4	25	30550328673	srv_fleet_arm64	wall
dag/test/claim/merge_lifecycle_interleaving_witness_test.dag	require_up_to_date_base_misses_the_roster_axis_in_window_4	23	30550328673	srv_fleet_arm64	wall
dag/test/claim/namespace_occurrence_transport_test.dag	namespace_occurrence_validator_large_population_holds	46	30550328673	srv_fleet_arm64	wall
dag/test/claim/namespace_occurrence_transport_test.dag	w_namespace_occurrence_transport_covers_pattern_binder_forms	2	30550328673	srv_fleet_arm64	wall
dag/test/claim/namespace_occurrence_transport_test.dag	w_namespace_occurrence_transport_mints_distinct_equal_text	1	30550328673	srv_fleet_arm64	wall
dag/test/claim/nbd_proxy_serve_transport_witness_test.dag	nbd_proxy_serve_argv_is_typed_not_shell_supervision_program	1	30550328673	srv_fleet_arm64	wall
dag/test/claim/nbd_proxy_virtual_media_install_witness_test.dag	nbd_proxy_serve_step_maps_to_actuator_host_shell_intent	8	30550328673	srv_fleet_arm64	wall
dag/test/claim/no_fake_anomalies_witness_test.dag	passing_run_shows_no_fake_anomaly_holds	121763	30550328673	srv_fleet_arm64	wall
dag/test/claim/no_fake_anomalies_witness_test.dag	red_control_entry_with_real_anomaly_still_shows_glyph_holds	103427	30550328673	srv_fleet_arm64	wall
dag/test/claim/node_http_server_emit_test.dag	node_http_server_source_allow_header_set_join_holds	8	30550328673	srv_fleet_arm64	wall
dag/test/claim/non_fold_residue_frontier_test.dag	non_fold_residue_frontier_is_populated	2	30550328673	srv_fleet_arm64	wall
dag/test/claim/non_fold_residue_frontier_test.dag	non_fold_residue_frontier_rows_well_formed_holds	1	30550328673	srv_fleet_arm64	wall
dag/test/claim/non_fold_residue_witness_test.dag	non_fold_residue_clean_holds	250	30550328673	srv_fleet_arm64	wall
dag/test/claim/observation_ci_render_witness_test.dag	w_escalation_surfaces_the_cause_at_the_deeper_threshold	1	30550328673	srv_fleet_arm64	wall
dag/test/claim/observation_ci_render_witness_test.dag	w_heartbeat_uses_the_clock_pulse_glyph	1	30550328673	srv_fleet_arm64	wall
dag/test/claim/observation_crawl_replay_test.dag	w_replay_ends_in_a_refusal_summary_not_a_silent_timeout	5	30550328673	srv_fleet_arm64	wall
dag/test/claim/observation_emit_census_witness_test.dag	w_every_frontier_row_carries_a_real_dissolve_on	2	30550328673	srv_fleet_arm64	wall
dag/test/claim/observation_emit_census_witness_test.dag	w_every_rostered_marker_still_exists_in_the_seed	4	30550328673	srv_fleet_arm64	wall
dag/test/claim/observation_emit_census_witness_test.dag	w_post_snapshot_live_tags_are_rostered_bidirectional	2	30550328673	srv_fleet_arm64	wall
dag/test/claim/observation_emit_census_witness_test.dag	w_the_raw_measurement_shape_is_gone_from_the_seed	1	30550328673	srv_fleet_arm64	wall
dag/test/claim/observation_emit_census_witness_test.dag	w_the_raw_shell_shape_is_gone_from_the_seed	1	30550328673	srv_fleet_arm64	wall
dag/test/claim/observation_emit_census_witness_test.dag	w_the_raw_typecheck_attribution_shape_is_gone_from_the_seed	2	30550328673	srv_fleet_arm64	wall
dag/test/claim/observation_model_witness_test.dag	w_attention_availability_precedence_and_causes_hold	1	30550328673	srv_fleet_arm64	wall
dag/test/claim/observation_model_witness_test.dag	w_change_kind_colour_follows_git_diff_convention	2	30550328673	srv_fleet_arm64	wall
dag/test/claim/observation_model_witness_test.dag	w_presentation_colour_comes_from_the_glyph_authority	1	30550328673	srv_fleet_arm64	wall
dag/test/claim/observation_seed_scoped_run_witness_test.dag	scoped_run_clean_final_appends_and_closes_dynamic_line	3	30550328673	srv_fleet_arm64	wall
dag/test/claim/observation_seed_scoped_run_witness_test.dag	scoped_run_intrinsic_failures_ignore_unavailable_basis	1	30550328673	srv_fleet_arm64	wall
dag/test/claim/observation_seed_scoped_run_witness_test.dag	scoped_run_measured_nanosecond_precision_matrix_is_projected	2	30550328673	srv_fleet_arm64	wall
dag/test/claim/observation_tty_render_witness_test.dag	w_addressable_refusal_persists_via_exact_closed_append_wire	3	30550328673	srv_fleet_arm64	wall
dag/test/claim/occurrence_identity_witness_test.dag	occurrence_identity_typed_ordinal_boundary_refuses_raw_scalar_holds	654	30550328673	srv_fleet_arm64	wall
dag/test/claim/operation_argv_binding_wall_witness_test.dag	operation_argv_list_valued_input_expands_to_tokens	4	30550328673	srv_fleet_arm64	wall
dag/test/claim/operation_argv_binding_wall_witness_test.dag	operation_argv_previously_unbindable_operation_now_materializes	6	30550328673	srv_fleet_arm64	wall
dag/test/claim/operation_argv_corpus_witness_test.dag	operation_argv_corpus_RED_literal_executable_control_materializes	1	30550328673	srv_fleet_arm64	wall
dag/test/claim/operation_argv_corpus_witness_test.dag	operation_argv_corpus_every_row_is_materialized_or_counted	231	30550328673	srv_fleet_arm64	wall
dag/test/claim/orchestration_if_emit_test.dag	orch_if_and_tests_holds	51	30550328673	srv_fleet_arm64	wall
dag/test/claim/orchestration_if_emit_test.dag	orch_if_exit_zero_negated_holds	11	30550328673	srv_fleet_arm64	wall
dag/test/claim/orchestration_if_emit_test.dag	orch_if_log_matches_holds	14	30550328673	srv_fleet_arm64	wall
dag/test/claim/orchestration_if_emit_test.dag	orch_if_run_redirect_ignore_fail_holds	20	30550328673	srv_fleet_arm64	wall
dag/test/claim/orchestration_if_emit_test.dag	orch_if_streq_else_holds	25	30550328673	srv_fleet_arm64	wall
dag/test/claim/orchestration_if_emit_test.dag	orch_if_streq_empty_then_has_teeth_holds	9	30550328673	srv_fleet_arm64	wall
dag/test/claim/orchestration_if_emit_test.dag	orch_if_streq_empty_then_holds	2	30550328673	srv_fleet_arm64	wall
dag/test/claim/os_install_actuator_selection_witness_test.dag	srv3_actuator_host_failover_fixture_selects_srv2	1	30550328673	srv_fleet_arm64	wall
dag/test/claim/os_install_deduction_witness_test.dag	direct_layout_emits_storage_yaml	3	30550328673	srv_fleet_arm64	wall
dag/test/claim/pijul_upstream_model_witness_test.dag	witness_pijul_bounded_projection_decodes_with_conflict_and_partial_facts	2	30550328673	srv_fleet_arm64	wall
dag/test/claim/pijul_upstream_model_witness_test.dag	witness_pijul_declared_partial_change_is_not_fabricated	1	30550328673	srv_fleet_arm64	wall
dag/test/claim/pijul_upstream_model_witness_test.dag	witness_pijul_equal_change_sets_require_one_state_identity	1	30550328673	srv_fleet_arm64	wall
dag/test/claim/pijul_upstream_model_witness_test.dag	witness_pijul_existing_channel_member_dependency_gap_refuses_delivery	1	30550328673	srv_fleet_arm64	wall
dag/test/claim/pijul_upstream_model_witness_test.dag	witness_pijul_log_wire_constructs_independent_channel_readback	1	30550328673	srv_fleet_arm64	wall
dag/test/claim/pijul_upstream_model_witness_test.dag	witness_pijul_missing_dependency_in_channel_still_refuses_delivery	1	30550328673	srv_fleet_arm64	wall
dag/test/claim/pijul_upstream_model_witness_test.dag	witness_pijul_one_state_hash_cannot_name_different_change_sets	1	30550328673	srv_fleet_arm64	wall
dag/test/claim/pipeline_transport_emit_rest_shell_witness_test.dag	rest_emit_includes_query_params	5	30550328673	srv_fleet_arm64	wall
dag/test/claim/pipeline_transport_emit_rest_shell_witness_test.dag	rest_emit_maps_response_codes	2	30550328673	srv_fleet_arm64	wall
dag/test/claim/pipeline_transport_emit_rest_shell_witness_test.dag	rest_emit_post_body_multiple_fields	2	30550328673	srv_fleet_arm64	wall
dag/test/claim/pipeline_transport_emit_rest_shell_witness_test.dag	rest_emit_post_body_single_field	2	30550328673	srv_fleet_arm64	wall
dag/test/claim/pipeline_transport_emit_rest_shell_witness_test.dag	rest_emit_post_with_auth_source	349	30550328673	srv_fleet_arm64	wall
dag/test/claim/pipeline_transport_emit_rest_shell_witness_test.dag	rest_emit_substitutes_path_template	2	30550328673	srv_fleet_arm64	wall
dag/test/claim/pipeline_transport_emit_rest_shell_witness_test.dag	rest_emit_uses_bearer_auth	338	30550328673	srv_fleet_arm64	wall
dag/test/claim/pipeline_transport_emit_rest_shell_witness_test.dag	rest_emit_uses_header_auth	338	30550328673	srv_fleet_arm64	wall
dag/test/claim/pipeline_transport_emit_rest_shell_witness_test.dag	rest_emit_uses_transport_method	2	30550328673	srv_fleet_arm64	wall
dag/test/claim/pipeline_transport_emit_rest_shell_witness_test.dag	shell_emit_captures_stdout	2	30550328673	srv_fleet_arm64	wall
dag/test/claim/pipeline_transport_emit_rest_shell_witness_test.dag	shell_emit_checks_exit_code	1	30550328673	srv_fleet_arm64	wall
dag/test/claim/pipeline_transport_emit_rest_shell_witness_test.dag	shell_emit_cron_upsert_script	2	30550328673	srv_fleet_arm64	wall
dag/test/claim/pipeline_transport_emit_rest_shell_witness_test.dag	shell_emit_optional_param_in_interp	1	30550328673	srv_fleet_arm64	wall
dag/test/claim/pipeline_transport_emit_rest_shell_witness_test.dag	shell_emit_pipes_stdin	1	30550328673	srv_fleet_arm64	wall
dag/test/claim/pipeline_transport_emit_rest_shell_witness_test.dag	shell_emit_stdin_pipes_and_writes	1	30550328673	srv_fleet_arm64	wall
dag/test/claim/pipeline_transport_emit_rest_shell_witness_test.dag	shell_emit_uses_transport_argv	1	30550328673	srv_fleet_arm64	wall
dag/test/claim/plan_lens_witness_test.dag	every_registered_plan_has_dissolution_trigger	47	30550328673	srv_fleet_arm64	wall
dag/test/claim/react_jsx_emit_test.dag	witness_browse_page_jsx_exact_bytes	1	30550328673	srv_fleet_arm64	wall
dag/test/claim/realization_width_witness_test.dag	realization_width_witnesses	2	30550328673	srv_fleet_arm64	wall
dag/test/claim/render_glyphs_ansi_witness_test.dag	w_completed_ascii	1	30550328673	srv_fleet_arm64	wall
dag/test/claim/rest_transport_axes_emit_witness_test.dag	rest_axes_emit_basic_auth	3	30550328673	srv_fleet_arm64	wall
dag/test/claim/rest_transport_axes_emit_witness_test.dag	rest_axes_emit_crate_uses_rustls_tls	3	30550328673	srv_fleet_arm64	wall
dag/test/claim/rest_transport_axes_emit_witness_test.dag	rest_axes_emit_dual_auth_refuses	3	30550328673	srv_fleet_arm64	wall
dag/test/claim/rest_transport_axes_emit_witness_test.dag	rest_axes_emit_tls_absent_control	3	30550328673	srv_fleet_arm64	wall
dag/test/claim/rest_transport_axes_emit_witness_test.dag	rest_axes_emit_tls_insecure	3	30550328673	srv_fleet_arm64	wall
dag/test/claim/rest_transport_axes_emit_witness_test.dag	rest_axes_emit_tls_verify_peer_control	3	30550328673	srv_fleet_arm64	wall
dag/test/claim/roadmap_altitude_witness_test.dag	altitude_client_carries_the_derived_chain	41	30550328673	srv_fleet_arm64	wall
dag/test/claim/roadmap_altitude_witness_test.dag	altitude_routine_section_folds	105	30550328673	srv_fleet_arm64	wall
dag/test/claim/roadmap_altitude_witness_test.dag	altitude_unsigned_done_holds_section_open	6	30550328673	srv_fleet_arm64	wall
dag/test/claim/roadmap_altitude_witness_test.dag	altitude_working_member_holds_section_open	5	30550328673	srv_fleet_arm64	wall
dag/test/claim/roadmap_authority_test.dag	witness_acceptance_receipts_are_valid_and_unique	37	30550328673	srv_fleet_arm64	wall
dag/test/claim/roadmap_authority_test.dag	witness_accepted_parent_discharges_active_dependency	5	30550328673	srv_fleet_arm64	wall
dag/test/claim/roadmap_authority_test.dag	witness_active_set_is_declared_minus_accepted	1	30550328673	srv_fleet_arm64	wall
dag/test/claim/roadmap_authority_test.dag	witness_declared_graph_is_mechanically_acyclic	9	30550328673	srv_fleet_arm64	wall
dag/test/claim/roadmap_authority_test.dag	witness_declared_node_ids_are_unique	5	30550328673	srv_fleet_arm64	wall
dag/test/claim/roadmap_authority_test.dag	witness_every_declared_row_is_complete_unsigned_ticket	2	30550328673	srv_fleet_arm64	wall
dag/test/claim/roadmap_authority_test.dag	witness_every_edge_endpoint_exists	2	30550328673	srv_fleet_arm64	wall
dag/test/claim/roadmap_authority_test.dag	witness_only_requested_scm_compatibility_slice_is_active	88	30550328673	srv_fleet_arm64	wall
dag/test/claim/roadmap_authority_test.dag	witness_product_roots_have_no_false_roadmap_tool_dependency	1	30550328673	srv_fleet_arm64	wall
dag/test/claim/roadmap_authority_test.dag	witness_projection_is_active_only	43	30550328673	srv_fleet_arm64	wall
dag/test/claim/roadmap_authority_test.dag	witness_receipt_for_unknown_node_accepts_nothing	1	30550328673	srv_fleet_arm64	wall
dag/test/claim/roadmap_authority_test.dag	witness_v1_exit_fan_in_matches_finish_line_split	2	30550328673	srv_fleet_arm64	wall
dag/test/claim/roadmap_belt_witness_test.dag	witness_at_capacity_reports_backlog	4	30550328673	srv_fleet_arm64	wall
dag/test/claim/roadmap_belt_witness_test.dag	witness_belt_plan_equals_step_composition	227	30550328673	srv_fleet_arm64	wall
dag/test/claim/roadmap_belt_witness_test.dag	witness_belt_status_json_shape	3	30550328673	srv_fleet_arm64	wall
dag/test/claim/roadmap_belt_witness_test.dag	witness_capacity_limits_spawns	1	30550328673	srv_fleet_arm64	wall
dag/test/claim/roadmap_belt_witness_test.dag	witness_r5_refuses_foreign_teardown	3	30550328673	srv_fleet_arm64	wall
dag/test/claim/roadmap_belt_witness_test.dag	witness_reconcile_status_json_shape	2	30550328673	srv_fleet_arm64	wall
dag/test/claim/roadmap_dashboard_instance_apply_witness_test.dag	dashboard_bootstrap_parent_writability_is_a_preflight_fact	7	30550328673	srv_fleet_arm64	wall
dag/test/claim/roadmap_dashboard_instance_apply_witness_test.dag	dashboard_dirty_controller_source_refuses_before_apply	3	30550328673	srv_fleet_arm64	wall
dag/test/claim/roadmap_dashboard_instance_apply_witness_test.dag	dashboard_health_requires_intended_instance_identity	219	30550328673	srv_fleet_arm64	wall
dag/test/claim/roadmap_dashboard_instance_apply_witness_test.dag	dashboard_instance_apply_model_keystone_holds	26	30550328673	srv_fleet_arm64	wall
dag/test/claim/roadmap_dashboard_instance_apply_witness_test.dag	dashboard_source_transport_argv_is_exact_and_atomic	1	30550328673	srv_fleet_arm64	wall
dag/test/claim/roadmap_dashboard_instance_apply_witness_test.dag	dashboard_target_preflight_derives_dispatch_platform_dependencies	16	30550328673	srv_fleet_arm64	wall
dag/test/claim/roadmap_dashboard_instance_witness_test.dag	dashboard_actuation_posture_is_instance_data	3	30550328673	srv_fleet_arm64	wall
dag/test/claim/roadmap_dashboard_instance_witness_test.dag	dashboard_instance_model_keystone_holds	5	30550328673	srv_fleet_arm64	wall
dag/test/claim/roadmap_dispatch_actuator_witness_test.dag	codex_provider_v0_argv_keystone_holds	163	30550328673	srv_fleet_arm64	wall
dag/test/claim/roadmap_dispatch_actuator_witness_test.dag	witness_brief_fill_includes_node_metadata	2	30550328673	srv_fleet_arm64	wall
dag/test/claim/roadmap_dispatch_actuator_witness_test.dag	witness_live_lease_refused	3	30550328673	srv_fleet_arm64	wall
dag/test/claim/roadmap_dispatch_actuator_witness_test.dag	witness_live_sessions_panel_rows	2	30550328673	srv_fleet_arm64	wall
dag/test/claim/roadmap_dispatch_actuator_witness_test.dag	witness_not_ready_node_refused	4	30550328673	srv_fleet_arm64	wall
dag/test/claim/roadmap_dispatch_actuator_witness_test.dag	witness_ready_node_permitted_without_live_session	2	30550328673	srv_fleet_arm64	wall
dag/test/claim/roadmap_dispatch_actuator_witness_test.dag	witness_ticket_brief_fills_real_slots	2	30550328673	srv_fleet_arm64	wall
dag/test/claim/roadmap_dispatch_environment_witness_test.dag	admission_receipt_is_structured_and_located	6	30550328673	srv_fleet_arm64	wall
dag/test/claim/roadmap_document_test.dag	witness_authored_evidence_awaiting_signoff	4	30550328673	srv_fleet_arm64	wall
dag/test/claim/roadmap_emit_test.dag	witness_child_derived_unchecked_when_unmerged	3	30550328673	srv_fleet_arm64	wall
dag/test/claim/roadmap_emit_test.dag	witness_child_signed_checked	1	30550328673	srv_fleet_arm64	wall
dag/test/claim/roadmap_emit_test.dag	witness_superseded_checked_struck_no_signoff_suffix	1	30550328673	srv_fleet_arm64	wall
dag/test/claim/roadmap_focus_witness_test.dag	clearing_focus_restores_every_node	41	30550328673	srv_fleet_arm64	wall
dag/test/claim/roadmap_focus_witness_test.dag	every_visible_edge_has_both_endpoints_visible	22	30550328673	srv_fleet_arm64	wall
dag/test/claim/roadmap_focus_witness_test.dag	focus_notice_states_the_derived_hidden_count	4	30550328673	srv_fleet_arm64	wall
dag/test/claim/roadmap_focus_witness_test.dag	no_visible_node_has_a_hidden_prerequisite	5	30550328673	srv_fleet_arm64	wall
dag/test/claim/roadmap_focus_witness_test.dag	synthetic_closure_pulls_transitive_cross_lane_prerequisites	2	30550328673	srv_fleet_arm64	wall
dag/test/claim/roadmap_frontier_witness_test.dag	witness_authority_daily_workspace_serializes	521	30550328673	srv_fleet_arm64	wall
dag/test/claim/roadmap_frontier_witness_test.dag	witness_buckets_are_disjoint	13	30550328673	srv_fleet_arm64	wall
dag/test/claim/roadmap_frontier_witness_test.dag	witness_merged_unsigned_node_stays_ready_for_acceptance	3	30550328673	srv_fleet_arm64	wall
dag/test/claim/roadmap_frontier_witness_test.dag	witness_merged_unsigned_parent_does_not_unblock_child	5	30550328673	srv_fleet_arm64	wall
dag/test/claim/roadmap_frontier_witness_test.dag	witness_page_places_ready_node_in_ready_bucket	5	30550328673	srv_fleet_arm64	wall
dag/test/claim/roadmap_frontier_witness_test.dag	witness_page_places_superseded_node_in_superseded_bucket	5	30550328673	srv_fleet_arm64	wall
dag/test/claim/roadmap_frontier_witness_test.dag	witness_page_renders_four_buckets	5	30550328673	srv_fleet_arm64	wall
dag/test/claim/roadmap_frontier_witness_test.dag	witness_ready_matches_next_spawnable	7	30550328673	srv_fleet_arm64	wall
dag/test/claim/roadmap_frontier_witness_test.dag	witness_signed_node_is_done_and_unblocks_child	7	30550328673	srv_fleet_arm64	wall
dag/test/claim/roadmap_frontier_witness_test.dag	witness_signed_superseded_node_is_not_also_done	2	30550328673	srv_fleet_arm64	wall
dag/test/claim/roadmap_frontier_witness_test.dag	witness_superseded_bucket_holds_superseded_only	2	30550328673	srv_fleet_arm64	wall
dag/test/claim/roadmap_frontier_witness_test.dag	witness_unsized_excluded_from_frontier	2	30550328673	srv_fleet_arm64	wall
dag/test/claim/roadmap_frontier_witness_test.dag	witness_upcoming_is_blocked_sized_node	5	30550328673	srv_fleet_arm64	wall
dag/test/claim/roadmap_gate_test.dag	witness_asserted_signoff_without_handback_evidence_refuses	2	30550328673	srv_fleet_arm64	wall
dag/test/claim/roadmap_gate_test.dag	witness_asserted_signoff_without_red_control_evidence_refuses	1	30550328673	srv_fleet_arm64	wall
dag/test/claim/roadmap_gate_test.dag	witness_clean_not_drift	116	30550328673	srv_fleet_arm64	wall
dag/test/claim/roadmap_gate_test.dag	witness_merge_perturb_does_not_flip_box	2	30550328673	srv_fleet_arm64	wall
dag/test/claim/roadmap_identity_witness_test.dag	active_slugs_are_unique	36	30550328673	srv_fleet_arm64	wall
dag/test/claim/roadmap_identity_witness_test.dag	identities_are_unique_across_the_registry	2	30550328673	srv_fleet_arm64	wall
dag/test/claim/roadmap_identity_witness_test.dag	resolution_is_exactly_one_not_first_pick	37	30550328673	srv_fleet_arm64	wall
dag/test/claim/roadmap_page_witness_test.dag	witness_authority_differs_from_empty	651	30550328673	srv_fleet_arm64	wall
dag/test/claim/roadmap_page_witness_test.dag	witness_authority_leads_within_budget	33	30550328673	srv_fleet_arm64	wall
dag/test/claim/roadmap_page_witness_test.dag	witness_bold_title_renders_strong	6	30550328673	srv_fleet_arm64	wall
dag/test/claim/roadmap_page_witness_test.dag	witness_depth_cap_fails_honest	9	30550328673	srv_fleet_arm64	wall
dag/test/claim/roadmap_page_witness_test.dag	witness_dispatch_asset_reads_belt_b_status_contract	51	30550328673	srv_fleet_arm64	wall
dag/test/claim/roadmap_page_witness_test.dag	witness_merged_pr_is_review_evidence_not_acceptance	7	30550328673	srv_fleet_arm64	wall
dag/test/claim/roadmap_page_witness_test.dag	witness_overlong_lead_reds	5	30550328673	srv_fleet_arm64	wall
dag/test/claim/roadmap_page_witness_test.dag	witness_page_script_census_clean	1	30550328673	srv_fleet_arm64	wall
dag/test/claim/roadmap_page_witness_test.dag	witness_ready_node_doc_emits_button_and_external_script	1	30550328673	srv_fleet_arm64	wall
dag/test/claim/roadmap_page_witness_test.dag	witness_signed_off_node_doc_has_no_button	4	30550328673	srv_fleet_arm64	wall
dag/test/claim/roadmap_page_witness_test.dag	witness_superseded_node_marked_no_button	5	30550328673	srv_fleet_arm64	wall
dag/test/claim/roadmap_page_witness_test.dag	witness_ticket_brief_budget_holds_and_reds	3	30550328673	srv_fleet_arm64	wall
dag/test/claim/roadmap_page_witness_test.dag	witness_unsized_open_node_keeps_manual_dispatch	4	30550328673	srv_fleet_arm64	wall
dag/test/claim/roadmap_page_witness_test.dag	witness_upcoming_node_keeps_manual_out_of_order_dispatch	12	30550328673	srv_fleet_arm64	wall
dag/test/claim/roadmap_provider_events_witness_test.dag	codex_completed_is_terminal_only_from_provider_event	12	30550328673	srv_fleet_arm64	wall
dag/test/claim/roadmap_provider_events_witness_test.dag	codex_completed_state_is_terminal	1	30550328673	srv_fleet_arm64	wall
dag/test/claim/roadmap_provider_events_witness_test.dag	codex_error_is_not_absorbed_into_spawned	1	30550328673	srv_fleet_arm64	wall
dag/test/claim/roadmap_provider_events_witness_test.dag	codex_item_activity_ignores_a_quoted_type_in_the_payload	4	30550328673	srv_fleet_arm64	wall
dag/test/claim/roadmap_provider_events_witness_test.dag	codex_turn_failed_preserves_raw_provider_evidence	1	30550328673	srv_fleet_arm64	wall
dag/test/claim/roadmap_provider_events_witness_test.dag	nested_type_token_cannot_fabricate_terminal_success	1	30550328673	srv_fleet_arm64	wall
dag/test/claim/roadmap_provider_events_witness_test.dag	roadmap_provider_events_keystone_holds	2	30550328673	srv_fleet_arm64	wall
dag/test/claim/roadmap_register_witness_test.dag	witness_archetype_demand_matches_shipped_css	88	30550328673	srv_fleet_arm64	wall
dag/test/claim/roadmap_register_witness_test.dag	witness_header_carries_shared_mark	1	30550328673	srv_fleet_arm64	wall
dag/test/claim/roadmap_register_witness_test.dag	witness_local_hex_literal_refused	6	30550328673	srv_fleet_arm64	wall
dag/test/claim/roadmap_register_witness_test.dag	witness_local_px_literal_refused	2	30550328673	srv_fleet_arm64	wall
dag/test/claim/roadmap_register_witness_test.dag	witness_propagation_scoped_by_demand	5	30550328673	srv_fleet_arm64	wall
dag/test/claim/roadmap_register_witness_test.dag	witness_roadmap_colors_all_routed	1	30550328673	srv_fleet_arm64	wall
dag/test/claim/roadmap_register_witness_test.dag	witness_roadmap_lengths_all_tokened	1	30550328673	srv_fleet_arm64	wall
dag/test/claim/roadmap_register_witness_test.dag	witness_roadmap_theme_set_coherent	28	30550328673	srv_fleet_arm64	wall
dag/test/claim/roadmap_register_witness_test.dag	witness_upstream_edit_propagates_to_both_surfaces	5	30550328673	srv_fleet_arm64	wall
dag/test/claim/roadmap_row_witness_test.dag	roadmap_row_actuator_scale_derived_not_set	89	30550328673	srv_fleet_arm64	wall
dag/test/claim/roadmap_row_witness_test.dag	roadmap_row_page_carries_the_cells	447	30550328673	srv_fleet_arm64	wall
dag/test/claim/roadmap_sandbox_witness_test.dag	witness_auditioner_blocks_emitted_with_derived_inks	91	30550328673	srv_fleet_arm64	wall
dag/test/claim/roadmap_sandbox_witness_test.dag	witness_echo_answers_every_wire_arm	12	30550328673	srv_fleet_arm64	wall
dag/test/claim/roadmap_sandbox_witness_test.dag	witness_sandbox_carries_auditioner_control	71	30550328673	srv_fleet_arm64	wall
dag/test/claim/roadmap_serve_witness_test.dag	roadmap_serve_instance_keystone_holds	76	30550328673	srv_fleet_arm64	wall
dag/test/claim/roadmap_serve_witness_test.dag	witness_dispatch_get_folds_405	1	30550328673	srv_fleet_arm64	wall
dag/test/claim/roadmap_spawner_witness_test.dag	witness_accepted_node_excluded	1	30550328673	srv_fleet_arm64	wall
dag/test/claim/roadmap_spawner_witness_test.dag	witness_all_parents_gate_spawnability	3	30550328673	srv_fleet_arm64	wall
dag/test/claim/roadmap_spawner_witness_test.dag	witness_dispatch_json_partitions_ready_upcoming_done	5	30550328673	srv_fleet_arm64	wall
dag/test/claim/roadmap_spawner_witness_test.dag	witness_json_newline_escaping	2	30550328673	srv_fleet_arm64	wall
dag/test/claim/roadmap_spawner_witness_test.dag	witness_json_satisfied_dep_in_ready	2	30550328673	srv_fleet_arm64	wall
dag/test/claim/roadmap_spawner_witness_test.dag	witness_json_schema_field_present	1	30550328673	srv_fleet_arm64	wall
dag/test/claim/roadmap_spawner_witness_test.dag	witness_json_title_escaping	1	30550328673	srv_fleet_arm64	wall
dag/test/claim/roadmap_spawner_witness_test.dag	witness_rejected_signoff_remains_spawnable_for_rework	1	30550328673	srv_fleet_arm64	wall
dag/test/claim/roadmap_spawner_witness_test.dag	witness_satisfied_dep_is_spawnable	1	30550328673	srv_fleet_arm64	wall
dag/test/claim/roadmap_spawner_witness_test.dag	witness_superseded_control_open_parent_still_gates	1	30550328673	srv_fleet_arm64	wall
dag/test/claim/roadmap_spawner_witness_test.dag	witness_superseded_unblocks_child_and_never_dispatches	2	30550328673	srv_fleet_arm64	wall
dag/test/claim/roadmap_static_site_witness_test.dag	witness_artifact_digests_are_content_hashes	364	30550328673	srv_fleet_arm64	wall
dag/test/claim/roadmap_static_site_witness_test.dag	witness_healthz_route_json_ok	278	30550328673	srv_fleet_arm64	wall
dag/test/claim/roadmap_tactile_witness_test.dag	witness_accept_settles_from_a_held_position	90	30550328673	srv_fleet_arm64	wall
dag/test/claim/roadmap_tactile_witness_test.dag	witness_button_reports_dispatch_acceptance	40	30550328673	srv_fleet_arm64	wall
dag/test/claim/roadmap_tactile_witness_test.dag	witness_sound_toggle_label_is_painted_by_the_program_not_the_markup	444	30550328673	srv_fleet_arm64	wall
dag/test/claim/roadmap_workflow_progress_witness_test.dag	admitted_running_attempt_projects_ordered_evidence	9	30550328673	srv_fleet_arm64	wall
dag/test/claim/roadmap_workflow_progress_witness_test.dag	completed_event_and_nonzero_exit_refuse_contradiction	3	30550328673	srv_fleet_arm64	wall
dag/test/claim/roadmap_workflow_progress_witness_test.dag	completed_event_while_process_runs_is_not_complete	1	30550328673	srv_fleet_arm64	wall
dag/test/claim/roadmap_workflow_progress_witness_test.dag	completed_event_with_absent_process_refuses	1	30550328673	srv_fleet_arm64	wall
dag/test/claim/roadmap_workflow_progress_witness_test.dag	completed_event_with_unobserved_process_refuses	1	30550328673	srv_fleet_arm64	wall
dag/test/claim/roadmap_workflow_progress_witness_test.dag	failed_or_refused_stage_is_visible_without_decoding_border_style	41	30550328673	srv_fleet_arm64	wall
dag/test/claim/roadmap_workflow_progress_witness_test.dag	forged_admission_receipt_cannot_complete_environment	4	30550328673	srv_fleet_arm64	wall
dag/test/claim/roadmap_workflow_progress_witness_test.dag	legacy_attempt_refuses_unobserved_early_stages	2	30550328673	srv_fleet_arm64	wall
dag/test/claim/roadmap_workflow_progress_witness_test.dag	nonzero_exit_without_terminal_event_is_failed	1	30550328673	srv_fleet_arm64	wall
dag/test/claim/roadmap_workflow_progress_witness_test.dag	persisted_staging_failure_precedes_empty_event_stream	1	30550328673	srv_fleet_arm64	wall
dag/test/claim/roadmap_workflow_progress_witness_test.dag	provider_completion_cannot_fabricate_verification	1	30550328673	srv_fleet_arm64	wall
dag/test/claim/roadmap_workflow_progress_witness_test.dag	readable_but_invalid_admission_receipt_refuses_progress	1	30550328673	srv_fleet_arm64	wall
dag/test/claim/roadmap_workflow_progress_witness_test.dag	receipt_decode_separates_refusal_from_undecodable	5	30550328673	srv_fleet_arm64	wall
dag/test/claim/roadmap_workflow_progress_witness_test.dag	roadmap_workflow_progress_keystone_holds	12	30550328673	srv_fleet_arm64	wall
dag/test/claim/root4_measure_missing_generics_witness_test.dag	root4_measure_missing_generics_witness_holds	302	30550328673	srv_fleet_arm64	wall
dag/test/claim/runner_host_deploy_witness_test.dag	enrolled_host_still_admits	1	30550328673	srv_fleet_arm64	wall
dag/test/claim/runner_placement_witness_test.dag	witness_live_effective_runners_derives_declared_count	2	30550328673	srv_fleet_arm64	wall
dag/test/claim/runner_placement_witness_test.dag	witness_manifest_drift_red_receipt	7	30550328673	srv_fleet_arm64	wall
dag/test/claim/runner_placement_witness_test.dag	witness_manifest_json_entry_point_produces_json_format	3	30550328673	srv_fleet_arm64	wall
dag/test/claim/runner_placement_witness_test.dag	witness_real_manifest_fields_drive_both_formats	3	30550328673	srv_fleet_arm64	wall
dag/test/claim/rust_stage0_gates_witness_test.dag	rust_stage0_gates_witnesses	137	30550328673	srv_fleet_arm64	wall
dag/test/claim/scm_agentic_stress_witness_test.dag	w_agentic_at_one_million_users_is_a_seven_figure_bill_unpacked	1	30550328673	srv_fleet_arm64	wall
dag/test/claim/scm_agentic_stress_witness_test.dag	w_agentic_unpacked_bills_at_agentic_magnitudes	1	30550328673	srv_fleet_arm64	wall
dag/test/claim/scm_compatibility_git_witness_test.dag	witness_git_endpoint_does_not_claim_authored_operation	30	30550328673	srv_fleet_arm64	wall
dag/test/claim/scm_compatibility_git_witness_test.dag	witness_git_readback_identity_changes_with_observed_state	2	30550328673	srv_fleet_arm64	wall
dag/test/claim/scm_compatibility_mercurial_witness_test.dag	witness_mercurial_history_does_not_claim_authored_operation	12	30550328673	srv_fleet_arm64	wall
dag/test/claim/scm_compatibility_mercurial_witness_test.dag	witness_mercurial_readback_identity_changes_with_observed_state	2	30550328673	srv_fleet_arm64	wall
dag/test/claim/scm_compatibility_pijul_witness_test.dag	witness_pijul_missing_advance_refuses_required_capability	11	30550328673	srv_fleet_arm64	wall
dag/test/claim/scm_compatibility_pijul_witness_test.dag	witness_pijul_readback_identity_changes_with_observed_state	2	30550328673	srv_fleet_arm64	wall
dag/test/claim/scm_compatibility_shape_witness_test.dag	witness_one_c0_fixture_accepts_three_realization_receipts	55	30550328673	srv_fleet_arm64	wall
dag/test/claim/scm_issuer_corpus_witness_test.dag	w_atlassian_all_four_years_cross_foot	1	30550328673	srv_fleet_arm64	wall
dag/test/claim/scm_issuer_corpus_witness_test.dag	w_microsoft_all_four_years_cross_foot	1	30550328673	srv_fleet_arm64	wall
dag/test/claim/scm_provider_matrix_witness_test.dag	w_flat_rate_vendors_stay_exactly_linear	1	30550328673	srv_fleet_arm64	wall
dag/test/claim/scm_provider_matrix_witness_test.dag	w_matrix_100k_users	1	30550328673	srv_fleet_arm64	wall
dag/test/claim/scm_provider_matrix_witness_test.dag	w_matrix_10k_users	1	30550328673	srv_fleet_arm64	wall
dag/test/claim/self_host_03_normalize_behavioral_witness_test.dag	self_host_03_normalize_behavioral_receipt_holds	244944	30550328673	srv_fleet_arm64	wall
dag/test/claim/self_host_body_producer_behavioral_witness_test.dag	self_host_body_producer_behavioral_receipt_holds	307616	30550328673	srv_fleet_arm64	wall
dag/test/claim/self_host_discovery_enumeration_behavioral_witness_test.dag	self_host_discovery_enumeration_behavioral_receipt_holds	318158	30550328673	srv_fleet_arm64	wall
dag/test/claim/self_host_module_behavioral_transport_roster_test.dag	self_host_module_behavioral_transport_roster_module_paths_unique_holds	1	30550328673	srv_fleet_arm64	wall
dag/test/claim/self_host_module_behavioral_transport_roster_test.dag	self_host_module_behavioral_transport_roster_rows_are_frontier_members_holds	2	30550328673	srv_fleet_arm64	wall
dag/test/claim/self_host_parse_engine_hooks_behavioral_witness_test.dag	self_host_parse_engine_hooks_behavioral_receipt_holds	315881	30550328673	srv_fleet_arm64	wall
dag/test/claim/self_host_target_carriers_behavioral_witness_test.dag	self_host_target_carriers_behavioral_receipt_holds	324461	30550328673	srv_fleet_arm64	wall
dag/test/claim/self_host_use_site_verdict_behavioral_witness_test.dag	self_host_use_site_verdict_behavioral_receipt_holds	393940	30550328673	srv_fleet_arm64	wall
dag/test/claim/sessions_panel_witness_test.dag	attempts_refusal_withdraws_prior_rows	44	30550328673	srv_fleet_arm64	wall
dag/test/claim/sessions_panel_witness_test.dag	retained_dead_process_projects_clear_without_erasing_session	5	30550328673	srv_fleet_arm64	wall
dag/test/claim/sessions_panel_witness_test.dag	sessions_banner_is_styled_loud	88	30550328673	srv_fleet_arm64	wall
dag/test/claim/sessions_panel_witness_test.dag	sessions_observed_projects_to_wire	2	30550328673	srv_fleet_arm64	wall
dag/test/claim/sessions_panel_witness_test.dag	sessions_panel_keystone_holds	1	30550328673	srv_fleet_arm64	wall
dag/test/claim/shell_exec_run_argv_embed_witness_test.dag	witness_apply_script_requires_bash_receiver	138	30550328673	srv_fleet_arm64	wall
dag/test/claim/site_accent_study_witness_test.dag	witness_study_page_emits	16	30550328673	srv_fleet_arm64	wall
dag/test/claim/site_register_witness_test.dag	site_register_keystone_holds	103	30550328673	srv_fleet_arm64	wall
dag/test/claim/source_integration_landing_spine_witness_test.dag	witness_p0_admission_and_transition_flow_forward	2	30550328673	srv_fleet_arm64	wall
dag/test/claim/source_integration_landing_spine_witness_test.dag	witness_p0_block_disposition_is_not_boolean_laundered	1	30550328673	srv_fleet_arm64	wall
dag/test/claim/source_integration_landing_spine_witness_test.dag	witness_p0_closed_many_owns_material_alternatives	1	30550328673	srv_fleet_arm64	wall
dag/test/claim/source_integration_landing_spine_witness_test.dag	witness_p0_cross_paired_projection_refuses	31	30550328673	srv_fleet_arm64	wall
dag/test/claim/source_integration_landing_spine_witness_test.dag	witness_p0_forged_readiness_without_evidence_admission_blocks	1	30550328673	srv_fleet_arm64	wall
dag/test/claim/srv3_boot_once_cd_witness_test.dag	boot_cd_once_body_wires_correctly	1	30550328673	srv_fleet_arm64	wall
dag/test/claim/srv3_install_media_fetch_witness_test.dag	install_media_fetch_absent_plans_mirror_order	1	30550328673	srv_fleet_arm64	wall
dag/test/claim/srv3_install_media_fetch_witness_test.dag	srv3_install_media_fetch_scope_facts	2	30550328673	srv_fleet_arm64	wall
dag/test/claim/srv3_install_server_emit_test.dag	srv3_dnsmasq_arch_code_is_rfc4578_grounded	1	30550328673	srv_fleet_arm64	wall
dag/test/claim/srv3_network_identity_subsumption_witness_test.dag	network_identity_subsumption_discriminates_static_vs_dynamic	3	30550328673	srv_fleet_arm64	wall
dag/test/claim/srv3_os_install_actuate_scope_witness_test.dag	srv3_actuator_prep_binds_seeded_delivery_and_iso_path	6	30550328673	srv_fleet_arm64	wall
dag/test/claim/srv3_os_install_actuate_witness_test.dag	nbd_proxy_serve_session_token_is_literal_in_websocat_argv	8	30550328673	srv_fleet_arm64	wall
dag/test/claim/srv3_os_install_actuate_workflow_witness_test.dag	srv3_os_install_actuate_workflow_orders_approval_before_boot	1	30550328673	srv_fleet_arm64	wall
dag/test/claim/srv3_os_install_diagnostic_witness_test.dag	autoinstall_running_fixture	9	30550328673	srv_fleet_arm64	wall
dag/test/claim/srv3_os_install_diagnostic_witness_test.dag	boot_override_consumed_without_install_evidence	1	30550328673	srv_fleet_arm64	wall
dag/test/claim/srv3_os_install_diagnostic_witness_test.dag	kvm_frozen_alone_does_not_dominate_router_success	6	30550328673	srv_fleet_arm64	wall
dag/test/claim/srv3_os_install_emit_test.dag	srv3_user_data_bakes_fleet_keys_and_disables_password_ssh	3	30550328673	srv_fleet_arm64	wall
dag/test/claim/srv3_runner_memory_cap_plan_verify_witness_test.dag	witness_converge_cli_verify_output_projects_receipt	9	30550328673	srv_fleet_arm64	wall
dag/test/claim/srv3_runner_memory_cap_plan_verify_witness_test.dag	witness_plan_emit_claims_nothing_on_face	3	30550328673	srv_fleet_arm64	wall
dag/test/claim/srv3_runner_memory_converge_witness_test.dag	witness_provision_apply_interprets_per_slot_memory_cap	14	30550328673	srv_fleet_arm64	wall
dag/test/claim/srv3_seeded_install_media_witness_test.dag	srv3_seeded_autoinstall_user_data_is_cloud_config	5	30550328673	srv_fleet_arm64	wall
dag/test/claim/srv3_seeded_install_media_witness_test.dag	srv3_seeded_install_media_content_hash_is_derived	1	30550328673	srv_fleet_arm64	wall
dag/test/claim/srv3_seeded_install_media_witness_test.dag	srv3_seeded_install_media_path_and_delivery	3	30550328673	srv_fleet_arm64	wall
dag/test/claim/srv3_subsumption_witness_test.dag	comment_only_drift_is_reupsert_not_remove_add	1	30550328673	srv_fleet_arm64	wall
dag/test/claim/srv3_subsumption_witness_test.dag	direct_access_covers_every_modeled_fleet_host	1	30550328673	srv_fleet_arm64	wall
dag/test/claim/srv3_subsumption_witness_test.dag	reach_access_host_is_the_target_host	2	30550328673	srv_fleet_arm64	wall
dag/test/claim/srv3_subsumption_witness_test.dag	reconcile_would_teardown_only_if_ownership_claimed_it	1	30550328673	srv_fleet_arm64	wall
dag/test/claim/ssh_transport_witness_test.dag	witness_apply_script_stays_under_argv_embed_budget	153	30550328673	srv_fleet_arm64	wall
dag/test/claim/stage0_crate_layout_witness_test.dag	w_generated_stage0_filenames_match_frontier	2	30550328673	srv_fleet_arm64	wall
dag/test/claim/stage0_rust_source_lifecycle_scaffold_witness_test.dag	scaffold_classified_residue_disjoint_holds	35	30550328673	srv_fleet_arm64	wall
dag/test/claim/stage0_rust_source_lifecycle_scaffold_witness_test.dag	scaffold_duplicate_exact_paths_zero_holds	36	30550328673	srv_fleet_arm64	wall
dag/test/claim/stage0_rust_source_lifecycle_scaffold_witness_test.dag	scaffold_file_grain_avoids_discovery_prefix_holds	8	30550328673	srv_fleet_arm64	wall
dag/test/claim/stage0_rust_source_lifecycle_scaffold_witness_test.dag	scaffold_generated_authority_bidirectional_holds	39	30550328673	srv_fleet_arm64	wall
dag/test/claim/stage0_rust_source_lifecycle_scaffold_witness_test.dag	scaffold_join_mechanical_checks_holds	8	30550328673	srv_fleet_arm64	wall
dag/test/claim/stage0_rust_source_lifecycle_scaffold_witness_test.dag	scaffold_observed_cargo_path_untracked_reds	4	30550328673	srv_fleet_arm64	wall
dag/test/claim/stage0_rust_source_lifecycle_scaffold_witness_test.dag	scaffold_observed_derives_unclassified_from_path_evidence_red_control	133	30550328673	srv_fleet_arm64	wall
dag/test/claim/stage0_rust_source_lifecycle_scaffold_witness_test.dag	scaffold_observed_duplicate_tracked_paths_reds	81	30550328673	srv_fleet_arm64	wall
dag/test/claim/stage0_rust_source_lifecycle_scaffold_witness_test.dag	scaffold_observed_honest_minimal_observation_ok	2	30550328673	srv_fleet_arm64	wall
dag/test/claim/stage0_rust_source_lifecycle_scaffold_witness_test.dag	scaffold_observed_ratchet_red_control_hand_maintained_growth_reds	79	30550328673	srv_fleet_arm64	wall
dag/test/claim/stage0_rust_source_lifecycle_scaffold_witness_test.dag	scaffold_observed_ratchet_red_control_newly_unclassified_reds	4	30550328673	srv_fleet_arm64	wall
dag/test/claim/state_response_totality_witness_test.dag	state_response_census_reds_on_cross_family_press	24	30550328673	srv_fleet_arm64	wall
dag/test/claim/state_response_totality_witness_test.dag	state_response_census_reds_on_dropped_member	2	30550328673	srv_fleet_arm64	wall
dag/test/claim/state_response_totality_witness_test.dag	state_response_family_census_clean_on_live_emission	73	30550328673	srv_fleet_arm64	wall
dag/test/claim/tailscale_acl_witness_test.dag	tailscale_acl_witnesses	23	30550328673	srv_fleet_arm64	wall
dag/test/claim/temporal_effect_spine_witness_test.dag	absent_lease_plans_apply_when_no_prior_receipt	1	30550328673	srv_fleet_arm64	wall
dag/test/claim/terminal_wire_projection_witness_test.dag	w_line_feed_refused_only_where_the_line_stays_open	1	30550328673	srv_fleet_arm64	wall
dag/test/claim/terminal_wire_projection_witness_test.dag	w_multiline_diagnostic_is_admitted_on_a_closing_write	1	30550328673	srv_fleet_arm64	wall
dag/test/claim/terminal_wire_projection_witness_test.dag	w_rendered_text_cannot_smuggle_cursor_control_bytes	26	30550328673	srv_fleet_arm64	wall
dag/test/claim/transport_script_wall_compile_red_test.dag	wall_control_clean_shell_service_compiles	2	30550328673	srv_fleet_arm64	wall
dag/test/claim/transport_script_wall_compile_red_test.dag	wall_red_deleted_free_minter_refuses	402	30550328673	srv_fleet_arm64	wall
dag/test/claim/transport_script_wall_compile_red_test.dag	wall_red_string_join_into_retained_record_refuses	422	30550328673	srv_fleet_arm64	wall
dag/test/claim/typed_argv_exec_realization_witness_test.dag	witness_read_principal_host_effect_apply_typed_argv_holds	1	30550328673	srv_fleet_arm64	wall
dag/test/claim/typed_argv_exec_realization_witness_test.dag	witness_ssh_argv_exec_clean_token_holds	1	30550328673	srv_fleet_arm64	wall
dag/test/claim/typed_argv_exec_realization_witness_test.dag	witness_ssh_sudo_probe_argv_shape_matches_local_authority	1	30550328673	srv_fleet_arm64	wall
dag/test/claim/typed_argv_exec_realization_witness_test.dag	witness_sudo_grant_list_exact_nopasswd_row_accepts	2	30550328673	srv_fleet_arm64	wall
dag/test/claim/typed_argv_exec_realization_witness_test.dag	witness_sudo_grant_list_other_nopasswd_does_not_admit_target	1	30550328673	srv_fleet_arm64	wall
dag/test/claim/typed_argv_exec_realization_witness_test.dag	witness_sudo_grant_list_password_only_refuses	1	30550328673	srv_fleet_arm64	wall
dag/test/claim/typed_argv_exec_realization_witness_test.dag	witness_sudo_grant_list_prefix_collision_refuses	1	30550328673	srv_fleet_arm64	wall
dag/test/claim/typed_argv_exec_realization_witness_test.dag	witness_sudo_nopasswd_grant_list_probe_typed_argv_holds	1	30550328673	srv_fleet_arm64	wall
dag/test/claim/typed_argv_exec_realization_witness_test.dag	witness_tailscale_grant_list_host_effect_apply_typed_argv_holds	2	30550328673	srv_fleet_arm64	wall
dag/test/claim/v1_source_audit_witness_test.dag	canonical_accessors_exist_in_core	4	30550328673	srv_fleet_arm64	wall
dag/test/claim/v1_source_audit_witness_test.dag	compile_gate_keeps_infer_errors_blocking_in_stage0	1	30550328673	srv_fleet_arm64	wall
dag/test/claim/v1_source_audit_witness_test.dag	complexity_source_and_stage0_stay_in_parity_on_classifier_hooks	13	30550328673	srv_fleet_arm64	wall
dag/test/claim/v1_source_audit_witness_test.dag	emit_deletes_intrinsic_string_classifier_and_lambda_scope_fallback	1	30550328673	srv_fleet_arm64	wall
dag/test/claim/v1_source_audit_witness_test.dag	emit_has_tco_support	5	30550328673	srv_fleet_arm64	wall
dag/test/claim/v1_source_audit_witness_test.dag	final_cleanup_removes_parser_and_cli_fabrication_fallbacks	2	30550328673	srv_fleet_arm64	wall
dag/test/claim/v1_source_audit_witness_test.dag	no_self_fallback_in_consumer_files	5	30550328673	srv_fleet_arm64	wall
dag/test/claim/v1_source_audit_witness_test.dag	parser_progress_witness_hooks_live_in_parse_layer	4	30550328673	srv_fleet_arm64	wall
dag/test/claim/v1_source_audit_witness_test.dag	recursive_variant_witnesses_are_structural	1	30550328673	srv_fleet_arm64	wall
dag/test/claim/v1_source_audit_witness_test.dag	testgen_emits_valid_rust	4	30550328673	srv_fleet_arm64	wall
dag/test/claim/v1_source_audit_witness_test.dag	testgen_service_mock_source_gate	1	30550328673	srv_fleet_arm64	wall
dag/test/claim/v1_source_audit_witness_test.dag	typecheck_gates_inference_on_env_errors_and_resolves_expr_types	1	30550328673	srv_fleet_arm64	wall
dag/test/claim/wcag_contrast_witness_test.dag	witness_extremes_exact	1	30550328673	srv_fleet_arm64	wall
dag/test/claim/wcag_contrast_witness_test.dag	witness_live_themes_clear_hardened_law	34	30550328673	srv_fleet_arm64	wall
dag/test/claim/witness_row_cost_projection_witness_test.dag	witness_row_cost_projection_holds	12	30550328673	srv_fleet_arm64	wall
dag/test/claim/workflow_reconcile_witness_test.dag	deep_failure_blocks_green_parent_and_siblings	2	30550328673	srv_fleet_arm64	wall
dag/test/claim/workflow_reconcile_witness_test.dag	green_children_do_not_complete_pending_parent	1	30550328673	srv_fleet_arm64	wall
dag/test/claim/workflow_reconcile_witness_test.dag	missing_nested_child_derives_one_reconcile_action	1	30550328673	srv_fleet_arm64	wall
dag/test/claim/workflow_reconcile_witness_test.dag	reparented_child_is_one_modified_upsert	1	30550328673	srv_fleet_arm64	wall
dag/test/claim/workflow_recursive_witness_test.dag	workflow_recursive_witnesses	2	30550328673	srv_fleet_arm64	wall
dag/test/claim/yaml_ingest_witness_test.dag	witness_block_literal_round_trips	1	30550328673	srv_fleet_arm64	wall
dag/test/claim/yaml_ingest_witness_test.dag	witness_nested_sequence_of_mappings_round_trips	2	30550328673	srv_fleet_arm64	wall
dag/test/claim/yaml_ingest_witness_test.dag	witness_real_ci_yml_parses	904	30550328673	srv_fleet_arm64	wall
dag/test/claim/yaml_quoting_witness_test.dag	witness_reserved_word_is_quoted	1	30550328673	srv_fleet_arm64	wall
src/v2/extdeps/runtimes/effect_io_handler_claims_test.dag	effect_io_host_read_fail_closed_holds	1	30550328673	srv_fleet_arm64	wall
src/v2/extdeps/runtimes/effect_io_host_mode_test.dag	effect_io_host_hermetic_miss_fail_closed_holds	2	30550328673	srv_fleet_arm64	wall
src/v2/lens/affected_set/edit_locus_resolver_test.dag	edit_locus_affected_set_wire_holds	1	30550328673	srv_fleet_arm64	wall
src/v2/lens/affected_set/sg_claims_test.dag	lens_affected_set_changed_edit_yields_changed_subgraph_holds	1	30550328673	srv_fleet_arm64	wall
src/v2/lens/affected_set/sg_claims_test.dag	lens_affected_set_closure_deep_chain_holds	4	30550328673	srv_fleet_arm64	wall
src/v2/lens/affected_set/sg_claims_test.dag	lens_affected_set_provenance_producer_selectivity_superset_discriminates_holds	2	30550328673	srv_fleet_arm64	wall
src/v2/lens/application/serialize_applied_diff_swap_operands_test.dag	serialize_applied_diff_loop_body_holds	62	30550328673	srv_fleet_arm64	wall
src/v2/lens/application/sg_claims_test.dag	lens_application_synthesis_gap_enforce_rejection_holds	2	30550328673	srv_fleet_arm64	wall
src/v2/lens/complexity/map_id_test.dag	map_id_complexity_projection_holds	1	30550328673	srv_fleet_arm64	wall
src/v2/lens/complexity/nested_test.dag	nested_complexity_projection_holds	1	30550328673	srv_fleet_arm64	wall
src/v2/lens/complexity_accumulator_copy_test.dag	computed_copied_port_refuses	3	30550328673	srv_fleet_arm64	wall
src/v2/lens/cost/copied_port_derivation_test.dag	derived_list_append_copied_port_index_is_zero	1	30550328673	srv_fleet_arm64	wall
src/v2/lens/cost/copied_port_derivation_test.dag	multi_linear_ambiguous_derivation_refuses_red_control	1	30550328673	srv_fleet_arm64	wall
src/v2/lens/cost/loop_iteration_floor_test.dag	loop_iteration_floor_projects_linear	1	30550328673	srv_fleet_arm64	wall
src/v2/lens/doc_reachability_test.dag	doc_graph_has_no_orphan_docs	54	30550328673	srv_fleet_arm64	wall
src/v2/lens/idempotency/sg_claims_test.dag	lens_idempotency_write_effect_holds	1	30550328673	srv_fleet_arm64	wall
src/v2/lens/identity_captured_navigation_test.dag	green_control_sanctioned_single_reduction_not_flagged	6	30550328673	srv_fleet_arm64	wall
src/v2/lens/identity_captured_navigation_test.dag	red_control_bare_identity_mention_is_flagged_suspect	2	30550328673	srv_fleet_arm64	wall
src/v2/lens/identity_captured_navigation_test.dag	unrelated_scrutinee_name_not_flagged	1	30550328673	srv_fleet_arm64	wall
src/v2/lens/inert_carrier_test.dag	inert_carrier_no_unrostered_or_stale	540	30550328673	srv_fleet_arm64	wall
src/v2/lens/mandatory_tag/corpus_scan_witness_test.dag	corpus_live_clean_tree_wall_holds	1134	30550328673	srv_fleet_arm64	wall
src/v2/lens/registry/completeness_test.dag	lens_registry_completeness_holds_live	937	30550328673	srv_fleet_arm64	wall
src/v2/lens/registry/sg_claims_test.dag	lens_registry_required_ids_resolve_holds	88	30550328673	srv_fleet_arm64	wall
src/v2/lens/structural_resolution/binds_to_resolved_test.dag	binds_to_resolved_claim_holds	1	30550328673	srv_fleet_arm64	wall
src/v2/lens/testgen/generator_provenance_test.dag	lens_testgen_scheduled_generators_carry_provenance_holds	454	30550328673	srv_fleet_arm64	wall
src/v2/lens/testgen/shadow_ci_receipt_test.dag	lens_testgen_shadow_ci_run_receipt_holds	475	30550328673	srv_fleet_arm64	wall
src/v2/lens/unit_modeling/modeled_unit_field_admitted_via_always_required_lenses_test.dag	modeled_unit_field_admitted_via_always_required_lenses_holds	1	30550328673	srv_fleet_arm64	wall
src/v2/lens/unit_modeling/unit_modeling_blocked_via_always_required_lenses_test.dag	unit_modeling_blocked_via_always_required_lenses_holds	1	30550328673	srv_fleet_arm64	wall
src/v2/lens/vacuity_test.dag	vacuity_advisory_census_partitions_falsification_suite	93	30550328673	srv_fleet_arm64	wall
src/v2/lens/vacuity_test.dag	vacuity_rung5_emit_vs_eval_classifies_proven_independent	1	30550328673	srv_fleet_arm64	wall
src/v2/lens/vacuity_test.dag	vacuity_unified_node_corpus_matches_transport_classifier	1	30550328673	srv_fleet_arm64	wall
src/v2/lens/wiring_liveness_corpus_test.dag	wiring_liveness_corpus_witnesses	1182	30550328673	srv_fleet_arm64	wall
src/v2/lens/wiring_liveness_preflight_test.dag	preflight_dead_wire_failcloses	1	30550328673	srv_fleet_arm64	wall
src/v2/lens/wiring_liveness_test.dag	wiring_liveness_dead_input_is_unwired	1	30550328673	srv_fleet_arm64	wall
src/v2/lens/wiring_liveness_test.dag	wiring_liveness_real_reflected_type_field_reachable	3	30550328673	srv_fleet_arm64	wall
src/v2/std/grounding/runtime_value_node_projection_test.dag	runtime_value_node_projection_honest_partial_holds	1	30550328673	srv_fleet_arm64	wall
src/v2/test/claim/affected_set_universe_test.dag	affected_set_universe_gate_processes_match_declared_gates	5	30550328673	srv_fleet_arm64	wall
src/v2/test/claim/affected_set_universe_test.dag	affected_set_universe_includes_meta_self	7	30550328673	srv_fleet_arm64	wall
src/v2/test/claim/affected_set_universe_test.dag	affected_set_universe_incomplete_fails_closed	6	30550328673	srv_fleet_arm64	wall
src/v2/test/claim/affected_set_witness_a_prove_test.dag	witness_a_dag_closure_fires_on_mid_path_holds	2	30550328673	srv_fleet_arm64	wall
src/v2/test/claim/bash_build_round_trip_test.dag	bash_build_round_trip_and_then_holds	92	30550328673	srv_fleet_arm64	wall
src/v2/test/claim/bash_build_round_trip_test.dag	bash_build_round_trip_assign_foo_bar_holds	18	30550328673	srv_fleet_arm64	wall
src/v2/test/claim/bash_build_round_trip_test.dag	bash_build_round_trip_command_tier_holds	22	30550328673	srv_fleet_arm64	wall
src/v2/test/claim/bash_build_round_trip_test.dag	bash_build_round_trip_exit_42_holds	11	30550328673	srv_fleet_arm64	wall
src/v2/test/claim/bash_build_round_trip_test.dag	bash_build_round_trip_pipe_holds	33	30550328673	srv_fleet_arm64	wall
src/v2/test/claim/bash_command_fold_test.dag	bash_fold_and_then_true_false_holds	99	30550328673	srv_fleet_arm64	wall
src/v2/test/claim/bash_command_fold_test.dag	bash_fold_and_then_wrong_production_rejects_oracle_holds	1	30550328673	srv_fleet_arm64	wall
src/v2/test/claim/bash_command_fold_test.dag	bash_fold_assign_lit_foo_bar_holds	19	30550328673	srv_fleet_arm64	wall
src/v2/test/claim/bash_command_fold_test.dag	bash_fold_assign_lit_quote_escape_holds	9	30550328673	srv_fleet_arm64	wall
src/v2/test/claim/bash_command_fold_test.dag	bash_fold_assign_var_x_home_holds	10	30550328673	srv_fleet_arm64	wall
src/v2/test/claim/bash_command_fold_test.dag	bash_fold_assign_wrong_production_rejects_oracle_holds	14	30550328673	srv_fleet_arm64	wall
src/v2/test/claim/bash_command_fold_test.dag	bash_fold_command_arbitrary_grep_triple_holds	27	30550328673	srv_fleet_arm64	wall
src/v2/test/claim/bash_command_fold_test.dag	bash_fold_command_arbitrary_lit_quote_escape_holds	11	30550328673	srv_fleet_arm64	wall
src/v2/test/claim/bash_command_fold_test.dag	bash_fold_command_arbitrary_var_home_holds	12	30550328673	srv_fleet_arm64	wall
src/v2/test/claim/bash_command_fold_test.dag	bash_fold_command_multi_lit_echo_hi_holds	20	30550328673	srv_fleet_arm64	wall
src/v2/test/claim/bash_command_fold_test.dag	bash_fold_command_var_ref_x_holds	13	30550328673	srv_fleet_arm64	wall
src/v2/test/claim/bash_command_fold_test.dag	bash_fold_env_prefixed_wrong_spellings_rejects_oracle_holds	3	30550328673	srv_fleet_arm64	wall
src/v2/test/claim/bash_command_fold_test.dag	bash_fold_exit_code_0_holds	6	30550328673	srv_fleet_arm64	wall
src/v2/test/claim/bash_command_fold_test.dag	bash_fold_exit_wrong_production_rejects_oracle_holds	10	30550328673	srv_fleet_arm64	wall
src/v2/test/claim/bash_command_fold_test.dag	bash_fold_heredoc_wrong_spellings_rejects_oracle_holds	3	30550328673	srv_fleet_arm64	wall
src/v2/test/claim/bash_command_fold_test.dag	bash_fold_if_multi_then_holds	17	30550328673	srv_fleet_arm64	wall
src/v2/test/claim/bash_command_fold_test.dag	bash_fold_if_then_pipe_soundness_holds	30	30550328673	srv_fleet_arm64	wall
src/v2/test/claim/bash_command_fold_test.dag	bash_fold_if_true_then_echo_holds	1	30550328673	srv_fleet_arm64	wall
src/v2/test/claim/bash_command_fold_test.dag	bash_fold_if_wrong_production_rejects_oracle_holds	1	30550328673	srv_fleet_arm64	wall
src/v2/test/claim/bash_command_fold_test.dag	bash_fold_negation_subshell_false_holds	15	30550328673	srv_fleet_arm64	wall
src/v2/test/claim/bash_command_fold_test.dag	bash_fold_or_else_true_false_holds	1	30550328673	srv_fleet_arm64	wall
src/v2/test/claim/bash_command_fold_test.dag	bash_fold_pipe_and_then_left_holds	1	30550328673	srv_fleet_arm64	wall
src/v2/test/claim/bash_command_fold_test.dag	bash_fold_pipe_three_stage_holds	28	30550328673	srv_fleet_arm64	wall
src/v2/test/claim/bash_command_fold_test.dag	bash_fold_pipe_wrong_production_rejects_oracle_holds	1	30550328673	srv_fleet_arm64	wall
src/v2/test/claim/bash_command_fold_test.dag	bash_fold_raw_line_cmdsubst_holds	5	30550328673	srv_fleet_arm64	wall
src/v2/test/claim/bash_command_fold_test.dag	bash_fold_raw_line_mktemp_holds	1	30550328673	srv_fleet_arm64	wall
src/v2/test/claim/bash_command_fold_test.dag	bash_fold_raw_line_orch_emit_holds	1	30550328673	srv_fleet_arm64	wall
src/v2/test/claim/bash_command_fold_test.dag	bash_fold_raw_line_paren_holds	1	30550328673	srv_fleet_arm64	wall
src/v2/test/claim/bash_command_fold_test.dag	bash_fold_subshell_multi_stmt_holds	1	30550328673	srv_fleet_arm64	wall
src/v2/test/claim/bash_command_fold_test.dag	bash_fold_subshell_nested_and_then_holds	1	30550328673	srv_fleet_arm64	wall
src/v2/test/claim/bash_command_fold_test.dag	bash_fold_subshell_true_holds	1	30550328673	srv_fleet_arm64	wall
src/v2/test/claim/bash_command_fold_test.dag	bash_fold_subshell_wrong_production_rejects_oracle_holds	1	30550328673	srv_fleet_arm64	wall
src/v2/test/claim/bash_command_fold_test.dag	bash_fold_with_redir_pipe_soundness_holds	9	30550328673	srv_fleet_arm64	wall
src/v2/test/claim/bash_command_fold_test.dag	bash_fold_with_redir_redir_to_file_var_holds	9	30550328673	srv_fleet_arm64	wall
src/v2/test/claim/bash_command_fold_test.dag	bash_fold_with_redir_stderr_null_holds	1	30550328673	srv_fleet_arm64	wall
src/v2/test/claim/bash_command_fold_test.dag	bash_fold_with_redir_stdout_and_stderr_null_holds	1	30550328673	srv_fleet_arm64	wall
src/v2/test/claim/bash_command_fold_test.dag	bash_fold_with_redir_stdout_to_stderr_holds	1	30550328673	srv_fleet_arm64	wall
src/v2/test/claim/bash_command_fold_test.dag	bash_fold_wrong_production_rejects_oracle_holds	7	30550328673	srv_fleet_arm64	wall
src/v2/test/claim/bash_program_fold_test.dag	bash_program_andor_exit_matches_golden_holds	92	30550328673	srv_fleet_arm64	wall
src/v2/test/claim/bash_program_fold_test.dag	bash_program_assign_root_matches_golden_holds	70	30550328673	srv_fleet_arm64	wall
src/v2/test/claim/bash_program_fold_test.dag	bash_program_exit_in_if_body_matches_golden_holds	33	30550328673	srv_fleet_arm64	wall
src/v2/test/claim/bash_program_fold_test.dag	bash_program_exit_in_subshell_tail_matches_golden_holds	8	30550328673	srv_fleet_arm64	wall
src/v2/test/claim/bash_program_fold_test.dag	bash_program_metachars_quoted_matches_golden_holds	13	30550328673	srv_fleet_arm64	wall
src/v2/test/claim/bash_program_fold_test.dag	bash_program_mktemp_rm_matches_golden_holds	54	30550328673	srv_fleet_arm64	wall
src/v2/test/claim/bash_program_fold_test.dag	bash_program_serialize_cmdsubst_matches_golden_holds	2	30550328673	srv_fleet_arm64	wall
src/v2/test/claim/bash_program_fold_test.dag	bash_program_serialize_concat_matches_golden_holds	25	30550328673	srv_fleet_arm64	wall
src/v2/test/claim/bash_program_fold_test.dag	bash_program_serialize_matches_golden_holds	9	30550328673	srv_fleet_arm64	wall
src/v2/test/claim/bash_program_fold_test.dag	bash_program_serialize_redir_matches_golden_holds	10	30550328673	srv_fleet_arm64	wall
src/v2/test/claim/bash_program_fold_test.dag	bash_program_varref_vs_lit_quoting_matches_golden_holds	17	30550328673	srv_fleet_arm64	wall
src/v2/test/claim/build_artifact_verification_witness_test.dag	witness_existence_check_no_mtime	184	30550328673	srv_fleet_arm64	wall
src/v2/test/claim/build_artifact_verification_witness_test.dag	witness_serialized_conjuncts_and_teeth	51	30550328673	srv_fleet_arm64	wall
src/v2/test/claim/build_transport_admission_witness_test.dag	build_transport_admits_dotdot_substring	1	30550328673	srv_fleet_arm64	wall
src/v2/test/claim/c_compilation_unit_witness_test.dag	witness_partition_fold_compat_wrapper_not_receipt_path	6	30550328673	srv_fleet_arm64	wall
src/v2/test/claim/c_compilation_unit_witness_test.dag	witness_r4_accepts_link_cyclic_unit_graph	4	30550328673	srv_fleet_arm64	wall
src/v2/test/claim/c_compilation_unit_witness_test.dag	witness_r4_accepts_module_scc_split_across_units	1	30550328673	srv_fleet_arm64	wall
src/v2/test/claim/c_compilation_unit_witness_test.dag	witness_r4_accepts_pointer_type_cycle_across_units	1	30550328673	srv_fleet_arm64	wall
src/v2/test/claim/c_compilation_unit_witness_test.dag	witness_r4_refuses_by_value_type_cycle_across_units	1	30550328673	srv_fleet_arm64	wall
src/v2/test/claim/ci_floor_plan_witness_test.dag	ci_corpus_discovery_flip_witnesses	27	30550328673	srv_fleet_arm64	wall
src/v2/test/claim/ci_floor_plan_witness_test.dag	ci_floor_plan_witnesses	15	30550328673	srv_fleet_arm64	wall
src/v2/test/claim/ci_floor_plan_witness_test.dag	witness_optin_emit_host_co_runs_corpus_without_serialization	3	30550328673	srv_fleet_arm64	wall
src/v2/test/claim/ci_floor_plan_witness_test.dag	witness_optin_emit_host_isolated_from_corpus	4	30550328673	srv_fleet_arm64	wall
src/v2/test/claim/ci_floor_plan_witness_test.dag	witness_optin_plan_serializes_heavy_resolves	6	30550328673	srv_fleet_arm64	wall
src/v2/test/claim/ci_floor_plan_witness_test.dag	witness_optin_roster_drives_corpus_presence	3	30550328673	srv_fleet_arm64	wall
src/v2/test/claim/ci_floor_plan_witness_test.dag	witness_optin_source_ingest_serialized_after_corpus	9	30550328673	srv_fleet_arm64	wall
src/v2/test/claim/ci_placement_witness_test.dag	ci_placement_shadow_report_spans_all_58_rows_holds	2	30550328673	srv_fleet_arm64	wall
src/v2/test/claim/ci_placement_witness_test.dag	ci_placement_shadow_row_missing_incomplete_ambiguous_holds	1	30550328673	srv_fleet_arm64	wall
src/v2/test/claim/ci_placement_witness_test.dag	ci_placement_shadow_row_qualifies_multi_and_entrywide_rows_holds	1	30550328673	srv_fleet_arm64	wall
src/v2/test/claim/ci_spec_witness_test.dag	witness_collapsed_run_script_is_build_plus_floor	115	30550328673	srv_fleet_arm64	wall
src/v2/test/claim/ci_spec_witness_test.dag	witness_documentation_only_disposition_transport_retired	243	30550328673	srv_fleet_arm64	wall
src/v2/test/claim/ci_spec_witness_test.dag	witness_gate_roster_matches_coproduct_arms	50	30550328673	srv_fleet_arm64	wall
src/v2/test/claim/compilation_unit_witness_test.dag	witness_fold_deps_match_boundary_edges_single_unit	3	30550328673	srv_fleet_arm64	wall
src/v2/test/claim/compilation_unit_witness_test.dag	witness_fold_deps_match_boundary_edges_two_unit	4	30550328673	srv_fleet_arm64	wall
src/v2/test/claim/compiler/compile_eval_thesis_proof_test.dag	compile_eval_bool_reaches_node_value_holds	2	30550328673	srv_fleet_arm64	wall
src/v2/test/claim/compiler/compile_eval_thesis_proof_test.dag	compile_eval_bool_via_compile_entry_holds	1	30550328673	srv_fleet_arm64	wall
src/v2/test/claim/compiler_materialization_witness_test.dag	parse_table_memo_plural_reds_without_provider	1	30550328673	srv_fleet_arm64	wall
src/v2/test/claim/complexity_gate/budget_roster_completeness_test.dag	complexity_budget_roster_family_gate_holds	5	30550328673	srv_fleet_arm64	wall
src/v2/test/claim/complexity_gate/source_bridged_add_budget_test.dag	table_fixture_add_budget_claim_holds	1	30550328673	srv_fleet_arm64	wall
src/v2/test/claim/complexity_gate/source_bridged_bind_budget_test.dag	table_fixture_bind_budget_claim_holds	1	30550328673	srv_fleet_arm64	wall
src/v2/test/claim/complexity_gate/source_bridged_branch_budget_test.dag	table_fixture_branch_budget_claim_holds	2	30550328673	srv_fleet_arm64	wall
src/v2/test/claim/complexity_gate/source_bridged_loop_budget_test.dag	table_fixture_loop_budget_claim_holds	2	30550328673	srv_fleet_arm64	wall
src/v2/test/claim/concept_index_enumeration/concept_index_enumeration_test.dag	witness_absent_concept_is_false	63	30550328673	srv_fleet_arm64	wall
src/v2/test/claim/duplicate_computation/duplicate_computation_test.dag	typed_argv_compile_pair_declared_oracle_is_admissible	1	30550328673	srv_fleet_arm64	wall
src/v2/test/claim/duplicate_computation/duplicate_computation_test.dag	typed_argv_guarded_build_is_clean	1	30550328673	srv_fleet_arm64	wall
src/v2/test/claim/effect_plan_bash_materialize_test.dag	effect_plan_bash_metacharacters_and_newline_remain_one_quoted_word	103	30550328673	srv_fleet_arm64	wall
src/v2/test/claim/effect_plan_bash_materialize_test.dag	effect_plan_bash_operation_and_input_perturbations_change_emitted_bytes	118	30550328673	srv_fleet_arm64	wall
src/v2/test/claim/effect_plan_bash_materialize_test.dag	effect_plan_bash_two_declared_operations_encode_and_emit_through_carrier	13	30550328673	srv_fleet_arm64	wall
src/v2/test/claim/effect_reach_test.dag	effect_reach_concat_built_path_frontier_not_classified_holds	161	30550328673	srv_fleet_arm64	wall
src/v2/test/claim/effect_reach_test.dag	effect_reach_hermetic_fixture_stays_local_holds	177	30550328673	srv_fleet_arm64	wall
src/v2/test/claim/effect_reach_test.dag	effect_reach_live_03_normalize_witness_derived_host_reading_holds	209	30550328673	srv_fleet_arm64	wall
src/v2/test/claim/effect_reach_test.dag	effect_reach_path_data_init_derived_host_reading_holds	158	30550328673	srv_fleet_arm64	wall
src/v2/test/claim/effect_reach_test.dag	effect_reach_path_data_init_red_when_import_severed_holds	153	30550328673	srv_fleet_arm64	wall
src/v2/test/claim/effect_reach_test.dag	effect_reach_prose_string_path_does_not_classify_holds	256	30550328673	srv_fleet_arm64	wall
src/v2/test/claim/emit/c_semantic_decl_routing_test.dag	c_semantic_answer_coproduct_routes_to_tagged_union_emit	97	30550328673	srv_fleet_arm64	wall
src/v2/test/claim/emit/c_semantic_decl_routing_test.dag	c_semantic_bool_coproduct_routes_to_enum_emit	18	30550328673	srv_fleet_arm64	wall
src/v2/test/claim/emit/c_semantic_decl_routing_test.dag	c_semantic_int_field_still_emits	14	30550328673	srv_fleet_arm64	wall
src/v2/test/claim/emit/decl_emit_consolidated_test.dag	dc_enums_covered_holds	104	30550328673	srv_fleet_arm64	wall
src/v2/test/claim/emit/decl_emit_consolidated_test.dag	dc_gaps_refused_holds	14	30550328673	srv_fleet_arm64	wall
src/v2/test/claim/emit/decl_emit_consolidated_test.dag	dc_golden_discriminates_holds	14	30550328673	srv_fleet_arm64	wall
src/v2/test/claim/emit/decl_emit_consolidated_test.dag	dc_structs_covered_holds	59	30550328673	srv_fleet_arm64	wall
src/v2/test/claim/emit/rust_bind_let_emit_test.dag	rust_bind_let_emit_holds	128	30550328673	srv_fleet_arm64	wall
src/v2/test/claim/emit/rust_bind_let_emit_test.dag	rust_bind_let_emit_wrong_value_discriminates	3	30550328673	srv_fleet_arm64	wall
src/v2/test/claim/emit/rust_binop_emit_test.dag	rust_binop_producer_emit_eq_holds	178	30550328673	srv_fleet_arm64	wall
src/v2/test/claim/emit/rust_binop_emit_test.dag	rust_binop_producer_emit_mul_holds	4	30550328673	srv_fleet_arm64	wall
src/v2/test/claim/emit/rust_binop_emit_test.dag	rust_binop_producer_emit_sub_discriminates_from_add	3	30550328673	srv_fleet_arm64	wall
src/v2/test/claim/emit/rust_binop_emit_test.dag	rust_binop_vep_emit_core_catalog_holds	19	30550328673	srv_fleet_arm64	wall
src/v2/test/claim/emit/rust_body_add_emit_test.dag	rust_body_add_emit_add_fn_accepts_holds	178	30550328673	srv_fleet_arm64	wall
src/v2/test/claim/emit/rust_body_add_emit_test.dag	rust_body_add_emit_catalog_minus_discriminates	9	30550328673	srv_fleet_arm64	wall
src/v2/test/claim/emit/rust_body_add_emit_test.dag	rust_body_add_emit_missing_catalog_rejects	5	30550328673	srv_fleet_arm64	wall
src/v2/test/claim/emit/rust_body_add_emit_test.dag	rust_body_add_emit_operand_swap_discriminates	2	30550328673	srv_fleet_arm64	wall
src/v2/test/claim/emit/rust_call_emit_test.dag	rust_call_fold_closure_emit_holds	184	30550328673	srv_fleet_arm64	wall
src/v2/test/claim/emit/rust_call_emit_test.dag	rust_call_fold_closure_swap_discriminates	6	30550328673	srv_fleet_arm64	wall
src/v2/test/claim/emit/rust_call_emit_test.dag	rust_call_helper_emit_holds	3	30550328673	srv_fleet_arm64	wall
src/v2/test/claim/emit/rust_conditional_emit_test.dag	rust_conditional_emit_pick_fn_accepts	103	30550328673	srv_fleet_arm64	wall
src/v2/test/claim/emit/rust_conditional_emit_test.dag	rust_conditional_emit_swapped_arms_discriminates	2	30550328673	srv_fleet_arm64	wall
src/v2/test/claim/emit/rust_field_access_emit_test.dag	rust_field_access_emit_get_accepts	145	30550328673	srv_fleet_arm64	wall
src/v2/test/claim/emit/rust_field_access_emit_test.dag	rust_field_access_emit_wrong_field_discriminates	2	30550328673	srv_fleet_arm64	wall
src/v2/test/claim/emit/rust_fold_call_closure_emit_test.dag	rust_fold_call_emit_canonical_accepts	162	30550328673	srv_fleet_arm64	wall
src/v2/test/claim/emit/rust_fold_call_closure_emit_test.dag	rust_fold_call_emit_swap_discriminates	6	30550328673	srv_fleet_arm64	wall
src/v2/test/claim/emit/rust_freemonoid_char_string_grounding_test.dag	fmc_freemonoid_char_grounds_to_native_string	174	30550328673	srv_fleet_arm64	wall
src/v2/test/claim/emit/rust_literal_bind_emit_test.dag	rust_literal_bind_bool_emit_accepts	126	30550328673	srv_fleet_arm64	wall
src/v2/test/claim/emit/rust_literal_bind_emit_test.dag	rust_literal_bind_bool_wrong_value_discriminates	3	30550328673	srv_fleet_arm64	wall
src/v2/test/claim/emit/rust_literal_bind_emit_test.dag	rust_literal_bind_char_emit_accepts	2	30550328673	srv_fleet_arm64	wall
src/v2/test/claim/emit/rust_literal_bind_emit_test.dag	rust_literal_bind_char_wrong_value_discriminates	2	30550328673	srv_fleet_arm64	wall
src/v2/test/claim/emit/rust_literal_bind_emit_test.dag	rust_literal_bind_int_emit_accepts	2	30550328673	srv_fleet_arm64	wall
src/v2/test/claim/emit/rust_literal_bind_emit_test.dag	rust_literal_bind_int_wrong_value_discriminates	2	30550328673	srv_fleet_arm64	wall
src/v2/test/claim/emit/rust_logic_complement_emit_test.dag	rust_logic_complement_emit_accepts	153	30550328673	srv_fleet_arm64	wall
src/v2/test/claim/emit/rust_logic_complement_emit_test.dag	rust_logic_complement_emit_swapped_discriminates	4	30550328673	srv_fleet_arm64	wall
src/v2/test/claim/emit/rust_logic_meet_join_emit_test.dag	rust_logic_join_emit_holds	161	30550328673	srv_fleet_arm64	wall
src/v2/test/claim/emit/rust_logic_meet_join_emit_test.dag	rust_logic_meet_emit_holds	21	30550328673	srv_fleet_arm64	wall
src/v2/test/claim/emit/rust_loop_emit_test.dag	rust_loop_emit_one_accepts	100	30550328673	srv_fleet_arm64	wall
src/v2/test/claim/emit/rust_loop_emit_test.dag	rust_loop_emit_wrong_value_discriminates	2	30550328673	srv_fleet_arm64	wall
src/v2/test/claim/emit/rust_match_emit_test.dag	rust_match_emit_one_or_two_accepts	106	30550328673	srv_fleet_arm64	wall
src/v2/test/claim/emit/rust_match_emit_test.dag	rust_match_emit_swapped_arms_discriminates	4	30550328673	srv_fleet_arm64	wall
src/v2/test/claim/emit/rust_produced_decl_emit_test.dag	rust_produced_decl_emits_named_add	169	30550328673	srv_fleet_arm64	wall
src/v2/test/claim/emit/rust_produced_decl_emit_test.dag	rust_produced_decl_emits_named_add2	9	30550328673	srv_fleet_arm64	wall
src/v2/test/claim/emit/rust_record_construct_emit_test.dag	rust_record_construct_emit_mk_accepts	98	30550328673	srv_fleet_arm64	wall
src/v2/test/claim/emit/rust_record_construct_emit_test.dag	rust_record_construct_emit_wrong_field_discriminates	1	30550328673	srv_fleet_arm64	wall
src/v2/test/claim/emit/rust_signature_general_emit_test.dag	rust_signature_general_reproduces_add_holds	93	30550328673	srv_fleet_arm64	wall
src/v2/test/claim/emit/rust_variant_construct_emit_test.dag	rust_variant_construct_emit_holds_accepts	109	30550328673	srv_fleet_arm64	wall
src/v2/test/claim/emit/rust_variant_construct_emit_test.dag	rust_variant_construct_emit_wrong_value_discriminates	5	30550328673	srv_fleet_arm64	wall
src/v2/test/claim/emit/semantic_decl_all_lex_parity_test.dag	all_lex_rows_match	154	30550328673	srv_fleet_arm64	wall
src/v2/test/claim/emit/semantic_decl_binding_keys_parity_test.dag	all_bool_emit_bindings_match	143	30550328673	srv_fleet_arm64	wall
src/v2/test/claim/emit/semantic_decl_decoration_binding_test.dag	nullary_bool_uses_enum_copy_derive_binding	102	30550328673	srv_fleet_arm64	wall
src/v2/test/claim/emit/semantic_decl_emit_substrings_test.dag	emit_eq_golden	186	30550328673	srv_fleet_arm64	wall
src/v2/test/claim/emit/semantic_decl_lex_binding_parity_test.dag	binding_bool_ident_fallback_matches	143	30550328673	srv_fleet_arm64	wall
src/v2/test/claim/emit/semantic_decl_lex_binding_parity_test.dag	lex_comma_matches	10	30550328673	srv_fleet_arm64	wall
src/v2/test/claim/emit/semantic_decl_lookup_receipt_test.dag	map_lookup_returns_derive_spelling	142	30550328673	srv_fleet_arm64	wall
src/v2/test/claim/emit/semantic_decl_profile_codec_test.dag	decoded_binding_spellings_match_live	51	30550328673	srv_fleet_arm64	wall
src/v2/test/claim/emit/semantic_decl_profile_codec_test.dag	decoded_lex_derive_enum_copy_matches_live	11	30550328673	srv_fleet_arm64	wall
src/v2/test/claim/emit/semantic_decl_profile_path_parity_test.dag	bundle_node_profile_matches_target_emission_profile	154	30550328673	srv_fleet_arm64	wall
src/v2/test/claim/emit/semantic_decl_routing_generic_test.dag	semantic_generic_enum_routes_to_enum_emit	202	30550328673	srv_fleet_arm64	wall
src/v2/test/claim/emit/semantic_decl_routing_generic_test.dag	semantic_generic_struct_routes_to_struct_emit	23	30550328673	srv_fleet_arm64	wall
src/v2/test/claim/emit/semantic_decl_routing_test.dag	semantic_bool_coproduct_routes_to_enum_emit	186	30550328673	srv_fleet_arm64	wall
src/v2/test/claim/emit/semantic_decl_routing_test.dag	semantic_record_routes_to_struct_emit	16	30550328673	srv_fleet_arm64	wall
src/v2/test/claim/emit/semantic_decl_rules_parity_test.dag	emission_rules_match_rust_rules_for_generic_surface	135	30550328673	srv_fleet_arm64	wall
src/v2/test/claim/emit/semantic_decl_serialize_parity_test.dag	decoded_lex_live_bindings_match_live_target	184	30550328673	srv_fleet_arm64	wall
src/v2/test/claim/emit/semantic_decl_serialize_parity_test.dag	decoded_row_profile_matches_golden	1	30550328673	srv_fleet_arm64	wall
src/v2/test/claim/emit/semantic_decl_string_codec_test.dag	derive_copy_spelling_round_trips	24	30550328673	srv_fleet_arm64	wall
src/v2/test/claim/emit/semantic_decl_target_refusal_test.dag	semantic_decl_unwired_target_refuses	3	30550328673	srv_fleet_arm64	wall
src/v2/test/claim/emit/std_logic_selfhost_witness_test.dag	std_logic_bool_type_decl_self_emits	39	30550328673	srv_fleet_arm64	wall
src/v2/test/claim/emit/trait_derive_seed_emit_binding_test.dag	group_completion_add_is_componentwise	1	30550328673	srv_fleet_arm64	wall
src/v2/test/claim/emit/trait_derive_supplemental_generic_bound_contract_test.dag	duplicate_contract_edge_refuses_on_bundle_decode	5	30550328673	srv_fleet_arm64	wall
src/v2/test/claim/emit/trait_derive_supplemental_generic_bound_contract_test.dag	duplicate_derive_rows_refuse_on_bundle_decode	30	30550328673	srv_fleet_arm64	wall
src/v2/test/claim/emit/trait_derive_supplemental_generic_bound_contract_test.dag	duplicate_requirement_pairs_refuse_on_bundle_decode	1	30550328673	srv_fleet_arm64	wall
src/v2/test/claim/emit/trait_derive_supplemental_generic_bound_contract_test.dag	malformed_unrelated_row_poison_refuses_valid_debug_decode	8	30550328673	srv_fleet_arm64	wall
src/v2/test/claim/emit/trait_derive_supplemental_generic_bound_contract_test.dag	nested_generic_contract_round_trip_preserves_keyed_authority	24	30550328673	srv_fleet_arm64	wall
src/v2/test/claim/emit/trait_derive_supplemental_generic_bound_contract_test.dag	rust_btree_set_debug_contract_is_explicit_known_zero_from_std_authority	110	30550328673	srv_fleet_arm64	wall
src/v2/test/claim/emit/trait_derive_supplemental_generic_bound_contract_test.dag	undeclared_slot_refuses_on_bundle_decode	1	30550328673	srv_fleet_arm64	wall
src/v2/test/claim/emit/type_alias_emit_test.dag	type_alias_covered_holds	17	30550328673	srv_fleet_arm64	wall
src/v2/test/claim/emit/type_alias_emit_test.dag	type_alias_gaps_refused_holds	1	30550328673	srv_fleet_arm64	wall
src/v2/test/claim/emit_host_gate/target_coverage_completeness_test.dag	emit_host_target_coverage_complete	129	30550328673	srv_fleet_arm64	wall
src/v2/test/claim/extdeps/spice_rc_ngspice_oracle_test.dag	spice_rc_ngspice_op_holds	2	30550328673	srv_fleet_arm64	wall
src/v2/test/claim/extdeps_shape_transport_policy/corpus/cargo_build_policy_leak_test.dag	corpus_cargo_build_defused_holds	6	30550328673	srv_fleet_arm64	wall
src/v2/test/claim/extdeps_shape_transport_policy/corpus/cargo_clippy_dead_param_test.dag	corpus_cargo_clippy_dead_param_defused_holds	3	30550328673	srv_fleet_arm64	wall
src/v2/test/claim/extdeps_shape_transport_policy/corpus/cargo_doc_dead_param_test.dag	corpus_cargo_doc_dead_param_defused_holds	3	30550328673	srv_fleet_arm64	wall
src/v2/test/claim/extdeps_shape_transport_policy/corpus/cargo_doc_policy_leak_test.dag	corpus_cargo_doc_defused_holds	5	30550328673	srv_fleet_arm64	wall
src/v2/test/claim/extdeps_shape_transport_policy/corpus/cargo_fmt_dead_param_test.dag	corpus_cargo_fmt_dead_param_defused_holds	3	30550328673	srv_fleet_arm64	wall
src/v2/test/claim/extdeps_shape_transport_policy/corpus/cargo_fmt_policy_leak_test.dag	corpus_cargo_fmt_defused_holds	5	30550328673	srv_fleet_arm64	wall
src/v2/test/claim/extdeps_shape_transport_policy/corpus/cargo_run_dead_param_test.dag	corpus_cargo_run_dead_param_defused_holds	3	30550328673	srv_fleet_arm64	wall
src/v2/test/claim/extdeps_shape_transport_policy/corpus/gcp_login_dead_param_test.dag	corpus_gcp_login_dead_param_defused_holds	2	30550328673	srv_fleet_arm64	wall
src/v2/test/claim/extdeps_shape_transport_policy/corpus/gcp_oauth_fusion_fork_test.dag	corpus_gcp_oauth_defused_holds	2	30550328673	srv_fleet_arm64	wall
src/v2/test/claim/extdeps_shape_transport_policy/corpus/gist_create_policy_leak_test.dag	corpus_gist_create_defused_holds	3	30550328673	srv_fleet_arm64	wall
src/v2/test/claim/extdeps_shape_transport_policy/corpus/git_policy_leak_test.dag	corpus_git_policy_leak_defused_holds	10	30550328673	srv_fleet_arm64	wall
src/v2/test/claim/extdeps_shape_transport_policy/corpus/runtime_local_embedded_policy_test.dag	corpus_runtime_local_embedded_policy_defused_holds	2	30550328673	srv_fleet_arm64	wall
src/v2/test/claim/extdeps_shape_transport_policy/lens_unit/clean_git_diff_test.dag	clean_git_diff_is_green_holds	1	30550328673	srv_fleet_arm64	wall
src/v2/test/claim/extdeps_shape_transport_policy/lens_unit/dead_param_cargo_clippy_test.dag	dead_param_cargo_clippy_is_red_holds	1	30550328673	srv_fleet_arm64	wall
src/v2/test/claim/extdeps_shape_transport_policy/lens_unit/module_path_rename_test.dag	module_path_rename_resolves_by_qn_not_filepath_holds	3	30550328673	srv_fleet_arm64	wall
src/v2/test/claim/extdeps_shape_transport_policy/lens_unit/module_source_nickname_literal_absent_green_test.dag	module_source_nickname_literal_exempt_literals_is_green_holds	2	30550328673	srv_fleet_arm64	wall
src/v2/test/claim/extdeps_shape_transport_policy/lens_unit/module_source_nickname_literal_coverage_domain_green_test.dag	module_source_nickname_literal_coverage_domain_is_green_holds	6	30550328673	srv_fleet_arm64	wall
src/v2/test/claim/extdeps_shape_transport_policy/lens_unit/module_source_nickname_literal_local_red_test.dag	module_source_nickname_literal_local_red_is_red_holds	2	30550328673	srv_fleet_arm64	wall
src/v2/test/claim/fn_family/lens_unit/discriminators_test.dag	witness_disjoint_decls_quiet_through_linearity_registry	2	30550328673	srv_fleet_arm64	wall
src/v2/test/claim/fn_family/lens_unit/discriminators_test.dag	witness_family_member_count_and_holes	2	30550328673	srv_fleet_arm64	wall
src/v2/test/claim/fn_family/lens_unit/discriminators_test.dag	witness_first_fit_group_is_stable_across_slot_union	3	30550328673	srv_fleet_arm64	wall
src/v2/test/claim/fn_family/lens_unit/discriminators_test.dag	witness_module_family_count_one	2	30550328673	srv_fleet_arm64	wall
src/v2/test/claim/generated_conformance_floor_test.dag	generated_coproduct_exhaustiveness_covers_every_coproduct	503	30550328673	srv_fleet_arm64	wall
src/v2/test/claim/generated_conformance_floor_test.dag	generated_coproduct_exhaustiveness_roster_covers_testclaim	55	30550328673	srv_fleet_arm64	wall
src/v2/test/claim/generated_conformance_floor_test.dag	generated_idempotent_create_if_absent_run_non_pass	3	30550328673	srv_fleet_arm64	wall
src/v2/test/claim/generated_conformance_floor_test.dag	generated_idempotent_delete_run_non_pass	1	30550328673	srv_fleet_arm64	wall
src/v2/test/claim/generated_conformance_floor_test.dag	generated_idempotent_read_run_non_pass	1	30550328673	srv_fleet_arm64	wall
src/v2/test/claim/generated_conformance_floor_test.dag	generated_idempotent_run_count_holds	1	30550328673	srv_fleet_arm64	wall
src/v2/test/claim/gha_workflow_yaml_fold_serialize_test.dag	gha_fold_flat_steps_perturbation_rejects_oracle_holds	65	30550328673	srv_fleet_arm64	wall
src/v2/test/claim/gha_workflow_yaml_fold_serialize_test.dag	gha_fold_pilot_job_byte_identical_holds	24	30550328673	srv_fleet_arm64	wall
src/v2/test/claim/gha_workflow_yaml_fold_structural_test.dag	gha_fold_structural_tier_holds	17	30550328673	srv_fleet_arm64	wall
src/v2/test/claim/graph_invariant/reach_repair_witness_test.dag	witness_apply_correction_reruns_satisfied	1	30550328673	srv_fleet_arm64	wall
src/v2/test/claim/graph_invariant/reach_repair_witness_test.dag	witness_apply_edit_emits_corrected_source	33	30550328673	srv_fleet_arm64	wall
src/v2/test/claim/grounding_lens_test.dag	witness_coincides_with_qualified_name	5	30550328673	srv_fleet_arm64	wall
src/v2/test/claim/grounding_typescript/sg_claims_test.dag	ts_g2_g14_fact_registry_accepts	159	30550328673	srv_fleet_arm64	wall
src/v2/test/claim/grounding_typescript/sg_claims_test.dag	ts_g2_sg1_atom_realizations_hold	2	30550328673	srv_fleet_arm64	wall
src/v2/test/claim/grounding_typescript/sg_claims_test.dag	ts_g2_sg2_type_expression_projection_holds	5	30550328673	srv_fleet_arm64	wall
src/v2/test/claim/host_language_transport_script/corpus/facts_readback_verdict_perturb_test.dag	witness_computed_facts_readback_holds	10	30550328673	srv_fleet_arm64	wall
src/v2/test/claim/host_language_transport_script/corpus/migrated_transports_clean_test.dag	corpus_compiler_closure_ingest_transport_clean_holds	6	30550328673	srv_fleet_arm64	wall
src/v2/test/claim/host_language_transport_script/corpus/migrated_transports_clean_test.dag	corpus_dag_compile_clean_transport_clean_holds	9	30550328673	srv_fleet_arm64	wall
src/v2/test/claim/host_language_transport_script/corpus/migrated_transports_clean_test.dag	corpus_emit_host_transport_carveout_clean_holds	11	30550328673	srv_fleet_arm64	wall
src/v2/test/claim/host_language_transport_script/corpus/migrated_transports_clean_test.dag	corpus_source_root_ingest_transport_clean_holds	6	30550328673	srv_fleet_arm64	wall
src/v2/test/claim/host_language_transport_script/corpus/wall_residue_live_test.dag	residue_command_runner_clean	2	30550328673	srv_fleet_arm64	wall
src/v2/test/claim/host_language_transport_script/corpus/wall_residue_live_test.dag	residue_emit_host_gate_clean	6	30550328673	srv_fleet_arm64	wall
src/v2/test/claim/host_language_transport_script/corpus/wall_residue_live_test.dag	residue_gunbc_ci_clean	1	30550328673	srv_fleet_arm64	wall
src/v2/test/claim/host_language_transport_script/corpus/wall_residue_live_test.dag	residue_host_converge_slice1_clean	29	30550328673	srv_fleet_arm64	wall
src/v2/test/claim/host_language_transport_script/corpus/wall_residue_live_test.dag	residue_host_effect_realize_clean	87	30550328673	srv_fleet_arm64	wall
src/v2/test/claim/host_language_transport_script/corpus/wall_residue_live_test.dag	residue_host_identity_adopt_clean	7	30550328673	srv_fleet_arm64	wall
src/v2/test/claim/host_language_transport_script/corpus/wall_residue_live_test.dag	residue_host_identity_assimilation_clean	10	30550328673	srv_fleet_arm64	wall
src/v2/test/claim/host_language_transport_script/corpus/wall_residue_live_test.dag	residue_host_prelude_clean	20	30550328673	srv_fleet_arm64	wall
src/v2/test/claim/host_language_transport_script/corpus/wall_residue_live_test.dag	residue_host_runner_memory_cap_verify_clean	9	30550328673	srv_fleet_arm64	wall
src/v2/test/claim/host_language_transport_script/corpus/wall_residue_live_test.dag	residue_tools_review_clean	7	30550328673	srv_fleet_arm64	wall
src/v2/test/claim/integer/interval_derivation_test.dag	derivation_discriminates_planted_off_by_one	2	30550328673	srv_fleet_arm64	wall
src/v2/test/claim/integer/interval_derivation_test.dag	from_node_round_trips_all_standard_types	55	30550328673	srv_fleet_arm64	wall
src/v2/test/claim/integer/interval_derivation_test.dag	interval_derivation_matches_all_legacy_spelled_bounds	5	30550328673	srv_fleet_arm64	wall
src/v2/test/claim/intent_linearity/lens_unit/discriminators_test.dag	all_minimal_body_is_linear	10	30550328673	srv_fleet_arm64	wall
src/v2/test/claim/intent_linearity/lens_unit/discriminators_test.dag	body_with_unroll_is_not_linear	1	30550328673	srv_fleet_arm64	wall
src/v2/test/claim/interface_summary/interface_summary_firewall_test.dag	interface_summary_firewall_body_only_edit_is_green	2	30550328673	srv_fleet_arm64	wall
src/v2/test/claim/languages_consumer_census/corpus/data_decl_ratchet_test.dag	corpus_data_decl_ratchet_holds	429	30550328673	srv_fleet_arm64	wall
src/v2/test/claim/live_read_classification_test.dag	g2_implies_reads_live_tree_for_roster_gate	513	30550328673	srv_fleet_arm64	wall
src/v2/test/claim/live_read_classification_test.dag	g2_roster_gate_entry_classifies_literal_paths	411	30550328673	srv_fleet_arm64	wall
src/v2/test/claim/live_read_classification_test.dag	g2_roster_gate_literal_path_touched_selects	600	30550328673	srv_fleet_arm64	wall
src/v2/test/claim/live_read_classification_test.dag	g2_union_retains_g1_import_carriers_with_g2_literal_paths	733	30550328673	srv_fleet_arm64	wall
src/v2/test/claim/live_read_classification_test.dag	g2_unknown_filesystem_path_widens_alongside_literal_paths	376	30550328673	srv_fleet_arm64	wall
src/v2/test/claim/live_read_classification_test.dag	g2_unknown_path_pattern_fail_closed_touched	1	30550328673	srv_fleet_arm64	wall
src/v2/test/claim/locality_affinity_witness_test.dag	witness_co_batch_prices_single_load	3	30550328673	srv_fleet_arm64	wall
src/v2/test/claim/long/affected_set_provenance_producer_witness_test.dag	lens_affected_set_provenance_producer_coverage_receipt_holds	12506	30550328673	srv_fleet_arm64	wall
src/v2/test/claim/long/affected_set_provenance_producer_witness_test.dag	lens_affected_set_provenance_producer_git_diff_wire_holds	156	30550328673	srv_fleet_arm64	wall
src/v2/test/claim/long/affected_set_provenance_producer_witness_test.dag	lens_affected_set_provenance_producer_rejects_beyond_surface_ingest_holds	12676	30550328673	srv_fleet_arm64	wall
src/v2/test/claim/long/affected_set_provenance_producer_witness_test.dag	lens_affected_set_provenance_producer_rejects_malformed_ingest_holds	12781	30550328673	srv_fleet_arm64	wall
src/v2/test/claim/long/edit_locus_source_provenance_witness_test.dag	lens_edit_locus_source_provenance_affected_set_wire_holds	12789	30550328673	srv_fleet_arm64	wall
src/v2/test/claim/long/edit_locus_source_provenance_witness_test.dag	lens_edit_locus_source_provenance_parse_root_span_holds	12802	30550328673	srv_fleet_arm64	wall
src/v2/test/claim/long/edit_locus_source_provenance_witness_test.dag	lens_edit_locus_source_provenance_producer_rejects_malformed_source_holds	12846	30550328673	srv_fleet_arm64	wall
src/v2/test/claim/long/parse_binding_fidelity_witness_test.dag	witness_parse_binding_fidelity_distinct_identifiers_holds	12481	30550328673	srv_fleet_arm64	wall
src/v2/test/claim/long/wave1_gate1_d_ingested_bind_loop_eval_witness_test.dag	wave1_gate1_d_ingested_bind_executes_witness_holds	25344	30550328673	srv_fleet_arm64	wall
src/v2/test/claim/long/wave1_gate1_d_ingested_bind_loop_eval_witness_test.dag	wave1_gate1_d_ingested_loop_executes_witness_holds	25824	30550328673	srv_fleet_arm64	wall
src/v2/test/claim/long/wave1_gate1_d_mvp_subsumption_witness_test.dag	wave1_gate1_d_census_subsumption_witness_holds	130577	30550328673	srv_fleet_arm64	wall
src/v2/test/claim/loop_infer_iteration_test.dag	loop_infer_divergent_body_is_refused	7	30550328673	srv_fleet_arm64	wall
src/v2/test/claim/loop_infer_iteration_test.dag	loop_infer_invariant_body_accepts_with_carrier_type	5	30550328673	srv_fleet_arm64	wall
src/v2/test/claim/loop_infer_iteration_test.dag	loop_infer_missing_measure_is_refused	1	30550328673	srv_fleet_arm64	wall
src/v2/test/claim/loop_infer_iteration_test.dag	loop_infer_refinement_shaped_body_is_refused	1	30550328673	srv_fleet_arm64	wall
src/v2/test/claim/loop_infer_iteration_test.dag	loop_infer_unregistered_measure_is_refused	2	30550328673	srv_fleet_arm64	wall
src/v2/test/claim/loop_multiplicity_measure_test.dag	live_registry_proves_loop_measure	1	30550328673	srv_fleet_arm64	wall
src/v2/test/claim/manual/add_body_emit_python_test.dag	python_add_emit_holds	27	30550328673	srv_fleet_arm64	wall
src/v2/test/claim/manual/add_body_emit_python_test.dag	python_add_emit_perturbed_spellings_discriminates	1	30550328673	srv_fleet_arm64	wall
src/v2/test/claim/manual/add_body_emit_typescript_test.dag	add_body_ts_emit_add_fn_accepts_holds	45	30550328673	srv_fleet_arm64	wall
src/v2/test/claim/manual/add_body_emit_typescript_test.dag	add_body_ts_emit_catalog_minus_discriminates	4	30550328673	srv_fleet_arm64	wall
src/v2/test/claim/manual/add_body_emit_typescript_test.dag	add_body_ts_emit_missing_catalog_rejects	1	30550328673	srv_fleet_arm64	wall
src/v2/test/claim/manual/add_body_emit_typescript_test.dag	add_body_ts_emit_operand_swap_discriminates	2	30550328673	srv_fleet_arm64	wall
src/v2/test/claim/manual/add_body_value_expression_fold_typescript_test.dag	add_body_ts_fold_add_body_tokens_holds	29	30550328673	srv_fleet_arm64	wall
src/v2/test/claim/manual/add_body_value_expression_fold_typescript_test.dag	add_body_ts_fold_catalog_minus_discriminates	3	30550328673	srv_fleet_arm64	wall
src/v2/test/claim/manual/add_body_value_expression_fold_typescript_test.dag	add_body_ts_fold_missing_catalog_rejects	1	30550328673	srv_fleet_arm64	wall
src/v2/test/claim/manual/add_body_value_expression_fold_typescript_test.dag	add_body_ts_fold_operand_swap_discriminates	2	30550328673	srv_fleet_arm64	wall
src/v2/test/claim/manual/bash_emit_command_test.dag	bash_emit_and_then_holds	11	30550328673	srv_fleet_arm64	wall
src/v2/test/claim/manual/bash_emit_command_test.dag	bash_emit_bound_words_holds	8	30550328673	srv_fleet_arm64	wall
src/v2/test/claim/manual/bash_emit_command_test.dag	bash_emit_command_accepts_holds	7	30550328673	srv_fleet_arm64	wall
src/v2/test/claim/manual/bash_emit_command_test.dag	bash_emit_embedded_quote_holds	5	30550328673	srv_fleet_arm64	wall
src/v2/test/claim/manual/bash_emit_command_test.dag	bash_emit_heredoc_simple_holds	12	30550328673	srv_fleet_arm64	wall
src/v2/test/claim/manual/bash_emit_command_test.dag	bash_emit_if_true_then_false_holds	12	30550328673	srv_fleet_arm64	wall
src/v2/test/claim/manual/bash_emit_command_test.dag	bash_emit_or_else_holds	6	30550328673	srv_fleet_arm64	wall
src/v2/test/claim/manual/bash_emit_command_test.dag	bash_emit_or_else_with_redir_holds	9	30550328673	srv_fleet_arm64	wall
src/v2/test/claim/manual/bash_emit_command_test.dag	bash_emit_pipe_and_or_brace_grouped_holds	11	30550328673	srv_fleet_arm64	wall
src/v2/test/claim/manual/bash_emit_command_test.dag	bash_emit_pipe_and_or_flat_wrong_model_holds	6	30550328673	srv_fleet_arm64	wall
src/v2/test/claim/manual/bash_emit_command_test.dag	bash_emit_pipe_holds	10	30550328673	srv_fleet_arm64	wall
src/v2/test/claim/manual/bash_emit_command_test.dag	bash_emit_source_root_ingest_gate_holds	6	30550328673	srv_fleet_arm64	wall
src/v2/test/claim/manual/bash_emit_command_test.dag	bash_emit_subshell_and_or_nested_holds	10	30550328673	srv_fleet_arm64	wall
src/v2/test/claim/manual/bash_emit_command_test.dag	bash_emit_subshell_true_holds	5	30550328673	srv_fleet_arm64	wall
src/v2/test/claim/manual/bash_emit_command_test.dag	bash_emit_with_redir_stderr_null_holds	7	30550328673	srv_fleet_arm64	wall
src/v2/test/claim/manual/bind_demand_driven_eval_test.dag	bind_eval_bound_reference_reads_value_holds	14	30550328673	srv_fleet_arm64	wall
src/v2/test/claim/manual/bind_demand_driven_eval_test.dag	bind_eval_counted_value_body_holds	6	30550328673	srv_fleet_arm64	wall
src/v2/test/claim/manual/bind_demand_driven_eval_test.dag	bind_eval_divergent_value_rejects_holds	5	30550328673	srv_fleet_arm64	wall
src/v2/test/claim/manual/bind_demand_driven_eval_test.dag	bind_eval_minted_occurrence_equal_reference_reads_holds	5	30550328673	srv_fleet_arm64	wall
src/v2/test/claim/manual/bind_demand_driven_eval_test.dag	bind_eval_parse_shaped_occurrence_distinct_reference_reads_holds	5	30550328673	srv_fleet_arm64	wall
src/v2/test/claim/manual/bind_demand_driven_eval_test.dag	bind_eval_unbound_reference_default_algebra_refuses_holds	1	30550328673	srv_fleet_arm64	wall
src/v2/test/claim/manual/bind_emit_test.dag	bind_emit_holds	34	30550328673	srv_fleet_arm64	wall
src/v2/test/claim/manual/bind_emit_test.dag	bind_emit_wrong_value_discriminates	3	30550328673	srv_fleet_arm64	wall
src/v2/test/claim/manual/branch_if_then_else_emit_test.dag	branch_if_then_else_emit_holds	36	30550328673	srv_fleet_arm64	wall
src/v2/test/claim/manual/branch_if_then_else_emit_test.dag	branch_if_then_else_emit_swapped_arms_discriminates	2	30550328673	srv_fleet_arm64	wall
src/v2/test/claim/manual/branch_infer_fail_open_audit_test.dag	branch_infer_fail_open_audit_literal_arm_accepts_holds	9	30550328673	srv_fleet_arm64	wall
src/v2/test/claim/manual/branch_infer_fail_open_audit_test.dag	branch_infer_fail_open_audit_rejects_holds	2	30550328673	srv_fleet_arm64	wall
src/v2/test/claim/manual/branch_infer_if_then_else_test.dag	branch_infer_arm_mismatch_red_holds	7	30550328673	srv_fleet_arm64	wall
src/v2/test/claim/manual/branch_infer_if_then_else_test.dag	branch_infer_bool_cond_accepts_holds	4	30550328673	srv_fleet_arm64	wall
src/v2/test/claim/manual/branch_infer_test.dag	branch_infer_arm_mismatch_red_holds	7	30550328673	srv_fleet_arm64	wall
src/v2/test/claim/manual/branch_infer_test.dag	branch_infer_bool_cond_accepts_holds	5	30550328673	srv_fleet_arm64	wall
src/v2/test/claim/manual/branch_infer_test.dag	branch_infer_cond_not_bool_red_holds	1	30550328673	srv_fleet_arm64	wall
src/v2/test/claim/manual/branch_lazy_arm_eval_acceptance_test.dag	lazy_arm_false_then_divergent_else_counted_holds	16	30550328673	srv_fleet_arm64	wall
src/v2/test/claim/manual/branch_lazy_arm_eval_acceptance_test.dag	lazy_arm_true_then_counted_else_divergent_holds	6	30550328673	srv_fleet_arm64	wall
src/v2/test/claim/manual/c_add_emit_translate_test.dag	c_add_emit_add_fn_accepts_holds	33	30550328673	srv_fleet_arm64	wall
src/v2/test/claim/manual/c_add_emit_translate_test.dag	c_add_emit_wrong_node_refuses_holds	5	30550328673	srv_fleet_arm64	wall
src/v2/test/claim/manual/coproduct_reflection_conformance_test.dag	witness_behavior_nullary_inhabitant_set_matches_arm_keys	4	30550328673	srv_fleet_arm64	wall
src/v2/test/claim/manual/coproduct_reflection_conformance_test.dag	witness_connective_nullary_inhabitants_fail_closed	1	30550328673	srv_fleet_arm64	wall
src/v2/test/claim/manual/coproduct_reflection_conformance_test.dag	witness_nullary_reflection_accepts_imported_named_coproduct_through_generic_wrapper	5	30550328673	srv_fleet_arm64	wall
src/v2/test/claim/manual/coproduct_reflection_conformance_test.dag	witness_nullary_reflection_rejects_requested_a_with_context_b	1	30550328673	srv_fleet_arm64	wall
src/v2/test/claim/manual/cpp_add_emit_translate_test.dag	cpp_add_compile_inferred_receipt_holds	26	30550328673	srv_fleet_arm64	wall
src/v2/test/claim/manual/cpp_add_emit_translate_test.dag	cpp_add_emit_receipt_holds	1	30550328673	srv_fleet_arm64	wall
src/v2/test/claim/manual/cross_language_add_python_to_typescript_test.dag	cross_language_add_python_to_typescript_chain_status_holds	342	30550328673	srv_fleet_arm64	wall
src/v2/test/claim/manual/cross_language_add_python_to_typescript_test.dag	cross_language_emit_inhabitant_neutralization_fails_closed	8	30550328673	srv_fleet_arm64	wall
src/v2/test/claim/manual/cross_language_add_python_to_typescript_test.dag	parse_tree_to_target_model_bridge_realized	48	30550328673	srv_fleet_arm64	wall
src/v2/test/claim/manual/derivable_coercion_nickname_triple_test.dag	witness_claim_crux_substrate_gap	6	30550328673	srv_fleet_arm64	wall
src/v2/test/claim/manual/derivable_coercion_nickname_triple_test.dag	witness_claim_matrix_widening_accepts_siblings_and_wrong_core	4	30550328673	srv_fleet_arm64	wall
src/v2/test/claim/manual/emit_directive_bash_test.dag	emit_directive_bash_error_emits_echo_stderr_holds	12	30550328673	srv_fleet_arm64	wall
src/v2/test/claim/manual/emit_directive_bash_test.dag	emit_directive_bash_message_flows_holds	1	30550328673	srv_fleet_arm64	wall
src/v2/test/claim/manual/emit_directive_bash_test.dag	emit_directive_bash_to_stdout_wrong_ne_correct_holds	4	30550328673	srv_fleet_arm64	wall
src/v2/test/claim/manual/emit_directive_gha_test.dag	emit_directive_gha_distinct_from_bash_holds	13	30550328673	srv_fleet_arm64	wall
src/v2/test/claim/manual/emit_directive_gha_test.dag	emit_directive_gha_message_flows_holds	1	30550328673	srv_fleet_arm64	wall
src/v2/test/claim/manual/emit_directive_gha_test.dag	emit_directive_gha_severity_variant_holds	1	30550328673	srv_fleet_arm64	wall
src/v2/test/claim/manual/emit_directive_rust_test.dag	emit_directive_rust_distinct_from_bash_holds	21	30550328673	srv_fleet_arm64	wall
src/v2/test/claim/manual/emit_directive_rust_test.dag	emit_directive_rust_escapes_string_literal_holds	1	30550328673	srv_fleet_arm64	wall
src/v2/test/claim/manual/emit_ingest_same_language_row_fold_test.dag	emit_ingest_same_language_row_fold_holds	36	30550328673	srv_fleet_arm64	wall
src/v2/test/claim/manual/english_emit_add_test.dag	english_emit_add_ingest_round_trip_holds	140	30550328673	srv_fleet_arm64	wall
src/v2/test/claim/manual/field_access_emit_test.dag	field_access_emit_holds	37	30550328673	srv_fleet_arm64	wall
src/v2/test/claim/manual/field_access_emit_test.dag	field_access_grammar_inverse_holds	11	30550328673	srv_fleet_arm64	wall
src/v2/test/claim/manual/field_access_emit_test.dag	field_access_ingest_via_coerce_holds_keystone	4	30550328673	srv_fleet_arm64	wall
src/v2/test/claim/manual/find_witness_distinct_node_zip_fold_test.dag	witness_coercion_fold_distinct_node_accepts	1	30550328673	srv_fleet_arm64	wall
src/v2/test/claim/manual/fold_call_closure_emit_test.dag	fold_call_emit_holds	25	30550328673	srv_fleet_arm64	wall
src/v2/test/claim/manual/fold_call_closure_emit_test.dag	fold_call_fixtures_well_formed	1	30550328673	srv_fleet_arm64	wall
src/v2/test/claim/manual/fold_call_closure_emit_test.dag	fold_call_swap_discriminates	5	30550328673	srv_fleet_arm64	wall
src/v2/test/claim/manual/go_add_emit_translate_test.dag	go_add_compile_inferred_receipt_holds	28	30550328673	srv_fleet_arm64	wall
src/v2/test/claim/manual/go_add_emit_translate_test.dag	go_add_emit_add_fn_accepts_holds	1	30550328673	srv_fleet_arm64	wall
src/v2/test/claim/manual/ingest_bridge_test.dag	ingest_bridge_realized	55	30550328673	srv_fleet_arm64	wall
src/v2/test/claim/manual/inhabitant_neutralization_test.dag	inhabitant_neutralization_03_ingest_regression_guard_holds	109	30550328673	srv_fleet_arm64	wall
src/v2/test/claim/manual/inhabitant_neutralization_test.dag	inhabitant_neutralization_emit_after_neutralize_holds	35	30550328673	srv_fleet_arm64	wall
src/v2/test/claim/manual/inhabitant_neutralization_test.dag	inhabitant_neutralization_go_additive_numeric_lookup_policy_flip_selects_int64_holds	8	30550328673	srv_fleet_arm64	wall
src/v2/test/claim/manual/inhabitant_neutralization_test.dag	inhabitant_neutralization_third_inhabitant_falsifier_holds	2	30550328673	srv_fleet_arm64	wall
src/v2/test/claim/manual/int_cross_target_coercion_test.dag	witness_cross_target_python_to_rust_i32_rejects	139	30550328673	srv_fleet_arm64	wall
src/v2/test/claim/manual/int_cross_target_coercion_test.dag	witness_cross_target_python_to_rust_i32_would_lose_information	6	30550328673	srv_fleet_arm64	wall
src/v2/test/claim/manual/int_cross_target_coercion_test.dag	witness_cross_target_rust_i32_to_python_int_accepts	3	30550328673	srv_fleet_arm64	wall
src/v2/test/claim/manual/int_literal_parse_smoke_test.dag	int_literal_from_token_lexeme_holds	12	30550328673	srv_fleet_arm64	wall
src/v2/test/claim/manual/int_literal_parse_smoke_test.dag	int_literal_loop_token_lexeme_builds_holds	54	30550328673	srv_fleet_arm64	wall
src/v2/test/claim/manual/language_model_dissolution_test.dag	dag_subset_core_is_canonical_void	6	30550328673	srv_fleet_arm64	wall
src/v2/test/claim/manual/language_model_dissolution_test.dag	go_full_shape_core_is_not_void	8	30550328673	srv_fleet_arm64	wall
src/v2/test/claim/manual/language_model_dissolution_test.dag	go_full_shape_grammar_is_not_void	1	30550328673	srv_fleet_arm64	wall
src/v2/test/claim/manual/language_model_dissolution_test.dag	swift_subset_grammar_is_canonical_void	2	30550328673	srv_fleet_arm64	wall
src/v2/test/claim/manual/loop_demand_driven_eval_test.dag	loop_demand_driven_eval_keystone_holds	11	30550328673	srv_fleet_arm64	wall
src/v2/test/claim/manual/loop_emit_test.dag	loop_emit_holds	30	30550328673	srv_fleet_arm64	wall
src/v2/test/claim/manual/loop_emit_test.dag	loop_emit_wrong_value_discriminates	2	30550328673	srv_fleet_arm64	wall
src/v2/test/claim/manual/match_bool_emit_test.dag	match_bool_emit_holds	41	30550328673	srv_fleet_arm64	wall
src/v2/test/claim/manual/match_bool_emit_test.dag	match_bool_emit_swapped_arms_discriminates	4	30550328673	srv_fleet_arm64	wall
src/v2/test/claim/manual/match_infer_fail_open_audit_test.dag	classical_not_int_match_arrow_real_infer_holds	11	30550328673	srv_fleet_arm64	wall
src/v2/test/claim/manual/match_infer_fail_open_audit_test.dag	classical_not_int_match_non_octet_arm_rejects_holds	6	30550328673	srv_fleet_arm64	wall
src/v2/test/claim/manual/match_infer_fail_open_audit_test.dag	complement_arrow_real_infer_refuses_unsupported_pattern_holds	7	30550328673	srv_fleet_arm64	wall
src/v2/test/claim/manual/match_infer_fail_open_audit_test.dag	match_infer_fail_open_audit_extra_arm_rejects_holds	3	30550328673	srv_fleet_arm64	wall
src/v2/test/claim/manual/match_infer_fail_open_audit_test.dag	match_infer_fail_open_audit_non_exhaustive_rejects_holds	1	30550328673	srv_fleet_arm64	wall
src/v2/test/claim/manual/match_infer_fail_open_audit_test.dag	match_infer_fail_open_audit_rejects_holds	1	30550328673	srv_fleet_arm64	wall
src/v2/test/claim/manual/node_minimal_representation_test.dag	node_minimal_placed_bucket_count_holds	1	30550328673	srv_fleet_arm64	wall
src/v2/test/claim/manual/node_minimal_representation_test.dag	witness_partition_covers_superset_holds	2	30550328673	srv_fleet_arm64	wall
src/v2/test/claim/manual/parallel_executor_test.dag	parallel_executor_claims_hold	2	30550328673	srv_fleet_arm64	wall
src/v2/test/claim/manual/path_y_fidelity_successor_test.dag	path_y_fidelity_successor_reads_target_model_quotient	2	30550328673	srv_fleet_arm64	wall
src/v2/test/claim/manual/program_assembly_multi_file_test.dag	program_assembly_cross_file_import_assembles_holds	11	30550328673	srv_fleet_arm64	wall
src/v2/test/claim/manual/program_assembly_multi_file_test.dag	program_assembly_duplicate_module_roots_rejects	2	30550328673	srv_fleet_arm64	wall
src/v2/test/claim/manual/program_partition_body_emit_test.dag	program_partition_body_emit_accepts_and_differs_from_whole	46	30550328673	srv_fleet_arm64	wall
src/v2/test/claim/manual/program_partition_body_emit_test.dag	program_partition_body_fail_closed_facts_closure_fold_accepts	2	30550328673	srv_fleet_arm64	wall
src/v2/test/claim/manual/python_add_emit_translate_test.dag	python_add_compile_inferred_receipt_holds	24	30550328673	srv_fleet_arm64	wall
src/v2/test/claim/manual/python_add_emit_translate_test.dag	python_add_emit_add_fn_accepts_holds	1	30550328673	srv_fleet_arm64	wall
src/v2/test/claim/manual/record_construct_emit_test.dag	record_construct_emit_holds	32	30550328673	srv_fleet_arm64	wall
src/v2/test/claim/manual/record_construct_emit_test.dag	record_construct_grammar_inverse_holds	10	30550328673	srv_fleet_arm64	wall
src/v2/test/claim/manual/record_construct_emit_test.dag	record_construct_ingest_via_coerce_holds_keystone	3	30550328673	srv_fleet_arm64	wall
src/v2/test/claim/manual/runtime_run_test.dag	runtime_run_completes_both_nodes_holds	5	30550328673	srv_fleet_arm64	wall
src/v2/test/claim/manual/rust_add_emit_translate_test.dag	rust_add_compile_inferred_receipt_holds	133	30550328673	srv_fleet_arm64	wall
src/v2/test/claim/manual/rust_add_emit_translate_test.dag	rust_add_emit_add_fn_accepts_holds	2	30550328673	srv_fleet_arm64	wall
src/v2/test/claim/manual/rust_wire_serde_naming_policy_test.dag	witness_rust_wire_serde_naming_discriminates	11	30550328673	srv_fleet_arm64	wall
src/v2/test/claim/manual/scheduler_runnable_frontier_test.dag	scheduler_runnable_frontier_claims_hold	3	30550328673	srv_fleet_arm64	wall
src/v2/test/claim/manual/sg_rc_layering_test.dag	sg_rc_f1_dual_boundary_holds	102	30550328673	srv_fleet_arm64	wall
src/v2/test/claim/manual/sg_rc_layering_test.dag	sg_rc_f2_param_value_holds	7	30550328673	srv_fleet_arm64	wall
src/v2/test/claim/manual/sg_rc_layering_test.dag	sg_rc_f2_return_value_holds	1	30550328673	srv_fleet_arm64	wall
src/v2/test/claim/manual/sg_rc_layering_test.dag	sg_rc_outcome_inner_sg2_args_preserved	11	30550328673	srv_fleet_arm64	wall
src/v2/test/claim/manual/sg_rc_layering_test.dag	sg_rc_probe_heap_param_without_row_rejects	3	30550328673	srv_fleet_arm64	wall
src/v2/test/claim/manual/sg_rc_layering_test.dag	sg_rc_value_rc_wrap_tagged	1	30550328673	srv_fleet_arm64	wall
src/v2/test/claim/manual/target_carriers_fidelity_test.dag	target_carriers_declared_loss_fidelity_holds	127	30550328673	srv_fleet_arm64	wall
src/v2/test/claim/manual/target_operation_grounding_emit_typescript_test.dag	op_grounding_catalog_miss_rejects	2	30550328673	srv_fleet_arm64	wall
src/v2/test/claim/manual/target_operation_grounding_emit_typescript_test.dag	op_grounding_emits_equality	3	30550328673	srv_fleet_arm64	wall
src/v2/test/claim/manual/target_operation_grounding_emit_typescript_test.dag	op_grounding_emits_less_than	1	30550328673	srv_fleet_arm64	wall
src/v2/test/claim/manual/target_operation_grounding_emit_typescript_test.dag	op_grounding_emits_subtraction	1	30550328673	srv_fleet_arm64	wall
src/v2/test/claim/manual/target_operation_grounding_emit_typescript_test.dag	op_grounding_wire_roundtrips_all	1	30550328673	srv_fleet_arm64	wall
src/v2/test/claim/manual/target_operation_grounding_emit_typescript_test.dag	op_grounding_wrong_token_discriminates	1	30550328673	srv_fleet_arm64	wall
src/v2/test/claim/manual/test_migration_debt_test.dag	test_migration_debt_known_covered_module_is_not_debt	117	30550328673	srv_fleet_arm64	wall
src/v2/test/claim/manual/test_migration_debt_test.dag	test_migration_delete_guard_holds	95	30550328673	srv_fleet_arm64	wall
src/v2/test/claim/manual/typescript_add_emit_translate_test.dag	typescript_add_compile_inferred_receipt_holds	43	30550328673	srv_fleet_arm64	wall
src/v2/test/claim/manual/typescript_add_emit_translate_test.dag	typescript_add_emit_add_fn_accepts_holds	2	30550328673	srv_fleet_arm64	wall
src/v2/test/claim/manual/typescript_bind_let_iife_emit_test.dag	dag_closure_value_producing_emits_holds	1	30550328673	srv_fleet_arm64	wall
src/v2/test/claim/manual/typescript_bind_let_iife_emit_test.dag	ts_bind_let_iife_emit_exact_holds	15	30550328673	srv_fleet_arm64	wall
src/v2/test/claim/manual/typescript_bind_let_iife_emit_test.dag	ts_bind_let_mode_perturbation_flips_holds	1	30550328673	srv_fleet_arm64	wall
src/v2/test/claim/manual/typescript_eager_materialize_dedup_cutover_test.dag	ts_arc1_eager_row_content_hash_round_trip_holds	22	30550328673	srv_fleet_arm64	wall
src/v2/test/claim/manual/typescript_eager_materialize_dedup_cutover_test.dag	ts_arc1_pr3_eager_row_content_hash_round_trip_holds	11	30550328673	srv_fleet_arm64	wall
src/v2/test/claim/manual/typescript_eager_materialize_dedup_cutover_test.dag	ts_arc1_scaffold_row_present_holds	3	30550328673	srv_fleet_arm64	wall
src/v2/test/claim/manual/typescript_eager_materialize_forward_dedup_test.dag	ts_arc1_forward_row_dedup_cutover_green_holds	28	30550328673	srv_fleet_arm64	wall
src/v2/test/claim/manual/typescript_eager_materialize_serialize_test.dag	ts_arc1_eager_serialize_source_holds	15	30550328673	srv_fleet_arm64	wall
src/v2/test/claim/manual/typescript_eager_materialize_serialize_test.dag	ts_arc1_pr3_eager_serialize_source_holds	6	30550328673	srv_fleet_arm64	wall
src/v2/test/claim/manual/typescript_effect_io_emit_test.dag	ts_effect_io_emit_holds	14	30550328673	srv_fleet_arm64	wall
src/v2/test/claim/manual/typescript_field_access_emit_test.dag	ts_add_emit_source_holds	43	30550328673	srv_fleet_arm64	wall
src/v2/test/claim/manual/typescript_field_access_emit_test.dag	ts_field_access_emit_source_holds	1	30550328673	srv_fleet_arm64	wall
src/v2/test/claim/manual/typescript_pr3_typed_fn_translate_test.dag	typescript_pr3_compile_inferred_receipt_decided	43	30550328673	srv_fleet_arm64	wall
src/v2/test/claim/manual/typescript_program_emit_run_test.dag	ts_atom_catalog_realizes_char_to_string_holds	14	30550328673	srv_fleet_arm64	wall
src/v2/test/claim/manual/typescript_program_emit_run_test.dag	ts_program_emit_add_source_holds	32	30550328673	srv_fleet_arm64	wall
src/v2/test/claim/manual/typescript_record_construct_emit_test.dag	ts_record_construct_emit_source_holds	14	30550328673	srv_fleet_arm64	wall
src/v2/test/claim/manual/typescript_record_construct_emit_test.dag	ts_record_construct_row_perturbation_flips_type_name_holds	1	30550328673	srv_fleet_arm64	wall
src/v2/test/claim/manual/typescript_record_task_translate_test.dag	typescript_record_task_compile_inferred_receipt_decided	42	30550328673	srv_fleet_arm64	wall
src/v2/test/claim/materialize/materialize_witness_test.dag	distinct_fixture_all_distinct	1	30550328673	srv_fleet_arm64	wall
src/v2/test/claim/meta_exec_confinement/lens_unit/discriminators_test.dag	de_rostered_consumer_import_is_leak_holds	2	30550328673	srv_fleet_arm64	wall
src/v2/test/claim/meta_exec_confinement/lens_unit/discriminators_test.dag	empty_canonical_roster_grants_no_exception_holds	2	30550328673	srv_fleet_arm64	wall
src/v2/test/claim/meta_exec_confinement/lens_unit/discriminators_test.dag	fresh_non_edge_import_is_leak_holds	2	30550328673	srv_fleet_arm64	wall
src/v2/test/claim/meta_exec_confinement/lens_unit/discriminators_test.dag	non_exec_import_is_not_leak_holds	2	30550328673	srv_fleet_arm64	wall
src/v2/test/claim/meta_exec_confinement/lens_unit/discriminators_test.dag	realization_edge_import_is_not_leak_holds	2	30550328673	srv_fleet_arm64	wall
src/v2/test/claim/meta_exec_confinement/scanner/planted_leak_test.dag	scanner_planted_meta_exec_leak_detected_holds	2	30550328673	srv_fleet_arm64	wall
src/v2/test/claim/module_resolution_plan_witness_test.dag	witness_cycle_refuses_never_partially_schedules	1	30550328673	srv_fleet_arm64	wall
src/v2/test/claim/module_resolution_plan_witness_test.dag	witness_diamond_schedules_as_antichain_levels	4	30550328673	srv_fleet_arm64	wall
src/v2/test/claim/name_resolve_cross_tree_resolution_test.dag	witness_cross_tree_dag_to_v2_grounded_denied_holds	8	30550328673	srv_fleet_arm64	wall
src/v2/test/claim/name_resolve_cross_tree_resolution_test.dag	witness_cross_tree_v2_to_dag_grounded_resolves_holds	9	30550328673	srv_fleet_arm64	wall
src/v2/test/claim/name_resolve_cross_tree_resolution_test.dag	witness_dag_same_tree_import_resolves_holds	7	30550328673	srv_fleet_arm64	wall
src/v2/test/claim/name_resolve_cross_tree_resolution_test.dag	witness_v2_same_tree_import_resolves_holds	8	30550328673	srv_fleet_arm64	wall
src/v2/test/claim/namespace_graft/collapsed_reader_test.dag	collapsed_reader_grafted_expected_qn_holds	3	30550328673	srv_fleet_arm64	wall
src/v2/test/claim/namespace_graft/graft_shape_test.dag	namespace_graft_body_edges_survive_holds	3	30550328673	srv_fleet_arm64	wall
src/v2/test/claim/namespace_graft/marker_strip_test.dag	namespace_graft_marker_strip_fill_equivalent_holds	4	30550328673	srv_fleet_arm64	wall
src/v2/test/claim/no_dual_representation_test/lens_unit/controls_test.dag	body_mirror_is_red	3	30550328673	srv_fleet_arm64	wall
src/v2/test/claim/no_dual_representation_test/lens_unit/controls_test.dag	independent_oracle_is_green	1	30550328673	srv_fleet_arm64	wall
src/v2/test/claim/parse/parse_binding_fidelity_test.dag	witness_ambiguous_export_fail_closed_holds	10	30550328673	srv_fleet_arm64	wall
src/v2/test/claim/parse/parse_binding_fidelity_test.dag	witness_cross_file_import_binding_resolves_holds	8	30550328673	srv_fleet_arm64	wall
src/v2/test/claim/parse/parse_table_claims_test.dag	parse_table_grammar_expr_projection_holds	2	30550328673	srv_fleet_arm64	wall
src/v2/test/claim/parse/parse_table_claims_test.dag	parse_table_parse_expr_combinator_holds	4	30550328673	srv_fleet_arm64	wall
src/v2/test/claim/pr_native_batch_test.dag	witness_floor_batches_unchanged_when_unenrolled	24	30550328673	srv_fleet_arm64	wall
src/v2/test/claim/proactive_verification_ledger_witness_test.dag	proactive_verification_ledger_enumeration_holds	2	30550328673	srv_fleet_arm64	wall
src/v2/test/claim/provenance/parse_stamp_span_index_test.dag	parse_stamp_sequence_derived_by_holds	6	30550328673	srv_fleet_arm64	wall
src/v2/test/claim/provenance/parse_stamp_span_index_test.dag	parse_stamp_terminal_from_source_holds	2	30550328673	srv_fleet_arm64	wall
src/v2/test/claim/realization_runner_witness_test.dag	witness_runner_schedule_batch_helpers	1	30550328673	srv_fleet_arm64	wall
src/v2/test/claim/realization_vocabulary_containment/lens_unit/discriminators_test.dag	bash_vocab_fresh_non_edge_import_is_leak_holds	12	30550328673	srv_fleet_arm64	wall
src/v2/test/claim/realization_vocabulary_containment/lens_unit/discriminators_test.dag	bash_vocab_realization_edge_import_is_not_leak_holds	9	30550328673	srv_fleet_arm64	wall
src/v2/test/claim/realization_vocabulary_containment/lens_unit/discriminators_test.dag	bucket_d_emit_modules_on_edge_roster_are_not_leak_holds	20	30550328673	srv_fleet_arm64	wall
src/v2/test/claim/realization_vocabulary_containment/lens_unit/discriminators_test.dag	de_rostered_ci_materialization_emit_edge_is_leak_holds	1	30550328673	srv_fleet_arm64	wall
src/v2/test/claim/realization_vocabulary_containment/lens_unit/discriminators_test.dag	de_rostered_consumer_import_is_leak_holds	11	30550328673	srv_fleet_arm64	wall
src/v2/test/claim/realization_vocabulary_containment/lens_unit/discriminators_test.dag	fresh_non_edge_import_is_leak_holds	9	30550328673	srv_fleet_arm64	wall
src/v2/test/claim/realization_vocabulary_containment/lens_unit/discriminators_test.dag	realization_edge_import_is_not_leak_holds	8	30550328673	srv_fleet_arm64	wall
src/v2/test/claim/realization_vocabulary_containment/scanner/planted_leak_test.dag	realization_vocab_planted_leak_detected_holds	13	30550328673	srv_fleet_arm64	wall
src/v2/test/claim/resolve/namespace_only_policy_test.dag	import_scoped_policy_ambiguous_at_module_position_red_holds	16	30550328673	srv_fleet_arm64	wall
src/v2/test/claim/resolve/namespace_only_policy_test.dag	namespace_only_policy_chain_shadow_ambiguous_refuses_holds	1	30550328673	srv_fleet_arm64	wall
src/v2/test/claim/resolve/namespace_only_policy_test.dag	namespace_only_policy_variant_alias_shadow_ambiguous_refuses_holds	5	30550328673	srv_fleet_arm64	wall
src/v2/test/claim/resolve/qualified_module_projection_resolve_test.dag	witness_qualified_name_node_miss_red_holds	8	30550328673	srv_fleet_arm64	wall
src/v2/test/claim/resolve/qualified_module_projection_resolve_test.dag	witness_qualified_name_node_resolves_holds	6	30550328673	srv_fleet_arm64	wall
src/v2/test/claim/round_trip/source_authority_contract_test.dag	source_authority_contract_serializer_section_law_holds	37	30550328673	srv_fleet_arm64	wall
src/v2/test/claim/rust_crate_partition_witness_test.dag	witness_interim_module_bearing_unit_count_holds	1	30550328673	srv_fleet_arm64	wall
src/v2/test/claim/rust_crate_partition_witness_test.dag	witness_partition_fold_unit_count_holds	75	30550328673	srv_fleet_arm64	wall
src/v2/test/claim/rust_crate_partition_witness_test.dag	witness_partition_perturbation_member_coverage_holds	31	30550328673	srv_fleet_arm64	wall
src/v2/test/claim/rust_crate_partition_witness_test.dag	witness_partition_r4_valid_on_interim_holds	218	30550328673	srv_fleet_arm64	wall
src/v2/test/claim/rust_crate_partition_witness_test.dag	witness_r4_refuses_forced_scc_split_holds	6	30550328673	srv_fleet_arm64	wall
src/v2/test/claim/rust_crate_partition_witness_test.dag	witness_r4_refuses_unit_graph_cycle_holds	2	30550328673	srv_fleet_arm64	wall
src/v2/test/claim/self_host/compiler_frontier_census_test.dag	compiler_frontier_band_a_emit_readiness_roster_holds	2	30550328673	srv_fleet_arm64	wall
src/v2/test/claim/self_host/compiler_frontier_census_test.dag	compiler_frontier_census_composite_test	6	30550328673	srv_fleet_arm64	wall
src/v2/test/claim/self_host/emit_coverage_frontier_test.dag	witness_all_claims_backed_holds	1	30550328673	srv_fleet_arm64	wall
src/v2/test/claim/self_host/emit_coverage_frontier_test.dag	witness_each_subject_has_exactly_one_row	2	30550328673	srv_fleet_arm64	wall
src/v2/test/claim/self_host/emitter_producer_provenance_witness_test.dag	witness_census_includes_producer_backing_holds	10	30550328673	srv_fleet_arm64	wall
src/v2/test/claim/self_host/emitter_producer_provenance_witness_test.dag	witness_oracle_rows_match_transport_roster_holds	1	30550328673	srv_fleet_arm64	wall
src/v2/test/claim/self_host/native_routing_frontier_test.dag	witness_each_subject_has_exactly_one_row	1	30550328673	srv_fleet_arm64	wall
src/v2/test/claim/self_host/wave1_gate1_a1_symbol_index_body_producer_witness_test.dag	wave1_gate1_a1_match_spine_identity_absent_dispatch_witness_holds	1	30550328673	srv_fleet_arm64	wall
src/v2/test/claim/self_host/wave1_gate1_c1_copied_port_derivation_witness_test.dag	wave1_gate1_c1_derived_registry_witness_holds	4	30550328673	srv_fleet_arm64	wall
src/v2/test/claim/self_host/wave1_gate2_namespace_symbol_index_witness_test.dag	wave1_gate2_symbol_index_containment_red_controls_holds	11	30550328673	srv_fleet_arm64	wall
src/v2/test/claim/self_host/wave1_gate2_namespace_symbol_index_witness_test.dag	wave1_gate2_symbol_index_containment_substrate_holds	3	30550328673	srv_fleet_arm64	wall
src/v2/test/claim/self_host/wet_receipt_enrollment_witness_test.dag	witness_nightly_enrollment_is_template_only_while_bindings_revoked	2	30550328673	srv_fleet_arm64	wall
src/v2/test/claim/self_host/witness_bulk_routing_test.dag	witness_each_sample_entry_has_exactly_one_row	1	30550328673	srv_fleet_arm64	wall
src/v2/test/claim/self_host_realized_comparison_floor_test.dag	self_host_realized_comparison_hand_maintained_excluded_by_roster_holds	3	30550328673	srv_fleet_arm64	wall
src/v2/test/claim/simulated_relationship/lens_unit/discriminators_test.dag	distinct_input_is_not_simulated	2	30550328673	srv_fleet_arm64	wall
src/v2/test/claim/simulated_relationship/lens_unit/discriminators_test.dag	divergent_op_fillings_are_not_all_leaves	1	30550328673	srv_fleet_arm64	wall
src/v2/test/claim/simulated_relationship/lens_unit/discriminators_test.dag	gate_chain_is_simulated	2	30550328673	srv_fleet_arm64	wall
src/v2/test/claim/simulated_relationship/lens_unit/discriminators_test.dag	positional_typecheck_is_simulated	2	30550328673	srv_fleet_arm64	wall
src/v2/test/claim/simulated_relationship/lens_unit/discriminators_test.dag	pure_duplication_is_not_simulated	1	30550328673	srv_fleet_arm64	wall
src/v2/test/claim/spine/spine_receipt_witness_test.dag	star_receipt_reports_all_axes	1	30550328673	srv_fleet_arm64	wall
src/v2/test/claim/sql_create_table_fold_test.dag	sql_fold_create_table_single_col_holds	39	30550328673	srv_fleet_arm64	wall
src/v2/test/claim/sql_create_table_fold_test.dag	sql_fold_create_table_two_col_holds	18	30550328673	srv_fleet_arm64	wall
src/v2/test/claim/sql_create_table_fold_test.dag	sql_fold_create_table_with_pk_holds	29	30550328673	srv_fleet_arm64	wall
src/v2/test/claim/sql_create_table_fold_test.dag	sql_fold_direct_serialize_tier_holds	2	30550328673	srv_fleet_arm64	wall
src/v2/test/claim/std_grounding/terminal_gate_test.dag	witness_grounding_terminal_gate_runtime_authoritative_discriminates	100	30550328673	srv_fleet_arm64	wall
src/v2/test/claim/structural_similarity/lens_unit/discriminators_test.dag	divergent_family_is_not_similar	1	30550328673	srv_fleet_arm64	wall
src/v2/test/claim/symbol_index/containment_test.dag	symbol_index_alias_binding_lexical_lookup_holds	14	30550328673	srv_fleet_arm64	wall
src/v2/test/claim/symbol_index/containment_test.dag	symbol_index_alias_unresolved_target_red_control_holds	7	30550328673	srv_fleet_arm64	wall
src/v2/test/claim/symbol_index/containment_test.dag	symbol_index_fill_marks_duplicate_leaf_ambiguous_holds	6	30550328673	srv_fleet_arm64	wall
src/v2/test/claim/symbol_index/containment_test.dag	symbol_index_global_unique_lookup_resolves_globally_unique_holds	4	30550328673	srv_fleet_arm64	wall
src/v2/test/claim/symbol_index/containment_test.dag	symbol_index_lexical_lookup_chain_shadow_refuses_holds	1	30550328673	srv_fleet_arm64	wall
src/v2/test/claim/symbol_index/containment_test.dag	symbol_index_lexical_lookup_unique_variant_holds	4	30550328673	srv_fleet_arm64	wall
src/v2/test/claim/symbol_index/containment_test.dag	symbol_index_lexical_lookup_variant_alias_shadow_refuses_holds	2	30550328673	srv_fleet_arm64	wall
src/v2/test/claim/tokenize/lex_match_thunk_claims_test.dag	lex_match_thunk_claims_holds	5	30550328673	srv_fleet_arm64	wall
src/v2/test/claim/use_site_verdict_test.dag	use_site_verdict_round_trips_every_variant	1	30550328673	srv_fleet_arm64	wall
src/v2/test/claim/witness_admission_test.dag	witness_03_normalize_wet_known_red_consumer_holds	5	30550328673	srv_fleet_arm64	wall
src/v2/test/claim/witness_admission_test.dag	witness_03_normalize_wet_known_red_manifest_covers_holds	20	30550328673	srv_fleet_arm64	wall
src/v2/test/claim/witness_admission_test.dag	witness_complement_wet_falsifier_consumer_holds	4	30550328673	srv_fleet_arm64	wall
src/v2/test/claim/witness_admission_test.dag	witness_discovery_row_consumer_holds	1	30550328673	srv_fleet_arm64	wall
src/v2/test/claim/witness_admission_test.dag	witness_field_access_wet_falsifier_consumer_holds	1	30550328673	srv_fleet_arm64	wall
src/v2/test/claim/witness_admission_test.dag	witness_known_red_probe_consumer_holds	1	30550328673	srv_fleet_arm64	wall
src/v2/test/claim/witness_admission_test.dag	witness_offline_execution_lane_consumer_holds	1	30550328673	srv_fleet_arm64	wall
src/v2/test/claim/witness_admission_test.dag	witness_rehomed_bin_wet_consumer_holds	1	30550328673	srv_fleet_arm64	wall
src/v2/test/claim/witness_admission_test.dag	witness_substrate_long_lane_consumer_holds	1	30550328673	srv_fleet_arm64	wall
src/v2/test/claim/witness_admission_test.dag	witness_synthetic_orphan_admission_red_holds	4	30550328673	srv_fleet_arm64	wall
src/v2/test/claim/witness_exclusion_reconciliation_test.dag	witness_exclusion_frontier_reconciliation_holds	49	30550328673	srv_fleet_arm64	wall
src/v2/test/claim/wrap_decision_predicate_test.dag	wrap_decision_bundle_absent_inapplicable	104	30550328673	srv_fleet_arm64	wall
src/v2/test/claim/wrap_decision_predicate_test.dag	wrap_decision_diagnostics_param_is_owned	8	30550328673	srv_fleet_arm64	wall
src/v2/test/claim/wrap_decision_predicate_test.dag	wrap_decision_diagnostics_return_is_rc	1	30550328673	srv_fleet_arm64	wall
src/v2/test/claim/wrap_decision_predicate_test.dag	wrap_decision_instantiation_arg_is_wrapped	13	30550328673	srv_fleet_arm64	wall
src/v2/test/claim/wrap_decision_predicate_test.dag	wrap_decision_probe_heap_param_miss_rejects	3	30550328673	srv_fleet_arm64	wall
src/v2/test/claim/wrap_decision_predicate_test.dag	wrap_decision_use_site_verdict_param_is_owned	3	30550328673	srv_fleet_arm64	wall
src/v2/test/claim/wrap_decision_predicate_test.dag	wrap_decision_use_site_verdict_return_is_owned	1	30550328673	srv_fleet_arm64	wall
src/v2/test/compiler/pipeline/infer_stage_test.dag	pipeline_infer_add_fixture_relationship_green	5	30550328673	srv_fleet_arm64	wall
src/v2/test/compiler/pipeline/lower_stage_test.dag	pipeline_lower_add_fixture_relationship_green	115	30550328673	srv_fleet_arm64	wall
src/v2/test/compiler/pipeline/tokenize_stage_test.dag	pipeline_tokenize_add_relationship_green	105	30550328673	srv_fleet_arm64	wall
src/v2/test/compiler/pipeline/tokenize_stage_test.dag	pipeline_tokenize_pick_relationship_green	99	30550328673	srv_fleet_arm64	wall
src/v2/test/lens_mock_totality/git_mock_totality_test.dag	git_mock_consumer_is_total_holds	1	30550328673	srv_fleet_arm64	wall
src/v2/test/workflow/workflow/affected_testgen_ci_runner_gate_test.dag	witness_affected_testgen_dependency_diff_selects_generated_claim_green	4	30550328673	srv_fleet_arm64	wall
src/v2/test/workflow/workflow/affected_testgen_ci_runner_gate_test.dag	witness_affected_testgen_fusion_green	140	30550328673	srv_fleet_arm64	wall
src/v2/workflow/affected_set_ci_runner_test.dag	ci_runner_discovered_equals_roster_on_fail_closed_holds	1	30550328673	srv_fleet_arm64	wall
src/v2/workflow/affected_set_ci_runner_test.dag	ci_runner_discovered_equals_selected_inner_frontier_holds	1	30550328673	srv_fleet_arm64	wall
src/v2/workflow/affected_set_ci_runner_test.dag	ci_runner_discovered_equals_selected_shape_collision_holds	1	30550328673	srv_fleet_arm64	wall
src/v2/workflow/affected_set_floor_runner_test.dag	floor_test_diff_policy_matches_ci_spec_holds	4	30550328673	srv_fleet_arm64	wall
src/v2/workflow/ci_floor_peak_emit_test.dag	ci_floor_peak_locate_emit_matches_golden_holds	42	30550328673	srv_fleet_arm64	wall
src/v2/workflow/ci_floor_peak_emit_test.dag	ci_floor_peak_post_emit_matches_golden_holds	23	30550328673	srv_fleet_arm64	wall
src/v2/workflow/ci_floor_peak_emit_test.dag	ci_floor_peak_pre_emit_has_teeth_holds	13	30550328673	srv_fleet_arm64	wall
src/v2/workflow/ci_floor_peak_emit_test.dag	ci_floor_peak_pre_reset_if_has_teeth_holds	9	30550328673	srv_fleet_arm64	wall
src/v2/workflow/ci_heal_skew_guard_emit_test.dag	ci_heal_skew_guard_emit_did_not_refuse_holds	279	30550328673	srv_fleet_arm64	wall
src/v2/workflow/ci_materialization_emit_test.dag	ci_sccache_provider_shell_injection_emit_matches_golden_holds	62	30550328673	srv_fleet_arm64	wall
src/v2/workflow/ci_regen_rustfmt_path_emit_test.dag	ci_regen_ensure_rustfmt_path_emit_carries_dissolve_marker_holds	153	30550328673	srv_fleet_arm64	wall
src/v2/workflow/lens_discrimination_family_eval_test.dag	witness_lens_discrimination_family_gate_closed	2	30550328673	srv_fleet_arm64	wall
src/v2/workflow/lens_effect_family_eval_test.dag	witness_lens_effect_family_gate_closed	1	30550328673	srv_fleet_arm64	wall
src/v2/workflow/lens_idempotency_family_eval_test.dag	witness_lens_idempotency_family_gate_closed	8	30550328673	srv_fleet_arm64	wall
src/v2/workflow/lens_ownership_family_eval_test.dag	witness_lens_ownership_family_gate_closed	1	30550328673	srv_fleet_arm64	wall
src/v2/workflow/lens_parallelism_family_eval_test.dag	witness_lens_parallelism_family_gate_closed	9	30550328673	srv_fleet_arm64	wall
src/v2/workflow/lens_synthesis_family_eval_test.dag	witness_lens_synthesis_family_gate_closed	6	30550328673	srv_fleet_arm64	wall
src/v2/workflow/lens_unused_parameters_family_eval_test.dag	witness_lens_unused_parameters_family_gate_closed	2	30550328673	srv_fleet_arm64	wall
src/v2/workflow/orchestration_bash_test.dag	orch_bash_cmdsubst_assign_row_holds	14	30550328673	srv_fleet_arm64	wall
src/v2/workflow/orchestration_bash_test.dag	orch_bash_log_matches_grep_row_holds	12	30550328673	srv_fleet_arm64	wall
src/v2/workflow/orchestration_bash_test.dag	orch_bash_stmt_andor_row_holds	14	30550328673	srv_fleet_arm64	wall
src/v2/workflow/orchestration_bash_test.dag	orch_bash_stmt_if_block_row_holds	13	30550328673	srv_fleet_arm64	wall
src/v2/workflow/orchestration_bash_test.dag	orch_bash_stmt_if_else_block_row_holds	12	30550328673	srv_fleet_arm64	wall
src/v2/workflow/orchestration_bash_test.dag	orch_bash_stmt_if_row_holds	10	30550328673	srv_fleet_arm64	wall
src/v2/workflow/orchestration_bash_test.dag	orch_bash_test_str_empty_row_holds	9	30550328673	srv_fleet_arm64	wall
src/v2/workflow/orchestration_bash_test.dag	orch_bash_test_str_nonempty_row_holds	7	30550328673	srv_fleet_arm64	wall
src/v2/workflow/orchestration_bash_test.dag	orch_run_bare_emits_command_holds	5	30550328673	srv_fleet_arm64	wall
src/v2/workflow/orchestration_bash_test.dag	orch_run_env_prefix_derived_from_intent_holds	13	30550328673	srv_fleet_arm64	wall
src/v2/workflow/orchestration_bash_test.dag	orch_run_env_unset_emits_env_u_holds	11	30550328673	srv_fleet_arm64	wall
src/v2/workflow/orchestration_bash_test.dag	orch_run_env_value_has_teeth_holds	1	30550328673	srv_fleet_arm64	wall
src/v2/workflow/orchestration_bounded_poll_emit_test.dag	orch_bounded_poll_emit_has_teeth_holds	33	30550328673	srv_fleet_arm64	wall
src/v2/workflow/orchestration_bounded_poll_emit_test.dag	orch_bounded_poll_emit_matches_golden_holds	2	30550328673	srv_fleet_arm64	wall
src/v2/workflow/orchestration_emit_test.dag	orch_if_both_arms_empty_noop_holds	32	30550328673	srv_fleet_arm64	wall
src/v2/workflow/orchestration_emit_test.dag	orch_if_empty_then_no_else_noop_holds	9	30550328673	srv_fleet_arm64	wall
src/v2/workflow/orchestration_emit_test.dag	orch_if_empty_then_with_nonempty_else_noop_holds	3	30550328673	srv_fleet_arm64	wall
src/v2/workflow/orchestration_emit_test.dag	orch_if_multi_step_else_only_block_form_holds	25	30550328673	srv_fleet_arm64	wall
src/v2/workflow/orchestration_emit_test.dag	orch_if_multi_step_then_and_else_block_form_holds	3	30550328673	srv_fleet_arm64	wall
src/v2/workflow/orchestration_emit_test.dag	orch_if_multi_step_then_no_else_block_form_holds	8	30550328673	srv_fleet_arm64	wall
src/v2/workflow/orchestration_emit_test.dag	orch_if_nonempty_then_with_empty_else_noop_holds	1	30550328673	srv_fleet_arm64	wall
src/v2/workflow/orchestration_emit_test.dag	orch_if_single_step_no_else_byte_identical_holds	1	30550328673	srv_fleet_arm64	wall
src/v2/workflow/orchestration_emit_test.dag	orch_if_single_step_with_else_byte_identical_holds	1	30550328673	srv_fleet_arm64	wall
src/v2/workflow/orchestration_emit_test.dag	orch_pipeline_join_has_teeth_holds	16	30550328673	srv_fleet_arm64	wall
src/v2/workflow/orchestration_emit_test.dag	orch_run_empty_env_delegates_to_shell_emit_holds	1	30550328673	srv_fleet_arm64	wall
src/v2/workflow/orchestration_emit_test.dag	orch_run_env_unset_multi_binding_structured_holds	11	30550328673	srv_fleet_arm64	wall
src/v2/workflow/orchestration_retry_emit_test.dag	orch_retry_1level_emit_has_teeth_holds	59	30550328673	srv_fleet_arm64	wall
src/v2/workflow/orchestration_retry_emit_test.dag	orch_retry_1level_emit_matches_golden_holds	3	30550328673	srv_fleet_arm64	wall
src/v2/workflow/orchestration_retry_emit_test.dag	orch_retry_1level_row_direct_emit_accepted_holds	1	30550328673	srv_fleet_arm64	wall
src/v2/workflow/orchestration_retry_emit_test.dag	orch_retry_body_capture_present_refused_holds	1	30550328673	srv_fleet_arm64	wall
src/v2/workflow/orchestration_retry_emit_test.dag	orch_retry_body_env_empty_accepted_holds	3	30550328673	srv_fleet_arm64	wall
src/v2/workflow/orchestration_retry_emit_test.dag	orch_retry_byte_identical_to_hand_authored_holds	5	30550328673	srv_fleet_arm64	wall
src/v2/workflow/orchestration_retry_emit_test.dag	orch_retry_env_value_has_teeth_holds	54	30550328673	srv_fleet_arm64	wall
src/v2/workflow/orchestration_retry_emit_test.dag	orch_retry_escalation_final_row_emit_holds	9	30550328673	srv_fleet_arm64	wall
src/v2/workflow/orchestration_retry_emit_test.dag	orch_retry_escalation_step_row_emit_holds	28	30550328673	srv_fleet_arm64	wall
src/v2/workflow/orchestration_retry_emit_test.dag	orch_retry_exhausted_has_teeth_holds	3	30550328673	srv_fleet_arm64	wall
src/v2/workflow/orchestration_retry_emit_test.dag	orch_retry_row_direct_emit_accepted_holds	2	30550328673	srv_fleet_arm64	wall
src/v2/workflow/orchestration_tier2_emit_test.dag	orch_tier2_cmdsubst_assign_has_teeth_holds	18	30550328673	srv_fleet_arm64	wall
src/v2/workflow/orchestration_tier2_emit_test.dag	orch_tier2_fresh_standup_dag_pin_empty_let_holds	1	30550328673	srv_fleet_arm64	wall
src/v2/workflow/orchestration_tier2_emit_test.dag	orch_tier2_fresh_standup_effective_var_let_holds	1	30550328673	srv_fleet_arm64	wall
src/v2/workflow/orchestration_tier2_emit_test.dag	orch_tier2_fresh_standup_procedure_call_holds	7	30550328673	srv_fleet_arm64	wall
src/v2/workflow/orchestration_tier2_emit_test.dag	orch_tier2_fresh_standup_read_pin_call_holds	1	30550328673	srv_fleet_arm64	wall
src/v2/workflow/orchestration_tier2_emit_test.dag	orch_tier2_fresh_standup_verdict_absent_let_holds	1	30550328673	srv_fleet_arm64	wall
src/v2/workflow/orchestration_tier2_emit_test.dag	orch_tier2_procedure_definition_band_holds	36	30550328673	srv_fleet_arm64	wall
src/v2/workflow/probe_selector_ci_runner_test.dag	probe_selector_ci_runner_availability_holds	1	30550328673	srv_fleet_arm64	wall
src/v2/workflow/probe_selector_ci_runner_test.dag	probe_selector_ci_runner_one_kernel_holds	3	30550328673	srv_fleet_arm64	wall
