module	root	code	block	manifestation	file	line	col	expected	found	mechanism	e0308_candidate_projection	message
00_compile	UNCLASSIFIED	E0433	1	1	src/v2_lens_complexity_accumulator_copy_analyze.rs	440	43			UNCLASSIFIED		cannot find type `Behavior` in this scope
00_compile	UNCLASSIFIED	E0433	2	1	src/v2_lens_complexity_accumulator_copy_analyze.rs	479	43			UNCLASSIFIED		cannot find type `Behavior` in this scope
00_compile	UNCLASSIFIED	E0433	3	1	src/v2_lens_complexity_accumulator_copy_analyze.rs	503	43			UNCLASSIFIED		cannot find type `Behavior` in this scope
00_compile	UNCLASSIFIED	E0433	4	1	src/v2_lens_complexity_accumulator_copy_analyze.rs	538	43			UNCLASSIFIED		cannot find type `Behavior` in this scope
00_compile	UNCLASSIFIED	E0433	5	1	src/v2_lens_complexity_accumulator_copy_analyze.rs	539	43			UNCLASSIFIED		cannot find type `Behavior` in this scope
00_compile	UNCLASSIFIED	E0433	6	1	src/v2_lens_complexity_accumulator_copy_analyze.rs	614	43			UNCLASSIFIED		cannot find type `Behavior` in this scope
00_compile	UNCLASSIFIED	E0433	7	1	src/v2_lens_complexity_accumulator_copy_analyze.rs	655	43			UNCLASSIFIED		cannot find type `Behavior` in this scope
00_compile	UNCLASSIFIED	E0425	8	1	src/v2_lens_enforcement_grammar_coverage.rs	143	41			UNCLASSIFIED		cannot find function `decl_facts` in this scope
00_compile	UNCLASSIFIED	E0425	9	1	src/v2_std_text.rs	20	26			UNCLASSIFIED		cannot find type `Int` in this scope
00_compile	UNCLASSIFIED	E0425	10	1	src/std_state_durability.rs	329	35			UNCLASSIFIED		cannot find type `Int` in this scope
00_compile	UNCLASSIFIED	E0425	11	1	src/v2_compiler_materialization_carriers.rs	145	42			UNCLASSIFIED		cannot find type `NonEmptyStr` in this scope
00_compile	UNCLASSIFIED	E0425	12	1	src/v2_compiler_materialization_carriers.rs	149	44			UNCLASSIFIED		cannot find type `NonEmptyStr` in this scope
00_compile	UNCLASSIFIED	E0425	13	1	src/v2_compiler_materialization_carriers.rs	153	44			UNCLASSIFIED		cannot find type `NonEmptyStr` in this scope
00_compile	UNCLASSIFIED	E0425	14	1	src/v2_compiler_target_carriers.rs	84	23			UNCLASSIFIED		cannot find type `Edge` in this scope
00_compile	UNCLASSIFIED	E0433	15	1	src/v2_lens_cost.rs	735	39			UNCLASSIFIED		cannot find type `ConversionOpcode` in this scope
00_compile	UNCLASSIFIED	E0425	16	1	src/v2_lens_mandatory_tag.rs	402	301			UNCLASSIFIED		cannot find type `T` in this scope
00_compile	UNCLASSIFIED	E0425	17	1	src/v2_lens_reference_deps.rs	331	5			UNCLASSIFIED		cannot find function `length` in this scope
00_compile	UNCLASSIFIED	E0425	18	1	src/v2_lens_reference_deps.rs	331	29			UNCLASSIFIED		cannot find function `length` in this scope
00_compile	UNCLASSIFIED	E0425	19	1	src/v2_lens_reference_deps.rs	366	92			UNCLASSIFIED		cannot find function `decl_facts` in this scope
00_compile	UNCLASSIFIED	E0425	20	1	src/v2_lens_reference_deps.rs	443	5			UNCLASSIFIED		cannot find function `length` in this scope
00_compile	UNCLASSIFIED	E0425	21	1	src/v2_compiler_normalized_tree.rs	44	69			UNCLASSIFIED		cannot find type `NonEmptyDiagnostics` in this scope
00_compile	UNCLASSIFIED	E0425	22	1	src/v2_compiler_normalized_tree.rs	63	80			UNCLASSIFIED		cannot find type `NonEmptyDiagnostics` in this scope
00_compile	UNCLASSIFIED	E0425	23	1	src/v2_compiler_normalize.rs	84	76			UNCLASSIFIED		cannot find type `NonEmptyDiagnostics` in this scope
00_compile	UNCLASSIFIED	E0425	24	1	src/v2_compiler_normalize.rs	136	70			UNCLASSIFIED		cannot find type `NonEmptyDiagnostics` in this scope
00_compile	UNCLASSIFIED	E0425	25	1	src/v2_compiler_program_assembly.rs	38	16			UNCLASSIFIED		cannot find type `SourceRootIndex` in this scope
00_compile	UNCLASSIFIED	E0425	26	1	src/v2_compiler_source_authority.rs	526	20			UNCLASSIFIED		cannot find value `filesystem` in this scope
00_compile	UNCLASSIFIED	E0425	27	1	src/v2_compiler_source_authority.rs	657	20			UNCLASSIFIED		cannot find value `filesystem` in this scope
00_compile	UNCLASSIFIED	E0728	28	1	src/v2_compiler_source_authority.rs	526	50			UNCLASSIFIED		`await` is only allowed inside `async` functions and blocks
00_compile	UNCLASSIFIED	E0728	29	1	src/v2_compiler_source_authority.rs	657	55			UNCLASSIFIED		`await` is only allowed inside `async` functions and blocks
00_compile	ABSENT_CLONE_BOUND	E0277	30	1	src/v2_std_test_claim_falsification.rs	38	24			ABSENT_CLONE_BOUND		the trait bound `A: Clone` is not satisfied
00_compile	ABSENT_CLONE_BOUND	E0277	31	1	src/v2_compiler_eval.rs	302	19			ABSENT_CLONE_BOUND		the trait bound `T: Clone` is not satisfied
00_compile	ABSENT_CLONE_BOUND	E0277	32	1	src/v2_compiler_eval.rs	329	21			ABSENT_CLONE_BOUND		the trait bound `A: Clone` is not satisfied
00_compile	ABSENT_CLONE_BOUND	E0308	33	1	src/v2_extdeps_languages_fidelity.rs	27	79	Feature	&Feature	ABSENT_CLONE_BOUND	A-clone	mismatched types
00_compile	ABSENT_CLONE_BOUND	E0308	33	2	src/v2_extdeps_languages_fidelity.rs	27	79	_	&_	ABSENT_CLONE_BOUND	A-clone	mismatched types
00_compile	UNCLASSIFIED	E0631	34	1	src/v2_lens_complexity_accumulator_copy_analyze.rs	70	48			UNCLASSIFIED		type mismatch in closure arguments
00_compile	UNCLASSIFIED	E0631	35	1	src/v2_lens_complexity_accumulator_copy_analyze.rs	72	48			UNCLASSIFIED		type mismatch in closure arguments
00_compile	UNCLASSIFIED	E0308	36	1	src/v2_lens_complexity_accumulator_copy_analyze.rs	125	116	Rc<Edge>	Edge	UNCLASSIFIED	R1	mismatched types
00_compile	UNCLASSIFIED	E0631	37	1	src/v2_lens_complexity_accumulator_copy_analyze.rs	125	36			UNCLASSIFIED		type mismatch in closure arguments
00_compile	UNCLASSIFIED	E0631	38	1	src/v2_lens_complexity_accumulator_copy_analyze.rs	333	40			UNCLASSIFIED		type mismatch in closure arguments
00_compile	UNCLASSIFIED	E0308	39	1	src/v2_lens_complexity_accumulator_copy_analyze.rs	485	80	Vector<PortReading>	Vector<Rc<PortReading>>	UNCLASSIFIED	R1	mismatched types
00_compile	UNCLASSIFIED	E0631	40	1	src/v2_lens_complexity_accumulator_copy_analyze.rs	479	110			UNCLASSIFIED		type mismatch in closure arguments
00_compile	UNCLASSIFIED	E0308	41	1	src/v2_lens_complexity_accumulator_copy_analyze.rs	479	72	Rc<Vector<Rc<PortReading>>>	Rc<Vector<PortReading>>	UNCLASSIFIED	R1	mismatched types
00_compile	UNCLASSIFIED	E0631	42	1	src/v2_lens_complexity_accumulator_copy_analyze.rs	643	36			UNCLASSIFIED		type mismatch in closure arguments
00_compile	UNCLASSIFIED	E0631	43	1	src/v2_lens_complexity_accumulator_copy_analyze.rs	656	48			UNCLASSIFIED		type mismatch in closure arguments
00_compile	UNCLASSIFIED	E0631	44	1	src/v2_lens_complexity_accumulator_copy_analyze.rs	683	51			UNCLASSIFIED		type mismatch in closure arguments
00_compile	UNCLASSIFIED	E0308	45	1	src/v2_lens_complexity_accumulator_copy_analyze.rs	696	15	Rc<Vector<Finding>>	Rc<Vector<Rc<Finding>>>	UNCLASSIFIED	R1	mismatched types
00_compile	UNCLASSIFIED	E0308	46	1	src/v2_lens_complexity_lowering.rs	48	13	Vector<()>	Vector<Rc<ComplexityLowering>>	UNCLASSIFIED	C	mismatched types
00_compile	UNCLASSIFIED	E0631	47	1	src/v2_lens_complexity_lowering.rs	52	33			UNCLASSIFIED		type mismatch in function arguments
00_compile	UNCLASSIFIED	E0308	48	1	src/v2_lens_complexity_lowering.rs	60	104	Rc<ComplexityLowering>	()	UNCLASSIFIED	C	mismatched types
00_compile	UNCLASSIFIED	E0308	49	1	src/v2_lens_complexity_lowering.rs	68	107	Rc<ComplexityLowering>	()	UNCLASSIFIED	C	mismatched types
00_compile	UNCLASSIFIED	E0609	50	1	src/v2_lens_complexity_lowering.rs	69	11			UNCLASSIFIED		no field `after` on type `()`
00_compile	UNCLASSIFIED	E0308	51	1	src/v2_lens_coverage.rs	52	21	Coverage<Rc<CoverageDefectAcceptanceKey>>	CoverageDefectAcceptanceKey	UNCLASSIFIED	D	mismatched types
00_compile	UNCLASSIFIED	E0308	52	1	src/v2_lens_coverage.rs	63	21	Coverage<Rc<CoverageDefectAcceptanceKey>>	CoverageDefectAcceptanceKey	UNCLASSIFIED	D	mismatched types
00_compile	UNCLASSIFIED	E0308	53	1	src/v2_lens_coverage.rs	74	21	Coverage<Rc<CoverageDefectAcceptanceKey>>	CoverageDefectAcceptanceKey	UNCLASSIFIED	D	mismatched types
00_compile	UNCLASSIFIED	E0308	54	1	src/v2_lens_coverage.rs	85	21	Coverage<Rc<CoverageDefectAcceptanceKey>>	CoverageDefectAcceptanceKey	UNCLASSIFIED	D	mismatched types
00_compile	UNCLASSIFIED	E0308	55	1	src/v2_lens_coverage.rs	96	21	Coverage<Rc<CoverageDefectAcceptanceKey>>	CoverageDefectAcceptanceKey	UNCLASSIFIED	D	mismatched types
00_compile	UNCLASSIFIED	E0308	56	1	src/v2_lens_coverage.rs	107	21	Coverage<Rc<CoverageDefectAcceptanceKey>>	CoverageDefectAcceptanceKey	UNCLASSIFIED	D	mismatched types
00_compile	UNCLASSIFIED	E0308	57	1	src/v2_lens_coverage.rs	118	21	Coverage<Rc<CoverageDefectAcceptanceKey>>	CoverageDefectAcceptanceKey	UNCLASSIFIED	D	mismatched types
00_compile	UNCLASSIFIED	E0308	58	1	src/v2_lens_coverage.rs	129	21	Coverage<Rc<CoverageDefectAcceptanceKey>>	CoverageDefectAcceptanceKey	UNCLASSIFIED	D	mismatched types
00_compile	UNCLASSIFIED	E0308	59	1	src/v2_lens_coverage.rs	140	21	Coverage<Rc<CoverageDefectAcceptanceKey>>	CoverageDefectAcceptanceKey	UNCLASSIFIED	D	mismatched types
00_compile	UNCLASSIFIED	E0308	60	1	src/v2_lens_coverage.rs	151	21	Coverage<Rc<CoverageDefectAcceptanceKey>>	CoverageDefectAcceptanceKey	UNCLASSIFIED	D	mismatched types
00_compile	UNCLASSIFIED	E0308	61	1	src/v2_lens_coverage.rs	162	21	Coverage<Rc<CoverageDefectAcceptanceKey>>	CoverageDefectAcceptanceKey	UNCLASSIFIED	D	mismatched types
00_compile	UNCLASSIFIED	E0308	62	1	src/v2_lens_coverage.rs	173	21	Coverage<Rc<CoverageDefectAcceptanceKey>>	CoverageDefectAcceptanceKey	UNCLASSIFIED	D	mismatched types
00_compile	UNCLASSIFIED	E0308	63	1	src/v2_lens_coverage.rs	184	21	Coverage<Rc<CoverageDefectAcceptanceKey>>	CoverageDefectAcceptanceKey	UNCLASSIFIED	D	mismatched types
00_compile	UNCLASSIFIED	E0061	64	1	src/v2_lens_coverage.rs	200	11			UNCLASSIFIED		this function takes 2 arguments but 3 arguments were supplied
00_compile	UNCLASSIFIED	E0061	65	1	src/v2_lens_coverage.rs	207	93			UNCLASSIFIED		this function takes 2 arguments but 3 arguments were supplied
00_compile	UNCLASSIFIED	E0308	66	1	src/v2_lens_coverage.rs	214	181	()	Rc<Coverage<C>>	UNCLASSIFIED	C	mismatched types
00_compile	UNCLASSIFIED	E0308	67	1	src/v2_lens_enforcement_standing_intent.rs	215	32	Vector<NarrowingReason>	Vector<Rc<NarrowingReason>>	UNCLASSIFIED	R1	mismatched types
00_compile	UNCLASSIFIED	E0308	68	1	src/v2_lens_enforcement_standing_intent.rs	246	32	Vector<NarrowingReason>	Vector<Rc<NarrowingReason>>	UNCLASSIFIED	R1	mismatched types
00_compile	UNCLASSIFIED	E0061	69	1	src/v2_lens_enforcement_vocab.rs	225	66			UNCLASSIFIED		this function takes 2 arguments but 3 arguments were supplied
00_compile	UNCLASSIFIED	E0061	70	1	src/v2_lens_enforcement_vocab.rs	300	42			UNCLASSIFIED		this function takes 2 arguments but 3 arguments were supplied
00_compile	UNCLASSIFIED	E0061	71	1	src/v2_lens_enforcement_vocab.rs	304	40			UNCLASSIFIED		this function takes 2 arguments but 3 arguments were supplied
00_compile	UNCLASSIFIED	E0282	72	1	src/v2_lens_witness_cost_locality.rs	90	119			UNCLASSIFIED		type annotations needed
00_compile	UNCLASSIFIED	E0061	73	1	src/v2_lens_witness_cost_locality.rs	90	79			UNCLASSIFIED		this function takes 2 arguments but 3 arguments were supplied
00_compile	UNCLASSIFIED	E0282	74	1	src/v2_lens_witness_cost_locality.rs	188	45			UNCLASSIFIED		type annotations needed
00_compile	UNCLASSIFIED	E0061	75	1	src/v2_lens_witness_cost_locality.rs	188	5			UNCLASSIFIED		this function takes 2 arguments but 3 arguments were supplied
00_compile	UNCLASSIFIED	E0599	76	1	src/v2_std_cross_tree_resolution.rs	103	17			UNCLASSIFIED		no associated function or constant named `Empty` found for struct `im::Vector<A>` in the current scope
00_compile	UNCLASSIFIED	E0223	77	1	src/v2_std_cross_tree_resolution.rs	104	5			UNCLASSIFIED		ambiguous associated type
00_compile	UNCLASSIFIED	E0425	78	1	src/v2_std_layer.rs	38	5			UNCLASSIFIED		cannot find function `layer_import_facts` in this scope
00_compile	ABSENT_CLONE_BOUND	E0308	79	1	src/v2_std_passing_candidate_fold.rs	34	83	T	&T	ABSENT_CLONE_BOUND	A-clone	mismatched types
00_compile	ABSENT_CLONE_BOUND	E0308	79	2	src/v2_std_passing_candidate_fold.rs	34	83	_	&_	ABSENT_CLONE_BOUND	A-clone	mismatched types
00_compile	UNCLASSIFIED	E0308	80	1	src/std_checked_arithmetic.rs	305	12	Rc<i64>	i64	UNCLASSIFIED	R1	mismatched types
00_compile	UNCLASSIFIED	E0599	81	1	src/v2_std_node.rs	806	103			UNCLASSIFIED		the method `partial_cmp` exists for reference `&T`, but its trait bounds were not satisfied
00_compile	ABSENT_CLONE_BOUND	E0308	82	1	src/v2_std_algebra.rs	152	63	T	&T	ABSENT_CLONE_BOUND	A-clone	mismatched types
00_compile	ABSENT_CLONE_BOUND	E0308	82	2	src/v2_std_algebra.rs	152	63	_	&_	ABSENT_CLONE_BOUND	A-clone	mismatched types
00_compile	UNCLASSIFIED	E0308	83	1	src/v2_std_logic.rs	53	5	Bool	True	UNCLASSIFIED	B2	mismatched types
00_compile	UNCLASSIFIED	E0308	84	1	src/v2_std_logic.rs	54	5	Bool	False	UNCLASSIFIED	B2	mismatched types
00_compile	UNCLASSIFIED	E0308	85	1	src/v2_std_logic.rs	57	5	Bool	True	UNCLASSIFIED	B2	mismatched types
00_compile	UNCLASSIFIED	E0308	86	1	src/v2_std_logic.rs	58	5	Bool	False	UNCLASSIFIED	B2	mismatched types
00_compile	UNCLASSIFIED	E0308	87	1	src/v2_std_logic.rs	61	5	Bool	True	UNCLASSIFIED	B2	mismatched types
00_compile	UNCLASSIFIED	E0308	88	1	src/v2_std_logic.rs	62	5	Bool	False	UNCLASSIFIED	B2	mismatched types
00_compile	UNCLASSIFIED	E0308	89	1	src/std_measure.rs	496	18	Rc<i64>	i64	UNCLASSIFIED	R1	mismatched types
00_compile	UNCLASSIFIED	E0369	90	1	src/std_measure.rs	516	109			UNCLASSIFIED		cannot add `{integer}` to `Rc<i64>`
00_compile	ABSENT_CLONE_BOUND	E0599	91	1	src/v2_std_staging.rs	16	39			ABSENT_CLONE_BOUND		no method named `clone` found for type parameter `A` in the current scope
00_compile	ABSENT_CLONE_BOUND	E0277	92	1	src/v2_std_staging.rs	16	22			ABSENT_CLONE_BOUND		the trait bound `C: Clone` is not satisfied
00_compile	ABSENT_CLONE_BOUND	E0308	93	1	src/v2_std_staging.rs	31	53	B	&B	ABSENT_CLONE_BOUND	A-clone	mismatched types
00_compile	ABSENT_CLONE_BOUND	E0308	93	2	src/v2_std_staging.rs	31	53	_	&_	ABSENT_CLONE_BOUND	A-clone	mismatched types
00_compile	UNCLASSIFIED	E0308	94	1	src/v2_std_text.rs	65	59	i64	Box<i64>	UNCLASSIFIED	BOX-WRAP	mismatched types
00_compile	UNCLASSIFIED	E0308	95	1	src/std_realization_schedule.rs	64	11	Rc<Measure<(), S, Rc<i64>>>	Rc<Measure<(), _, i64>>	UNCLASSIFIED	D	mismatched types
00_compile	UNCLASSIFIED	E0308	95	2	src/std_realization_schedule.rs	64	11	Rc<Measure<_, S, Rc<i64>>>	Rc<Measure<_, _, i64>>	UNCLASSIFIED	D	mismatched types
00_compile	UNCLASSIFIED	E0308	96	1	src/std_realization_schedule.rs	74	11	Rc<Measure<(), S, Rc<i64>>>	Rc<Measure<(), S, i64>>	UNCLASSIFIED	R1	mismatched types
00_compile	UNCLASSIFIED	E0308	96	2	src/std_realization_schedule.rs	74	11	Rc<Measure<_, _, Rc<i64>>>	Rc<Measure<_, _, i64>>	UNCLASSIFIED	R1	mismatched types
00_compile	UNCLASSIFIED	E0308	97	1	src/std_realization_schedule.rs	83	19	Rc<Measure<_, _, i64>>	Rc<Measure<(), S, Rc<i64>>>	UNCLASSIFIED	D	mismatched types
00_compile	UNCLASSIFIED	E0308	98	1	src/std_state_durability.rs	152	65	StateDurabilityBoundary	Vector<Rc<StateDurabilityBoundary>>	UNCLASSIFIED	ELEM-COLL	mismatched types
00_compile	UNCLASSIFIED	E0308	99	1	src/std_state_durability.rs	163	70	Rc<StateDurabilityBoundary>	Rc<Vector<Rc<StateDurabilityBoundary>>>	UNCLASSIFIED	ELEM-COLL	mismatched types
00_compile	UNCLASSIFIED	E0308	100	1	src/std_state_durability.rs	291	152	StateDefinitionCallerAssertion	Vector<Rc<StateDefinitionCallerAssertion>>	UNCLASSIFIED	ELEM-COLL	mismatched types
00_compile	UNCLASSIFIED	E0308	101	1	src/std_state_durability.rs	636	59	StateDurabilityBoundary	Vector<Rc<StateDurabilityBoundary>>	UNCLASSIFIED	ELEM-COLL	mismatched types
00_compile	UNCLASSIFIED	E0277	102	1	src/std_state_durability.rs	661	258			UNCLASSIFIED		can't compare `Target` with `Target`
00_compile	UNCLASSIFIED	E0277	103	1	src/std_state_durability.rs	661	258			UNCLASSIFIED		can't compare `ReadbackSubject` with `ReadbackSubject`
00_compile	UNCLASSIFIED	E0277	104	1	src/std_state_durability.rs	679	257			UNCLASSIFIED		can't compare `Target` with `Target`
00_compile	UNCLASSIFIED	E0277	105	1	src/std_state_durability.rs	679	257			UNCLASSIFIED		can't compare `ReadbackSubject` with `ReadbackSubject`
00_compile	UNCLASSIFIED	E0277	106	1	src/std_state_durability.rs	817	109			UNCLASSIFIED		can't compare `Target` with `Target`
00_compile	UNCLASSIFIED	E0277	107	1	src/std_state_durability.rs	817	109			UNCLASSIFIED		can't compare `ReadbackSubject` with `ReadbackSubject`
00_compile	UNCLASSIFIED	E0277	108	1	src/std_state_durability.rs	842	106			UNCLASSIFIED		can't compare `Target` with `Target`
00_compile	UNCLASSIFIED	E0277	109	1	src/std_state_durability.rs	842	106			UNCLASSIFIED		can't compare `ReadbackSubject` with `ReadbackSubject`
00_compile	UNCLASSIFIED	E0308	110	1	src/std_state_durability.rs	878	59	Rc<StateDurabilityEvidence<Target, ReadbackSubject>>	Rc<Vector<Rc<StateDurabilityEvidence<Target, ReadbackSubject>>>>	UNCLASSIFIED	RESIDUE	mismatched types
00_compile	MAP_CARRIER_FORK	E0560	111	1	src/v2_std_collection.rs	94	5			UNCLASSIFIED		struct `Rc<PartialFunction<_, _>>` has no field named `lookup`
00_compile	UNCLASSIFIED	E0277	112	1	src/v2_std_collection.rs	96	14			UNCLASSIFIED		the trait bound `K: Eq` is not satisfied
00_compile	UNCLASSIFIED	E0277	113	1	src/v2_std_collection.rs	96	14			UNCLASSIFIED		the trait bound `K: std::hash::Hash` is not satisfied
00_compile	MAP_CARRIER_FORK	E0308	114	1	src/v2_std_collection.rs	93	13	HashMap<K, V>	Rc<PartialFunction<_, _>>	UNCLASSIFIED	T3	mismatched types
00_compile	UNCLASSIFIED	E0277	115	1	src/v2_std_collection.rs	102	5			UNCLASSIFIED		the trait bound `K: Eq` is not satisfied
00_compile	UNCLASSIFIED	E0277	116	1	src/v2_std_collection.rs	102	5			UNCLASSIFIED		the trait bound `K: std::hash::Hash` is not satisfied
00_compile	UNCLASSIFIED	E0061	117	1	src/v2_std_cross_tree_import_model.rs	88	5			UNCLASSIFIED		this function takes 2 arguments but 3 arguments were supplied
00_compile	UNCLASSIFIED	E0308	118	1	src/v2_std_fold_assembly.rs	258	38	Rc<Outcome<Rc<Vector<Rc<Vector<Rc<Node>>>>>>>	Rc<Outcome<Rc<Vector<Rc<Node>>>>>	UNCLASSIFIED	ELEM-COLL	`match` arms have incompatible types
00_compile	UNCLASSIFIED	E0308	119	1	src/std_cache_interface.rs	638	12	Option<String>	None	UNCLASSIFIED	R2	mismatched types
00_compile	UNCLASSIFIED	E0308	120	1	src/std_cache_interface.rs	652	22	Rc<Measure<(), (), i64>>	Rc<Measure<(), (), Rc<i64>>>	UNCLASSIFIED	R1	mismatched types
00_compile	UNCLASSIFIED	E0308	120	2	src/std_cache_interface.rs	652	22	Rc<Measure<_, _, i64>>	Rc<Measure<_, _, Rc<i64>>>	UNCLASSIFIED	R1	mismatched types
00_compile	UNCLASSIFIED	E0308	121	1	src/std_cache_interface.rs	667	23	Rc<Measure<(), (), i64>>	Rc<Measure<(), (), Rc<i64>>>	UNCLASSIFIED	R1	mismatched types
00_compile	UNCLASSIFIED	E0308	121	2	src/std_cache_interface.rs	667	23	Rc<Measure<_, _, i64>>	Rc<Measure<_, _, Rc<i64>>>	UNCLASSIFIED	R1	mismatched types
00_compile	UNCLASSIFIED	E0308	122	1	src/std_cache_interface.rs	695	5	String	Option<String>	UNCLASSIFIED	R2	mismatched types
00_compile	UNCLASSIFIED	E0308	123	1	src/std_cache_interface.rs	699	5	String	Option<String>	UNCLASSIFIED	R2	mismatched types
00_compile	UNCLASSIFIED	E0308	124	1	src/std_cache_interface.rs	703	5	Rc<CacheInterfaceFacts>	Option<Rc<CacheInterfaceFacts>>	UNCLASSIFIED	R2	mismatched types
00_compile	UNCLASSIFIED	E0308	124	2	src/std_cache_interface.rs	703	5	Rc<_>	Option<Rc<_>>	UNCLASSIFIED	R2	mismatched types
00_compile	UNCLASSIFIED	E0308	125	1	src/std_realization_measurement.rs	96	11	Rc<Measure<(), S, Rc<i64>>>	Rc<Measure<(), S, i64>>	UNCLASSIFIED	R1	mismatched types
00_compile	UNCLASSIFIED	E0308	125	2	src/std_realization_measurement.rs	96	11	Rc<Measure<_, _, Rc<i64>>>	Rc<Measure<_, _, i64>>	UNCLASSIFIED	R1	mismatched types
00_compile	ABSENT_CLONE_BOUND	E0308	126	1	src/std_realization_reconcile.rs	85	65	A	&A	ABSENT_CLONE_BOUND	A-clone	mismatched types
00_compile	ABSENT_CLONE_BOUND	E0308	126	2	src/std_realization_reconcile.rs	85	65	_	&_	ABSENT_CLONE_BOUND	A-clone	mismatched types
00_compile	UNCLASSIFIED	E0425	127	1	src/v2_lens_module_graph.rs	97	5			UNCLASSIFIED		cannot find function `import_resolution_facts` in this scope
00_compile	UNCLASSIFIED	E0425	128	1	src/v2_lens_module_graph.rs	101	5			UNCLASSIFIED		cannot find function `reference_resolution_facts` in this scope
00_compile	UNCLASSIFIED	E0425	129	1	src/v2_lens_module_graph.rs	114	5			UNCLASSIFIED		cannot find function `module_declaration_facts` in this scope
00_compile	UNCLASSIFIED	E0425	130	1	src/v2_lens_module_graph.rs	130	5			UNCLASSIFIED		cannot find function `dependency_resolution_facts` in this scope
00_compile	UNCLASSIFIED	E0061	131	1	src/v2_lens_module_graph.rs	161	8			UNCLASSIFIED		this function takes 2 arguments but 3 arguments were supplied
00_compile	UNCLASSIFIED	E0061	132	1	src/v2_lens_module_graph.rs	190	8			UNCLASSIFIED		this function takes 2 arguments but 3 arguments were supplied
00_compile	UNCLASSIFIED	E0061	133	1	src/v2_lens_module_graph.rs	223	8			UNCLASSIFIED		this function takes 2 arguments but 3 arguments were supplied
00_compile	MAP_CARRIER_FORK	E0560	134	1	src/v2_std_model_core.rs	190	5			UNCLASSIFIED		struct `Rc<PartialFunction<_, _>>` has no field named `lookup`
00_compile	MAP_CARRIER_FORK	E0308	135	1	src/v2_std_model_core.rs	189	13	HashMap<String, Rc<Node>>	Rc<PartialFunction<_, _>>	UNCLASSIFIED	T3	mismatched types
00_compile	PRIMITIVE_REPR_FORK	E0369	136	1	src/v2_std_nat.rs	56	23			UNCLASSIFIED		binary operation `<` cannot be applied to type `Rc<v2_std_nat::Nat>`
00_compile	ABSENT_CLONE_BOUND	E0308	137	1	src/v2_std_node_query.rs	150	104	T	&T	ABSENT_CLONE_BOUND	A-clone	mismatched types
00_compile	ABSENT_CLONE_BOUND	E0308	137	2	src/v2_std_node_query.rs	150	104	_	&_	ABSENT_CLONE_BOUND	A-clone	mismatched types
00_compile	UNCLASSIFIED	E0308	138	1	src/v2_std_provenance.rs	79	27	Option<Rc<OriginEvent>>	Rc<OriginEvent>	UNCLASSIFIED	R2	mismatched types
00_compile	UNCLASSIFIED	E0308	138	2	src/v2_std_provenance.rs	79	27	Option<Rc<_>>	Rc<_>	UNCLASSIFIED	R2	mismatched types
00_compile	UNCLASSIFIED	E0308	139	1	src/v2_lens_determinism.rs	135	42	Rc<Determinism>	Rc<Edge>	UNCLASSIFIED	RESIDUE	arguments to this function are incorrect
00_compile	UNCLASSIFIED	E0308	140	1	src/v2_lens_determinism.rs	161	64	Witness<Rc<DeterminismFact>>	Witness<DeterminismFact>	UNCLASSIFIED	R1	mismatched types
00_compile	UNCLASSIFIED	E0308	141	1	src/v2_std_cardinality.rs	581	42	Rc<Witness<Rc<TerminationProof>>>	Rc<Edge>	UNCLASSIFIED	RESIDUE	arguments to this function are incorrect
00_compile	UNCLASSIFIED	E0308	142	1	src/v2_std_compilers_lexing.rs	235	13	Vector<Rc<Token>>	Rc<Vector<Rc<Token>>>	UNCLASSIFIED	R1	mismatched types
00_compile	PRIMITIVE_REPR_FORK	E0308	143	1	src/v2_std_integer.rs	1359	26	Rc<Nat>	{integer}	UNCLASSIFIED	B3	mismatched types
00_compile	PRIMITIVE_REPR_FORK	E0308	144	1	src/v2_std_integer.rs	1362	30	Rc<Nat>	{integer}	UNCLASSIFIED	B3	mismatched types
00_compile	PRIMITIVE_REPR_FORK	E0308	145	1	src/v2_std_integer.rs	1365	34	Rc<Nat>	{integer}	UNCLASSIFIED	B3	mismatched types
00_compile	PRIMITIVE_REPR_FORK	E0308	146	1	src/v2_std_integer.rs	1368	38	Rc<Nat>	{integer}	UNCLASSIFIED	B3	mismatched types
00_compile	PRIMITIVE_REPR_FORK	E0308	147	1	src/v2_std_integer.rs	1371	42	Rc<Nat>	{integer}	UNCLASSIFIED	B3	mismatched types
00_compile	PRIMITIVE_REPR_FORK	E0308	148	1	src/v2_std_integer.rs	1374	46	Rc<Nat>	{integer}	UNCLASSIFIED	B3	mismatched types
00_compile	PRIMITIVE_REPR_FORK	E0308	149	1	src/v2_std_integer.rs	1377	50	Rc<Nat>	{integer}	UNCLASSIFIED	B3	mismatched types
00_compile	PRIMITIVE_REPR_FORK	E0308	150	1	src/v2_std_integer.rs	1380	54	Rc<Nat>	{integer}	UNCLASSIFIED	B3	mismatched types
00_compile	PRIMITIVE_REPR_FORK	E0308	151	1	src/v2_std_integer.rs	1383	58	Rc<Nat>	{integer}	UNCLASSIFIED	B3	mismatched types
00_compile	PRIMITIVE_REPR_FORK	E0308	152	1	src/v2_std_integer.rs	1400	30	Rc<Nat>	{integer}	UNCLASSIFIED	B3	mismatched types
00_compile	PRIMITIVE_REPR_FORK	E0369	153	1	src/v2_std_integer.rs	1403	31			UNCLASSIFIED		binary operation `<` cannot be applied to type `Rc<v2_std_nat::Nat>`
00_compile	PRIMITIVE_REPR_FORK	E0369	154	1	src/v2_std_integer.rs	1407	47			UNCLASSIFIED		cannot divide `Rc<v2_std_nat::Nat>` by `{integer}`
00_compile	UNCLASSIFIED	E0599	155	1	src/v2_compiler_tokenize.rs	331	54			UNCLASSIFIED		no method named `apply` found for struct `Rc<LexMatchThunk>` in the current scope
00_compile	UNCLASSIFIED	E0599	156	1	src/v2_compiler_tokenize.rs	333	104			UNCLASSIFIED		no method named `apply` found for struct `Rc<LexMatchThunk>` in the current scope
00_compile	UNCLASSIFIED	E0599	157	1	src/v2_compiler_tokenize.rs	343	54			UNCLASSIFIED		no method named `apply` found for struct `Rc<LexMatchThunk>` in the current scope
00_compile	UNCLASSIFIED	E0599	158	1	src/v2_compiler_tokenize.rs	348	57			UNCLASSIFIED		no method named `apply` found for struct `Rc<LexMatchThunk>` in the current scope
00_compile	UNCLASSIFIED	E0599	159	1	src/v2_compiler_tokenize.rs	352	54			UNCLASSIFIED		no method named `apply` found for struct `Rc<LexMatchThunk>` in the current scope
00_compile	UNCLASSIFIED	E0599	160	1	src/v2_compiler_tokenize.rs	377	54			UNCLASSIFIED		no method named `apply` found for struct `Rc<LexMatchThunk>` in the current scope
00_compile	UNCLASSIFIED	E0599	161	1	src/v2_compiler_tokenize.rs	393	54			UNCLASSIFIED		no method named `apply` found for struct `Rc<LexMatchThunk>` in the current scope
00_compile	MAP_CARRIER_FORK	E0560	162	1	src/v2_extdeps_runtimes_v2_effect_io_pure.rs	119	5			UNCLASSIFIED		struct `Rc<PartialFunction<_, _>>` has no field named `lookup`
00_compile	MAP_CARRIER_FORK	E0308	163	1	src/v2_extdeps_runtimes_v2_effect_io_pure.rs	118	23	HashMap<Rc<EnvironmentBindingKey>, Rc<RuntimeValue>>	Rc<PartialFunction<_, _>>	UNCLASSIFIED	T3	mismatched types
00_compile	UNCLASSIFIED	E0614	164	1	src/v2_extdeps_runtimes_v2_effect_io_pure.rs	211	15			UNCLASSIFIED		type `std::option::Option<Rc<RuntimeValue>>` cannot be dereferenced
00_compile	UNCLASSIFIED	E0599	165	1	src/v2_std_symbol_index.rs	116	20			UNCLASSIFIED		no variant, associated function, or constant named `GlobalBareAmbiguous` found for enum `std::option::Option<T>` in the current scope
00_compile	UNCLASSIFIED	E0599	166	1	src/v2_std_symbol_index.rs	117	20			UNCLASSIFIED		no variant named `GlobalBareUnique` found for enum `std::option::Option<_>`
00_compile	UNCLASSIFIED	E0599	167	1	src/v2_std_symbol_index.rs	151	20			UNCLASSIFIED		no variant named `GlobalBareUnique` found for enum `std::option::Option<_>`
00_compile	UNCLASSIFIED	E0599	168	1	src/v2_std_symbol_index.rs	154	20			UNCLASSIFIED		no variant, associated function, or constant named `GlobalBareAmbiguous` found for enum `std::option::Option<T>` in the current scope
00_compile	ABSENT_CLONE_BOUND	E0599	169	1	src/v2_compiler_materialization_carriers.rs	188	59			ABSENT_CLONE_BOUND		no method named `clone` found for type parameter `A` in the current scope
00_compile	ABSENT_CLONE_BOUND	E0277	170	1	src/v2_compiler_materialization_carriers.rs	188	50			ABSENT_CLONE_BOUND		the trait bound `B: Clone` is not satisfied
00_compile	ABSENT_CLONE_BOUND	E0599	171	1	src/v2_compiler_materialization_carriers.rs	188	86			ABSENT_CLONE_BOUND		no method named `clone` found for type parameter `A` in the current scope
00_compile	ABSENT_CLONE_BOUND	E0277	172	1	src/v2_compiler_materialization_carriers.rs	188	84			ABSENT_CLONE_BOUND		the trait bound `A: Clone` is not satisfied
00_compile	ABSENT_CLONE_BOUND	E0599	173	1	src/v2_compiler_materialization_carriers.rs	189	22			ABSENT_CLONE_BOUND		no method named `clone` found for type parameter `A` in the current scope
00_compile	UNCLASSIFIED	E0282	174	1	src/v2_std_find_witness.rs	77	67			UNCLASSIFIED		type annotations needed
00_compile	UNCLASSIFIED	E0061	175	1	src/v2_std_find_witness.rs	77	5			UNCLASSIFIED		this function takes 2 arguments but 3 arguments were supplied
00_compile	UNCLASSIFIED	E0614	176	1	src/v2_std_compilers_target_model.rs	442	11			UNCLASSIFIED		type `std::option::Option<_>` cannot be dereferenced
00_compile	UNCLASSIFIED	E0614	177	1	src/v2_std_compilers_target_model.rs	534	105			UNCLASSIFIED		type `std::option::Option<_>` cannot be dereferenced
00_compile	UNCLASSIFIED	E0614	178	1	src/v2_std_compilers_target_model.rs	544	100			UNCLASSIFIED		type `std::option::Option<_>` cannot be dereferenced
00_compile	UNCLASSIFIED	E0308	179	1	src/v2_std_compilers_target_model.rs	2137	43	i64	String	UNCLASSIFIED	RESIDUE	mismatched types
00_compile	UNCLASSIFIED	E0308	180	1	src/v2_std_compilers_target_model.rs	2384	15	String	i64	UNCLASSIFIED	RESIDUE	mismatched types
00_compile	UNCLASSIFIED	E0308	181	1	src/v2_std_compilers_target_model.rs	2647	62	HashMap<_, _>	Rc<HashMap<_, _>>	UNCLASSIFIED	R1	mismatched types
00_compile	UNCLASSIFIED	E0614	182	1	src/v2_std_compilers_target_model.rs	2647	11			UNCLASSIFIED		type `std::option::Option<_>` cannot be dereferenced
00_compile	UNCLASSIFIED	E0308	183	1	src/v2_std_compilers_target_model.rs	7002	90	TargetUseSiteOwnershipLookup	TargetUseSiteOwnershipCatalogLookup	UNCLASSIFIED	RESIDUE	mismatched types
00_compile	UNCLASSIFIED	E0308	184	1	src/v2_compiler_target_carriers.rs	105	64	Option<Rc<Node>>	Rc<Node>	UNCLASSIFIED	R2	mismatched types
00_compile	UNCLASSIFIED	E0308	184	2	src/v2_compiler_target_carriers.rs	105	64	Option<Rc<_>>	Rc<_>	UNCLASSIFIED	R2	mismatched types
00_compile	UNCLASSIFIED	E0609	185	1	src/v2_std_grammar.rs	124	82			UNCLASSIFIED		no field `member` on type `Rc<OrdSet<Rc<FormalTerminal>>>`
00_compile	UNCLASSIFIED	E0609	186	1	src/v2_std_grammar.rs	125	104			UNCLASSIFIED		no field `member` on type `Rc<OrdSet<Rc<FormalNonterminal>>>`
00_compile	UNCLASSIFIED	E0609	187	1	src/v2_std_grammar.rs	134	102			UNCLASSIFIED		no field `member` on type `Rc<OrdSet<Rc<FormalNonterminal>>>`
00_compile	UNCLASSIFIED	E0609	188	1	src/v2_std_grammar.rs	142	33			UNCLASSIFIED		no field `member` on type `Rc<OrdSet<Rc<FormalNonterminal>>>`
00_compile	UNCLASSIFIED	E0308	189	1	src/v2_std_grammar.rs	1285	29	Rc<DeriveGrammarRelationTokensProgress>	DeriveGrammarRelationTokensProgress	UNCLASSIFIED	R1	mismatched types
00_compile	UNCLASSIFIED	E0308	190	1	src/v2_std_grammar.rs	1363	29	Rc<DeriveGrammarRelationTokensProgress>	DeriveGrammarRelationTokensProgress	UNCLASSIFIED	R1	mismatched types
00_compile	UNCLASSIFIED	E0308	191	1	src/v2_std_grammar.rs	1365	12	()	Rc<Vector<Rc<Edge>>>	UNCLASSIFIED	C	mismatched types
00_compile	UNCLASSIFIED	E0308	192	1	src/v2_std_grammar.rs	1364	21	Witness<Rc<Vector<Rc<Edge>>>>	Witness<()>	UNCLASSIFIED	C	mismatched types
00_compile	MAP_CARRIER_FORK	E0560	193	1	src/v2_extdeps_languages_llvm_ir.rs	1100	5			UNCLASSIFIED		struct `Rc<PartialFunction<_, _>>` has no field named `lookup`
00_compile	UNCLASSIFIED	E0599	194	1	src/v2_extdeps_languages_llvm_ir.rs	1101	19			UNCLASSIFIED		no variant named `Present` found for enum `std::option::Option<_>`
00_compile	UNCLASSIFIED	E0599	195	1	src/v2_extdeps_languages_llvm_ir.rs	1106	23			UNCLASSIFIED		no variant named `Present` found for enum `std::option::Option<_>`
00_compile	UNCLASSIFIED	E0599	196	1	src/v2_extdeps_languages_llvm_ir.rs	1111	27			UNCLASSIFIED		no variant named `Present` found for enum `std::option::Option<_>`
00_compile	MAP_CARRIER_FORK	E0308	197	1	src/v2_extdeps_languages_llvm_ir.rs	1099	13	HashMap<String, Rc<Node>>	Rc<PartialFunction<_, _>>	UNCLASSIFIED	T3	mismatched types
00_compile	MAP_CARRIER_FORK	E0560	198	1	src/v2_extdeps_languages_llvm_ir.rs	1124	5			UNCLASSIFIED		struct `Rc<PartialFunction<_, _>>` has no field named `lookup`
00_compile	UNCLASSIFIED	E0599	199	1	src/v2_extdeps_languages_llvm_ir.rs	1125	19			UNCLASSIFIED		no variant named `Present` found for enum `std::option::Option<_>`
00_compile	UNCLASSIFIED	E0599	200	1	src/v2_extdeps_languages_llvm_ir.rs	1130	23			UNCLASSIFIED		no variant named `Present` found for enum `std::option::Option<_>`
00_compile	MAP_CARRIER_FORK	E0308	201	1	src/v2_extdeps_languages_llvm_ir.rs	1123	13	HashMap<String, Rc<Node>>	Rc<PartialFunction<_, _>>	UNCLASSIFIED	T3	mismatched types
00_compile	MAP_CARRIER_FORK	E0560	202	1	src/v2_std_language_model.rs	45	5			UNCLASSIFIED		struct `Rc<PointwisePower<_>>` has no field named `member`
00_compile	UNCLASSIFIED	E0308	203	1	src/v2_std_language_model.rs	44	13	OrdSet<String>	Rc<PointwisePower<_>>	UNCLASSIFIED	T3	mismatched types
00_compile	MAP_CARRIER_FORK	E0560	204	1	src/v2_extdeps_languages_dag.rs	1219	5			UNCLASSIFIED		struct `Rc<PointwisePower<_>>` has no field named `member`
00_compile	MAP_CARRIER_FORK	E0560	205	1	src/v2_extdeps_languages_dag.rs	1225	5			UNCLASSIFIED		struct `Rc<PointwisePower<_>>` has no field named `member`
00_compile	MAP_CARRIER_FORK	E0560	206	1	src/v2_extdeps_languages_dag.rs	1235	5			UNCLASSIFIED		struct `Rc<PointwisePower<_>>` has no field named `member`
00_compile	UNCLASSIFIED	E0308	207	1	src/v2_extdeps_languages_dag.rs	3055	56	Option<Rc<TargetEmitHostRuntimeRow>>	Rc<TargetEmitHostRuntimeRow>	UNCLASSIFIED	R2	mismatched types
00_compile	UNCLASSIFIED	E0308	207	2	src/v2_extdeps_languages_dag.rs	3055	56	Option<Rc<_>>	Rc<_>	UNCLASSIFIED	R2	mismatched types
00_compile	UNCLASSIFIED	E0308	208	1	src/v2_extdeps_languages_dag.rs	3100	56	Option<Rc<TargetEmitHostRuntimeRow>>	Rc<TargetEmitHostRuntimeRow>	UNCLASSIFIED	R2	mismatched types
00_compile	UNCLASSIFIED	E0308	208	2	src/v2_extdeps_languages_dag.rs	3100	56	Option<Rc<_>>	Rc<_>	UNCLASSIFIED	R2	mismatched types
00_compile	UNCLASSIFIED	E0308	209	1	src/v2_extdeps_languages_dag.rs	3145	56	Option<Rc<TargetEmitHostRuntimeRow>>	Rc<TargetEmitHostRuntimeRow>	UNCLASSIFIED	R2	mismatched types
00_compile	UNCLASSIFIED	E0308	209	2	src/v2_extdeps_languages_dag.rs	3145	56	Option<Rc<_>>	Rc<_>	UNCLASSIFIED	R2	mismatched types
00_compile	UNCLASSIFIED	E0308	210	1	src/v2_lens_cost.rs	312	123	Rc<Nat>	Nat	UNCLASSIFIED	R1	mismatched types
00_compile	UNCLASSIFIED	E0308	211	1	src/v2_lens_cost.rs	315	123	Rc<Nat>	Nat	UNCLASSIFIED	R1	mismatched types
00_compile	UNCLASSIFIED	E0308	212	1	src/v2_compiler_parse.rs	414	27	Option<Rc<ParseMemoEntry>>	Rc<ParseMemoEntry>	UNCLASSIFIED	R2	mismatched types
00_compile	UNCLASSIFIED	E0308	212	2	src/v2_compiler_parse.rs	414	27	Option<Rc<_>>	Rc<_>	UNCLASSIFIED	R2	mismatched types
00_compile	UNCLASSIFIED	E0282	213	1	src/v2_compiler_parse.rs	532	100			UNCLASSIFIED		type annotations needed
00_compile	MAP_CARRIER_FORK	E0560	214	1	src/v2_compiler_parse.rs	572	5			UNCLASSIFIED		struct `Rc<PointwisePower<_>>` has no field named `member`
00_compile	UNCLASSIFIED	E0308	215	1	src/v2_compiler_parse.rs	571	27	OrdSet<String>	Rc<PointwisePower<_>>	UNCLASSIFIED	T3	mismatched types
00_compile	MAP_CARRIER_FORK	E0560	216	1	src/v2_compiler_parse.rs	1034	5			UNCLASSIFIED		struct `Rc<PointwisePower<_>>` has no field named `member`
00_compile	UNCLASSIFIED	E0609	217	1	src/v2_compiler_parse.rs	1034	115			UNCLASSIFIED		no field `member` on type `Rc<OrdSet<std::string::String>>`
00_compile	UNCLASSIFIED	E0308	218	1	src/v2_compiler_parse.rs	1033	13	OrdSet<String>	Rc<PointwisePower<_>>	UNCLASSIFIED	T3	mismatched types
00_compile	UNCLASSIFIED	E0609	219	1	src/v2_compiler_parse.rs	1041	95			UNCLASSIFIED		no field `member` on type `Rc<OrdSet<std::string::String>>`
00_compile	UNCLASSIFIED	E0609	220	1	src/v2_compiler_parse.rs	1063	60			UNCLASSIFIED		no field `member` on type `Rc<OrdSet<std::string::String>>`
00_compile	MAP_CARRIER_FORK	E0560	221	1	src/v2_compiler_parse.rs	1096	5			UNCLASSIFIED		struct `Rc<PointwisePower<_>>` has no field named `member`
00_compile	UNCLASSIFIED	E0308	222	1	src/v2_compiler_parse.rs	1095	53	OrdSet<String>	Rc<PointwisePower<_>>	UNCLASSIFIED	T3	mismatched types
00_compile	UNCLASSIFIED	E0282	223	1	src/v2_compiler_parse.rs	1117	48			UNCLASSIFIED		type annotations needed
00_compile	UNCLASSIFIED	E0061	224	1	src/v2_compiler_parse.rs	1117	5			UNCLASSIFIED		this function takes 2 arguments but 3 arguments were supplied
00_compile	UNCLASSIFIED	E0609	225	1	src/v2_compiler_parse.rs	1150	29			UNCLASSIFIED		no field `member` on type `Rc<OrdSet<std::string::String>>`
00_compile	UNCLASSIFIED	E0609	226	1	src/v2_compiler_parse.rs	1353	29			UNCLASSIFIED		no field `member` on type `Rc<OrdSet<std::string::String>>`
00_compile	UNCLASSIFIED	E0282	227	1	src/v2_compiler_parse.rs	1406	103			UNCLASSIFIED		type annotations needed
00_compile	UNCLASSIFIED	E0061	228	1	src/v2_compiler_parse.rs	1406	59			UNCLASSIFIED		this function takes 2 arguments but 3 arguments were supplied
00_compile	UNCLASSIFIED	E0061	229	1	src/v2_compiler_parse.rs	1471	35			UNCLASSIFIED		this function takes 2 arguments but 3 arguments were supplied
00_compile	UNCLASSIFIED	E0061	230	1	src/v2_compiler_parse.rs	1626	20			UNCLASSIFIED		this function takes 2 arguments but 3 arguments were supplied
00_compile	MAP_CARRIER_FORK	E0560	231	1	src/v2_extdeps_runtimes_v2_evaluator.rs	161	5			UNCLASSIFIED		struct `Rc<PartialFunction<_, _>>` has no field named `lookup`
00_compile	MAP_CARRIER_FORK	E0308	232	1	src/v2_extdeps_runtimes_v2_evaluator.rs	160	13	HashMap<Rc<EnvironmentBindingKey>, Rc<RuntimeValue>>	Rc<PartialFunction<_, _>>	UNCLASSIFIED	T3	mismatched types
00_compile	UNCLASSIFIED	E0308	233	1	src/v2_extdeps_runtimes_v2_evaluator.rs	332	5	Rc<Edge>	Edge	UNCLASSIFIED	R1	mismatched types
00_compile	UNCLASSIFIED	E0308	234	1	src/v2_lens_machine_shape.rs	190	5	Rc<MachineShapeWalkResult>	MachineShapeWalkResult	UNCLASSIFIED	R1	mismatched types
00_compile	UNCLASSIFIED	E0533	235	1	src/v2_lens_mandatory_tag.rs	469	20			UNCLASSIFIED		expected value, found struct variant `ConstructionClass::WallNow`
00_compile	UNCLASSIFIED	E0061	236	1	src/v2_lens_reference_deps.rs	199	8			UNCLASSIFIED		this function takes 2 arguments but 3 arguments were supplied
00_compile	UNCLASSIFIED	E0308	237	1	src/v2_compiler_body_lowering_fold.rs	3176	13	Rc<Outcome<Option<Rc<Node>>>>	Rc<Outcome<Rc<Node>>>	UNCLASSIFIED	R2	`match` arms have incompatible types
00_compile	UNCLASSIFIED	E0308	237	2	src/v2_compiler_body_lowering_fold.rs	3176	13	Rc<Outcome<Option<Rc<_>>>>	Rc<Outcome<Rc<_>>>	UNCLASSIFIED	R2	`match` arms have incompatible types
00_compile	UNCLASSIFIED	E0599	238	1	src/v2_compiler_program_assembly.rs	107	17			UNCLASSIFIED		no associated function or constant named `Empty` found for struct `im::Vector<A>` in the current scope
00_compile	MAP_CARRIER_FORK	E0560	239	1	src/v2_compiler_resolve.rs	146	5			UNCLASSIFIED		struct `Rc<PointwisePower<_>>` has no field named `member`
00_compile	UNCLASSIFIED	E0308	240	1	src/v2_compiler_resolve.rs	145	13	OrdSet<String>	Rc<PointwisePower<_>>	UNCLASSIFIED	T3	mismatched types
00_compile	UNCLASSIFIED	E0609	241	1	src/v2_compiler_resolve.rs	377	42			UNCLASSIFIED		no field `member` on type `Rc<OrdSet<std::string::String>>`
00_compile	MAP_CARRIER_FORK	E0560	242	1	src/v2_compiler_infer.rs	165	5			UNCLASSIFIED		struct `Rc<PartialFunction<_, _>>` has no field named `lookup`
00_compile	MAP_CARRIER_FORK	E0308	243	1	src/v2_compiler_infer.rs	164	20	HashMap<Rc<Node>, Rc<InferredFacts>>	Rc<PartialFunction<_, _>>	UNCLASSIFIED	T3	mismatched types
00_compile	UNCLASSIFIED	E0308	244	1	src/v2_compiler_infer.rs	378	63	Witness<Rc<TerminationProof>>	Witness<TerminationProof>	UNCLASSIFIED	R1	mismatched types
00_compile	MAP_CARRIER_FORK	E0560	245	1	src/v2_compiler_infer.rs	514	5			UNCLASSIFIED		struct `Rc<PartialFunction<_, _>>` has no field named `lookup`
00_compile	MAP_CARRIER_FORK	E0308	246	1	src/v2_compiler_infer.rs	513	20	HashMap<Rc<Node>, Rc<InferredFacts>>	Rc<PartialFunction<_, _>>	UNCLASSIFIED	T3	mismatched types
00_compile	UNCLASSIFIED	E0308	247	1	src/v2_compiler_infer.rs	522	27	Option<Rc<InferredFacts>>	Rc<InferredFacts>	UNCLASSIFIED	R2	mismatched types
00_compile	UNCLASSIFIED	E0308	247	2	src/v2_compiler_infer.rs	522	27	Option<Rc<_>>	Rc<_>	UNCLASSIFIED	R2	mismatched types
00_compile	UNCLASSIFIED	E0308	248	1	src/v2_compiler_name_resolve.rs	493	5	Rc<AdmitExportsFold>	AdmitExportsFold	UNCLASSIFIED	R1	mismatched types
00_compile	UNCLASSIFIED	E0369	249	1	src/v2_compiler_eval.rs	276	36			UNCLASSIFIED		binary operation `==` cannot be applied to type `Rc<InterpretationAlgebra>`
00_compile	UNCLASSIFIED	E0369	250	1	src/v2_compiler_eval.rs	575	123			UNCLASSIFIED		binary operation `==` cannot be applied to type `Rc<InterpretationAlgebra>`
00_compile	MAP_CARRIER_FORK	E0560	251	1	src/v2_compiler_eval.rs	643	5			UNCLASSIFIED		struct `Rc<PartialFunction<_, _>>` has no field named `lookup`
00_compile	MAP_CARRIER_FORK	E0308	252	1	src/v2_compiler_eval.rs	642	13	HashMap<Rc<EnvironmentBindingKey>, Rc<RuntimeValue>>	Rc<PartialFunction<_, _>>	UNCLASSIFIED	T3	mismatched types
00_compile	UNCLASSIFIED	E0308	253	1	src/v2_compiler_eval.rs	662	27	Option<Rc<InferredFacts>>	Rc<InferredFacts>	UNCLASSIFIED	R2	mismatched types
00_compile	UNCLASSIFIED	E0308	253	2	src/v2_compiler_eval.rs	662	27	Option<Rc<_>>	Rc<_>	UNCLASSIFIED	R2	mismatched types
00_compile	UNCLASSIFIED	E0308	254	1	src/v2_compiler_eval.rs	734	56	Witness<Rc<Node>>	Witness<Rc<RuntimeValueAcceptanceWitness>>	UNCLASSIFIED	W	mismatched types
00_compile	UNCLASSIFIED	E0308	255	1	src/v2_compiler_eval.rs	742	17	Witness<Rc<Node>>	Witness<Rc<RuntimeValueAcceptanceWitness>>	UNCLASSIFIED	W	mismatched types
00_compile	UNCLASSIFIED	E0308	256	1	src/v2_compiler_eval.rs	752	17	Witness<Rc<InferredFacts>>	Witness<Rc<RuntimeValueAcceptanceWitness>>	UNCLASSIFIED	W	mismatched types
00_compile	UNCLASSIFIED	E0308	257	1	src/v2_compiler_eval.rs	761	17	Witness<Rc<InferredFacts>>	Witness<Rc<RuntimeValueAcceptanceWitness>>	UNCLASSIFIED	W	mismatched types
00_compile	UNCLASSIFIED	E0308	258	1	src/v2_compiler_eval.rs	850	121	Option<_>	Rc<RuntimeValue>	UNCLASSIFIED	R2	mismatched types
00_compile	UNCLASSIFIED	E0308	259	1	src/v2_compiler_eval.rs	1192	83	Rc<EvaluationEnvironment>	Rc<InferredTree>	UNCLASSIFIED	ARG-ORDER	arguments to this function are incorrect
00_compile	UNCLASSIFIED	E0308	259	2	src/v2_compiler_eval.rs	1192	83	Rc<RuntimeBehaviorInterpreter>	Rc<InferredFacts>	UNCLASSIFIED	ARG-ORDER	arguments to this function are incorrect
00_compile	UNCLASSIFIED	E0308	259	3	src/v2_compiler_eval.rs	1192	83	Rc<InferredTree>	Rc<Vector<Rc<RuntimeValue>>>	UNCLASSIFIED	ARG-ORDER	arguments to this function are incorrect
00_compile	UNCLASSIFIED	E0308	259	4	src/v2_compiler_eval.rs	1192	83	Rc<InferredFacts>	Rc<EvaluationEnvironment>	UNCLASSIFIED	ARG-ORDER	arguments to this function are incorrect
00_compile	UNCLASSIFIED	E0308	259	5	src/v2_compiler_eval.rs	1192	83	Rc<Vector<Rc<RuntimeValue>>>	Rc<RuntimeBehaviorInterpreter>	UNCLASSIFIED	ARG-ORDER	arguments to this function are incorrect
00_compile	UNCLASSIFIED	E0308	260	1	src/v2_compiler_eval.rs	1193	87			UNCLASSIFIED	ARG-ORDER	arguments to this function are incorrect
00_compile	UNCLASSIFIED	E0308	261	1	src/v2_compiler_eval.rs	1194	84			UNCLASSIFIED	ARG-ORDER	arguments to this function are incorrect
00_compile	UNCLASSIFIED	E0308	262	1	src/v2_compiler_eval.rs	1195	82			UNCLASSIFIED	ARG-ORDER	arguments to this function are incorrect
00_compile	UNCLASSIFIED	E0308	263	1	src/v2_compiler_eval.rs	1196	82			UNCLASSIFIED	ARG-ORDER	arguments to this function are incorrect
00_compile	UNCLASSIFIED	E0308	264	1	src/v2_compiler_eval.rs	1197	83			UNCLASSIFIED	ARG-ORDER	arguments to this function are incorrect
00_compile	UNCLASSIFIED	E0308	265	1	src/v2_compiler_eval.rs	1444	67			UNCLASSIFIED	ARG-ORDER	arguments to this function are incorrect
00_compile	UNCLASSIFIED	E0071	266	1	src/v2_compiler_translate.rs	1666	12			UNCLASSIFIED		expected struct, variant or union type, found `(Rc<Node>, Rc<Node>)`
00_compile	UNCLASSIFIED	E0071	267	1	src/v2_compiler_translate.rs	1681	12			UNCLASSIFIED		expected struct, variant or union type, found `(Rc<Node>, Rc<Node>)`
00_compile	UNCLASSIFIED	E0609	268	1	src/v2_compiler_translate.rs	1696	16			UNCLASSIFIED		no field `rebuilt` on type `(Rc<Node>, Rc<Node>)`
00_compile	UNCLASSIFIED	E0609	269	1	src/v2_compiler_translate.rs	1925	185			UNCLASSIFIED		no field `source` on type `(Rc<Node>, Rc<Node>)`
00_compile	UNCLASSIFIED	E0609	270	1	src/v2_compiler_translate.rs	1925	211			UNCLASSIFIED		no field `source` on type `(Rc<Node>, Rc<Node>)`
00_compile	UNCLASSIFIED	E0071	271	1	src/v2_compiler_translate.rs	1926	12			UNCLASSIFIED		expected struct, variant or union type, found `(Rc<Node>, Rc<Node>)`
00_compile	UNCLASSIFIED	E0609	272	1	src/v2_compiler_translate.rs	1927	24			UNCLASSIFIED		no field `source` on type `(Rc<Node>, Rc<Node>)`
00_compile	UNCLASSIFIED	E0609	273	1	src/v2_compiler_translate.rs	1928	38			UNCLASSIFIED		no field `rebuilt` on type `(Rc<Node>, Rc<Node>)`
00_compile	UNCLASSIFIED	E0609	274	1	src/v2_compiler_translate.rs	1928	81			UNCLASSIFIED		no field `rebuilt` on type `(Rc<Node>, Rc<Node>)`
00_compile	UNCLASSIFIED	E0609	275	1	src/v2_compiler_translate.rs	1930	23			UNCLASSIFIED		no field `rebuilt` on type `(Rc<Node>, Rc<Node>)`
00_compile	UNCLASSIFIED	E0308	276	1	src/v2_compiler_source_authority.rs	698	97	Rc<Diagnostic>	Rc<NonEmptyDiagnostics>	UNCLASSIFIED	DIAG	mismatched types
00_compile	UNCLASSIFIED	E0308	277	1	src/v2_compiler_source_authority.rs	699	95	Rc<Diagnostic>	Rc<NonEmptyDiagnostics>	UNCLASSIFIED	DIAG	mismatched types
00_compile	UNCLASSIFIED	E0308	278	1	src/v2_compiler_source_authority.rs	732	13	Rc<SourceRefReadResult>	SourceRefReadResult	UNCLASSIFIED	R1	mismatched types
00_compile	UNCLASSIFIED	E0308	279	1	src/v2_compiler_source_authority.rs	751	50	Rc<Diagnostic>	Rc<NonEmptyDiagnostics>	UNCLASSIFIED	DIAG	mismatched types
00_compile	UNCLASSIFIED	E0308	280	1	src/v2_compiler_source_authority.rs	1331	8	Rc<Node>	Rc<NormalizedTree>	UNCLASSIFIED	RESIDUE	arguments to this function are incorrect
00_compile	UNCLASSIFIED	E0308	281	1	src/v2_compiler_compile.rs	283	82	Witness<Rc<Node>>	Witness<Rc<Outcome<Rc<Witness<Rc<Node>>>>>>	UNCLASSIFIED	W	mismatched types
00_compile	UNCLASSIFIED	E0004	282	1	src/v2_std_integer.rs	718	84			UNCLASSIFIED		non-exhaustive patterns: `&Some(_)` not covered
00_compile	UNCLASSIFIED	E0004	283	1	src/v2_std_integer.rs	720	84			UNCLASSIFIED		non-exhaustive patterns: `&Some(_)` not covered
00_compile	UNCLASSIFIED	E0004	284	1	src/v2_std_integer_value_set.rs	106	77			UNCLASSIFIED		non-exhaustive patterns: `&Some(_)` not covered
00_compile	UNCLASSIFIED	E0004	285	1	src/v2_std_integer_value_set.rs	110	58			UNCLASSIFIED		non-exhaustive patterns: `&Some(_)` not covered
00_compile	UNCLASSIFIED	E0004	286	1	src/v2_std_integer_value_set.rs	129	75			UNCLASSIFIED		non-exhaustive patterns: `&Some(_)` not covered
00_compile	UNCLASSIFIED	E0004	287	1	src/v2_std_integer_value_set.rs	178	84			UNCLASSIFIED		non-exhaustive patterns: `&Some(_)` not covered
00_compile	UNCLASSIFIED	E0004	288	1	src/v2_std_integer_value_set.rs	180	84			UNCLASSIFIED		non-exhaustive patterns: `&Some(_)` not covered
00_compile	UNCLASSIFIED	E0004	289	1	src/v2_std_refinement_widening_predicate.rs	78	83			UNCLASSIFIED		non-exhaustive patterns: `&Some(_)` not covered
00_compile	UNCLASSIFIED	E0004	290	1	src/v2_std_refinement_widening_predicate.rs	80	86			UNCLASSIFIED		non-exhaustive patterns: `&Some(_)` not covered
00_compile	UNCLASSIFIED	E0004	291	1	src/v2_std_refinement_widening_predicate.rs	92	83			UNCLASSIFIED		non-exhaustive patterns: `&Some(_)` not covered
00_compile	UNCLASSIFIED	E0004	292	1	src/v2_std_refinement_widening_predicate.rs	94	86			UNCLASSIFIED		non-exhaustive patterns: `&Some(_)` not covered
00_compile	UNCLASSIFIED	E0004	293	1	src/v2_std_refinement_widening_predicate.rs	106	81			UNCLASSIFIED		non-exhaustive patterns: `&Some(_)` not covered
00_compile	UNCLASSIFIED	E0004	294	1	src/v2_std_refinement_widening_predicate.rs	108	84			UNCLASSIFIED		non-exhaustive patterns: `&Some(_)` not covered
00_compile	UNCLASSIFIED	E0004	295	1	src/v2_std_refinement_widening_predicate.rs	110	87			UNCLASSIFIED		non-exhaustive patterns: `&Some(_)` not covered
00_compile	UNCLASSIFIED	E0004	296	1	src/v2_std_compilers_target_model.rs	5546	54			UNCLASSIFIED		non-exhaustive patterns: `Outcome::Accepted { value: TargetTypeExprArrowWireShape::TargetTypeExprArrowPositionalWire, .. }` and `Outcome::Accepted { value: TargetTypeExprArrowWireShape::TargetTypeExprArrowLabeledWire, .. }` not covered
00_compile	UNCLASSIFIED	E0004	297	1	src/v2_std_compilers_target_model.rs	5629	54			UNCLASSIFIED		non-exhaustive patterns: `Outcome::Accepted { value: TargetTypeExprArrowWireShape::TargetTypeExprArrowPositionalWire, .. }` and `Outcome::Accepted { value: TargetTypeExprArrowWireShape::TargetTypeExprArrowLabeledWire, .. }` not covered
00_compile	UNCLASSIFIED	E0004	298	1	src/v2_std_compilers_target_model.rs	7785	19			UNCLASSIFIED		non-exhaustive patterns: `Edge { .. }` not covered
00_compile	UNCLASSIFIED	E0004	299	1	src/v2_std_grammar.rs	1818	49			UNCLASSIFIED		non-exhaustive patterns: `&RebuildEmittedResult::RebuildEmittedFail` not covered
00_compile	UNCLASSIFIED	E0004	300	1	src/v2_std_host_run.rs	58	11			UNCLASSIFIED		non-exhaustive patterns: `Outcome::Accepted { .. }` not covered
00_compile	UNCLASSIFIED	E0004	301	1	src/v2_extdeps_languages_dag.rs	1896	11			UNCLASSIFIED		non-exhaustive patterns: `Edge { .. }` not covered
00_compile	UNCLASSIFIED	E0310	302	1	src/v2_std_verdict.rs	123	9			UNCLASSIFIED		the parameter type `Subj` may not live long enough
00_compile	UNCLASSIFIED	E0310	303	1	src/v2_std_verdict.rs	123	9			UNCLASSIFIED		the parameter type `T` may not live long enough
00_compile	UNCLASSIFIED	E0004	304	1	src/v2_compiler_eval.rs	1039	68			UNCLASSIFIED		non-exhaustive patterns: `&Some(_)` not covered
01_tokenize	UNCLASSIFIED	E0425	1	1	src/v2_std_text.rs	20	26			UNCLASSIFIED		cannot find type `Int` in this scope
01_tokenize	UNCLASSIFIED	E0599	2	1	src/v2_std_node.rs	804	103			UNCLASSIFIED		the method `partial_cmp` exists for reference `&T`, but its trait bounds were not satisfied
01_tokenize	ABSENT_CLONE_BOUND	E0308	3	1	src/v2_std_algebra.rs	152	63	T	&T	ABSENT_CLONE_BOUND	A-clone	mismatched types
01_tokenize	ABSENT_CLONE_BOUND	E0308	3	2	src/v2_std_algebra.rs	152	63	_	&_	ABSENT_CLONE_BOUND	A-clone	mismatched types
01_tokenize	UNCLASSIFIED	E0308	4	1	src/v2_std_text.rs	65	59	i64	Box<i64>	UNCLASSIFIED	BOX-WRAP	mismatched types
01_tokenize	MAP_CARRIER_FORK	E0560	5	1	src/v2_std_collection.rs	94	5			UNCLASSIFIED		struct `Rc<PartialFunction<_, _>>` has no field named `lookup`
01_tokenize	UNCLASSIFIED	E0277	6	1	src/v2_std_collection.rs	96	14			UNCLASSIFIED		the trait bound `K: Eq` is not satisfied
01_tokenize	UNCLASSIFIED	E0277	7	1	src/v2_std_collection.rs	96	14			UNCLASSIFIED		the trait bound `K: std::hash::Hash` is not satisfied
01_tokenize	MAP_CARRIER_FORK	E0308	8	1	src/v2_std_collection.rs	93	13	HashMap<K, V>	Rc<PartialFunction<_, _>>	UNCLASSIFIED	T3	mismatched types
01_tokenize	UNCLASSIFIED	E0277	9	1	src/v2_std_collection.rs	102	5			UNCLASSIFIED		the trait bound `K: Eq` is not satisfied
01_tokenize	UNCLASSIFIED	E0277	10	1	src/v2_std_collection.rs	102	5			UNCLASSIFIED		the trait bound `K: std::hash::Hash` is not satisfied
01_tokenize	UNCLASSIFIED	E0308	11	1	src/v2_std_compilers_lexing.rs	235	13	Vector<Rc<Token>>	Rc<Vector<Rc<Token>>>	UNCLASSIFIED	R1	mismatched types
01_tokenize	UNCLASSIFIED	E0599	12	1	src/v2_compiler_tokenize.rs	331	54			UNCLASSIFIED		no method named `apply` found for struct `Rc<LexMatchThunk>` in the current scope
01_tokenize	UNCLASSIFIED	E0599	13	1	src/v2_compiler_tokenize.rs	333	104			UNCLASSIFIED		no method named `apply` found for struct `Rc<LexMatchThunk>` in the current scope
01_tokenize	UNCLASSIFIED	E0599	14	1	src/v2_compiler_tokenize.rs	343	54			UNCLASSIFIED		no method named `apply` found for struct `Rc<LexMatchThunk>` in the current scope
01_tokenize	UNCLASSIFIED	E0599	15	1	src/v2_compiler_tokenize.rs	348	57			UNCLASSIFIED		no method named `apply` found for struct `Rc<LexMatchThunk>` in the current scope
01_tokenize	UNCLASSIFIED	E0599	16	1	src/v2_compiler_tokenize.rs	352	54			UNCLASSIFIED		no method named `apply` found for struct `Rc<LexMatchThunk>` in the current scope
01_tokenize	UNCLASSIFIED	E0599	17	1	src/v2_compiler_tokenize.rs	377	54			UNCLASSIFIED		no method named `apply` found for struct `Rc<LexMatchThunk>` in the current scope
01_tokenize	UNCLASSIFIED	E0599	18	1	src/v2_compiler_tokenize.rs	393	54			UNCLASSIFIED		no method named `apply` found for struct `Rc<LexMatchThunk>` in the current scope
02_parse	UNCLASSIFIED	E0425	1	1	src/v2_std_text.rs	20	26			UNCLASSIFIED		cannot find type `Int` in this scope
02_parse	UNCLASSIFIED	E0425	2	1	src/v2_compiler_materialization_carriers.rs	145	42			UNCLASSIFIED		cannot find type `NonEmptyStr` in this scope
02_parse	UNCLASSIFIED	E0425	3	1	src/v2_compiler_materialization_carriers.rs	149	44			UNCLASSIFIED		cannot find type `NonEmptyStr` in this scope
02_parse	UNCLASSIFIED	E0425	4	1	src/v2_compiler_materialization_carriers.rs	153	44			UNCLASSIFIED		cannot find type `NonEmptyStr` in this scope
02_parse	ABSENT_CLONE_BOUND	E0308	5	1	src/v2_extdeps_languages_fidelity.rs	27	79	Feature	&Feature	ABSENT_CLONE_BOUND	A-clone	mismatched types
02_parse	ABSENT_CLONE_BOUND	E0308	5	2	src/v2_extdeps_languages_fidelity.rs	27	79	_	&_	ABSENT_CLONE_BOUND	A-clone	mismatched types
02_parse	ABSENT_CLONE_BOUND	E0308	6	1	src/v2_std_passing_candidate_fold.rs	34	83	T	&T	ABSENT_CLONE_BOUND	A-clone	mismatched types
02_parse	ABSENT_CLONE_BOUND	E0308	6	2	src/v2_std_passing_candidate_fold.rs	34	83	_	&_	ABSENT_CLONE_BOUND	A-clone	mismatched types
02_parse	UNCLASSIFIED	E0308	7	1	src/std_checked_arithmetic.rs	305	12	Rc<i64>	i64	UNCLASSIFIED	R1	mismatched types
02_parse	UNCLASSIFIED	E0599	8	1	src/v2_std_node.rs	806	103			UNCLASSIFIED		the method `partial_cmp` exists for reference `&T`, but its trait bounds were not satisfied
02_parse	ABSENT_CLONE_BOUND	E0308	9	1	src/v2_std_algebra.rs	152	63	T	&T	ABSENT_CLONE_BOUND	A-clone	mismatched types
02_parse	ABSENT_CLONE_BOUND	E0308	9	2	src/v2_std_algebra.rs	152	63	_	&_	ABSENT_CLONE_BOUND	A-clone	mismatched types
02_parse	UNCLASSIFIED	E0308	10	1	src/v2_std_logic.rs	53	5	Bool	True	UNCLASSIFIED	B2	mismatched types
02_parse	UNCLASSIFIED	E0308	11	1	src/v2_std_logic.rs	54	5	Bool	False	UNCLASSIFIED	B2	mismatched types
02_parse	UNCLASSIFIED	E0308	12	1	src/v2_std_logic.rs	57	5	Bool	True	UNCLASSIFIED	B2	mismatched types
02_parse	UNCLASSIFIED	E0308	13	1	src/v2_std_logic.rs	58	5	Bool	False	UNCLASSIFIED	B2	mismatched types
02_parse	UNCLASSIFIED	E0308	14	1	src/v2_std_logic.rs	61	5	Bool	True	UNCLASSIFIED	B2	mismatched types
02_parse	UNCLASSIFIED	E0308	15	1	src/v2_std_logic.rs	62	5	Bool	False	UNCLASSIFIED	B2	mismatched types
02_parse	UNCLASSIFIED	E0308	16	1	src/std_measure.rs	496	18	Rc<i64>	i64	UNCLASSIFIED	R1	mismatched types
02_parse	UNCLASSIFIED	E0369	17	1	src/std_measure.rs	516	109			UNCLASSIFIED		cannot add `{integer}` to `Rc<i64>`
02_parse	ABSENT_CLONE_BOUND	E0599	18	1	src/v2_std_staging.rs	16	39			ABSENT_CLONE_BOUND		no method named `clone` found for type parameter `A` in the current scope
02_parse	ABSENT_CLONE_BOUND	E0277	19	1	src/v2_std_staging.rs	16	22			ABSENT_CLONE_BOUND		the trait bound `C: Clone` is not satisfied
02_parse	ABSENT_CLONE_BOUND	E0308	20	1	src/v2_std_staging.rs	31	53	B	&B	ABSENT_CLONE_BOUND	A-clone	mismatched types
02_parse	ABSENT_CLONE_BOUND	E0308	20	2	src/v2_std_staging.rs	31	53	_	&_	ABSENT_CLONE_BOUND	A-clone	mismatched types
02_parse	UNCLASSIFIED	E0308	21	1	src/v2_std_text.rs	65	59	i64	Box<i64>	UNCLASSIFIED	BOX-WRAP	mismatched types
02_parse	UNCLASSIFIED	E0308	22	1	src/std_realization_schedule.rs	64	11	Rc<Measure<(), S, Rc<i64>>>	Rc<Measure<(), _, i64>>	UNCLASSIFIED	D	mismatched types
02_parse	UNCLASSIFIED	E0308	22	2	src/std_realization_schedule.rs	64	11	Rc<Measure<_, S, Rc<i64>>>	Rc<Measure<_, _, i64>>	UNCLASSIFIED	D	mismatched types
02_parse	UNCLASSIFIED	E0308	23	1	src/std_realization_schedule.rs	74	11	Rc<Measure<(), S, Rc<i64>>>	Rc<Measure<(), S, i64>>	UNCLASSIFIED	R1	mismatched types
02_parse	UNCLASSIFIED	E0308	23	2	src/std_realization_schedule.rs	74	11	Rc<Measure<_, _, Rc<i64>>>	Rc<Measure<_, _, i64>>	UNCLASSIFIED	R1	mismatched types
02_parse	UNCLASSIFIED	E0308	24	1	src/std_realization_schedule.rs	83	19	Rc<Measure<_, _, i64>>	Rc<Measure<(), S, Rc<i64>>>	UNCLASSIFIED	D	mismatched types
02_parse	MAP_CARRIER_FORK	E0560	25	1	src/v2_std_collection.rs	94	5			UNCLASSIFIED		struct `Rc<PartialFunction<_, _>>` has no field named `lookup`
02_parse	UNCLASSIFIED	E0277	26	1	src/v2_std_collection.rs	96	14			UNCLASSIFIED		the trait bound `K: Eq` is not satisfied
02_parse	UNCLASSIFIED	E0277	27	1	src/v2_std_collection.rs	96	14			UNCLASSIFIED		the trait bound `K: std::hash::Hash` is not satisfied
02_parse	MAP_CARRIER_FORK	E0308	28	1	src/v2_std_collection.rs	93	13	HashMap<K, V>	Rc<PartialFunction<_, _>>	UNCLASSIFIED	T3	mismatched types
02_parse	UNCLASSIFIED	E0277	29	1	src/v2_std_collection.rs	102	5			UNCLASSIFIED		the trait bound `K: Eq` is not satisfied
02_parse	UNCLASSIFIED	E0277	30	1	src/v2_std_collection.rs	102	5			UNCLASSIFIED		the trait bound `K: std::hash::Hash` is not satisfied
02_parse	UNCLASSIFIED	E0308	31	1	src/v2_std_fold_assembly.rs	258	38	Rc<Outcome<Rc<Vector<Rc<Vector<Rc<Node>>>>>>>	Rc<Outcome<Rc<Vector<Rc<Node>>>>>	UNCLASSIFIED	ELEM-COLL	`match` arms have incompatible types
02_parse	UNCLASSIFIED	E0308	32	1	src/std_cache_interface.rs	638	12	Option<String>	None	UNCLASSIFIED	R2	mismatched types
02_parse	UNCLASSIFIED	E0308	33	1	src/std_cache_interface.rs	652	22	Rc<Measure<(), (), i64>>	Rc<Measure<(), (), Rc<i64>>>	UNCLASSIFIED	R1	mismatched types
02_parse	UNCLASSIFIED	E0308	33	2	src/std_cache_interface.rs	652	22	Rc<Measure<_, _, i64>>	Rc<Measure<_, _, Rc<i64>>>	UNCLASSIFIED	R1	mismatched types
02_parse	UNCLASSIFIED	E0308	34	1	src/std_cache_interface.rs	667	23	Rc<Measure<(), (), i64>>	Rc<Measure<(), (), Rc<i64>>>	UNCLASSIFIED	R1	mismatched types
02_parse	UNCLASSIFIED	E0308	34	2	src/std_cache_interface.rs	667	23	Rc<Measure<_, _, i64>>	Rc<Measure<_, _, Rc<i64>>>	UNCLASSIFIED	R1	mismatched types
02_parse	UNCLASSIFIED	E0308	35	1	src/std_cache_interface.rs	695	5	String	Option<String>	UNCLASSIFIED	R2	mismatched types
02_parse	UNCLASSIFIED	E0308	36	1	src/std_cache_interface.rs	699	5	String	Option<String>	UNCLASSIFIED	R2	mismatched types
02_parse	UNCLASSIFIED	E0308	37	1	src/std_cache_interface.rs	703	5	Rc<CacheInterfaceFacts>	Option<Rc<CacheInterfaceFacts>>	UNCLASSIFIED	R2	mismatched types
02_parse	UNCLASSIFIED	E0308	37	2	src/std_cache_interface.rs	703	5	Rc<_>	Option<Rc<_>>	UNCLASSIFIED	R2	mismatched types
02_parse	UNCLASSIFIED	E0308	38	1	src/std_realization_measurement.rs	96	11	Rc<Measure<(), S, Rc<i64>>>	Rc<Measure<(), S, i64>>	UNCLASSIFIED	R1	mismatched types
02_parse	UNCLASSIFIED	E0308	38	2	src/std_realization_measurement.rs	96	11	Rc<Measure<_, _, Rc<i64>>>	Rc<Measure<_, _, i64>>	UNCLASSIFIED	R1	mismatched types
02_parse	MAP_CARRIER_FORK	E0560	39	1	src/v2_std_model_core.rs	190	5			UNCLASSIFIED		struct `Rc<PartialFunction<_, _>>` has no field named `lookup`
02_parse	MAP_CARRIER_FORK	E0308	40	1	src/v2_std_model_core.rs	189	13	HashMap<String, Rc<Node>>	Rc<PartialFunction<_, _>>	UNCLASSIFIED	T3	mismatched types
02_parse	PRIMITIVE_REPR_FORK	E0369	41	1	src/v2_std_nat.rs	56	23			UNCLASSIFIED		binary operation `<` cannot be applied to type `Rc<v2_std_nat::Nat>`
02_parse	ABSENT_CLONE_BOUND	E0308	42	1	src/v2_std_node_query.rs	150	104	T	&T	ABSENT_CLONE_BOUND	A-clone	mismatched types
02_parse	ABSENT_CLONE_BOUND	E0308	42	2	src/v2_std_node_query.rs	150	104	_	&_	ABSENT_CLONE_BOUND	A-clone	mismatched types
02_parse	UNCLASSIFIED	E0308	43	1	src/v2_std_provenance.rs	79	27	Option<Rc<OriginEvent>>	Rc<OriginEvent>	UNCLASSIFIED	R2	mismatched types
02_parse	UNCLASSIFIED	E0308	43	2	src/v2_std_provenance.rs	79	27	Option<Rc<_>>	Rc<_>	UNCLASSIFIED	R2	mismatched types
02_parse	UNCLASSIFIED	E0308	44	1	src/v2_std_compilers_lexing.rs	235	13	Vector<Rc<Token>>	Rc<Vector<Rc<Token>>>	UNCLASSIFIED	R1	mismatched types
02_parse	PRIMITIVE_REPR_FORK	E0308	45	1	src/v2_std_integer.rs	1359	26	Rc<Nat>	{integer}	UNCLASSIFIED	B3	mismatched types
02_parse	PRIMITIVE_REPR_FORK	E0308	46	1	src/v2_std_integer.rs	1362	30	Rc<Nat>	{integer}	UNCLASSIFIED	B3	mismatched types
02_parse	PRIMITIVE_REPR_FORK	E0308	47	1	src/v2_std_integer.rs	1365	34	Rc<Nat>	{integer}	UNCLASSIFIED	B3	mismatched types
02_parse	PRIMITIVE_REPR_FORK	E0308	48	1	src/v2_std_integer.rs	1368	38	Rc<Nat>	{integer}	UNCLASSIFIED	B3	mismatched types
02_parse	PRIMITIVE_REPR_FORK	E0308	49	1	src/v2_std_integer.rs	1371	42	Rc<Nat>	{integer}	UNCLASSIFIED	B3	mismatched types
02_parse	PRIMITIVE_REPR_FORK	E0308	50	1	src/v2_std_integer.rs	1374	46	Rc<Nat>	{integer}	UNCLASSIFIED	B3	mismatched types
02_parse	PRIMITIVE_REPR_FORK	E0308	51	1	src/v2_std_integer.rs	1377	50	Rc<Nat>	{integer}	UNCLASSIFIED	B3	mismatched types
02_parse	PRIMITIVE_REPR_FORK	E0308	52	1	src/v2_std_integer.rs	1380	54	Rc<Nat>	{integer}	UNCLASSIFIED	B3	mismatched types
02_parse	PRIMITIVE_REPR_FORK	E0308	53	1	src/v2_std_integer.rs	1383	58	Rc<Nat>	{integer}	UNCLASSIFIED	B3	mismatched types
02_parse	PRIMITIVE_REPR_FORK	E0308	54	1	src/v2_std_integer.rs	1400	30	Rc<Nat>	{integer}	UNCLASSIFIED	B3	mismatched types
02_parse	PRIMITIVE_REPR_FORK	E0369	55	1	src/v2_std_integer.rs	1403	31			UNCLASSIFIED		binary operation `<` cannot be applied to type `Rc<v2_std_nat::Nat>`
02_parse	PRIMITIVE_REPR_FORK	E0369	56	1	src/v2_std_integer.rs	1407	47			UNCLASSIFIED		cannot divide `Rc<v2_std_nat::Nat>` by `{integer}`
02_parse	ABSENT_CLONE_BOUND	E0599	57	1	src/v2_compiler_materialization_carriers.rs	188	59			ABSENT_CLONE_BOUND		no method named `clone` found for type parameter `A` in the current scope
02_parse	ABSENT_CLONE_BOUND	E0277	58	1	src/v2_compiler_materialization_carriers.rs	188	50			ABSENT_CLONE_BOUND		the trait bound `B: Clone` is not satisfied
02_parse	ABSENT_CLONE_BOUND	E0599	59	1	src/v2_compiler_materialization_carriers.rs	188	86			ABSENT_CLONE_BOUND		no method named `clone` found for type parameter `A` in the current scope
02_parse	ABSENT_CLONE_BOUND	E0277	60	1	src/v2_compiler_materialization_carriers.rs	188	84			ABSENT_CLONE_BOUND		the trait bound `A: Clone` is not satisfied
02_parse	ABSENT_CLONE_BOUND	E0599	61	1	src/v2_compiler_materialization_carriers.rs	189	22			ABSENT_CLONE_BOUND		no method named `clone` found for type parameter `A` in the current scope
02_parse	UNCLASSIFIED	E0282	62	1	src/v2_std_find_witness.rs	77	67			UNCLASSIFIED		type annotations needed
02_parse	UNCLASSIFIED	E0061	63	1	src/v2_std_find_witness.rs	77	5			UNCLASSIFIED		this function takes 2 arguments but 3 arguments were supplied
02_parse	UNCLASSIFIED	E0614	64	1	src/v2_std_compilers_target_model.rs	442	11			UNCLASSIFIED		type `std::option::Option<_>` cannot be dereferenced
02_parse	UNCLASSIFIED	E0614	65	1	src/v2_std_compilers_target_model.rs	534	105			UNCLASSIFIED		type `std::option::Option<_>` cannot be dereferenced
02_parse	UNCLASSIFIED	E0614	66	1	src/v2_std_compilers_target_model.rs	544	100			UNCLASSIFIED		type `std::option::Option<_>` cannot be dereferenced
02_parse	UNCLASSIFIED	E0308	67	1	src/v2_std_compilers_target_model.rs	2137	43	i64	String	UNCLASSIFIED	RESIDUE	mismatched types
02_parse	UNCLASSIFIED	E0308	68	1	src/v2_std_compilers_target_model.rs	2384	15	String	i64	UNCLASSIFIED	RESIDUE	mismatched types
02_parse	UNCLASSIFIED	E0308	69	1	src/v2_std_compilers_target_model.rs	2647	62	HashMap<_, _>	Rc<HashMap<_, _>>	UNCLASSIFIED	R1	mismatched types
02_parse	UNCLASSIFIED	E0614	70	1	src/v2_std_compilers_target_model.rs	2647	11			UNCLASSIFIED		type `std::option::Option<_>` cannot be dereferenced
02_parse	UNCLASSIFIED	E0308	71	1	src/v2_std_compilers_target_model.rs	7002	90	TargetUseSiteOwnershipLookup	TargetUseSiteOwnershipCatalogLookup	UNCLASSIFIED	RESIDUE	mismatched types
02_parse	UNCLASSIFIED	E0609	72	1	src/v2_std_grammar.rs	124	82			UNCLASSIFIED		no field `member` on type `Rc<OrdSet<Rc<FormalTerminal>>>`
02_parse	UNCLASSIFIED	E0609	73	1	src/v2_std_grammar.rs	125	104			UNCLASSIFIED		no field `member` on type `Rc<OrdSet<Rc<FormalNonterminal>>>`
02_parse	UNCLASSIFIED	E0609	74	1	src/v2_std_grammar.rs	134	102			UNCLASSIFIED		no field `member` on type `Rc<OrdSet<Rc<FormalNonterminal>>>`
02_parse	UNCLASSIFIED	E0609	75	1	src/v2_std_grammar.rs	142	33			UNCLASSIFIED		no field `member` on type `Rc<OrdSet<Rc<FormalNonterminal>>>`
02_parse	UNCLASSIFIED	E0308	76	1	src/v2_std_grammar.rs	1285	29	Rc<DeriveGrammarRelationTokensProgress>	DeriveGrammarRelationTokensProgress	UNCLASSIFIED	R1	mismatched types
02_parse	UNCLASSIFIED	E0308	77	1	src/v2_std_grammar.rs	1363	29	Rc<DeriveGrammarRelationTokensProgress>	DeriveGrammarRelationTokensProgress	UNCLASSIFIED	R1	mismatched types
02_parse	UNCLASSIFIED	E0308	78	1	src/v2_std_grammar.rs	1365	12	()	Rc<Vector<Rc<Edge>>>	UNCLASSIFIED	C	mismatched types
02_parse	UNCLASSIFIED	E0308	79	1	src/v2_std_grammar.rs	1364	21	Witness<Rc<Vector<Rc<Edge>>>>	Witness<()>	UNCLASSIFIED	C	mismatched types
02_parse	MAP_CARRIER_FORK	E0560	80	1	src/v2_std_language_model.rs	45	5			UNCLASSIFIED		struct `Rc<PointwisePower<_>>` has no field named `member`
02_parse	UNCLASSIFIED	E0308	81	1	src/v2_std_language_model.rs	44	13	OrdSet<String>	Rc<PointwisePower<_>>	UNCLASSIFIED	T3	mismatched types
02_parse	MAP_CARRIER_FORK	E0560	82	1	src/v2_extdeps_languages_dag.rs	1219	5			UNCLASSIFIED		struct `Rc<PointwisePower<_>>` has no field named `member`
02_parse	MAP_CARRIER_FORK	E0560	83	1	src/v2_extdeps_languages_dag.rs	1225	5			UNCLASSIFIED		struct `Rc<PointwisePower<_>>` has no field named `member`
02_parse	MAP_CARRIER_FORK	E0560	84	1	src/v2_extdeps_languages_dag.rs	1235	5			UNCLASSIFIED		struct `Rc<PointwisePower<_>>` has no field named `member`
02_parse	UNCLASSIFIED	E0308	85	1	src/v2_extdeps_languages_dag.rs	3055	56	Option<Rc<TargetEmitHostRuntimeRow>>	Rc<TargetEmitHostRuntimeRow>	UNCLASSIFIED	R2	mismatched types
02_parse	UNCLASSIFIED	E0308	85	2	src/v2_extdeps_languages_dag.rs	3055	56	Option<Rc<_>>	Rc<_>	UNCLASSIFIED	R2	mismatched types
02_parse	UNCLASSIFIED	E0308	86	1	src/v2_extdeps_languages_dag.rs	3100	56	Option<Rc<TargetEmitHostRuntimeRow>>	Rc<TargetEmitHostRuntimeRow>	UNCLASSIFIED	R2	mismatched types
02_parse	UNCLASSIFIED	E0308	86	2	src/v2_extdeps_languages_dag.rs	3100	56	Option<Rc<_>>	Rc<_>	UNCLASSIFIED	R2	mismatched types
02_parse	UNCLASSIFIED	E0308	87	1	src/v2_extdeps_languages_dag.rs	3145	56	Option<Rc<TargetEmitHostRuntimeRow>>	Rc<TargetEmitHostRuntimeRow>	UNCLASSIFIED	R2	mismatched types
02_parse	UNCLASSIFIED	E0308	87	2	src/v2_extdeps_languages_dag.rs	3145	56	Option<Rc<_>>	Rc<_>	UNCLASSIFIED	R2	mismatched types
02_parse	UNCLASSIFIED	E0308	88	1	src/v2_compiler_parse.rs	414	27	Option<Rc<ParseMemoEntry>>	Rc<ParseMemoEntry>	UNCLASSIFIED	R2	mismatched types
02_parse	UNCLASSIFIED	E0308	88	2	src/v2_compiler_parse.rs	414	27	Option<Rc<_>>	Rc<_>	UNCLASSIFIED	R2	mismatched types
02_parse	UNCLASSIFIED	E0282	89	1	src/v2_compiler_parse.rs	532	100			UNCLASSIFIED		type annotations needed
02_parse	MAP_CARRIER_FORK	E0560	90	1	src/v2_compiler_parse.rs	572	5			UNCLASSIFIED		struct `Rc<PointwisePower<_>>` has no field named `member`
02_parse	UNCLASSIFIED	E0308	91	1	src/v2_compiler_parse.rs	571	27	OrdSet<String>	Rc<PointwisePower<_>>	UNCLASSIFIED	T3	mismatched types
02_parse	MAP_CARRIER_FORK	E0560	92	1	src/v2_compiler_parse.rs	1034	5			UNCLASSIFIED		struct `Rc<PointwisePower<_>>` has no field named `member`
02_parse	UNCLASSIFIED	E0609	93	1	src/v2_compiler_parse.rs	1034	115			UNCLASSIFIED		no field `member` on type `Rc<OrdSet<std::string::String>>`
02_parse	UNCLASSIFIED	E0308	94	1	src/v2_compiler_parse.rs	1033	13	OrdSet<String>	Rc<PointwisePower<_>>	UNCLASSIFIED	T3	mismatched types
02_parse	UNCLASSIFIED	E0609	95	1	src/v2_compiler_parse.rs	1041	95			UNCLASSIFIED		no field `member` on type `Rc<OrdSet<std::string::String>>`
02_parse	UNCLASSIFIED	E0609	96	1	src/v2_compiler_parse.rs	1063	60			UNCLASSIFIED		no field `member` on type `Rc<OrdSet<std::string::String>>`
02_parse	MAP_CARRIER_FORK	E0560	97	1	src/v2_compiler_parse.rs	1096	5			UNCLASSIFIED		struct `Rc<PointwisePower<_>>` has no field named `member`
02_parse	UNCLASSIFIED	E0308	98	1	src/v2_compiler_parse.rs	1095	53	OrdSet<String>	Rc<PointwisePower<_>>	UNCLASSIFIED	T3	mismatched types
02_parse	UNCLASSIFIED	E0282	99	1	src/v2_compiler_parse.rs	1117	48			UNCLASSIFIED		type annotations needed
02_parse	UNCLASSIFIED	E0061	100	1	src/v2_compiler_parse.rs	1117	5			UNCLASSIFIED		this function takes 2 arguments but 3 arguments were supplied
02_parse	UNCLASSIFIED	E0609	101	1	src/v2_compiler_parse.rs	1150	29			UNCLASSIFIED		no field `member` on type `Rc<OrdSet<std::string::String>>`
02_parse	UNCLASSIFIED	E0609	102	1	src/v2_compiler_parse.rs	1353	29			UNCLASSIFIED		no field `member` on type `Rc<OrdSet<std::string::String>>`
02_parse	UNCLASSIFIED	E0282	103	1	src/v2_compiler_parse.rs	1406	103			UNCLASSIFIED		type annotations needed
02_parse	UNCLASSIFIED	E0061	104	1	src/v2_compiler_parse.rs	1406	59			UNCLASSIFIED		this function takes 2 arguments but 3 arguments were supplied
02_parse	UNCLASSIFIED	E0061	105	1	src/v2_compiler_parse.rs	1471	35			UNCLASSIFIED		this function takes 2 arguments but 3 arguments were supplied
02_parse	UNCLASSIFIED	E0061	106	1	src/v2_compiler_parse.rs	1626	20			UNCLASSIFIED		this function takes 2 arguments but 3 arguments were supplied
02_parse	UNCLASSIFIED	E0004	107	1	src/v2_std_integer.rs	718	84			UNCLASSIFIED		non-exhaustive patterns: `&Some(_)` not covered
02_parse	UNCLASSIFIED	E0004	108	1	src/v2_std_integer.rs	720	84			UNCLASSIFIED		non-exhaustive patterns: `&Some(_)` not covered
02_parse	UNCLASSIFIED	E0004	109	1	src/v2_std_integer_value_set.rs	106	77			UNCLASSIFIED		non-exhaustive patterns: `&Some(_)` not covered
02_parse	UNCLASSIFIED	E0004	110	1	src/v2_std_integer_value_set.rs	110	58			UNCLASSIFIED		non-exhaustive patterns: `&Some(_)` not covered
02_parse	UNCLASSIFIED	E0004	111	1	src/v2_std_integer_value_set.rs	129	75			UNCLASSIFIED		non-exhaustive patterns: `&Some(_)` not covered
02_parse	UNCLASSIFIED	E0004	112	1	src/v2_std_integer_value_set.rs	178	84			UNCLASSIFIED		non-exhaustive patterns: `&Some(_)` not covered
02_parse	UNCLASSIFIED	E0004	113	1	src/v2_std_integer_value_set.rs	180	84			UNCLASSIFIED		non-exhaustive patterns: `&Some(_)` not covered
02_parse	UNCLASSIFIED	E0004	114	1	src/v2_std_refinement_widening_predicate.rs	78	83			UNCLASSIFIED		non-exhaustive patterns: `&Some(_)` not covered
02_parse	UNCLASSIFIED	E0004	115	1	src/v2_std_refinement_widening_predicate.rs	80	86			UNCLASSIFIED		non-exhaustive patterns: `&Some(_)` not covered
02_parse	UNCLASSIFIED	E0004	116	1	src/v2_std_refinement_widening_predicate.rs	92	83			UNCLASSIFIED		non-exhaustive patterns: `&Some(_)` not covered
02_parse	UNCLASSIFIED	E0004	117	1	src/v2_std_refinement_widening_predicate.rs	94	86			UNCLASSIFIED		non-exhaustive patterns: `&Some(_)` not covered
02_parse	UNCLASSIFIED	E0004	118	1	src/v2_std_refinement_widening_predicate.rs	106	81			UNCLASSIFIED		non-exhaustive patterns: `&Some(_)` not covered
02_parse	UNCLASSIFIED	E0004	119	1	src/v2_std_refinement_widening_predicate.rs	108	84			UNCLASSIFIED		non-exhaustive patterns: `&Some(_)` not covered
02_parse	UNCLASSIFIED	E0004	120	1	src/v2_std_refinement_widening_predicate.rs	110	87			UNCLASSIFIED		non-exhaustive patterns: `&Some(_)` not covered
02_parse	UNCLASSIFIED	E0004	121	1	src/v2_std_compilers_target_model.rs	5546	54			UNCLASSIFIED		non-exhaustive patterns: `Outcome::Accepted { value: TargetTypeExprArrowWireShape::TargetTypeExprArrowPositionalWire, .. }` and `Outcome::Accepted { value: TargetTypeExprArrowWireShape::TargetTypeExprArrowLabeledWire, .. }` not covered
02_parse	UNCLASSIFIED	E0004	122	1	src/v2_std_compilers_target_model.rs	5629	54			UNCLASSIFIED		non-exhaustive patterns: `Outcome::Accepted { value: TargetTypeExprArrowWireShape::TargetTypeExprArrowPositionalWire, .. }` and `Outcome::Accepted { value: TargetTypeExprArrowWireShape::TargetTypeExprArrowLabeledWire, .. }` not covered
02_parse	UNCLASSIFIED	E0004	123	1	src/v2_std_compilers_target_model.rs	7785	19			UNCLASSIFIED		non-exhaustive patterns: `Edge { .. }` not covered
02_parse	UNCLASSIFIED	E0004	124	1	src/v2_std_grammar.rs	1818	49			UNCLASSIFIED		non-exhaustive patterns: `&RebuildEmittedResult::RebuildEmittedFail` not covered
02_parse	UNCLASSIFIED	E0004	125	1	src/v2_extdeps_languages_dag.rs	1896	11			UNCLASSIFIED		non-exhaustive patterns: `Edge { .. }` not covered
03_body_producer	SHIM_CLOSURE_GAP_instrument	E0433	1	1	src/v2_std_algebra.rs	16	12			UNCLASSIFIED		cannot find `std_algebra` in `crate`
03_body_producer	SHIM_CLOSURE_GAP_instrument	E0432	2	1	src/v2_std_algebra.rs	15	16			UNCLASSIFIED		unresolved import `crate::std_algebra`
03_body_producer	SHIM_CLOSURE_GAP_instrument	E0432	3	1	src/v2_std_diagnostic.rs	11	16			UNCLASSIFIED		unresolved import `crate::std_algebra`
03_body_producer	SHIM_CLOSURE_GAP_instrument	E0432	4	1	src/v2_std_diagnostic.rs	13	16			UNCLASSIFIED		unresolved import `crate::std_algebra`
03_body_producer	SHIM_CLOSURE_GAP_instrument	E0432	5	1	src/v2_std_node.rs	10	16			UNCLASSIFIED		unresolved import `crate::std_dissolution`
03_body_producer	SHIM_CLOSURE_GAP_instrument	E0433	6	1	src/v2_std_node.rs	12	12			UNCLASSIFIED		cannot find `std_dissolution` in `crate`
03_body_producer	SHIM_CLOSURE_GAP_instrument	E0432	7	1	src/v2_std_node.rs	11	16			UNCLASSIFIED		unresolved import `crate::std_dissolution`
03_body_producer	SHIM_CLOSURE_GAP_instrument	E0432	8	1	src/v2_std_node.rs	13	16			UNCLASSIFIED		unresolved import `crate::std_content_hash`
03_body_producer	SHIM_CLOSURE_GAP_instrument	E0433	9	1	src/v2_std_node.rs	15	12			UNCLASSIFIED		cannot find `std_content_hash` in `crate`
03_body_producer	SHIM_CLOSURE_GAP_instrument	E0432	10	1	src/v2_std_node.rs	14	16			UNCLASSIFIED		unresolved import `crate::std_content_hash`
03_body_producer	SHIM_CLOSURE_GAP_instrument	E0433	11	1	src/v2_std_node.rs	17	12			UNCLASSIFIED		cannot find `std_occurrence_identity` in `crate`
03_body_producer	SHIM_CLOSURE_GAP_instrument	E0432	12	1	src/v2_std_node.rs	16	16			UNCLASSIFIED		unresolved import `crate::std_occurrence_identity`
03_body_producer	SHIM_CLOSURE_GAP_instrument	E0433	13	1	src/v2_std_node.rs	81	43			UNCLASSIFIED		cannot find `std_occurrence_identity` in `crate`
03_body_producer	UNCLASSIFIED	E0282	14	1	src/v2_std_algebra.rs	100	10			UNCLASSIFIED		type annotations needed
03_body_producer	ABSENT_CLONE_BOUND	E0308	15	1	src/v2_std_algebra.rs	151	63	T	&T	ABSENT_CLONE_BOUND	A-clone	mismatched types
03_body_producer	ABSENT_CLONE_BOUND	E0308	15	2	src/v2_std_algebra.rs	151	63	_	&_	ABSENT_CLONE_BOUND	A-clone	mismatched types
03_body_producer	UNCLASSIFIED	E0599	16	1	src/v2_std_node.rs	804	103			UNCLASSIFIED		the method `partial_cmp` exists for reference `&T`, but its trait bounds were not satisfied
03_ingest	UNCLASSIFIED	E0433	1	1	src/v2_lens_complexity_accumulator_copy_analyze.rs	440	43			UNCLASSIFIED		cannot find type `Behavior` in this scope
03_ingest	UNCLASSIFIED	E0433	2	1	src/v2_lens_complexity_accumulator_copy_analyze.rs	479	43			UNCLASSIFIED		cannot find type `Behavior` in this scope
03_ingest	UNCLASSIFIED	E0433	3	1	src/v2_lens_complexity_accumulator_copy_analyze.rs	503	43			UNCLASSIFIED		cannot find type `Behavior` in this scope
03_ingest	UNCLASSIFIED	E0433	4	1	src/v2_lens_complexity_accumulator_copy_analyze.rs	538	43			UNCLASSIFIED		cannot find type `Behavior` in this scope
03_ingest	UNCLASSIFIED	E0433	5	1	src/v2_lens_complexity_accumulator_copy_analyze.rs	539	43			UNCLASSIFIED		cannot find type `Behavior` in this scope
03_ingest	UNCLASSIFIED	E0433	6	1	src/v2_lens_complexity_accumulator_copy_analyze.rs	614	43			UNCLASSIFIED		cannot find type `Behavior` in this scope
03_ingest	UNCLASSIFIED	E0433	7	1	src/v2_lens_complexity_accumulator_copy_analyze.rs	655	43			UNCLASSIFIED		cannot find type `Behavior` in this scope
03_ingest	UNCLASSIFIED	E0425	8	1	src/v2_lens_enforcement_grammar_coverage.rs	143	41			UNCLASSIFIED		cannot find function `decl_facts` in this scope
03_ingest	UNCLASSIFIED	E0425	9	1	src/v2_std_text.rs	20	26			UNCLASSIFIED		cannot find type `Int` in this scope
03_ingest	UNCLASSIFIED	E0425	10	1	src/std_state_durability.rs	329	35			UNCLASSIFIED		cannot find type `Int` in this scope
03_ingest	UNCLASSIFIED	E0425	11	1	src/v2_compiler_materialization_carriers.rs	145	42			UNCLASSIFIED		cannot find type `NonEmptyStr` in this scope
03_ingest	UNCLASSIFIED	E0425	12	1	src/v2_compiler_materialization_carriers.rs	149	44			UNCLASSIFIED		cannot find type `NonEmptyStr` in this scope
03_ingest	UNCLASSIFIED	E0425	13	1	src/v2_compiler_materialization_carriers.rs	153	44			UNCLASSIFIED		cannot find type `NonEmptyStr` in this scope
03_ingest	UNCLASSIFIED	E0425	14	1	src/v2_compiler_target_carriers.rs	84	23			UNCLASSIFIED		cannot find type `Edge` in this scope
03_ingest	UNCLASSIFIED	E0433	15	1	src/v2_lens_cost.rs	735	39			UNCLASSIFIED		cannot find type `ConversionOpcode` in this scope
03_ingest	UNCLASSIFIED	E0425	16	1	src/v2_lens_mandatory_tag.rs	402	301			UNCLASSIFIED		cannot find type `T` in this scope
03_ingest	UNCLASSIFIED	E0425	17	1	src/v2_lens_reference_deps.rs	331	5			UNCLASSIFIED		cannot find function `length` in this scope
03_ingest	UNCLASSIFIED	E0425	18	1	src/v2_lens_reference_deps.rs	331	29			UNCLASSIFIED		cannot find function `length` in this scope
03_ingest	UNCLASSIFIED	E0425	19	1	src/v2_lens_reference_deps.rs	366	92			UNCLASSIFIED		cannot find function `decl_facts` in this scope
03_ingest	UNCLASSIFIED	E0425	20	1	src/v2_lens_reference_deps.rs	443	5			UNCLASSIFIED		cannot find function `length` in this scope
03_ingest	UNCLASSIFIED	E0425	21	1	src/v2_compiler_normalized_tree.rs	44	69			UNCLASSIFIED		cannot find type `NonEmptyDiagnostics` in this scope
03_ingest	UNCLASSIFIED	E0425	22	1	src/v2_compiler_normalized_tree.rs	63	80			UNCLASSIFIED		cannot find type `NonEmptyDiagnostics` in this scope
03_ingest	UNCLASSIFIED	E0425	23	1	src/v2_compiler_normalize.rs	84	76			UNCLASSIFIED		cannot find type `NonEmptyDiagnostics` in this scope
03_ingest	UNCLASSIFIED	E0425	24	1	src/v2_compiler_normalize.rs	136	70			UNCLASSIFIED		cannot find type `NonEmptyDiagnostics` in this scope
03_ingest	UNCLASSIFIED	E0425	25	1	src/v2_compiler_program_assembly.rs	38	16			UNCLASSIFIED		cannot find type `SourceRootIndex` in this scope
03_ingest	UNCLASSIFIED	E0425	26	1	src/v2_compiler_source_authority.rs	526	20			UNCLASSIFIED		cannot find value `filesystem` in this scope
03_ingest	UNCLASSIFIED	E0425	27	1	src/v2_compiler_source_authority.rs	657	20			UNCLASSIFIED		cannot find value `filesystem` in this scope
03_ingest	UNCLASSIFIED	E0728	28	1	src/v2_compiler_source_authority.rs	526	50			UNCLASSIFIED		`await` is only allowed inside `async` functions and blocks
03_ingest	UNCLASSIFIED	E0728	29	1	src/v2_compiler_source_authority.rs	657	55			UNCLASSIFIED		`await` is only allowed inside `async` functions and blocks
03_ingest	ABSENT_CLONE_BOUND	E0277	30	1	src/v2_std_test_claim_falsification.rs	38	24			ABSENT_CLONE_BOUND		the trait bound `A: Clone` is not satisfied
03_ingest	ABSENT_CLONE_BOUND	E0277	31	1	src/v2_compiler_eval.rs	302	19			ABSENT_CLONE_BOUND		the trait bound `T: Clone` is not satisfied
03_ingest	ABSENT_CLONE_BOUND	E0277	32	1	src/v2_compiler_eval.rs	329	21			ABSENT_CLONE_BOUND		the trait bound `A: Clone` is not satisfied
03_ingest	ABSENT_CLONE_BOUND	E0308	33	1	src/v2_extdeps_languages_fidelity.rs	27	79	Feature	&Feature	ABSENT_CLONE_BOUND	A-clone	mismatched types
03_ingest	ABSENT_CLONE_BOUND	E0308	33	2	src/v2_extdeps_languages_fidelity.rs	27	79	_	&_	ABSENT_CLONE_BOUND	A-clone	mismatched types
03_ingest	UNCLASSIFIED	E0631	34	1	src/v2_lens_complexity_accumulator_copy_analyze.rs	70	48			UNCLASSIFIED		type mismatch in closure arguments
03_ingest	UNCLASSIFIED	E0631	35	1	src/v2_lens_complexity_accumulator_copy_analyze.rs	72	48			UNCLASSIFIED		type mismatch in closure arguments
03_ingest	UNCLASSIFIED	E0308	36	1	src/v2_lens_complexity_accumulator_copy_analyze.rs	125	116	Rc<Edge>	Edge	UNCLASSIFIED	R1	mismatched types
03_ingest	UNCLASSIFIED	E0631	37	1	src/v2_lens_complexity_accumulator_copy_analyze.rs	125	36			UNCLASSIFIED		type mismatch in closure arguments
03_ingest	UNCLASSIFIED	E0631	38	1	src/v2_lens_complexity_accumulator_copy_analyze.rs	333	40			UNCLASSIFIED		type mismatch in closure arguments
03_ingest	UNCLASSIFIED	E0308	39	1	src/v2_lens_complexity_accumulator_copy_analyze.rs	485	80	Vector<PortReading>	Vector<Rc<PortReading>>	UNCLASSIFIED	R1	mismatched types
03_ingest	UNCLASSIFIED	E0631	40	1	src/v2_lens_complexity_accumulator_copy_analyze.rs	479	110			UNCLASSIFIED		type mismatch in closure arguments
03_ingest	UNCLASSIFIED	E0308	41	1	src/v2_lens_complexity_accumulator_copy_analyze.rs	479	72	Rc<Vector<Rc<PortReading>>>	Rc<Vector<PortReading>>	UNCLASSIFIED	R1	mismatched types
03_ingest	UNCLASSIFIED	E0631	42	1	src/v2_lens_complexity_accumulator_copy_analyze.rs	643	36			UNCLASSIFIED		type mismatch in closure arguments
03_ingest	UNCLASSIFIED	E0631	43	1	src/v2_lens_complexity_accumulator_copy_analyze.rs	656	48			UNCLASSIFIED		type mismatch in closure arguments
03_ingest	UNCLASSIFIED	E0631	44	1	src/v2_lens_complexity_accumulator_copy_analyze.rs	683	51			UNCLASSIFIED		type mismatch in closure arguments
03_ingest	UNCLASSIFIED	E0308	45	1	src/v2_lens_complexity_accumulator_copy_analyze.rs	696	15	Rc<Vector<Finding>>	Rc<Vector<Rc<Finding>>>	UNCLASSIFIED	R1	mismatched types
03_ingest	UNCLASSIFIED	E0308	46	1	src/v2_lens_complexity_lowering.rs	48	13	Vector<()>	Vector<Rc<ComplexityLowering>>	UNCLASSIFIED	C	mismatched types
03_ingest	UNCLASSIFIED	E0631	47	1	src/v2_lens_complexity_lowering.rs	52	33			UNCLASSIFIED		type mismatch in function arguments
03_ingest	UNCLASSIFIED	E0308	48	1	src/v2_lens_complexity_lowering.rs	60	104	Rc<ComplexityLowering>	()	UNCLASSIFIED	C	mismatched types
03_ingest	UNCLASSIFIED	E0308	49	1	src/v2_lens_complexity_lowering.rs	68	107	Rc<ComplexityLowering>	()	UNCLASSIFIED	C	mismatched types
03_ingest	UNCLASSIFIED	E0609	50	1	src/v2_lens_complexity_lowering.rs	69	11			UNCLASSIFIED		no field `after` on type `()`
03_ingest	UNCLASSIFIED	E0308	51	1	src/v2_lens_coverage.rs	52	21	Coverage<Rc<CoverageDefectAcceptanceKey>>	CoverageDefectAcceptanceKey	UNCLASSIFIED	D	mismatched types
03_ingest	UNCLASSIFIED	E0308	52	1	src/v2_lens_coverage.rs	63	21	Coverage<Rc<CoverageDefectAcceptanceKey>>	CoverageDefectAcceptanceKey	UNCLASSIFIED	D	mismatched types
03_ingest	UNCLASSIFIED	E0308	53	1	src/v2_lens_coverage.rs	74	21	Coverage<Rc<CoverageDefectAcceptanceKey>>	CoverageDefectAcceptanceKey	UNCLASSIFIED	D	mismatched types
03_ingest	UNCLASSIFIED	E0308	54	1	src/v2_lens_coverage.rs	85	21	Coverage<Rc<CoverageDefectAcceptanceKey>>	CoverageDefectAcceptanceKey	UNCLASSIFIED	D	mismatched types
03_ingest	UNCLASSIFIED	E0308	55	1	src/v2_lens_coverage.rs	96	21	Coverage<Rc<CoverageDefectAcceptanceKey>>	CoverageDefectAcceptanceKey	UNCLASSIFIED	D	mismatched types
03_ingest	UNCLASSIFIED	E0308	56	1	src/v2_lens_coverage.rs	107	21	Coverage<Rc<CoverageDefectAcceptanceKey>>	CoverageDefectAcceptanceKey	UNCLASSIFIED	D	mismatched types
03_ingest	UNCLASSIFIED	E0308	57	1	src/v2_lens_coverage.rs	118	21	Coverage<Rc<CoverageDefectAcceptanceKey>>	CoverageDefectAcceptanceKey	UNCLASSIFIED	D	mismatched types
03_ingest	UNCLASSIFIED	E0308	58	1	src/v2_lens_coverage.rs	129	21	Coverage<Rc<CoverageDefectAcceptanceKey>>	CoverageDefectAcceptanceKey	UNCLASSIFIED	D	mismatched types
03_ingest	UNCLASSIFIED	E0308	59	1	src/v2_lens_coverage.rs	140	21	Coverage<Rc<CoverageDefectAcceptanceKey>>	CoverageDefectAcceptanceKey	UNCLASSIFIED	D	mismatched types
03_ingest	UNCLASSIFIED	E0308	60	1	src/v2_lens_coverage.rs	151	21	Coverage<Rc<CoverageDefectAcceptanceKey>>	CoverageDefectAcceptanceKey	UNCLASSIFIED	D	mismatched types
03_ingest	UNCLASSIFIED	E0308	61	1	src/v2_lens_coverage.rs	162	21	Coverage<Rc<CoverageDefectAcceptanceKey>>	CoverageDefectAcceptanceKey	UNCLASSIFIED	D	mismatched types
03_ingest	UNCLASSIFIED	E0308	62	1	src/v2_lens_coverage.rs	173	21	Coverage<Rc<CoverageDefectAcceptanceKey>>	CoverageDefectAcceptanceKey	UNCLASSIFIED	D	mismatched types
03_ingest	UNCLASSIFIED	E0308	63	1	src/v2_lens_coverage.rs	184	21	Coverage<Rc<CoverageDefectAcceptanceKey>>	CoverageDefectAcceptanceKey	UNCLASSIFIED	D	mismatched types
03_ingest	UNCLASSIFIED	E0061	64	1	src/v2_lens_coverage.rs	200	11			UNCLASSIFIED		this function takes 2 arguments but 3 arguments were supplied
03_ingest	UNCLASSIFIED	E0061	65	1	src/v2_lens_coverage.rs	207	93			UNCLASSIFIED		this function takes 2 arguments but 3 arguments were supplied
03_ingest	UNCLASSIFIED	E0308	66	1	src/v2_lens_coverage.rs	214	181	()	Rc<Coverage<C>>	UNCLASSIFIED	C	mismatched types
03_ingest	UNCLASSIFIED	E0308	67	1	src/v2_lens_enforcement_standing_intent.rs	215	32	Vector<NarrowingReason>	Vector<Rc<NarrowingReason>>	UNCLASSIFIED	R1	mismatched types
03_ingest	UNCLASSIFIED	E0308	68	1	src/v2_lens_enforcement_standing_intent.rs	246	32	Vector<NarrowingReason>	Vector<Rc<NarrowingReason>>	UNCLASSIFIED	R1	mismatched types
03_ingest	UNCLASSIFIED	E0061	69	1	src/v2_lens_enforcement_vocab.rs	225	66			UNCLASSIFIED		this function takes 2 arguments but 3 arguments were supplied
03_ingest	UNCLASSIFIED	E0061	70	1	src/v2_lens_enforcement_vocab.rs	300	42			UNCLASSIFIED		this function takes 2 arguments but 3 arguments were supplied
03_ingest	UNCLASSIFIED	E0061	71	1	src/v2_lens_enforcement_vocab.rs	304	40			UNCLASSIFIED		this function takes 2 arguments but 3 arguments were supplied
03_ingest	UNCLASSIFIED	E0282	72	1	src/v2_lens_witness_cost_locality.rs	90	119			UNCLASSIFIED		type annotations needed
03_ingest	UNCLASSIFIED	E0061	73	1	src/v2_lens_witness_cost_locality.rs	90	79			UNCLASSIFIED		this function takes 2 arguments but 3 arguments were supplied
03_ingest	UNCLASSIFIED	E0282	74	1	src/v2_lens_witness_cost_locality.rs	188	45			UNCLASSIFIED		type annotations needed
03_ingest	UNCLASSIFIED	E0061	75	1	src/v2_lens_witness_cost_locality.rs	188	5			UNCLASSIFIED		this function takes 2 arguments but 3 arguments were supplied
03_ingest	UNCLASSIFIED	E0599	76	1	src/v2_std_cross_tree_resolution.rs	103	17			UNCLASSIFIED		no associated function or constant named `Empty` found for struct `im::Vector<A>` in the current scope
03_ingest	UNCLASSIFIED	E0223	77	1	src/v2_std_cross_tree_resolution.rs	104	5			UNCLASSIFIED		ambiguous associated type
03_ingest	UNCLASSIFIED	E0425	78	1	src/v2_std_layer.rs	38	5			UNCLASSIFIED		cannot find function `layer_import_facts` in this scope
03_ingest	ABSENT_CLONE_BOUND	E0308	79	1	src/v2_std_passing_candidate_fold.rs	34	83	T	&T	ABSENT_CLONE_BOUND	A-clone	mismatched types
03_ingest	ABSENT_CLONE_BOUND	E0308	79	2	src/v2_std_passing_candidate_fold.rs	34	83	_	&_	ABSENT_CLONE_BOUND	A-clone	mismatched types
03_ingest	UNCLASSIFIED	E0308	80	1	src/std_checked_arithmetic.rs	305	12	Rc<i64>	i64	UNCLASSIFIED	R1	mismatched types
03_ingest	UNCLASSIFIED	E0599	81	1	src/v2_std_node.rs	806	103			UNCLASSIFIED		the method `partial_cmp` exists for reference `&T`, but its trait bounds were not satisfied
03_ingest	ABSENT_CLONE_BOUND	E0308	82	1	src/v2_std_algebra.rs	152	63	T	&T	ABSENT_CLONE_BOUND	A-clone	mismatched types
03_ingest	ABSENT_CLONE_BOUND	E0308	82	2	src/v2_std_algebra.rs	152	63	_	&_	ABSENT_CLONE_BOUND	A-clone	mismatched types
03_ingest	UNCLASSIFIED	E0308	83	1	src/v2_std_logic.rs	53	5	Bool	True	UNCLASSIFIED	B2	mismatched types
03_ingest	UNCLASSIFIED	E0308	84	1	src/v2_std_logic.rs	54	5	Bool	False	UNCLASSIFIED	B2	mismatched types
03_ingest	UNCLASSIFIED	E0308	85	1	src/v2_std_logic.rs	57	5	Bool	True	UNCLASSIFIED	B2	mismatched types
03_ingest	UNCLASSIFIED	E0308	86	1	src/v2_std_logic.rs	58	5	Bool	False	UNCLASSIFIED	B2	mismatched types
03_ingest	UNCLASSIFIED	E0308	87	1	src/v2_std_logic.rs	61	5	Bool	True	UNCLASSIFIED	B2	mismatched types
03_ingest	UNCLASSIFIED	E0308	88	1	src/v2_std_logic.rs	62	5	Bool	False	UNCLASSIFIED	B2	mismatched types
03_ingest	UNCLASSIFIED	E0308	89	1	src/std_measure.rs	496	18	Rc<i64>	i64	UNCLASSIFIED	R1	mismatched types
03_ingest	UNCLASSIFIED	E0369	90	1	src/std_measure.rs	516	109			UNCLASSIFIED		cannot add `{integer}` to `Rc<i64>`
03_ingest	ABSENT_CLONE_BOUND	E0599	91	1	src/v2_std_staging.rs	16	39			ABSENT_CLONE_BOUND		no method named `clone` found for type parameter `A` in the current scope
03_ingest	ABSENT_CLONE_BOUND	E0277	92	1	src/v2_std_staging.rs	16	22			ABSENT_CLONE_BOUND		the trait bound `C: Clone` is not satisfied
03_ingest	ABSENT_CLONE_BOUND	E0308	93	1	src/v2_std_staging.rs	31	53	B	&B	ABSENT_CLONE_BOUND	A-clone	mismatched types
03_ingest	ABSENT_CLONE_BOUND	E0308	93	2	src/v2_std_staging.rs	31	53	_	&_	ABSENT_CLONE_BOUND	A-clone	mismatched types
03_ingest	UNCLASSIFIED	E0308	94	1	src/v2_std_text.rs	65	59	i64	Box<i64>	UNCLASSIFIED	BOX-WRAP	mismatched types
03_ingest	UNCLASSIFIED	E0308	95	1	src/std_realization_schedule.rs	64	11	Rc<Measure<(), S, Rc<i64>>>	Rc<Measure<(), _, i64>>	UNCLASSIFIED	D	mismatched types
03_ingest	UNCLASSIFIED	E0308	95	2	src/std_realization_schedule.rs	64	11	Rc<Measure<_, S, Rc<i64>>>	Rc<Measure<_, _, i64>>	UNCLASSIFIED	D	mismatched types
03_ingest	UNCLASSIFIED	E0308	96	1	src/std_realization_schedule.rs	74	11	Rc<Measure<(), S, Rc<i64>>>	Rc<Measure<(), S, i64>>	UNCLASSIFIED	R1	mismatched types
03_ingest	UNCLASSIFIED	E0308	96	2	src/std_realization_schedule.rs	74	11	Rc<Measure<_, _, Rc<i64>>>	Rc<Measure<_, _, i64>>	UNCLASSIFIED	R1	mismatched types
03_ingest	UNCLASSIFIED	E0308	97	1	src/std_realization_schedule.rs	83	19	Rc<Measure<_, _, i64>>	Rc<Measure<(), S, Rc<i64>>>	UNCLASSIFIED	D	mismatched types
03_ingest	UNCLASSIFIED	E0308	98	1	src/std_state_durability.rs	152	65	StateDurabilityBoundary	Vector<Rc<StateDurabilityBoundary>>	UNCLASSIFIED	ELEM-COLL	mismatched types
03_ingest	UNCLASSIFIED	E0308	99	1	src/std_state_durability.rs	163	70	Rc<StateDurabilityBoundary>	Rc<Vector<Rc<StateDurabilityBoundary>>>	UNCLASSIFIED	ELEM-COLL	mismatched types
03_ingest	UNCLASSIFIED	E0308	100	1	src/std_state_durability.rs	291	152	StateDefinitionCallerAssertion	Vector<Rc<StateDefinitionCallerAssertion>>	UNCLASSIFIED	ELEM-COLL	mismatched types
03_ingest	UNCLASSIFIED	E0308	101	1	src/std_state_durability.rs	636	59	StateDurabilityBoundary	Vector<Rc<StateDurabilityBoundary>>	UNCLASSIFIED	ELEM-COLL	mismatched types
03_ingest	UNCLASSIFIED	E0277	102	1	src/std_state_durability.rs	661	258			UNCLASSIFIED		can't compare `Target` with `Target`
03_ingest	UNCLASSIFIED	E0277	103	1	src/std_state_durability.rs	661	258			UNCLASSIFIED		can't compare `ReadbackSubject` with `ReadbackSubject`
03_ingest	UNCLASSIFIED	E0277	104	1	src/std_state_durability.rs	679	257			UNCLASSIFIED		can't compare `Target` with `Target`
03_ingest	UNCLASSIFIED	E0277	105	1	src/std_state_durability.rs	679	257			UNCLASSIFIED		can't compare `ReadbackSubject` with `ReadbackSubject`
03_ingest	UNCLASSIFIED	E0277	106	1	src/std_state_durability.rs	817	109			UNCLASSIFIED		can't compare `Target` with `Target`
03_ingest	UNCLASSIFIED	E0277	107	1	src/std_state_durability.rs	817	109			UNCLASSIFIED		can't compare `ReadbackSubject` with `ReadbackSubject`
03_ingest	UNCLASSIFIED	E0277	108	1	src/std_state_durability.rs	842	106			UNCLASSIFIED		can't compare `Target` with `Target`
03_ingest	UNCLASSIFIED	E0277	109	1	src/std_state_durability.rs	842	106			UNCLASSIFIED		can't compare `ReadbackSubject` with `ReadbackSubject`
03_ingest	UNCLASSIFIED	E0308	110	1	src/std_state_durability.rs	878	59	Rc<StateDurabilityEvidence<Target, ReadbackSubject>>	Rc<Vector<Rc<StateDurabilityEvidence<Target, ReadbackSubject>>>>	UNCLASSIFIED	RESIDUE	mismatched types
03_ingest	MAP_CARRIER_FORK	E0560	111	1	src/v2_std_collection.rs	94	5			UNCLASSIFIED		struct `Rc<PartialFunction<_, _>>` has no field named `lookup`
03_ingest	UNCLASSIFIED	E0277	112	1	src/v2_std_collection.rs	96	14			UNCLASSIFIED		the trait bound `K: Eq` is not satisfied
03_ingest	UNCLASSIFIED	E0277	113	1	src/v2_std_collection.rs	96	14			UNCLASSIFIED		the trait bound `K: std::hash::Hash` is not satisfied
03_ingest	MAP_CARRIER_FORK	E0308	114	1	src/v2_std_collection.rs	93	13	HashMap<K, V>	Rc<PartialFunction<_, _>>	UNCLASSIFIED	T3	mismatched types
03_ingest	UNCLASSIFIED	E0277	115	1	src/v2_std_collection.rs	102	5			UNCLASSIFIED		the trait bound `K: Eq` is not satisfied
03_ingest	UNCLASSIFIED	E0277	116	1	src/v2_std_collection.rs	102	5			UNCLASSIFIED		the trait bound `K: std::hash::Hash` is not satisfied
03_ingest	UNCLASSIFIED	E0061	117	1	src/v2_std_cross_tree_import_model.rs	88	5			UNCLASSIFIED		this function takes 2 arguments but 3 arguments were supplied
03_ingest	UNCLASSIFIED	E0308	118	1	src/v2_std_fold_assembly.rs	258	38	Rc<Outcome<Rc<Vector<Rc<Vector<Rc<Node>>>>>>>	Rc<Outcome<Rc<Vector<Rc<Node>>>>>	UNCLASSIFIED	ELEM-COLL	`match` arms have incompatible types
03_ingest	UNCLASSIFIED	E0308	119	1	src/std_cache_interface.rs	638	12	Option<String>	None	UNCLASSIFIED	R2	mismatched types
03_ingest	UNCLASSIFIED	E0308	120	1	src/std_cache_interface.rs	652	22	Rc<Measure<(), (), i64>>	Rc<Measure<(), (), Rc<i64>>>	UNCLASSIFIED	R1	mismatched types
03_ingest	UNCLASSIFIED	E0308	120	2	src/std_cache_interface.rs	652	22	Rc<Measure<_, _, i64>>	Rc<Measure<_, _, Rc<i64>>>	UNCLASSIFIED	R1	mismatched types
03_ingest	UNCLASSIFIED	E0308	121	1	src/std_cache_interface.rs	667	23	Rc<Measure<(), (), i64>>	Rc<Measure<(), (), Rc<i64>>>	UNCLASSIFIED	R1	mismatched types
03_ingest	UNCLASSIFIED	E0308	121	2	src/std_cache_interface.rs	667	23	Rc<Measure<_, _, i64>>	Rc<Measure<_, _, Rc<i64>>>	UNCLASSIFIED	R1	mismatched types
03_ingest	UNCLASSIFIED	E0308	122	1	src/std_cache_interface.rs	695	5	String	Option<String>	UNCLASSIFIED	R2	mismatched types
03_ingest	UNCLASSIFIED	E0308	123	1	src/std_cache_interface.rs	699	5	String	Option<String>	UNCLASSIFIED	R2	mismatched types
03_ingest	UNCLASSIFIED	E0308	124	1	src/std_cache_interface.rs	703	5	Rc<CacheInterfaceFacts>	Option<Rc<CacheInterfaceFacts>>	UNCLASSIFIED	R2	mismatched types
03_ingest	UNCLASSIFIED	E0308	124	2	src/std_cache_interface.rs	703	5	Rc<_>	Option<Rc<_>>	UNCLASSIFIED	R2	mismatched types
03_ingest	UNCLASSIFIED	E0308	125	1	src/std_realization_measurement.rs	96	11	Rc<Measure<(), S, Rc<i64>>>	Rc<Measure<(), S, i64>>	UNCLASSIFIED	R1	mismatched types
03_ingest	UNCLASSIFIED	E0308	125	2	src/std_realization_measurement.rs	96	11	Rc<Measure<_, _, Rc<i64>>>	Rc<Measure<_, _, i64>>	UNCLASSIFIED	R1	mismatched types
03_ingest	ABSENT_CLONE_BOUND	E0308	126	1	src/std_realization_reconcile.rs	85	65	A	&A	ABSENT_CLONE_BOUND	A-clone	mismatched types
03_ingest	ABSENT_CLONE_BOUND	E0308	126	2	src/std_realization_reconcile.rs	85	65	_	&_	ABSENT_CLONE_BOUND	A-clone	mismatched types
03_ingest	UNCLASSIFIED	E0425	127	1	src/v2_lens_module_graph.rs	97	5			UNCLASSIFIED		cannot find function `import_resolution_facts` in this scope
03_ingest	UNCLASSIFIED	E0425	128	1	src/v2_lens_module_graph.rs	101	5			UNCLASSIFIED		cannot find function `reference_resolution_facts` in this scope
03_ingest	UNCLASSIFIED	E0425	129	1	src/v2_lens_module_graph.rs	114	5			UNCLASSIFIED		cannot find function `module_declaration_facts` in this scope
03_ingest	UNCLASSIFIED	E0425	130	1	src/v2_lens_module_graph.rs	130	5			UNCLASSIFIED		cannot find function `dependency_resolution_facts` in this scope
03_ingest	UNCLASSIFIED	E0061	131	1	src/v2_lens_module_graph.rs	161	8			UNCLASSIFIED		this function takes 2 arguments but 3 arguments were supplied
03_ingest	UNCLASSIFIED	E0061	132	1	src/v2_lens_module_graph.rs	190	8			UNCLASSIFIED		this function takes 2 arguments but 3 arguments were supplied
03_ingest	UNCLASSIFIED	E0061	133	1	src/v2_lens_module_graph.rs	223	8			UNCLASSIFIED		this function takes 2 arguments but 3 arguments were supplied
03_ingest	MAP_CARRIER_FORK	E0560	134	1	src/v2_std_model_core.rs	190	5			UNCLASSIFIED		struct `Rc<PartialFunction<_, _>>` has no field named `lookup`
03_ingest	MAP_CARRIER_FORK	E0308	135	1	src/v2_std_model_core.rs	189	13	HashMap<String, Rc<Node>>	Rc<PartialFunction<_, _>>	UNCLASSIFIED	T3	mismatched types
03_ingest	PRIMITIVE_REPR_FORK	E0369	136	1	src/v2_std_nat.rs	56	23			UNCLASSIFIED		binary operation `<` cannot be applied to type `Rc<v2_std_nat::Nat>`
03_ingest	ABSENT_CLONE_BOUND	E0308	137	1	src/v2_std_node_query.rs	150	104	T	&T	ABSENT_CLONE_BOUND	A-clone	mismatched types
03_ingest	ABSENT_CLONE_BOUND	E0308	137	2	src/v2_std_node_query.rs	150	104	_	&_	ABSENT_CLONE_BOUND	A-clone	mismatched types
03_ingest	UNCLASSIFIED	E0308	138	1	src/v2_std_provenance.rs	79	27	Option<Rc<OriginEvent>>	Rc<OriginEvent>	UNCLASSIFIED	R2	mismatched types
03_ingest	UNCLASSIFIED	E0308	138	2	src/v2_std_provenance.rs	79	27	Option<Rc<_>>	Rc<_>	UNCLASSIFIED	R2	mismatched types
03_ingest	UNCLASSIFIED	E0308	139	1	src/v2_lens_determinism.rs	135	42	Rc<Determinism>	Rc<Edge>	UNCLASSIFIED	RESIDUE	arguments to this function are incorrect
03_ingest	UNCLASSIFIED	E0308	140	1	src/v2_lens_determinism.rs	161	64	Witness<Rc<DeterminismFact>>	Witness<DeterminismFact>	UNCLASSIFIED	R1	mismatched types
03_ingest	UNCLASSIFIED	E0308	141	1	src/v2_std_cardinality.rs	581	42	Rc<Witness<Rc<TerminationProof>>>	Rc<Edge>	UNCLASSIFIED	RESIDUE	arguments to this function are incorrect
03_ingest	UNCLASSIFIED	E0308	142	1	src/v2_std_compilers_lexing.rs	235	13	Vector<Rc<Token>>	Rc<Vector<Rc<Token>>>	UNCLASSIFIED	R1	mismatched types
03_ingest	PRIMITIVE_REPR_FORK	E0308	143	1	src/v2_std_integer.rs	1359	26	Rc<Nat>	{integer}	UNCLASSIFIED	B3	mismatched types
03_ingest	PRIMITIVE_REPR_FORK	E0308	144	1	src/v2_std_integer.rs	1362	30	Rc<Nat>	{integer}	UNCLASSIFIED	B3	mismatched types
03_ingest	PRIMITIVE_REPR_FORK	E0308	145	1	src/v2_std_integer.rs	1365	34	Rc<Nat>	{integer}	UNCLASSIFIED	B3	mismatched types
03_ingest	PRIMITIVE_REPR_FORK	E0308	146	1	src/v2_std_integer.rs	1368	38	Rc<Nat>	{integer}	UNCLASSIFIED	B3	mismatched types
03_ingest	PRIMITIVE_REPR_FORK	E0308	147	1	src/v2_std_integer.rs	1371	42	Rc<Nat>	{integer}	UNCLASSIFIED	B3	mismatched types
03_ingest	PRIMITIVE_REPR_FORK	E0308	148	1	src/v2_std_integer.rs	1374	46	Rc<Nat>	{integer}	UNCLASSIFIED	B3	mismatched types
03_ingest	PRIMITIVE_REPR_FORK	E0308	149	1	src/v2_std_integer.rs	1377	50	Rc<Nat>	{integer}	UNCLASSIFIED	B3	mismatched types
03_ingest	PRIMITIVE_REPR_FORK	E0308	150	1	src/v2_std_integer.rs	1380	54	Rc<Nat>	{integer}	UNCLASSIFIED	B3	mismatched types
03_ingest	PRIMITIVE_REPR_FORK	E0308	151	1	src/v2_std_integer.rs	1383	58	Rc<Nat>	{integer}	UNCLASSIFIED	B3	mismatched types
03_ingest	PRIMITIVE_REPR_FORK	E0308	152	1	src/v2_std_integer.rs	1400	30	Rc<Nat>	{integer}	UNCLASSIFIED	B3	mismatched types
03_ingest	PRIMITIVE_REPR_FORK	E0369	153	1	src/v2_std_integer.rs	1403	31			UNCLASSIFIED		binary operation `<` cannot be applied to type `Rc<v2_std_nat::Nat>`
03_ingest	PRIMITIVE_REPR_FORK	E0369	154	1	src/v2_std_integer.rs	1407	47			UNCLASSIFIED		cannot divide `Rc<v2_std_nat::Nat>` by `{integer}`
03_ingest	UNCLASSIFIED	E0599	155	1	src/v2_compiler_tokenize.rs	331	54			UNCLASSIFIED		no method named `apply` found for struct `Rc<LexMatchThunk>` in the current scope
03_ingest	UNCLASSIFIED	E0599	156	1	src/v2_compiler_tokenize.rs	333	104			UNCLASSIFIED		no method named `apply` found for struct `Rc<LexMatchThunk>` in the current scope
03_ingest	UNCLASSIFIED	E0599	157	1	src/v2_compiler_tokenize.rs	343	54			UNCLASSIFIED		no method named `apply` found for struct `Rc<LexMatchThunk>` in the current scope
03_ingest	UNCLASSIFIED	E0599	158	1	src/v2_compiler_tokenize.rs	348	57			UNCLASSIFIED		no method named `apply` found for struct `Rc<LexMatchThunk>` in the current scope
03_ingest	UNCLASSIFIED	E0599	159	1	src/v2_compiler_tokenize.rs	352	54			UNCLASSIFIED		no method named `apply` found for struct `Rc<LexMatchThunk>` in the current scope
03_ingest	UNCLASSIFIED	E0599	160	1	src/v2_compiler_tokenize.rs	377	54			UNCLASSIFIED		no method named `apply` found for struct `Rc<LexMatchThunk>` in the current scope
03_ingest	UNCLASSIFIED	E0599	161	1	src/v2_compiler_tokenize.rs	393	54			UNCLASSIFIED		no method named `apply` found for struct `Rc<LexMatchThunk>` in the current scope
03_ingest	MAP_CARRIER_FORK	E0560	162	1	src/v2_extdeps_runtimes_v2_effect_io_pure.rs	119	5			UNCLASSIFIED		struct `Rc<PartialFunction<_, _>>` has no field named `lookup`
03_ingest	MAP_CARRIER_FORK	E0308	163	1	src/v2_extdeps_runtimes_v2_effect_io_pure.rs	118	23	HashMap<Rc<EnvironmentBindingKey>, Rc<RuntimeValue>>	Rc<PartialFunction<_, _>>	UNCLASSIFIED	T3	mismatched types
03_ingest	UNCLASSIFIED	E0614	164	1	src/v2_extdeps_runtimes_v2_effect_io_pure.rs	211	15			UNCLASSIFIED		type `std::option::Option<Rc<RuntimeValue>>` cannot be dereferenced
03_ingest	UNCLASSIFIED	E0599	165	1	src/v2_std_symbol_index.rs	116	20			UNCLASSIFIED		no variant, associated function, or constant named `GlobalBareAmbiguous` found for enum `std::option::Option<T>` in the current scope
03_ingest	UNCLASSIFIED	E0599	166	1	src/v2_std_symbol_index.rs	117	20			UNCLASSIFIED		no variant named `GlobalBareUnique` found for enum `std::option::Option<_>`
03_ingest	UNCLASSIFIED	E0599	167	1	src/v2_std_symbol_index.rs	151	20			UNCLASSIFIED		no variant named `GlobalBareUnique` found for enum `std::option::Option<_>`
03_ingest	UNCLASSIFIED	E0599	168	1	src/v2_std_symbol_index.rs	154	20			UNCLASSIFIED		no variant, associated function, or constant named `GlobalBareAmbiguous` found for enum `std::option::Option<T>` in the current scope
03_ingest	ABSENT_CLONE_BOUND	E0599	169	1	src/v2_compiler_materialization_carriers.rs	188	59			ABSENT_CLONE_BOUND		no method named `clone` found for type parameter `A` in the current scope
03_ingest	ABSENT_CLONE_BOUND	E0277	170	1	src/v2_compiler_materialization_carriers.rs	188	50			ABSENT_CLONE_BOUND		the trait bound `B: Clone` is not satisfied
03_ingest	ABSENT_CLONE_BOUND	E0599	171	1	src/v2_compiler_materialization_carriers.rs	188	86			ABSENT_CLONE_BOUND		no method named `clone` found for type parameter `A` in the current scope
03_ingest	ABSENT_CLONE_BOUND	E0277	172	1	src/v2_compiler_materialization_carriers.rs	188	84			ABSENT_CLONE_BOUND		the trait bound `A: Clone` is not satisfied
03_ingest	ABSENT_CLONE_BOUND	E0599	173	1	src/v2_compiler_materialization_carriers.rs	189	22			ABSENT_CLONE_BOUND		no method named `clone` found for type parameter `A` in the current scope
03_ingest	UNCLASSIFIED	E0282	174	1	src/v2_std_find_witness.rs	77	67			UNCLASSIFIED		type annotations needed
03_ingest	UNCLASSIFIED	E0061	175	1	src/v2_std_find_witness.rs	77	5			UNCLASSIFIED		this function takes 2 arguments but 3 arguments were supplied
03_ingest	UNCLASSIFIED	E0614	176	1	src/v2_std_compilers_target_model.rs	442	11			UNCLASSIFIED		type `std::option::Option<_>` cannot be dereferenced
03_ingest	UNCLASSIFIED	E0614	177	1	src/v2_std_compilers_target_model.rs	534	105			UNCLASSIFIED		type `std::option::Option<_>` cannot be dereferenced
03_ingest	UNCLASSIFIED	E0614	178	1	src/v2_std_compilers_target_model.rs	544	100			UNCLASSIFIED		type `std::option::Option<_>` cannot be dereferenced
03_ingest	UNCLASSIFIED	E0308	179	1	src/v2_std_compilers_target_model.rs	2137	43	i64	String	UNCLASSIFIED	RESIDUE	mismatched types
03_ingest	UNCLASSIFIED	E0308	180	1	src/v2_std_compilers_target_model.rs	2384	15	String	i64	UNCLASSIFIED	RESIDUE	mismatched types
03_ingest	UNCLASSIFIED	E0308	181	1	src/v2_std_compilers_target_model.rs	2647	62	HashMap<_, _>	Rc<HashMap<_, _>>	UNCLASSIFIED	R1	mismatched types
03_ingest	UNCLASSIFIED	E0614	182	1	src/v2_std_compilers_target_model.rs	2647	11			UNCLASSIFIED		type `std::option::Option<_>` cannot be dereferenced
03_ingest	UNCLASSIFIED	E0308	183	1	src/v2_std_compilers_target_model.rs	7002	90	TargetUseSiteOwnershipLookup	TargetUseSiteOwnershipCatalogLookup	UNCLASSIFIED	RESIDUE	mismatched types
03_ingest	UNCLASSIFIED	E0308	184	1	src/v2_compiler_target_carriers.rs	105	64	Option<Rc<Node>>	Rc<Node>	UNCLASSIFIED	R2	mismatched types
03_ingest	UNCLASSIFIED	E0308	184	2	src/v2_compiler_target_carriers.rs	105	64	Option<Rc<_>>	Rc<_>	UNCLASSIFIED	R2	mismatched types
03_ingest	UNCLASSIFIED	E0609	185	1	src/v2_std_grammar.rs	124	82			UNCLASSIFIED		no field `member` on type `Rc<OrdSet<Rc<FormalTerminal>>>`
03_ingest	UNCLASSIFIED	E0609	186	1	src/v2_std_grammar.rs	125	104			UNCLASSIFIED		no field `member` on type `Rc<OrdSet<Rc<FormalNonterminal>>>`
03_ingest	UNCLASSIFIED	E0609	187	1	src/v2_std_grammar.rs	134	102			UNCLASSIFIED		no field `member` on type `Rc<OrdSet<Rc<FormalNonterminal>>>`
03_ingest	UNCLASSIFIED	E0609	188	1	src/v2_std_grammar.rs	142	33			UNCLASSIFIED		no field `member` on type `Rc<OrdSet<Rc<FormalNonterminal>>>`
03_ingest	UNCLASSIFIED	E0308	189	1	src/v2_std_grammar.rs	1285	29	Rc<DeriveGrammarRelationTokensProgress>	DeriveGrammarRelationTokensProgress	UNCLASSIFIED	R1	mismatched types
03_ingest	UNCLASSIFIED	E0308	190	1	src/v2_std_grammar.rs	1363	29	Rc<DeriveGrammarRelationTokensProgress>	DeriveGrammarRelationTokensProgress	UNCLASSIFIED	R1	mismatched types
03_ingest	UNCLASSIFIED	E0308	191	1	src/v2_std_grammar.rs	1365	12	()	Rc<Vector<Rc<Edge>>>	UNCLASSIFIED	C	mismatched types
03_ingest	UNCLASSIFIED	E0308	192	1	src/v2_std_grammar.rs	1364	21	Witness<Rc<Vector<Rc<Edge>>>>	Witness<()>	UNCLASSIFIED	C	mismatched types
03_ingest	MAP_CARRIER_FORK	E0560	193	1	src/v2_extdeps_languages_llvm_ir.rs	1100	5			UNCLASSIFIED		struct `Rc<PartialFunction<_, _>>` has no field named `lookup`
03_ingest	UNCLASSIFIED	E0599	194	1	src/v2_extdeps_languages_llvm_ir.rs	1101	19			UNCLASSIFIED		no variant named `Present` found for enum `std::option::Option<_>`
03_ingest	UNCLASSIFIED	E0599	195	1	src/v2_extdeps_languages_llvm_ir.rs	1106	23			UNCLASSIFIED		no variant named `Present` found for enum `std::option::Option<_>`
03_ingest	UNCLASSIFIED	E0599	196	1	src/v2_extdeps_languages_llvm_ir.rs	1111	27			UNCLASSIFIED		no variant named `Present` found for enum `std::option::Option<_>`
03_ingest	MAP_CARRIER_FORK	E0308	197	1	src/v2_extdeps_languages_llvm_ir.rs	1099	13	HashMap<String, Rc<Node>>	Rc<PartialFunction<_, _>>	UNCLASSIFIED	T3	mismatched types
03_ingest	MAP_CARRIER_FORK	E0560	198	1	src/v2_extdeps_languages_llvm_ir.rs	1124	5			UNCLASSIFIED		struct `Rc<PartialFunction<_, _>>` has no field named `lookup`
03_ingest	UNCLASSIFIED	E0599	199	1	src/v2_extdeps_languages_llvm_ir.rs	1125	19			UNCLASSIFIED		no variant named `Present` found for enum `std::option::Option<_>`
03_ingest	UNCLASSIFIED	E0599	200	1	src/v2_extdeps_languages_llvm_ir.rs	1130	23			UNCLASSIFIED		no variant named `Present` found for enum `std::option::Option<_>`
03_ingest	MAP_CARRIER_FORK	E0308	201	1	src/v2_extdeps_languages_llvm_ir.rs	1123	13	HashMap<String, Rc<Node>>	Rc<PartialFunction<_, _>>	UNCLASSIFIED	T3	mismatched types
03_ingest	MAP_CARRIER_FORK	E0560	202	1	src/v2_std_language_model.rs	45	5			UNCLASSIFIED		struct `Rc<PointwisePower<_>>` has no field named `member`
03_ingest	UNCLASSIFIED	E0308	203	1	src/v2_std_language_model.rs	44	13	OrdSet<String>	Rc<PointwisePower<_>>	UNCLASSIFIED	T3	mismatched types
03_ingest	MAP_CARRIER_FORK	E0560	204	1	src/v2_extdeps_languages_dag.rs	1219	5			UNCLASSIFIED		struct `Rc<PointwisePower<_>>` has no field named `member`
03_ingest	MAP_CARRIER_FORK	E0560	205	1	src/v2_extdeps_languages_dag.rs	1225	5			UNCLASSIFIED		struct `Rc<PointwisePower<_>>` has no field named `member`
03_ingest	MAP_CARRIER_FORK	E0560	206	1	src/v2_extdeps_languages_dag.rs	1235	5			UNCLASSIFIED		struct `Rc<PointwisePower<_>>` has no field named `member`
03_ingest	UNCLASSIFIED	E0308	207	1	src/v2_extdeps_languages_dag.rs	3055	56	Option<Rc<TargetEmitHostRuntimeRow>>	Rc<TargetEmitHostRuntimeRow>	UNCLASSIFIED	R2	mismatched types
03_ingest	UNCLASSIFIED	E0308	207	2	src/v2_extdeps_languages_dag.rs	3055	56	Option<Rc<_>>	Rc<_>	UNCLASSIFIED	R2	mismatched types
03_ingest	UNCLASSIFIED	E0308	208	1	src/v2_extdeps_languages_dag.rs	3100	56	Option<Rc<TargetEmitHostRuntimeRow>>	Rc<TargetEmitHostRuntimeRow>	UNCLASSIFIED	R2	mismatched types
03_ingest	UNCLASSIFIED	E0308	208	2	src/v2_extdeps_languages_dag.rs	3100	56	Option<Rc<_>>	Rc<_>	UNCLASSIFIED	R2	mismatched types
03_ingest	UNCLASSIFIED	E0308	209	1	src/v2_extdeps_languages_dag.rs	3145	56	Option<Rc<TargetEmitHostRuntimeRow>>	Rc<TargetEmitHostRuntimeRow>	UNCLASSIFIED	R2	mismatched types
03_ingest	UNCLASSIFIED	E0308	209	2	src/v2_extdeps_languages_dag.rs	3145	56	Option<Rc<_>>	Rc<_>	UNCLASSIFIED	R2	mismatched types
03_ingest	UNCLASSIFIED	E0308	210	1	src/v2_lens_cost.rs	312	123	Rc<Nat>	Nat	UNCLASSIFIED	R1	mismatched types
03_ingest	UNCLASSIFIED	E0308	211	1	src/v2_lens_cost.rs	315	123	Rc<Nat>	Nat	UNCLASSIFIED	R1	mismatched types
03_ingest	UNCLASSIFIED	E0308	212	1	src/v2_compiler_parse.rs	414	27	Option<Rc<ParseMemoEntry>>	Rc<ParseMemoEntry>	UNCLASSIFIED	R2	mismatched types
03_ingest	UNCLASSIFIED	E0308	212	2	src/v2_compiler_parse.rs	414	27	Option<Rc<_>>	Rc<_>	UNCLASSIFIED	R2	mismatched types
03_ingest	UNCLASSIFIED	E0282	213	1	src/v2_compiler_parse.rs	532	100			UNCLASSIFIED		type annotations needed
03_ingest	MAP_CARRIER_FORK	E0560	214	1	src/v2_compiler_parse.rs	572	5			UNCLASSIFIED		struct `Rc<PointwisePower<_>>` has no field named `member`
03_ingest	UNCLASSIFIED	E0308	215	1	src/v2_compiler_parse.rs	571	27	OrdSet<String>	Rc<PointwisePower<_>>	UNCLASSIFIED	T3	mismatched types
03_ingest	MAP_CARRIER_FORK	E0560	216	1	src/v2_compiler_parse.rs	1034	5			UNCLASSIFIED		struct `Rc<PointwisePower<_>>` has no field named `member`
03_ingest	UNCLASSIFIED	E0609	217	1	src/v2_compiler_parse.rs	1034	115			UNCLASSIFIED		no field `member` on type `Rc<OrdSet<std::string::String>>`
03_ingest	UNCLASSIFIED	E0308	218	1	src/v2_compiler_parse.rs	1033	13	OrdSet<String>	Rc<PointwisePower<_>>	UNCLASSIFIED	T3	mismatched types
03_ingest	UNCLASSIFIED	E0609	219	1	src/v2_compiler_parse.rs	1041	95			UNCLASSIFIED		no field `member` on type `Rc<OrdSet<std::string::String>>`
03_ingest	UNCLASSIFIED	E0609	220	1	src/v2_compiler_parse.rs	1063	60			UNCLASSIFIED		no field `member` on type `Rc<OrdSet<std::string::String>>`
03_ingest	MAP_CARRIER_FORK	E0560	221	1	src/v2_compiler_parse.rs	1096	5			UNCLASSIFIED		struct `Rc<PointwisePower<_>>` has no field named `member`
03_ingest	UNCLASSIFIED	E0308	222	1	src/v2_compiler_parse.rs	1095	53	OrdSet<String>	Rc<PointwisePower<_>>	UNCLASSIFIED	T3	mismatched types
03_ingest	UNCLASSIFIED	E0282	223	1	src/v2_compiler_parse.rs	1117	48			UNCLASSIFIED		type annotations needed
03_ingest	UNCLASSIFIED	E0061	224	1	src/v2_compiler_parse.rs	1117	5			UNCLASSIFIED		this function takes 2 arguments but 3 arguments were supplied
03_ingest	UNCLASSIFIED	E0609	225	1	src/v2_compiler_parse.rs	1150	29			UNCLASSIFIED		no field `member` on type `Rc<OrdSet<std::string::String>>`
03_ingest	UNCLASSIFIED	E0609	226	1	src/v2_compiler_parse.rs	1353	29			UNCLASSIFIED		no field `member` on type `Rc<OrdSet<std::string::String>>`
03_ingest	UNCLASSIFIED	E0282	227	1	src/v2_compiler_parse.rs	1406	103			UNCLASSIFIED		type annotations needed
03_ingest	UNCLASSIFIED	E0061	228	1	src/v2_compiler_parse.rs	1406	59			UNCLASSIFIED		this function takes 2 arguments but 3 arguments were supplied
03_ingest	UNCLASSIFIED	E0061	229	1	src/v2_compiler_parse.rs	1471	35			UNCLASSIFIED		this function takes 2 arguments but 3 arguments were supplied
03_ingest	UNCLASSIFIED	E0061	230	1	src/v2_compiler_parse.rs	1626	20			UNCLASSIFIED		this function takes 2 arguments but 3 arguments were supplied
03_ingest	MAP_CARRIER_FORK	E0560	231	1	src/v2_extdeps_runtimes_v2_evaluator.rs	161	5			UNCLASSIFIED		struct `Rc<PartialFunction<_, _>>` has no field named `lookup`
03_ingest	MAP_CARRIER_FORK	E0308	232	1	src/v2_extdeps_runtimes_v2_evaluator.rs	160	13	HashMap<Rc<EnvironmentBindingKey>, Rc<RuntimeValue>>	Rc<PartialFunction<_, _>>	UNCLASSIFIED	T3	mismatched types
03_ingest	UNCLASSIFIED	E0308	233	1	src/v2_extdeps_runtimes_v2_evaluator.rs	332	5	Rc<Edge>	Edge	UNCLASSIFIED	R1	mismatched types
03_ingest	UNCLASSIFIED	E0308	234	1	src/v2_lens_machine_shape.rs	190	5	Rc<MachineShapeWalkResult>	MachineShapeWalkResult	UNCLASSIFIED	R1	mismatched types
03_ingest	UNCLASSIFIED	E0533	235	1	src/v2_lens_mandatory_tag.rs	469	20			UNCLASSIFIED		expected value, found struct variant `ConstructionClass::WallNow`
03_ingest	UNCLASSIFIED	E0061	236	1	src/v2_lens_reference_deps.rs	199	8			UNCLASSIFIED		this function takes 2 arguments but 3 arguments were supplied
03_ingest	UNCLASSIFIED	E0308	237	1	src/v2_compiler_body_lowering_fold.rs	3176	13	Rc<Outcome<Option<Rc<Node>>>>	Rc<Outcome<Rc<Node>>>	UNCLASSIFIED	R2	`match` arms have incompatible types
03_ingest	UNCLASSIFIED	E0308	237	2	src/v2_compiler_body_lowering_fold.rs	3176	13	Rc<Outcome<Option<Rc<_>>>>	Rc<Outcome<Rc<_>>>	UNCLASSIFIED	R2	`match` arms have incompatible types
03_ingest	UNCLASSIFIED	E0599	238	1	src/v2_compiler_program_assembly.rs	107	17			UNCLASSIFIED		no associated function or constant named `Empty` found for struct `im::Vector<A>` in the current scope
03_ingest	MAP_CARRIER_FORK	E0560	239	1	src/v2_compiler_resolve.rs	146	5			UNCLASSIFIED		struct `Rc<PointwisePower<_>>` has no field named `member`
03_ingest	UNCLASSIFIED	E0308	240	1	src/v2_compiler_resolve.rs	145	13	OrdSet<String>	Rc<PointwisePower<_>>	UNCLASSIFIED	T3	mismatched types
03_ingest	UNCLASSIFIED	E0609	241	1	src/v2_compiler_resolve.rs	377	42			UNCLASSIFIED		no field `member` on type `Rc<OrdSet<std::string::String>>`
03_ingest	MAP_CARRIER_FORK	E0560	242	1	src/v2_compiler_infer.rs	165	5			UNCLASSIFIED		struct `Rc<PartialFunction<_, _>>` has no field named `lookup`
03_ingest	MAP_CARRIER_FORK	E0308	243	1	src/v2_compiler_infer.rs	164	20	HashMap<Rc<Node>, Rc<InferredFacts>>	Rc<PartialFunction<_, _>>	UNCLASSIFIED	T3	mismatched types
03_ingest	UNCLASSIFIED	E0308	244	1	src/v2_compiler_infer.rs	378	63	Witness<Rc<TerminationProof>>	Witness<TerminationProof>	UNCLASSIFIED	R1	mismatched types
03_ingest	MAP_CARRIER_FORK	E0560	245	1	src/v2_compiler_infer.rs	514	5			UNCLASSIFIED		struct `Rc<PartialFunction<_, _>>` has no field named `lookup`
03_ingest	MAP_CARRIER_FORK	E0308	246	1	src/v2_compiler_infer.rs	513	20	HashMap<Rc<Node>, Rc<InferredFacts>>	Rc<PartialFunction<_, _>>	UNCLASSIFIED	T3	mismatched types
03_ingest	UNCLASSIFIED	E0308	247	1	src/v2_compiler_infer.rs	522	27	Option<Rc<InferredFacts>>	Rc<InferredFacts>	UNCLASSIFIED	R2	mismatched types
03_ingest	UNCLASSIFIED	E0308	247	2	src/v2_compiler_infer.rs	522	27	Option<Rc<_>>	Rc<_>	UNCLASSIFIED	R2	mismatched types
03_ingest	UNCLASSIFIED	E0308	248	1	src/v2_compiler_name_resolve.rs	493	5	Rc<AdmitExportsFold>	AdmitExportsFold	UNCLASSIFIED	R1	mismatched types
03_ingest	UNCLASSIFIED	E0369	249	1	src/v2_compiler_eval.rs	276	36			UNCLASSIFIED		binary operation `==` cannot be applied to type `Rc<InterpretationAlgebra>`
03_ingest	UNCLASSIFIED	E0369	250	1	src/v2_compiler_eval.rs	575	123			UNCLASSIFIED		binary operation `==` cannot be applied to type `Rc<InterpretationAlgebra>`
03_ingest	MAP_CARRIER_FORK	E0560	251	1	src/v2_compiler_eval.rs	643	5			UNCLASSIFIED		struct `Rc<PartialFunction<_, _>>` has no field named `lookup`
03_ingest	MAP_CARRIER_FORK	E0308	252	1	src/v2_compiler_eval.rs	642	13	HashMap<Rc<EnvironmentBindingKey>, Rc<RuntimeValue>>	Rc<PartialFunction<_, _>>	UNCLASSIFIED	T3	mismatched types
03_ingest	UNCLASSIFIED	E0308	253	1	src/v2_compiler_eval.rs	662	27	Option<Rc<InferredFacts>>	Rc<InferredFacts>	UNCLASSIFIED	R2	mismatched types
03_ingest	UNCLASSIFIED	E0308	253	2	src/v2_compiler_eval.rs	662	27	Option<Rc<_>>	Rc<_>	UNCLASSIFIED	R2	mismatched types
03_ingest	UNCLASSIFIED	E0308	254	1	src/v2_compiler_eval.rs	734	56	Witness<Rc<Node>>	Witness<Rc<RuntimeValueAcceptanceWitness>>	UNCLASSIFIED	W	mismatched types
03_ingest	UNCLASSIFIED	E0308	255	1	src/v2_compiler_eval.rs	742	17	Witness<Rc<Node>>	Witness<Rc<RuntimeValueAcceptanceWitness>>	UNCLASSIFIED	W	mismatched types
03_ingest	UNCLASSIFIED	E0308	256	1	src/v2_compiler_eval.rs	752	17	Witness<Rc<InferredFacts>>	Witness<Rc<RuntimeValueAcceptanceWitness>>	UNCLASSIFIED	W	mismatched types
03_ingest	UNCLASSIFIED	E0308	257	1	src/v2_compiler_eval.rs	761	17	Witness<Rc<InferredFacts>>	Witness<Rc<RuntimeValueAcceptanceWitness>>	UNCLASSIFIED	W	mismatched types
03_ingest	UNCLASSIFIED	E0308	258	1	src/v2_compiler_eval.rs	850	121	Option<_>	Rc<RuntimeValue>	UNCLASSIFIED	R2	mismatched types
03_ingest	UNCLASSIFIED	E0308	259	1	src/v2_compiler_eval.rs	1192	83	Rc<EvaluationEnvironment>	Rc<InferredTree>	UNCLASSIFIED	ARG-ORDER	arguments to this function are incorrect
03_ingest	UNCLASSIFIED	E0308	259	2	src/v2_compiler_eval.rs	1192	83	Rc<RuntimeBehaviorInterpreter>	Rc<InferredFacts>	UNCLASSIFIED	ARG-ORDER	arguments to this function are incorrect
03_ingest	UNCLASSIFIED	E0308	259	3	src/v2_compiler_eval.rs	1192	83	Rc<InferredTree>	Rc<Vector<Rc<RuntimeValue>>>	UNCLASSIFIED	ARG-ORDER	arguments to this function are incorrect
03_ingest	UNCLASSIFIED	E0308	259	4	src/v2_compiler_eval.rs	1192	83	Rc<InferredFacts>	Rc<EvaluationEnvironment>	UNCLASSIFIED	ARG-ORDER	arguments to this function are incorrect
03_ingest	UNCLASSIFIED	E0308	259	5	src/v2_compiler_eval.rs	1192	83	Rc<Vector<Rc<RuntimeValue>>>	Rc<RuntimeBehaviorInterpreter>	UNCLASSIFIED	ARG-ORDER	arguments to this function are incorrect
03_ingest	UNCLASSIFIED	E0308	260	1	src/v2_compiler_eval.rs	1193	87			UNCLASSIFIED	ARG-ORDER	arguments to this function are incorrect
03_ingest	UNCLASSIFIED	E0308	261	1	src/v2_compiler_eval.rs	1194	84			UNCLASSIFIED	ARG-ORDER	arguments to this function are incorrect
03_ingest	UNCLASSIFIED	E0308	262	1	src/v2_compiler_eval.rs	1195	82			UNCLASSIFIED	ARG-ORDER	arguments to this function are incorrect
03_ingest	UNCLASSIFIED	E0308	263	1	src/v2_compiler_eval.rs	1196	82			UNCLASSIFIED	ARG-ORDER	arguments to this function are incorrect
03_ingest	UNCLASSIFIED	E0308	264	1	src/v2_compiler_eval.rs	1197	83			UNCLASSIFIED	ARG-ORDER	arguments to this function are incorrect
03_ingest	UNCLASSIFIED	E0308	265	1	src/v2_compiler_eval.rs	1444	67			UNCLASSIFIED	ARG-ORDER	arguments to this function are incorrect
03_ingest	UNCLASSIFIED	E0071	266	1	src/v2_compiler_translate.rs	1666	12			UNCLASSIFIED		expected struct, variant or union type, found `(Rc<Node>, Rc<Node>)`
03_ingest	UNCLASSIFIED	E0071	267	1	src/v2_compiler_translate.rs	1681	12			UNCLASSIFIED		expected struct, variant or union type, found `(Rc<Node>, Rc<Node>)`
03_ingest	UNCLASSIFIED	E0609	268	1	src/v2_compiler_translate.rs	1696	16			UNCLASSIFIED		no field `rebuilt` on type `(Rc<Node>, Rc<Node>)`
03_ingest	UNCLASSIFIED	E0609	269	1	src/v2_compiler_translate.rs	1925	185			UNCLASSIFIED		no field `source` on type `(Rc<Node>, Rc<Node>)`
03_ingest	UNCLASSIFIED	E0609	270	1	src/v2_compiler_translate.rs	1925	211			UNCLASSIFIED		no field `source` on type `(Rc<Node>, Rc<Node>)`
03_ingest	UNCLASSIFIED	E0071	271	1	src/v2_compiler_translate.rs	1926	12			UNCLASSIFIED		expected struct, variant or union type, found `(Rc<Node>, Rc<Node>)`
03_ingest	UNCLASSIFIED	E0609	272	1	src/v2_compiler_translate.rs	1927	24			UNCLASSIFIED		no field `source` on type `(Rc<Node>, Rc<Node>)`
03_ingest	UNCLASSIFIED	E0609	273	1	src/v2_compiler_translate.rs	1928	38			UNCLASSIFIED		no field `rebuilt` on type `(Rc<Node>, Rc<Node>)`
03_ingest	UNCLASSIFIED	E0609	274	1	src/v2_compiler_translate.rs	1928	81			UNCLASSIFIED		no field `rebuilt` on type `(Rc<Node>, Rc<Node>)`
03_ingest	UNCLASSIFIED	E0609	275	1	src/v2_compiler_translate.rs	1930	23			UNCLASSIFIED		no field `rebuilt` on type `(Rc<Node>, Rc<Node>)`
03_ingest	UNCLASSIFIED	E0308	276	1	src/v2_compiler_source_authority.rs	698	97	Rc<Diagnostic>	Rc<NonEmptyDiagnostics>	UNCLASSIFIED	DIAG	mismatched types
03_ingest	UNCLASSIFIED	E0308	277	1	src/v2_compiler_source_authority.rs	699	95	Rc<Diagnostic>	Rc<NonEmptyDiagnostics>	UNCLASSIFIED	DIAG	mismatched types
03_ingest	UNCLASSIFIED	E0308	278	1	src/v2_compiler_source_authority.rs	732	13	Rc<SourceRefReadResult>	SourceRefReadResult	UNCLASSIFIED	R1	mismatched types
03_ingest	UNCLASSIFIED	E0308	279	1	src/v2_compiler_source_authority.rs	751	50	Rc<Diagnostic>	Rc<NonEmptyDiagnostics>	UNCLASSIFIED	DIAG	mismatched types
03_ingest	UNCLASSIFIED	E0308	280	1	src/v2_compiler_source_authority.rs	1331	8	Rc<Node>	Rc<NormalizedTree>	UNCLASSIFIED	RESIDUE	arguments to this function are incorrect
03_ingest	UNCLASSIFIED	E0308	281	1	src/v2_compiler_compile.rs	283	82	Witness<Rc<Node>>	Witness<Rc<Outcome<Rc<Witness<Rc<Node>>>>>>	UNCLASSIFIED	W	mismatched types
03_ingest	UNCLASSIFIED	E0614	282	1	src/v2_compiler_ingest.rs	51	11			UNCLASSIFIED		type `std::option::Option<std::string::String>` cannot be dereferenced
03_ingest	UNCLASSIFIED	E0004	283	1	src/v2_std_integer.rs	718	84			UNCLASSIFIED		non-exhaustive patterns: `&Some(_)` not covered
03_ingest	UNCLASSIFIED	E0004	284	1	src/v2_std_integer.rs	720	84			UNCLASSIFIED		non-exhaustive patterns: `&Some(_)` not covered
03_ingest	UNCLASSIFIED	E0004	285	1	src/v2_std_integer_value_set.rs	106	77			UNCLASSIFIED		non-exhaustive patterns: `&Some(_)` not covered
03_ingest	UNCLASSIFIED	E0004	286	1	src/v2_std_integer_value_set.rs	110	58			UNCLASSIFIED		non-exhaustive patterns: `&Some(_)` not covered
03_ingest	UNCLASSIFIED	E0004	287	1	src/v2_std_integer_value_set.rs	129	75			UNCLASSIFIED		non-exhaustive patterns: `&Some(_)` not covered
03_ingest	UNCLASSIFIED	E0004	288	1	src/v2_std_integer_value_set.rs	178	84			UNCLASSIFIED		non-exhaustive patterns: `&Some(_)` not covered
03_ingest	UNCLASSIFIED	E0004	289	1	src/v2_std_integer_value_set.rs	180	84			UNCLASSIFIED		non-exhaustive patterns: `&Some(_)` not covered
03_ingest	UNCLASSIFIED	E0004	290	1	src/v2_std_refinement_widening_predicate.rs	78	83			UNCLASSIFIED		non-exhaustive patterns: `&Some(_)` not covered
03_ingest	UNCLASSIFIED	E0004	291	1	src/v2_std_refinement_widening_predicate.rs	80	86			UNCLASSIFIED		non-exhaustive patterns: `&Some(_)` not covered
03_ingest	UNCLASSIFIED	E0004	292	1	src/v2_std_refinement_widening_predicate.rs	92	83			UNCLASSIFIED		non-exhaustive patterns: `&Some(_)` not covered
03_ingest	UNCLASSIFIED	E0004	293	1	src/v2_std_refinement_widening_predicate.rs	94	86			UNCLASSIFIED		non-exhaustive patterns: `&Some(_)` not covered
03_ingest	UNCLASSIFIED	E0004	294	1	src/v2_std_refinement_widening_predicate.rs	106	81			UNCLASSIFIED		non-exhaustive patterns: `&Some(_)` not covered
03_ingest	UNCLASSIFIED	E0004	295	1	src/v2_std_refinement_widening_predicate.rs	108	84			UNCLASSIFIED		non-exhaustive patterns: `&Some(_)` not covered
03_ingest	UNCLASSIFIED	E0004	296	1	src/v2_std_refinement_widening_predicate.rs	110	87			UNCLASSIFIED		non-exhaustive patterns: `&Some(_)` not covered
03_ingest	UNCLASSIFIED	E0004	297	1	src/v2_std_compilers_target_model.rs	5546	54			UNCLASSIFIED		non-exhaustive patterns: `Outcome::Accepted { value: TargetTypeExprArrowWireShape::TargetTypeExprArrowPositionalWire, .. }` and `Outcome::Accepted { value: TargetTypeExprArrowWireShape::TargetTypeExprArrowLabeledWire, .. }` not covered
03_ingest	UNCLASSIFIED	E0004	298	1	src/v2_std_compilers_target_model.rs	5629	54			UNCLASSIFIED		non-exhaustive patterns: `Outcome::Accepted { value: TargetTypeExprArrowWireShape::TargetTypeExprArrowPositionalWire, .. }` and `Outcome::Accepted { value: TargetTypeExprArrowWireShape::TargetTypeExprArrowLabeledWire, .. }` not covered
03_ingest	UNCLASSIFIED	E0004	299	1	src/v2_std_compilers_target_model.rs	7785	19			UNCLASSIFIED		non-exhaustive patterns: `Edge { .. }` not covered
03_ingest	UNCLASSIFIED	E0004	300	1	src/v2_std_grammar.rs	1818	49			UNCLASSIFIED		non-exhaustive patterns: `&RebuildEmittedResult::RebuildEmittedFail` not covered
03_ingest	UNCLASSIFIED	E0004	301	1	src/v2_std_host_run.rs	58	11			UNCLASSIFIED		non-exhaustive patterns: `Outcome::Accepted { .. }` not covered
03_ingest	UNCLASSIFIED	E0004	302	1	src/v2_extdeps_languages_dag.rs	1896	11			UNCLASSIFIED		non-exhaustive patterns: `Edge { .. }` not covered
03_ingest	UNCLASSIFIED	E0310	303	1	src/v2_std_verdict.rs	123	9			UNCLASSIFIED		the parameter type `Subj` may not live long enough
03_ingest	UNCLASSIFIED	E0310	304	1	src/v2_std_verdict.rs	123	9			UNCLASSIFIED		the parameter type `T` may not live long enough
03_ingest	UNCLASSIFIED	E0004	305	1	src/v2_compiler_eval.rs	1039	68			UNCLASSIFIED		non-exhaustive patterns: `&Some(_)` not covered
03_normalize	UNCLASSIFIED	E0432	1	1	src/v2_std_integer.rs	10	42			UNCLASSIFIED		unresolved imports `crate::std_algebra::AbelianGroup`, `crate::std_algebra::GroupCompletion`, `crate::std_algebra::OrderedRing`, `crate::std_algebra::Ordering`
03_normalize	SHIM_CLOSURE_GAP_instrument	E0432	2	1	src/v2_std_integer.rs	11	25			UNCLASSIFIED		unresolved import `crate::std_algebra::Ordering`
03_normalize	SHIM_CLOSURE_GAP_instrument	E0433	3	1	src/v2_std_integer.rs	13	12			UNCLASSIFIED		cannot find `std_error_primitives` in `crate`
03_normalize	SHIM_CLOSURE_GAP_instrument	E0433	4	1	src/v2_std_integer.rs	14	12			UNCLASSIFIED		cannot find `std_error_primitives` in `crate`
03_normalize	SHIM_CLOSURE_GAP_instrument	E0432	5	1	src/v2_std_integer.rs	12	16			UNCLASSIFIED		unresolved import `crate::std_error_primitives`
03_normalize	SHIM_CLOSURE_GAP_instrument	E0432	6	1	src/v2_std_integer.rs	20	16			UNCLASSIFIED		unresolved import `crate::v2_std_optional`
03_normalize	SHIM_CLOSURE_GAP_instrument	E0432	7	1	src/v2_std_integer.rs	21	16			UNCLASSIFIED		unresolved import `crate::v2_std_optional`
03_normalize	SHIM_CLOSURE_GAP_instrument	E0432	8	1	src/v2_std_integer.rs	34	16			UNCLASSIFIED		unresolved import `crate::v2_std_node_query`
03_normalize	SHIM_CLOSURE_GAP_instrument	E0433	9	1	src/v2_std_integer.rs	36	12			UNCLASSIFIED		cannot find `std_integer` in `crate`
03_normalize	SHIM_CLOSURE_GAP_instrument	E0432	10	1	src/v2_std_integer.rs	35	16			UNCLASSIFIED		unresolved import `crate::std_integer`
03_normalize	SHIM_CLOSURE_GAP_instrument	E0432	11	1	src/v2_std_integer.rs	37	16			UNCLASSIFIED		unresolved import `crate::std_bit`
03_normalize	SHIM_CLOSURE_GAP_instrument	E0432	12	1	src/v2_std_integer.rs	38	16			UNCLASSIFIED		unresolved import `crate::v2_std_machine`
03_normalize	SHIM_CLOSURE_GAP_instrument	E0433	13	1	src/v2_std_integer.rs	40	12			UNCLASSIFIED		cannot find `v2_std_nat` in `crate`
03_normalize	SHIM_CLOSURE_GAP_instrument	E0432	14	1	src/v2_std_integer.rs	39	16			UNCLASSIFIED		unresolved import `crate::v2_std_nat`
03_normalize	SHIM_CLOSURE_GAP_instrument	E0432	15	1	src/v2_std_integer.rs	42	16			UNCLASSIFIED		unresolved import `crate::v2_std_text`
03_normalize	SHIM_CLOSURE_GAP_instrument	E0433	16	1	src/v2_std_integer.rs	44	12			UNCLASSIFIED		cannot find `v2_std_text` in `crate`
03_normalize	SHIM_CLOSURE_GAP_instrument	E0432	17	1	src/v2_std_integer.rs	43	16			UNCLASSIFIED		unresolved import `crate::v2_std_text`
03_normalize	UNCLASSIFIED	E0432	18	1	src/v2_std_algebra.rs	15	30			UNCLASSIFIED		unresolved imports `crate::std_algebra::AbelianGroup`, `crate::std_algebra::BooleanAlgebra`, `crate::std_algebra::BoundedLattice`, `crate::std_algebra::CommutativeMonoid`, `crate::std_algebra::CommutativeSemiring`, `crate::std_algebra::Field`, `crate::std_algebra::FreeSemigroup`, `crate::std_algebra::Group`, `crate::std_algebra::Lattice`, `crate::std_algebra::Magma`, `crate::std_algebra::Monoid`, `crate::std_algebra::OrderedRing`, `crate::std_algebra::Ordering`, `crate::std_algebra::PointwisePower`, `crate::std_algebra::Ring`, `crate::std_algebra::Semigroup`, `crate::std_algebra::Semiring`
03_normalize	SHIM_CLOSURE_GAP_instrument	E0432	19	1	src/v2_std_algebra.rs	16	25			UNCLASSIFIED		unresolved import `crate::std_algebra::Ordering`
03_normalize	SHIM_CLOSURE_GAP_instrument	E0432	20	1	src/v2_std_collection.rs	11	16			UNCLASSIFIED		unresolved import `crate::std_primitives`
03_normalize	SHIM_CLOSURE_GAP_instrument	E0432	21	1	src/v2_std_collection.rs	12	16			UNCLASSIFIED		unresolved import `crate::std_primitives`
03_normalize	UNCLASSIFIED	E0432	22	1	src/v2_std_collection.rs	14	28			UNCLASSIFIED		unresolved imports `crate::std_types::Set`, `crate::std_types::Map`
03_normalize	SHIM_CLOSURE_GAP_instrument	E0432	23	1	src/v2_std_collection.rs	21	16			UNCLASSIFIED		unresolved import `crate::v2_std_optional`
03_normalize	SHIM_CLOSURE_GAP_instrument	E0432	24	1	src/v2_std_collection.rs	22	16			UNCLASSIFIED		unresolved import `crate::v2_std_optional`
03_normalize	SHIM_CLOSURE_GAP_instrument	E0432	25	1	src/v2_std_collection.rs	23	16			UNCLASSIFIED		unresolved import `crate::v2_std_witness`
03_normalize	SHIM_CLOSURE_GAP_instrument	E0433	26	1	src/v2_std_collection.rs	25	12			UNCLASSIFIED		cannot find `v2_std_witness` in `crate`
03_normalize	SHIM_CLOSURE_GAP_instrument	E0432	27	1	src/v2_std_collection.rs	24	16			UNCLASSIFIED		unresolved import `crate::v2_std_witness`
03_normalize	UNCLASSIFIED	E0432	28	1	src/v2_std_diagnostic.rs	11	30			UNCLASSIFIED		unresolved imports `crate::std_algebra::Monoid`, `crate::std_algebra::Semigroup`
03_normalize	SHIM_CLOSURE_GAP_instrument	E0432	29	1	src/v2_std_node.rs	10	16			UNCLASSIFIED		unresolved import `crate::std_dissolution`
03_normalize	SHIM_CLOSURE_GAP_instrument	E0433	30	1	src/v2_std_node.rs	12	12			UNCLASSIFIED		cannot find `std_dissolution` in `crate`
03_normalize	SHIM_CLOSURE_GAP_instrument	E0432	31	1	src/v2_std_node.rs	11	16			UNCLASSIFIED		unresolved import `crate::std_dissolution`
03_normalize	SHIM_CLOSURE_GAP_instrument	E0432	32	1	src/v2_std_node.rs	13	16			UNCLASSIFIED		unresolved import `crate::std_content_hash`
03_normalize	SHIM_CLOSURE_GAP_instrument	E0433	33	1	src/v2_std_node.rs	15	12			UNCLASSIFIED		cannot find `std_content_hash` in `crate`
03_normalize	SHIM_CLOSURE_GAP_instrument	E0432	34	1	src/v2_std_node.rs	14	16			UNCLASSIFIED		unresolved import `crate::std_content_hash`
03_normalize	SHIM_CLOSURE_GAP_instrument	E0433	35	1	src/v2_std_node.rs	17	12			UNCLASSIFIED		cannot find `std_occurrence_identity` in `crate`
03_normalize	SHIM_CLOSURE_GAP_instrument	E0432	36	1	src/v2_std_node.rs	16	16			UNCLASSIFIED		unresolved import `crate::std_occurrence_identity`
03_normalize	SHIM_CLOSURE_GAP_instrument	E0433	37	1	src/v2_std_node.rs	19	12			UNCLASSIFIED		cannot find `std_constructors` in `crate`
03_normalize	SHIM_CLOSURE_GAP_instrument	E0432	38	1	src/v2_std_node.rs	18	16			UNCLASSIFIED		unresolved import `crate::std_constructors`
03_normalize	SHIM_CLOSURE_GAP_instrument	E0432	39	1	src/v2_compiler_normalize.rs	12	16			UNCLASSIFIED		unresolved import `crate::v2_std_optional`
03_normalize	SHIM_CLOSURE_GAP_instrument	E0432	40	1	src/v2_compiler_normalize.rs	28	46			UNCLASSIFIED		unresolved import `crate::v2_compiler_normalized_tree::admit_normalized_tree`
03_normalize	SHIM_CLOSURE_GAP_instrument	E0432	41	1	src/v2_compiler_body_lowering_fold.rs	4	32			UNCLASSIFIED		unresolved import `crate::v2_std_diagnostic::diag_none`
03_normalize	SHIM_CLOSURE_GAP_instrument	E0433	42	1	src/v2_std_integer.rs	82	37			UNCLASSIFIED		cannot find `v2_std_machine` in `crate`
03_normalize	SHIM_CLOSURE_GAP_instrument	E0433	43	1	src/v2_std_integer.rs	84	38			UNCLASSIFIED		cannot find `v2_std_machine` in `crate`
03_normalize	SHIM_CLOSURE_GAP_instrument	E0433	44	1	src/v2_std_integer.rs	86	38			UNCLASSIFIED		cannot find `v2_std_machine` in `crate`
03_normalize	SHIM_CLOSURE_GAP_instrument	E0433	45	1	src/v2_std_integer.rs	88	38			UNCLASSIFIED		cannot find `v2_std_machine` in `crate`
03_normalize	SHIM_CLOSURE_GAP_instrument	E0433	46	1	src/v2_std_integer.rs	90	39			UNCLASSIFIED		cannot find `v2_std_machine` in `crate`
03_normalize	SHIM_CLOSURE_GAP_instrument	E0433	47	1	src/v2_std_integer.rs	92	39			UNCLASSIFIED		cannot find `v2_std_machine` in `crate`
03_normalize	SHIM_CLOSURE_GAP_instrument	E0433	48	1	src/v2_std_integer.rs	94	40			UNCLASSIFIED		cannot find `v2_std_machine` in `crate`
03_normalize	SHIM_CLOSURE_GAP_instrument	E0433	49	1	src/v2_std_integer.rs	96	40			UNCLASSIFIED		cannot find `v2_std_machine` in `crate`
03_normalize	SHIM_CLOSURE_GAP_instrument	E0433	50	1	src/v2_std_integer.rs	98	40			UNCLASSIFIED		cannot find `v2_std_machine` in `crate`
03_normalize	SHIM_CLOSURE_GAP_instrument	E0433	51	1	src/v2_std_integer.rs	100	41			UNCLASSIFIED		cannot find `v2_std_machine` in `crate`
03_normalize	SHIM_CLOSURE_GAP_instrument	E0433	52	1	src/v2_std_integer.rs	102	44			UNCLASSIFIED		cannot find `v2_std_machine` in `crate`
03_normalize	SHIM_CLOSURE_GAP_instrument	E0433	53	1	src/v2_std_integer.rs	104	46			UNCLASSIFIED		cannot find `v2_std_machine` in `crate`
03_normalize	SHIM_CLOSURE_GAP_instrument	E0433	54	1	src/v2_std_node.rs	83	43			UNCLASSIFIED		cannot find `std_occurrence_identity` in `crate`
03_normalize	UNCLASSIFIED	E0425	55	1	src/v2_compiler_normalize.rs	84	76			UNCLASSIFIED		cannot find type `NonEmptyDiagnostics` in this scope
03_normalize	UNCLASSIFIED	E0425	56	1	src/v2_compiler_normalize.rs	136	70			UNCLASSIFIED		cannot find type `NonEmptyDiagnostics` in this scope
03_normalize	UNCLASSIFIED	E0282	57	1	src/v2_std_integer.rs	254	77			UNCLASSIFIED		type annotations needed
03_normalize	UNCLASSIFIED	E0282	58	1	src/v2_std_integer.rs	264	85			UNCLASSIFIED		type annotations needed
03_normalize	UNCLASSIFIED	E0599	59	1	src/v2_std_integer.rs	313	46			UNCLASSIFIED		no method named `is_empty` found for struct `Rc<FreeMonoid<DecimalDigit>>` in the current scope
03_normalize	UNCLASSIFIED	E0608	60	1	src/v2_std_integer.rs	316	31			UNCLASSIFIED		cannot index into a value of type `FreeMonoid<DecimalDigit>`
03_normalize	UNCLASSIFIED	E0599	61	1	src/v2_std_integer.rs	316	83			UNCLASSIFIED		no method named `iter` found for enum `FreeMonoid<T>` in the current scope
03_normalize	UNCLASSIFIED	E0308	62	1	src/v2_std_integer.rs	316	149	Rc<FreeMonoid<DecimalDigit>>	Rc<Vector<_>>	UNCLASSIFIED	T3	mismatched types
03_normalize	UNCLASSIFIED	E0599	63	1	src/v2_std_integer.rs	329	46			UNCLASSIFIED		no method named `is_empty` found for struct `Rc<FreeMonoid<DecimalDigit>>` in the current scope
03_normalize	UNCLASSIFIED	E0608	64	1	src/v2_std_integer.rs	332	31			UNCLASSIFIED		cannot index into a value of type `FreeMonoid<DecimalDigit>`
03_normalize	UNCLASSIFIED	E0599	65	1	src/v2_std_integer.rs	332	83			UNCLASSIFIED		no method named `iter` found for enum `FreeMonoid<T>` in the current scope
03_normalize	UNCLASSIFIED	E0308	66	1	src/v2_std_integer.rs	332	150	Rc<FreeMonoid<DecimalDigit>>	Rc<Vector<_>>	UNCLASSIFIED	T3	mismatched types
03_normalize	UNCLASSIFIED	E0599	67	1	src/v2_std_integer.rs	345	46			UNCLASSIFIED		no method named `is_empty` found for struct `Rc<FreeMonoid<DecimalDigit>>` in the current scope
03_normalize	UNCLASSIFIED	E0608	68	1	src/v2_std_integer.rs	345	132			UNCLASSIFIED		cannot index into a value of type `FreeMonoid<DecimalDigit>`
03_normalize	UNCLASSIFIED	E0599	69	1	src/v2_std_integer.rs	345	184			UNCLASSIFIED		no method named `iter` found for enum `FreeMonoid<T>` in the current scope
03_normalize	UNCLASSIFIED	E0308	70	1	src/v2_std_integer.rs	348	10	Rc<FreeMonoid<DecimalDigit>>	Rc<Vector<_>>	UNCLASSIFIED	T3	mismatched types
03_normalize	UNCLASSIFIED	E0308	71	1	src/v2_std_integer.rs	393	35	Rc<FreeMonoid<DecimalDigit>>	Rc<Vector<DecimalDigit>>	UNCLASSIFIED	T3	mismatched types
03_normalize	UNCLASSIFIED	E0308	72	1	src/v2_std_integer.rs	416	36	Rc<FreeMonoid<DecimalDigit>>	Rc<Vector<DecimalDigit>>	UNCLASSIFIED	T3	mismatched types
03_normalize	UNCLASSIFIED	E0308	73	1	src/v2_std_integer.rs	417	250	FreeMonoid<DecimalDigit>	Vector<DecimalDigit>	UNCLASSIFIED	T3	mismatched types
03_normalize	UNCLASSIFIED	E0599	74	1	src/v2_std_integer.rs	440	44			UNCLASSIFIED		no method named `is_empty` found for struct `Rc<FreeMonoid<DecimalDigit>>` in the current scope
03_normalize	UNCLASSIFIED	E0599	75	1	src/v2_std_integer.rs	440	93			UNCLASSIFIED		no method named `is_empty` found for struct `Rc<FreeMonoid<DecimalDigit>>` in the current scope
03_normalize	UNCLASSIFIED	E0608	76	1	src/v2_std_integer.rs	440	196			UNCLASSIFIED		cannot index into a value of type `FreeMonoid<DecimalDigit>`
03_normalize	UNCLASSIFIED	E0599	77	1	src/v2_std_integer.rs	440	253			UNCLASSIFIED		no method named `iter` found for enum `FreeMonoid<T>` in the current scope
03_normalize	UNCLASSIFIED	E0599	78	1	src/v2_std_integer.rs	440	325			UNCLASSIFIED		no method named `is_empty` found for struct `Rc<FreeMonoid<DecimalDigit>>` in the current scope
03_normalize	UNCLASSIFIED	E0608	79	1	src/v2_std_integer.rs	440	396			UNCLASSIFIED		cannot index into a value of type `FreeMonoid<DecimalDigit>`
03_normalize	UNCLASSIFIED	E0599	80	1	src/v2_std_integer.rs	440	454			UNCLASSIFIED		no method named `iter` found for enum `FreeMonoid<T>` in the current scope
03_normalize	UNCLASSIFIED	E0308	81	1	src/v2_std_integer.rs	444	8	Rc<FreeMonoid<DecimalDigit>>	Rc<Vector<_>>	UNCLASSIFIED	T3	mismatched types
03_normalize	UNCLASSIFIED	E0308	82	1	src/v2_std_integer.rs	445	9	Rc<FreeMonoid<DecimalDigit>>	Rc<Vector<_>>	UNCLASSIFIED	T3	mismatched types
03_normalize	UNCLASSIFIED	E0308	83	1	src/v2_std_integer.rs	456	36	Rc<FreeMonoid<_>>	Rc<Vector<DecimalDigit>>	UNCLASSIFIED	T3	mismatched types
03_normalize	UNCLASSIFIED	E0308	84	1	src/v2_std_integer.rs	457	29	Rc<FreeMonoid<_>>	Rc<Vector<DecimalDigit>>	UNCLASSIFIED	T3	mismatched types
03_normalize	UNCLASSIFIED	E0308	85	1	src/v2_std_integer.rs	465	24	Rc<FreeMonoid<DecimalDigit>>	Rc<Vector<DecimalDigit>>	UNCLASSIFIED	T3	arguments to this function are incorrect
03_normalize	UNCLASSIFIED	E0282	86	1	src/v2_std_integer.rs	560	11			UNCLASSIFIED		type annotations needed
03_normalize	UNCLASSIFIED	E0308	87	1	src/v2_std_integer.rs	876	191	FreeMonoid<_>	Vector<DecimalDigit>	UNCLASSIFIED	T3	mismatched types
03_normalize	UNCLASSIFIED	E0308	88	1	src/v2_std_integer.rs	882	148	FreeMonoid<_>	Vector<DecimalDigit>	UNCLASSIFIED	T3	mismatched types
03_normalize	UNCLASSIFIED	E0599	89	1	src/v2_std_integer.rs	1142	42			UNCLASSIFIED		no method named `is_empty` found for struct `Rc<FreeMonoid<DecimalDigit>>` in the current scope
03_normalize	UNCLASSIFIED	E0608	90	1	src/v2_std_integer.rs	1142	186			UNCLASSIFIED		cannot index into a value of type `FreeMonoid<DecimalDigit>`
03_normalize	UNCLASSIFIED	E0599	91	1	src/v2_std_integer.rs	1142	238			UNCLASSIFIED		no method named `iter` found for enum `FreeMonoid<T>` in the current scope
03_normalize	UNCLASSIFIED	E0308	92	1	src/v2_std_integer.rs	1142	333	Rc<FreeMonoid<DecimalDigit>>	Rc<Vector<_>>	UNCLASSIFIED	T3	mismatched types
03_normalize	UNCLASSIFIED	E0599	93	1	src/v2_std_integer.rs	1142	363			UNCLASSIFIED		no method named `clone` found for enum `FreeMonoid<T>` in the current scope
03_normalize	UNCLASSIFIED	E0308	94	1	src/v2_std_integer.rs	1168	62	FreeMonoid<DecimalDigit>	Vector<_>	UNCLASSIFIED	T3	mismatched types
03_normalize	UNCLASSIFIED	E0282	95	1	src/v2_std_integer.rs	1172	111			UNCLASSIFIED		type annotations needed
03_normalize	UNCLASSIFIED	E0599	96	1	src/v2_std_integer.rs	1318	95			UNCLASSIFIED		no method named `clone` found for enum `FreeMonoid<T>` in the current scope
03_normalize	UNCLASSIFIED	E0308	97	1	src/v2_std_algebra.rs	41	13	FreeMonoid<T>	Vector<_>	UNCLASSIFIED	T3	mismatched types
03_normalize	UNCLASSIFIED	E0277	98	1	src/v2_std_algebra.rs	44	17			UNCLASSIFIED		the trait bound `FreeMonoid<T>: serde::Serialize` is not satisfied
03_normalize	UNCLASSIFIED	E0277	99	1	src/v2_std_algebra.rs	47	15			UNCLASSIFIED		the trait bound `FreeMonoid<T>: serde::Deserialize<'de>` is not satisfied
03_normalize	UNCLASSIFIED	E0277	100	1	src/v2_std_algebra.rs	47	15			UNCLASSIFIED		the trait bound `FreeMonoid<T>: serde::Deserialize<'de>` is not satisfied
03_normalize	UNCLASSIFIED	E0277	101	1	src/v2_std_algebra.rs	44	35			UNCLASSIFIED		the trait bound `FreeMonoid<T>: serde::Deserialize<'de>` is not satisfied
03_normalize	UNCLASSIFIED	E0277	102	1	src/v2_std_algebra.rs	54	63			UNCLASSIFIED		`FreeMonoid<T>` doesn't implement `Debug`
03_normalize	UNCLASSIFIED	E0369	103	1	src/v2_std_algebra.rs	60	19			UNCLASSIFIED		binary operation `==` cannot be applied to type `Rc<FreeMonoid<T>>`
03_normalize	UNCLASSIFIED	E0599	104	1	src/v2_std_algebra.rs	66	42			UNCLASSIFIED		no method named `is_empty` found for struct `Rc<FreeMonoid<T>>` in the current scope
03_normalize	UNCLASSIFIED	E0608	105	1	src/v2_std_algebra.rs	66	92			UNCLASSIFIED		cannot index into a value of type `FreeMonoid<T>`
03_normalize	UNCLASSIFIED	E0599	106	1	src/v2_std_algebra.rs	66	141			UNCLASSIFIED		no method named `iter` found for enum `FreeMonoid<T>` in the current scope
03_normalize	UNCLASSIFIED	E0308	107	1	src/v2_std_algebra.rs	69	6	Rc<FreeMonoid<T>>	Rc<Vector<_>>	UNCLASSIFIED	T3	mismatched types
03_normalize	UNCLASSIFIED	E0599	108	1	src/v2_std_algebra.rs	82	42			UNCLASSIFIED		no method named `is_empty` found for struct `Rc<FreeMonoid<T>>` in the current scope
03_normalize	UNCLASSIFIED	E0608	109	1	src/v2_std_algebra.rs	82	85			UNCLASSIFIED		cannot index into a value of type `FreeMonoid<T>`
03_normalize	UNCLASSIFIED	E0599	110	1	src/v2_std_algebra.rs	82	134			UNCLASSIFIED		no method named `iter` found for enum `FreeMonoid<T>` in the current scope
03_normalize	UNCLASSIFIED	E0308	111	1	src/v2_std_algebra.rs	82	191	Rc<FreeMonoid<T>>	Rc<Vector<_>>	UNCLASSIFIED	T3	mismatched types
03_normalize	UNCLASSIFIED	E0308	112	1	src/v2_std_algebra.rs	87	35	FreeMonoid<T>	Vector<_>	UNCLASSIFIED	T3	mismatched types
03_normalize	UNCLASSIFIED	E0599	113	1	src/v2_std_algebra.rs	87	100			UNCLASSIFIED		no method named `clone` found for enum `FreeMonoid<T>` in the current scope
03_normalize	UNCLASSIFIED	E0308	114	1	src/v2_std_algebra.rs	91	41	FreeMonoid<U>	Vector<_>	UNCLASSIFIED	T3	mismatched types
03_normalize	UNCLASSIFIED	E0599	115	1	src/v2_std_algebra.rs	91	106			UNCLASSIFIED		no method named `clone` found for enum `FreeMonoid<T>` in the current scope
03_normalize	UNCLASSIFIED	E0308	116	1	src/v2_std_algebra.rs	95	41	FreeMonoid<U>	Vector<_>	UNCLASSIFIED	T3	mismatched types
03_normalize	UNCLASSIFIED	E0599	117	1	src/v2_std_algebra.rs	95	172			UNCLASSIFIED		no method named `clone` found for enum `FreeMonoid<T>` in the current scope
03_normalize	UNCLASSIFIED	E0277	118	1	src/v2_std_algebra.rs	103	9			UNCLASSIFIED		the trait bound `FreeMonoid<T>: serde::Serialize` is not satisfied
03_normalize	UNCLASSIFIED	E0277	119	1	src/v2_std_algebra.rs	103	15			UNCLASSIFIED		the trait bound `FreeMonoid<T>: serde::Deserialize<'de>` is not satisfied
03_normalize	UNCLASSIFIED	E0277	120	1	src/v2_std_algebra.rs	103	15			UNCLASSIFIED		the trait bound `FreeMonoid<T>: serde::Deserialize<'de>` is not satisfied
03_normalize	UNCLASSIFIED	E0277	121	1	src/v2_std_algebra.rs	98	35			UNCLASSIFIED		the trait bound `FreeMonoid<T>: serde::Deserialize<'de>` is not satisfied
03_normalize	UNCLASSIFIED	E0277	122	1	src/v2_std_algebra.rs	119	83			UNCLASSIFIED		`FreeMonoid<T>` doesn't implement `Debug`
03_normalize	UNCLASSIFIED	E0369	123	1	src/v2_std_algebra.rs	128	92			UNCLASSIFIED		binary operation `==` cannot be applied to type `&Rc<FreeMonoid<T>>`
03_normalize	UNCLASSIFIED	E0599	124	1	src/v2_std_algebra.rs	136	38			UNCLASSIFIED		no method named `is_empty` found for struct `Rc<FreeMonoid<T>>` in the current scope
03_normalize	UNCLASSIFIED	E0599	125	1	src/v2_std_algebra.rs	136	132			UNCLASSIFIED		no method named `iter` found for enum `FreeMonoid<T>` in the current scope
03_normalize	UNCLASSIFIED	E0308	126	1	src/v2_std_algebra.rs	137	11	Rc<FreeMonoid<T>>	Rc<Vector<_>>	UNCLASSIFIED	T3	mismatched types
03_normalize	ABSENT_CLONE_BOUND	E0308	127	1	src/v2_std_algebra.rs	152	63	T	&T	ABSENT_CLONE_BOUND	A-clone	mismatched types
03_normalize	ABSENT_CLONE_BOUND	E0308	127	2	src/v2_std_algebra.rs	152	63	_	&_	ABSENT_CLONE_BOUND	A-clone	mismatched types
03_normalize	UNCLASSIFIED	E0599	128	1	src/v2_std_algebra.rs	159	38			UNCLASSIFIED		no method named `is_empty` found for struct `Rc<FreeMonoid<T>>` in the current scope
03_normalize	UNCLASSIFIED	E0608	129	1	src/v2_std_algebra.rs	159	111			UNCLASSIFIED		cannot index into a value of type `FreeMonoid<T>`
03_normalize	UNCLASSIFIED	E0599	130	1	src/v2_std_algebra.rs	169	38			UNCLASSIFIED		no method named `is_empty` found for struct `Rc<FreeMonoid<T>>` in the current scope
03_normalize	UNCLASSIFIED	E0308	131	1	src/v2_std_algebra.rs	169	65	FreeMonoid<T>	Vector<_>	UNCLASSIFIED	T3	mismatched types
03_normalize	UNCLASSIFIED	E0599	132	1	src/v2_std_algebra.rs	169	119			UNCLASSIFIED		no method named `iter` found for enum `FreeMonoid<T>` in the current scope
03_normalize	UNCLASSIFIED	E0308	133	1	src/v2_std_algebra.rs	172	6	Rc<FreeMonoid<T>>	Rc<Vector<_>>	UNCLASSIFIED	T3	mismatched types
03_normalize	UNCLASSIFIED	E0599	134	1	src/v2_std_algebra.rs	821	38			UNCLASSIFIED		no method named `is_empty` found for struct `Rc<FreeMonoid<T>>` in the current scope
03_normalize	UNCLASSIFIED	E0308	135	1	src/v2_std_algebra.rs	850	41	FreeMonoid<T>	Vector<_>	UNCLASSIFIED	T3	mismatched types
03_normalize	UNCLASSIFIED	E0599	136	1	src/v2_std_algebra.rs	851	57			UNCLASSIFIED		no method named `clone` found for enum `FreeMonoid<T>` in the current scope
03_normalize	UNCLASSIFIED	E0308	137	1	src/v2_std_algebra.rs	874	19	FreeMonoid<_>	Vector<_>	UNCLASSIFIED	T3	mismatched types
03_normalize	UNCLASSIFIED	E0599	138	1	src/v2_std_algebra.rs	880	60			UNCLASSIFIED		no method named `clone` found for enum `FreeMonoid<T>` in the current scope
03_normalize	UNCLASSIFIED	E0599	139	1	src/v2_std_algebra.rs	897	106			UNCLASSIFIED		no method named `clone` found for enum `FreeMonoid<T>` in the current scope
03_normalize	UNCLASSIFIED	E0308	140	1	src/v2_std_algebra.rs	901	120	FreeMonoid<T>	Vector<T>	UNCLASSIFIED	T3	mismatched types
03_normalize	UNCLASSIFIED	E0599	141	1	src/v2_std_algebra.rs	935	42			UNCLASSIFIED		no method named `is_empty` found for struct `Rc<FreeMonoid<T>>` in the current scope
03_normalize	UNCLASSIFIED	E0599	142	1	src/v2_std_algebra.rs	964	41			UNCLASSIFIED		no method named `is_empty` found for struct `Rc<FreeMonoid<T>>` in the current scope
03_normalize	UNCLASSIFIED	E0599	143	1	src/v2_std_algebra.rs	964	86			UNCLASSIFIED		no method named `is_empty` found for struct `Rc<FreeMonoid<T>>` in the current scope
03_normalize	UNCLASSIFIED	E0608	144	1	src/v2_std_algebra.rs	964	148			UNCLASSIFIED		cannot index into a value of type `FreeMonoid<T>`
03_normalize	UNCLASSIFIED	E0599	145	1	src/v2_std_algebra.rs	964	198			UNCLASSIFIED		no method named `iter` found for enum `FreeMonoid<T>` in the current scope
03_normalize	UNCLASSIFIED	E0599	146	1	src/v2_std_algebra.rs	964	266			UNCLASSIFIED		no method named `is_empty` found for struct `Rc<FreeMonoid<T>>` in the current scope
03_normalize	UNCLASSIFIED	E0608	147	1	src/v2_std_algebra.rs	964	310			UNCLASSIFIED		cannot index into a value of type `FreeMonoid<T>`
03_normalize	UNCLASSIFIED	E0599	148	1	src/v2_std_algebra.rs	964	360			UNCLASSIFIED		no method named `iter` found for enum `FreeMonoid<T>` in the current scope
03_normalize	UNCLASSIFIED	E0308	149	1	src/v2_std_algebra.rs	964	427	Rc<FreeMonoid<T>>	Rc<Vector<_>>	UNCLASSIFIED	T3	arguments to this function are incorrect
03_normalize	UNCLASSIFIED	E0599	150	1	src/v2_std_algebra.rs	970	41			UNCLASSIFIED		no method named `is_empty` found for struct `Rc<FreeMonoid<A>>` in the current scope
03_normalize	UNCLASSIFIED	E0608	151	1	src/v2_std_algebra.rs	970	95			UNCLASSIFIED		cannot index into a value of type `FreeMonoid<A>`
03_normalize	UNCLASSIFIED	E0599	152	1	src/v2_std_algebra.rs	970	145			UNCLASSIFIED		no method named `iter` found for enum `FreeMonoid<T>` in the current scope
03_normalize	UNCLASSIFIED	E0599	153	1	src/v2_std_algebra.rs	970	213			UNCLASSIFIED		no method named `is_empty` found for struct `Rc<FreeMonoid<B>>` in the current scope
03_normalize	UNCLASSIFIED	E0608	154	1	src/v2_std_algebra.rs	970	267			UNCLASSIFIED		cannot index into a value of type `FreeMonoid<B>`
03_normalize	UNCLASSIFIED	E0599	155	1	src/v2_std_algebra.rs	970	317			UNCLASSIFIED		no method named `iter` found for enum `FreeMonoid<T>` in the current scope
03_normalize	UNCLASSIFIED	E0308	156	1	src/v2_std_algebra.rs	970	384	Rc<FreeMonoid<A>>	Rc<Vector<_>>	UNCLASSIFIED	T3	arguments to this function are incorrect
03_normalize	UNCLASSIFIED	E0308	156	2	src/v2_std_algebra.rs	970	384	Rc<FreeMonoid<B>>	Rc<Vector<_>>	UNCLASSIFIED	T3	arguments to this function are incorrect
03_normalize	UNCLASSIFIED	E0599	157	1	src/v2_std_algebra.rs	970	428			UNCLASSIFIED		no method named `clone` found for enum `FreeMonoid<T>` in the current scope
03_normalize	UNCLASSIFIED	E0599	158	1	src/v2_std_algebra.rs	975	38			UNCLASSIFIED		no method named `is_empty` found for struct `Rc<FreeMonoid<T>>` in the current scope
03_normalize	UNCLASSIFIED	E0608	159	1	src/v2_std_algebra.rs	975	84			UNCLASSIFIED		cannot index into a value of type `FreeMonoid<T>`
03_normalize	UNCLASSIFIED	E0599	160	1	src/v2_std_algebra.rs	975	133			UNCLASSIFIED		no method named `iter` found for enum `FreeMonoid<T>` in the current scope
03_normalize	UNCLASSIFIED	E0308	161	1	src/v2_std_algebra.rs	975	195	Rc<FreeMonoid<T>>	Rc<Vector<_>>	UNCLASSIFIED	T3	mismatched types
03_normalize	UNCLASSIFIED	E0599	162	1	src/v2_std_algebra.rs	980	46			UNCLASSIFIED		no method named `is_empty` found for struct `Rc<FreeMonoid<T>>` in the current scope
03_normalize	UNCLASSIFIED	E0608	163	1	src/v2_std_algebra.rs	980	95			UNCLASSIFIED		cannot index into a value of type `FreeMonoid<T>`
03_normalize	UNCLASSIFIED	E0599	164	1	src/v2_std_algebra.rs	980	151			UNCLASSIFIED		no method named `iter` found for enum `FreeMonoid<T>` in the current scope
03_normalize	UNCLASSIFIED	E0599	165	1	src/v2_std_algebra.rs	980	220			UNCLASSIFIED		no method named `is_empty` found for struct `Rc<FreeMonoid<T>>` in the current scope
03_normalize	UNCLASSIFIED	E0608	166	1	src/v2_std_algebra.rs	980	266			UNCLASSIFIED		cannot index into a value of type `FreeMonoid<T>`
03_normalize	UNCLASSIFIED	E0599	167	1	src/v2_std_algebra.rs	980	318			UNCLASSIFIED		no method named `iter` found for enum `FreeMonoid<T>` in the current scope
03_normalize	UNCLASSIFIED	E0308	168	1	src/v2_std_algebra.rs	980	393	Rc<FreeMonoid<T>>	Rc<Vector<_>>	UNCLASSIFIED	T3	arguments to this function are incorrect
03_normalize	UNCLASSIFIED	E0277	169	1	src/v2_std_collection.rs	96	14			UNCLASSIFIED		the trait bound `K: std::cmp::Eq` is not satisfied
03_normalize	UNCLASSIFIED	E0277	170	1	src/v2_std_collection.rs	96	14			UNCLASSIFIED		the trait bound `K: std::hash::Hash` is not satisfied
03_normalize	UNCLASSIFIED	E0277	171	1	src/v2_std_collection.rs	102	5			UNCLASSIFIED		the trait bound `K: std::cmp::Eq` is not satisfied
03_normalize	UNCLASSIFIED	E0277	172	1	src/v2_std_collection.rs	102	5			UNCLASSIFIED		the trait bound `K: std::hash::Hash` is not satisfied
03_normalize	UNCLASSIFIED	E0282	173	1	src/v2_std_collection.rs	132	11			UNCLASSIFIED		type annotations needed
03_normalize	UNCLASSIFIED	E0308	174	1	src/v2_std_diagnostic.rs	236	5	Rc<FreeMonoid<Rc<Diagnostic>>>	Rc<Vector<Rc<Diagnostic>>>	UNCLASSIFIED	T3	arguments to this function are incorrect
03_normalize	UNCLASSIFIED	E0308	175	1	src/v2_std_diagnostic.rs	246	38	Rc<FreeMonoid<Rc<Diagnostic>>>	Rc<Vector<Rc<Diagnostic>>>	UNCLASSIFIED	T3	mismatched types
03_normalize	UNCLASSIFIED	E0308	176	1	src/v2_std_diagnostic.rs	246	71	Rc<FreeMonoid<Rc<Diagnostic>>>	Rc<Vector<Rc<Diagnostic>>>	UNCLASSIFIED	T3	mismatched types
03_normalize	UNCLASSIFIED	E0308	177	1	src/v2_std_diagnostic.rs	246	11	Rc<Vector<Rc<Diagnostic>>>	Rc<FreeMonoid<Rc<Diagnostic>>>	UNCLASSIFIED	T3	mismatched types
03_normalize	UNCLASSIFIED	E0308	178	1	src/v2_std_diagnostic.rs	392	146	Rc<FreeMonoid<T>>	Rc<Vector<T>>	UNCLASSIFIED	T3	mismatched types
03_normalize	UNCLASSIFIED	E0308	179	1	src/v2_std_diagnostic.rs	392	131	Rc<Vector<T>>	Rc<FreeMonoid<T>>	UNCLASSIFIED	T3	mismatched types
03_normalize	UNCLASSIFIED	E0308	180	1	src/v2_std_diagnostic.rs	397	146	Rc<FreeMonoid<T>>	Rc<Vector<T>>	UNCLASSIFIED	T3	mismatched types
03_normalize	UNCLASSIFIED	E0308	181	1	src/v2_std_diagnostic.rs	397	131	Rc<Vector<T>>	Rc<FreeMonoid<T>>	UNCLASSIFIED	T3	mismatched types
03_normalize	UNCLASSIFIED	E0308	182	1	src/v2_std_diagnostic.rs	415	44	Rc<Vector<T>>	Rc<FreeMonoid<_>>	UNCLASSIFIED	T3	mismatched types
03_normalize	UNCLASSIFIED	E0599	183	1	src/v2_std_node.rs	806	103			UNCLASSIFIED		the method `partial_cmp` exists for reference `&T`, but its trait bounds were not satisfied
03_normalize	UNCLASSIFIED	E0308	184	1	src/v2_std_compilers_sugar.rs	37	22	Box<Option<Rc<NonEmptyDiagnostics>>>	Rc<Option<Rc<NonEmptyDiagnostics>>>	UNCLASSIFIED	R2	mismatched types
03_normalize	UNCLASSIFIED	E0308	185	1	src/v2_compiler_body_lowering_fold.rs	32	22	Box<Option<Rc<NonEmptyDiagnostics>>>	Rc<Option<Rc<NonEmptyDiagnostics>>>	UNCLASSIFIED	R2	mismatched types
03_normalize	UNCLASSIFIED	E0308	186	1	src/v2_compiler_normalize.rs	59	55	Rc<FreeMonoid<Rc<Edge>>>	Rc<Vector<Rc<Edge>>>	UNCLASSIFIED	T3	mismatched types
03_normalize	UNCLASSIFIED	E0308	187	1	src/v2_compiler_normalize.rs	59	40	Rc<Vector<Rc<Edge>>>	Rc<FreeMonoid<Rc<Edge>>>	UNCLASSIFIED	T3	mismatched types
03_normalize	UNCLASSIFIED	E0308	188	1	src/v2_compiler_normalize.rs	75	5	Rc<Option<String>>	Option<_>	UNCLASSIFIED	R2	mismatched types
03_normalize	UNCLASSIFIED	E0308	189	1	src/v2_compiler_normalize.rs	78	5	Rc<Option<String>>	Option<_>	UNCLASSIFIED	R2	mismatched types
03_normalize	UNCLASSIFIED	E0308	190	1	src/v2_compiler_normalize.rs	122	5	Rc<Option<String>>	Option<_>	UNCLASSIFIED	R2	mismatched types
03_normalize	UNCLASSIFIED	E0308	191	1	src/v2_compiler_normalize.rs	132	5	Rc<Option<String>>	Option<_>	UNCLASSIFIED	R2	mismatched types
03_normalize	UNCLASSIFIED	E0308	192	1	src/v2_compiler_normalize.rs	123	71	Rc<Option<Rc<NonEmptyDiagnostics>>>	Option<_>	UNCLASSIFIED	R2	mismatched types
03_normalize	UNCLASSIFIED	E0308	193	1	src/v2_compiler_normalize.rs	160	165	Rc<Option<Rc<NonEmptyDiagnostics>>>	Option<Rc<NonEmptyDiagnostics>>	UNCLASSIFIED	R1	mismatched types
03_normalize	UNCLASSIFIED	E0308	193	2	src/v2_compiler_normalize.rs	160	165	Rc<Option<_>>	Option<_>	UNCLASSIFIED	R1	mismatched types
03_normalize	UNCLASSIFIED	E0004	194	1	src/v2_std_integer.rs	718	84			UNCLASSIFIED		non-exhaustive patterns: `&Some(_)` not covered
03_normalize	UNCLASSIFIED	E0004	195	1	src/v2_std_integer.rs	720	84			UNCLASSIFIED		non-exhaustive patterns: `&Some(_)` not covered
03_resolve	UNCLASSIFIED	E0425	1	1	src/v2_std_text.rs	20	26			UNCLASSIFIED		cannot find type `Int` in this scope
03_resolve	UNCLASSIFIED	E0425	2	1	src/v2_compiler_normalized_tree.rs	44	69			UNCLASSIFIED		cannot find type `NonEmptyDiagnostics` in this scope
03_resolve	UNCLASSIFIED	E0425	3	1	src/v2_compiler_normalized_tree.rs	63	80			UNCLASSIFIED		cannot find type `NonEmptyDiagnostics` in this scope
03_resolve	ABSENT_CLONE_BOUND	E0308	4	1	src/v2_extdeps_languages_fidelity.rs	27	79	Feature	&Feature	ABSENT_CLONE_BOUND	A-clone	mismatched types
03_resolve	ABSENT_CLONE_BOUND	E0308	4	2	src/v2_extdeps_languages_fidelity.rs	27	79	_	&_	ABSENT_CLONE_BOUND	A-clone	mismatched types
03_resolve	ABSENT_CLONE_BOUND	E0308	5	1	src/v2_std_passing_candidate_fold.rs	34	83	T	&T	ABSENT_CLONE_BOUND	A-clone	mismatched types
03_resolve	ABSENT_CLONE_BOUND	E0308	5	2	src/v2_std_passing_candidate_fold.rs	34	83	_	&_	ABSENT_CLONE_BOUND	A-clone	mismatched types
03_resolve	UNCLASSIFIED	E0308	6	1	src/std_checked_arithmetic.rs	305	12	Rc<i64>	i64	UNCLASSIFIED	R1	mismatched types
03_resolve	UNCLASSIFIED	E0599	7	1	src/v2_std_node.rs	806	103			UNCLASSIFIED		the method `partial_cmp` exists for reference `&T`, but its trait bounds were not satisfied
03_resolve	ABSENT_CLONE_BOUND	E0308	8	1	src/v2_std_algebra.rs	152	63	T	&T	ABSENT_CLONE_BOUND	A-clone	mismatched types
03_resolve	ABSENT_CLONE_BOUND	E0308	8	2	src/v2_std_algebra.rs	152	63	_	&_	ABSENT_CLONE_BOUND	A-clone	mismatched types
03_resolve	UNCLASSIFIED	E0308	9	1	src/std_measure.rs	496	18	Rc<i64>	i64	UNCLASSIFIED	R1	mismatched types
03_resolve	UNCLASSIFIED	E0369	10	1	src/std_measure.rs	516	109			UNCLASSIFIED		cannot add `{integer}` to `Rc<i64>`
03_resolve	UNCLASSIFIED	E0308	11	1	src/v2_std_text.rs	65	59	i64	Box<i64>	UNCLASSIFIED	BOX-WRAP	mismatched types
03_resolve	MAP_CARRIER_FORK	E0560	12	1	src/v2_std_collection.rs	94	5			UNCLASSIFIED		struct `Rc<PartialFunction<_, _>>` has no field named `lookup`
03_resolve	UNCLASSIFIED	E0277	13	1	src/v2_std_collection.rs	96	14			UNCLASSIFIED		the trait bound `K: Eq` is not satisfied
03_resolve	UNCLASSIFIED	E0277	14	1	src/v2_std_collection.rs	96	14			UNCLASSIFIED		the trait bound `K: std::hash::Hash` is not satisfied
03_resolve	MAP_CARRIER_FORK	E0308	15	1	src/v2_std_collection.rs	93	13	HashMap<K, V>	Rc<PartialFunction<_, _>>	UNCLASSIFIED	T3	mismatched types
03_resolve	UNCLASSIFIED	E0277	16	1	src/v2_std_collection.rs	102	5			UNCLASSIFIED		the trait bound `K: Eq` is not satisfied
03_resolve	UNCLASSIFIED	E0277	17	1	src/v2_std_collection.rs	102	5			UNCLASSIFIED		the trait bound `K: std::hash::Hash` is not satisfied
03_resolve	UNCLASSIFIED	E0308	18	1	src/v2_std_fold_assembly.rs	258	38	Rc<Outcome<Rc<Vector<Rc<Vector<Rc<Node>>>>>>>	Rc<Outcome<Rc<Vector<Rc<Node>>>>>	UNCLASSIFIED	ELEM-COLL	`match` arms have incompatible types
03_resolve	MAP_CARRIER_FORK	E0560	19	1	src/v2_std_model_core.rs	190	5			UNCLASSIFIED		struct `Rc<PartialFunction<_, _>>` has no field named `lookup`
03_resolve	MAP_CARRIER_FORK	E0308	20	1	src/v2_std_model_core.rs	189	13	HashMap<String, Rc<Node>>	Rc<PartialFunction<_, _>>	UNCLASSIFIED	T3	mismatched types
03_resolve	PRIMITIVE_REPR_FORK	E0369	21	1	src/v2_std_nat.rs	56	23			UNCLASSIFIED		binary operation `<` cannot be applied to type `Rc<v2_std_nat::Nat>`
03_resolve	ABSENT_CLONE_BOUND	E0308	22	1	src/v2_std_node_query.rs	150	104	T	&T	ABSENT_CLONE_BOUND	A-clone	mismatched types
03_resolve	ABSENT_CLONE_BOUND	E0308	22	2	src/v2_std_node_query.rs	150	104	_	&_	ABSENT_CLONE_BOUND	A-clone	mismatched types
03_resolve	UNCLASSIFIED	E0308	23	1	src/v2_std_compilers_lexing.rs	235	13	Vector<Rc<Token>>	Rc<Vector<Rc<Token>>>	UNCLASSIFIED	R1	mismatched types
03_resolve	PRIMITIVE_REPR_FORK	E0308	24	1	src/v2_std_integer.rs	1359	26	Rc<Nat>	{integer}	UNCLASSIFIED	B3	mismatched types
03_resolve	PRIMITIVE_REPR_FORK	E0308	25	1	src/v2_std_integer.rs	1362	30	Rc<Nat>	{integer}	UNCLASSIFIED	B3	mismatched types
03_resolve	PRIMITIVE_REPR_FORK	E0308	26	1	src/v2_std_integer.rs	1365	34	Rc<Nat>	{integer}	UNCLASSIFIED	B3	mismatched types
03_resolve	PRIMITIVE_REPR_FORK	E0308	27	1	src/v2_std_integer.rs	1368	38	Rc<Nat>	{integer}	UNCLASSIFIED	B3	mismatched types
03_resolve	PRIMITIVE_REPR_FORK	E0308	28	1	src/v2_std_integer.rs	1371	42	Rc<Nat>	{integer}	UNCLASSIFIED	B3	mismatched types
03_resolve	PRIMITIVE_REPR_FORK	E0308	29	1	src/v2_std_integer.rs	1374	46	Rc<Nat>	{integer}	UNCLASSIFIED	B3	mismatched types
03_resolve	PRIMITIVE_REPR_FORK	E0308	30	1	src/v2_std_integer.rs	1377	50	Rc<Nat>	{integer}	UNCLASSIFIED	B3	mismatched types
03_resolve	PRIMITIVE_REPR_FORK	E0308	31	1	src/v2_std_integer.rs	1380	54	Rc<Nat>	{integer}	UNCLASSIFIED	B3	mismatched types
03_resolve	PRIMITIVE_REPR_FORK	E0308	32	1	src/v2_std_integer.rs	1383	58	Rc<Nat>	{integer}	UNCLASSIFIED	B3	mismatched types
03_resolve	PRIMITIVE_REPR_FORK	E0308	33	1	src/v2_std_integer.rs	1400	30	Rc<Nat>	{integer}	UNCLASSIFIED	B3	mismatched types
03_resolve	PRIMITIVE_REPR_FORK	E0369	34	1	src/v2_std_integer.rs	1403	31			UNCLASSIFIED		binary operation `<` cannot be applied to type `Rc<v2_std_nat::Nat>`
03_resolve	PRIMITIVE_REPR_FORK	E0369	35	1	src/v2_std_integer.rs	1407	47			UNCLASSIFIED		cannot divide `Rc<v2_std_nat::Nat>` by `{integer}`
03_resolve	UNCLASSIFIED	E0599	36	1	src/v2_std_symbol_index.rs	116	20			UNCLASSIFIED		no variant, associated function, or constant named `GlobalBareAmbiguous` found for enum `std::option::Option<T>` in the current scope
03_resolve	UNCLASSIFIED	E0599	37	1	src/v2_std_symbol_index.rs	117	20			UNCLASSIFIED		no variant named `GlobalBareUnique` found for enum `std::option::Option<_>`
03_resolve	UNCLASSIFIED	E0599	38	1	src/v2_std_symbol_index.rs	151	20			UNCLASSIFIED		no variant named `GlobalBareUnique` found for enum `std::option::Option<_>`
03_resolve	UNCLASSIFIED	E0599	39	1	src/v2_std_symbol_index.rs	154	20			UNCLASSIFIED		no variant, associated function, or constant named `GlobalBareAmbiguous` found for enum `std::option::Option<T>` in the current scope
03_resolve	UNCLASSIFIED	E0282	40	1	src/v2_std_find_witness.rs	77	67			UNCLASSIFIED		type annotations needed
03_resolve	UNCLASSIFIED	E0061	41	1	src/v2_std_find_witness.rs	77	5			UNCLASSIFIED		this function takes 2 arguments but 3 arguments were supplied
03_resolve	UNCLASSIFIED	E0614	42	1	src/v2_std_compilers_target_model.rs	442	11			UNCLASSIFIED		type `std::option::Option<_>` cannot be dereferenced
03_resolve	UNCLASSIFIED	E0614	43	1	src/v2_std_compilers_target_model.rs	534	105			UNCLASSIFIED		type `std::option::Option<_>` cannot be dereferenced
03_resolve	UNCLASSIFIED	E0614	44	1	src/v2_std_compilers_target_model.rs	544	100			UNCLASSIFIED		type `std::option::Option<_>` cannot be dereferenced
03_resolve	UNCLASSIFIED	E0308	45	1	src/v2_std_compilers_target_model.rs	2137	43	i64	String	UNCLASSIFIED	RESIDUE	mismatched types
03_resolve	UNCLASSIFIED	E0308	46	1	src/v2_std_compilers_target_model.rs	2384	15	String	i64	UNCLASSIFIED	RESIDUE	mismatched types
03_resolve	UNCLASSIFIED	E0308	47	1	src/v2_std_compilers_target_model.rs	2647	62	HashMap<_, _>	Rc<HashMap<_, _>>	UNCLASSIFIED	R1	mismatched types
03_resolve	UNCLASSIFIED	E0614	48	1	src/v2_std_compilers_target_model.rs	2647	11			UNCLASSIFIED		type `std::option::Option<_>` cannot be dereferenced
03_resolve	UNCLASSIFIED	E0308	49	1	src/v2_std_compilers_target_model.rs	7002	90	TargetUseSiteOwnershipLookup	TargetUseSiteOwnershipCatalogLookup	UNCLASSIFIED	RESIDUE	mismatched types
03_resolve	UNCLASSIFIED	E0609	50	1	src/v2_std_grammar.rs	125	82			UNCLASSIFIED		no field `member` on type `Rc<OrdSet<Rc<FormalTerminal>>>`
03_resolve	UNCLASSIFIED	E0609	51	1	src/v2_std_grammar.rs	126	104			UNCLASSIFIED		no field `member` on type `Rc<OrdSet<Rc<FormalNonterminal>>>`
03_resolve	UNCLASSIFIED	E0609	52	1	src/v2_std_grammar.rs	135	102			UNCLASSIFIED		no field `member` on type `Rc<OrdSet<Rc<FormalNonterminal>>>`
03_resolve	UNCLASSIFIED	E0609	53	1	src/v2_std_grammar.rs	143	33			UNCLASSIFIED		no field `member` on type `Rc<OrdSet<Rc<FormalNonterminal>>>`
03_resolve	UNCLASSIFIED	E0308	54	1	src/v2_std_grammar.rs	1286	29	Rc<DeriveGrammarRelationTokensProgress>	DeriveGrammarRelationTokensProgress	UNCLASSIFIED	R1	mismatched types
03_resolve	UNCLASSIFIED	E0308	55	1	src/v2_std_grammar.rs	1364	29	Rc<DeriveGrammarRelationTokensProgress>	DeriveGrammarRelationTokensProgress	UNCLASSIFIED	R1	mismatched types
03_resolve	UNCLASSIFIED	E0308	56	1	src/v2_std_grammar.rs	1366	12	()	Rc<Vector<Rc<Edge>>>	UNCLASSIFIED	C	mismatched types
03_resolve	UNCLASSIFIED	E0308	57	1	src/v2_std_grammar.rs	1365	21	Witness<Rc<Vector<Rc<Edge>>>>	Witness<()>	UNCLASSIFIED	C	mismatched types
03_resolve	MAP_CARRIER_FORK	E0560	58	1	src/v2_std_language_model.rs	45	5			UNCLASSIFIED		struct `Rc<PointwisePower<_>>` has no field named `member`
03_resolve	UNCLASSIFIED	E0308	59	1	src/v2_std_language_model.rs	44	13	OrdSet<String>	Rc<PointwisePower<_>>	UNCLASSIFIED	T3	mismatched types
03_resolve	MAP_CARRIER_FORK	E0560	60	1	src/v2_extdeps_languages_dag.rs	1219	5			UNCLASSIFIED		struct `Rc<PointwisePower<_>>` has no field named `member`
03_resolve	MAP_CARRIER_FORK	E0560	61	1	src/v2_extdeps_languages_dag.rs	1225	5			UNCLASSIFIED		struct `Rc<PointwisePower<_>>` has no field named `member`
03_resolve	MAP_CARRIER_FORK	E0560	62	1	src/v2_extdeps_languages_dag.rs	1235	5			UNCLASSIFIED		struct `Rc<PointwisePower<_>>` has no field named `member`
03_resolve	UNCLASSIFIED	E0308	63	1	src/v2_extdeps_languages_dag.rs	3055	56	Option<Rc<TargetEmitHostRuntimeRow>>	Rc<TargetEmitHostRuntimeRow>	UNCLASSIFIED	R2	mismatched types
03_resolve	UNCLASSIFIED	E0308	63	2	src/v2_extdeps_languages_dag.rs	3055	56	Option<Rc<_>>	Rc<_>	UNCLASSIFIED	R2	mismatched types
03_resolve	UNCLASSIFIED	E0308	64	1	src/v2_extdeps_languages_dag.rs	3100	56	Option<Rc<TargetEmitHostRuntimeRow>>	Rc<TargetEmitHostRuntimeRow>	UNCLASSIFIED	R2	mismatched types
03_resolve	UNCLASSIFIED	E0308	64	2	src/v2_extdeps_languages_dag.rs	3100	56	Option<Rc<_>>	Rc<_>	UNCLASSIFIED	R2	mismatched types
03_resolve	UNCLASSIFIED	E0308	65	1	src/v2_extdeps_languages_dag.rs	3145	56	Option<Rc<TargetEmitHostRuntimeRow>>	Rc<TargetEmitHostRuntimeRow>	UNCLASSIFIED	R2	mismatched types
03_resolve	UNCLASSIFIED	E0308	65	2	src/v2_extdeps_languages_dag.rs	3145	56	Option<Rc<_>>	Rc<_>	UNCLASSIFIED	R2	mismatched types
03_resolve	UNCLASSIFIED	E0308	66	1	src/v2_compiler_body_lowering_fold.rs	3176	13	Rc<Outcome<Option<Rc<Node>>>>	Rc<Outcome<Rc<Node>>>	UNCLASSIFIED	R2	`match` arms have incompatible types
03_resolve	UNCLASSIFIED	E0308	66	2	src/v2_compiler_body_lowering_fold.rs	3176	13	Rc<Outcome<Option<Rc<_>>>>	Rc<Outcome<Rc<_>>>	UNCLASSIFIED	R2	`match` arms have incompatible types
03_resolve	MAP_CARRIER_FORK	E0560	67	1	src/v2_compiler_resolve.rs	146	5			UNCLASSIFIED		struct `Rc<PointwisePower<_>>` has no field named `member`
03_resolve	UNCLASSIFIED	E0308	68	1	src/v2_compiler_resolve.rs	145	13	OrdSet<String>	Rc<PointwisePower<_>>	UNCLASSIFIED	T3	mismatched types
03_resolve	UNCLASSIFIED	E0609	69	1	src/v2_compiler_resolve.rs	377	42			UNCLASSIFIED		no field `member` on type `Rc<OrdSet<std::string::String>>`
03_resolve	UNCLASSIFIED	E0004	70	1	src/v2_std_integer.rs	718	84			UNCLASSIFIED		non-exhaustive patterns: `&Some(_)` not covered
03_resolve	UNCLASSIFIED	E0004	71	1	src/v2_std_integer.rs	720	84			UNCLASSIFIED		non-exhaustive patterns: `&Some(_)` not covered
03_resolve	UNCLASSIFIED	E0004	72	1	src/v2_std_integer_value_set.rs	106	77			UNCLASSIFIED		non-exhaustive patterns: `&Some(_)` not covered
03_resolve	UNCLASSIFIED	E0004	73	1	src/v2_std_integer_value_set.rs	110	58			UNCLASSIFIED		non-exhaustive patterns: `&Some(_)` not covered
03_resolve	UNCLASSIFIED	E0004	74	1	src/v2_std_integer_value_set.rs	129	75			UNCLASSIFIED		non-exhaustive patterns: `&Some(_)` not covered
03_resolve	UNCLASSIFIED	E0004	75	1	src/v2_std_integer_value_set.rs	178	84			UNCLASSIFIED		non-exhaustive patterns: `&Some(_)` not covered
03_resolve	UNCLASSIFIED	E0004	76	1	src/v2_std_integer_value_set.rs	180	84			UNCLASSIFIED		non-exhaustive patterns: `&Some(_)` not covered
03_resolve	UNCLASSIFIED	E0004	77	1	src/v2_std_refinement_widening_predicate.rs	79	83			UNCLASSIFIED		non-exhaustive patterns: `&Some(_)` not covered
03_resolve	UNCLASSIFIED	E0004	78	1	src/v2_std_refinement_widening_predicate.rs	81	86			UNCLASSIFIED		non-exhaustive patterns: `&Some(_)` not covered
03_resolve	UNCLASSIFIED	E0004	79	1	src/v2_std_refinement_widening_predicate.rs	93	83			UNCLASSIFIED		non-exhaustive patterns: `&Some(_)` not covered
03_resolve	UNCLASSIFIED	E0004	80	1	src/v2_std_refinement_widening_predicate.rs	95	86			UNCLASSIFIED		non-exhaustive patterns: `&Some(_)` not covered
03_resolve	UNCLASSIFIED	E0004	81	1	src/v2_std_refinement_widening_predicate.rs	107	81			UNCLASSIFIED		non-exhaustive patterns: `&Some(_)` not covered
03_resolve	UNCLASSIFIED	E0004	82	1	src/v2_std_refinement_widening_predicate.rs	109	84			UNCLASSIFIED		non-exhaustive patterns: `&Some(_)` not covered
03_resolve	UNCLASSIFIED	E0004	83	1	src/v2_std_refinement_widening_predicate.rs	111	87			UNCLASSIFIED		non-exhaustive patterns: `&Some(_)` not covered
03_resolve	UNCLASSIFIED	E0004	84	1	src/v2_std_compilers_target_model.rs	5546	54			UNCLASSIFIED		non-exhaustive patterns: `Outcome::Accepted { value: TargetTypeExprArrowWireShape::TargetTypeExprArrowPositionalWire, .. }` and `Outcome::Accepted { value: TargetTypeExprArrowWireShape::TargetTypeExprArrowLabeledWire, .. }` not covered
03_resolve	UNCLASSIFIED	E0004	85	1	src/v2_std_compilers_target_model.rs	5629	54			UNCLASSIFIED		non-exhaustive patterns: `Outcome::Accepted { value: TargetTypeExprArrowWireShape::TargetTypeExprArrowPositionalWire, .. }` and `Outcome::Accepted { value: TargetTypeExprArrowWireShape::TargetTypeExprArrowLabeledWire, .. }` not covered
03_resolve	UNCLASSIFIED	E0004	86	1	src/v2_std_compilers_target_model.rs	7785	19			UNCLASSIFIED		non-exhaustive patterns: `Edge { .. }` not covered
03_resolve	UNCLASSIFIED	E0004	87	1	src/v2_std_grammar.rs	1819	49			UNCLASSIFIED		non-exhaustive patterns: `&RebuildEmittedResult::RebuildEmittedFail` not covered
03_resolve	UNCLASSIFIED	E0004	88	1	src/v2_extdeps_languages_dag.rs	1896	11			UNCLASSIFIED		non-exhaustive patterns: `Edge { .. }` not covered
04_infer	UNCLASSIFIED	E0425	1	1	src/v2_std_text.rs	20	26			UNCLASSIFIED		cannot find type `Int` in this scope
04_infer	UNCLASSIFIED	E0425	2	1	src/v2_compiler_normalized_tree.rs	44	69			UNCLASSIFIED		cannot find type `NonEmptyDiagnostics` in this scope
04_infer	UNCLASSIFIED	E0425	3	1	src/v2_compiler_normalized_tree.rs	63	80			UNCLASSIFIED		cannot find type `NonEmptyDiagnostics` in this scope
04_infer	ABSENT_CLONE_BOUND	E0308	4	1	src/v2_extdeps_languages_fidelity.rs	27	79	Feature	&Feature	ABSENT_CLONE_BOUND	A-clone	mismatched types
04_infer	ABSENT_CLONE_BOUND	E0308	4	2	src/v2_extdeps_languages_fidelity.rs	27	79	_	&_	ABSENT_CLONE_BOUND	A-clone	mismatched types
04_infer	ABSENT_CLONE_BOUND	E0308	5	1	src/v2_std_passing_candidate_fold.rs	34	83	T	&T	ABSENT_CLONE_BOUND	A-clone	mismatched types
04_infer	ABSENT_CLONE_BOUND	E0308	5	2	src/v2_std_passing_candidate_fold.rs	34	83	_	&_	ABSENT_CLONE_BOUND	A-clone	mismatched types
04_infer	UNCLASSIFIED	E0308	6	1	src/std_checked_arithmetic.rs	305	12	Rc<i64>	i64	UNCLASSIFIED	R1	mismatched types
04_infer	UNCLASSIFIED	E0277	7	1	src/v2_std_node.rs	52	9			UNCLASSIFIED		the trait bound `OccurrenceId: Eq` is not satisfied
04_infer	UNCLASSIFIED	E0277	8	1	src/v2_std_node.rs	52	9			UNCLASSIFIED		the trait bound `OccurrenceId: std::hash::Hash` is not satisfied
04_infer	UNCLASSIFIED	E0599	9	1	src/v2_std_node.rs	806	103			UNCLASSIFIED		the method `partial_cmp` exists for reference `&T`, but its trait bounds were not satisfied
04_infer	ABSENT_CLONE_BOUND	E0308	10	1	src/v2_std_algebra.rs	152	63	T	&T	ABSENT_CLONE_BOUND	A-clone	mismatched types
04_infer	ABSENT_CLONE_BOUND	E0308	10	2	src/v2_std_algebra.rs	152	63	_	&_	ABSENT_CLONE_BOUND	A-clone	mismatched types
04_infer	UNCLASSIFIED	E0308	11	1	src/std_measure.rs	496	18	Rc<i64>	i64	UNCLASSIFIED	R1	mismatched types
04_infer	UNCLASSIFIED	E0369	12	1	src/std_measure.rs	516	109			UNCLASSIFIED		cannot add `{integer}` to `Rc<i64>`
04_infer	UNCLASSIFIED	E0308	13	1	src/v2_std_text.rs	65	59	i64	Box<i64>	UNCLASSIFIED	BOX-WRAP	mismatched types
04_infer	MAP_CARRIER_FORK	E0560	14	1	src/v2_std_collection.rs	94	5			UNCLASSIFIED		struct `Rc<PartialFunction<_, _>>` has no field named `lookup`
04_infer	UNCLASSIFIED	E0277	15	1	src/v2_std_collection.rs	96	14			UNCLASSIFIED		the trait bound `K: Eq` is not satisfied
04_infer	UNCLASSIFIED	E0277	16	1	src/v2_std_collection.rs	96	14			UNCLASSIFIED		the trait bound `K: std::hash::Hash` is not satisfied
04_infer	MAP_CARRIER_FORK	E0308	17	1	src/v2_std_collection.rs	93	13	HashMap<K, V>	Rc<PartialFunction<_, _>>	UNCLASSIFIED	T3	mismatched types
04_infer	UNCLASSIFIED	E0277	18	1	src/v2_std_collection.rs	102	5			UNCLASSIFIED		the trait bound `K: Eq` is not satisfied
04_infer	UNCLASSIFIED	E0277	19	1	src/v2_std_collection.rs	102	5			UNCLASSIFIED		the trait bound `K: std::hash::Hash` is not satisfied
04_infer	UNCLASSIFIED	E0308	20	1	src/v2_std_fold_assembly.rs	258	38	Rc<Outcome<Rc<Vector<Rc<Vector<Rc<Node>>>>>>>	Rc<Outcome<Rc<Vector<Rc<Node>>>>>	UNCLASSIFIED	ELEM-COLL	`match` arms have incompatible types
04_infer	MAP_CARRIER_FORK	E0560	21	1	src/v2_std_model_core.rs	190	5			UNCLASSIFIED		struct `Rc<PartialFunction<_, _>>` has no field named `lookup`
04_infer	MAP_CARRIER_FORK	E0308	22	1	src/v2_std_model_core.rs	189	13	HashMap<String, Rc<Node>>	Rc<PartialFunction<_, _>>	UNCLASSIFIED	T3	mismatched types
04_infer	PRIMITIVE_REPR_FORK	E0369	23	1	src/v2_std_nat.rs	56	23			UNCLASSIFIED		binary operation `<` cannot be applied to type `Rc<v2_std_nat::Nat>`
04_infer	ABSENT_CLONE_BOUND	E0308	24	1	src/v2_std_node_query.rs	150	104	T	&T	ABSENT_CLONE_BOUND	A-clone	mismatched types
04_infer	ABSENT_CLONE_BOUND	E0308	24	2	src/v2_std_node_query.rs	150	104	_	&_	ABSENT_CLONE_BOUND	A-clone	mismatched types
04_infer	UNCLASSIFIED	E0308	25	1	src/v2_std_cardinality.rs	581	42	Rc<Witness<Rc<TerminationProof>>>	Rc<Edge>	UNCLASSIFIED	RESIDUE	arguments to this function are incorrect
04_infer	UNCLASSIFIED	E0308	26	1	src/v2_std_compilers_lexing.rs	235	13	Vector<Rc<Token>>	Rc<Vector<Rc<Token>>>	UNCLASSIFIED	R1	mismatched types
04_infer	PRIMITIVE_REPR_FORK	E0308	27	1	src/v2_std_integer.rs	1359	26	Rc<Nat>	{integer}	UNCLASSIFIED	B3	mismatched types
04_infer	PRIMITIVE_REPR_FORK	E0308	28	1	src/v2_std_integer.rs	1362	30	Rc<Nat>	{integer}	UNCLASSIFIED	B3	mismatched types
04_infer	PRIMITIVE_REPR_FORK	E0308	29	1	src/v2_std_integer.rs	1365	34	Rc<Nat>	{integer}	UNCLASSIFIED	B3	mismatched types
04_infer	PRIMITIVE_REPR_FORK	E0308	30	1	src/v2_std_integer.rs	1368	38	Rc<Nat>	{integer}	UNCLASSIFIED	B3	mismatched types
04_infer	PRIMITIVE_REPR_FORK	E0308	31	1	src/v2_std_integer.rs	1371	42	Rc<Nat>	{integer}	UNCLASSIFIED	B3	mismatched types
04_infer	PRIMITIVE_REPR_FORK	E0308	32	1	src/v2_std_integer.rs	1374	46	Rc<Nat>	{integer}	UNCLASSIFIED	B3	mismatched types
04_infer	PRIMITIVE_REPR_FORK	E0308	33	1	src/v2_std_integer.rs	1377	50	Rc<Nat>	{integer}	UNCLASSIFIED	B3	mismatched types
04_infer	PRIMITIVE_REPR_FORK	E0308	34	1	src/v2_std_integer.rs	1380	54	Rc<Nat>	{integer}	UNCLASSIFIED	B3	mismatched types
04_infer	PRIMITIVE_REPR_FORK	E0308	35	1	src/v2_std_integer.rs	1383	58	Rc<Nat>	{integer}	UNCLASSIFIED	B3	mismatched types
04_infer	PRIMITIVE_REPR_FORK	E0308	36	1	src/v2_std_integer.rs	1400	30	Rc<Nat>	{integer}	UNCLASSIFIED	B3	mismatched types
04_infer	PRIMITIVE_REPR_FORK	E0369	37	1	src/v2_std_integer.rs	1403	31			UNCLASSIFIED		binary operation `<` cannot be applied to type `Rc<v2_std_nat::Nat>`
04_infer	PRIMITIVE_REPR_FORK	E0369	38	1	src/v2_std_integer.rs	1407	47			UNCLASSIFIED		cannot divide `Rc<v2_std_nat::Nat>` by `{integer}`
04_infer	UNCLASSIFIED	E0599	39	1	src/v2_std_symbol_index.rs	116	20			UNCLASSIFIED		no variant, associated function, or constant named `GlobalBareAmbiguous` found for enum `std::option::Option<T>` in the current scope
04_infer	UNCLASSIFIED	E0599	40	1	src/v2_std_symbol_index.rs	117	20			UNCLASSIFIED		no variant named `GlobalBareUnique` found for enum `std::option::Option<_>`
04_infer	UNCLASSIFIED	E0599	41	1	src/v2_std_symbol_index.rs	151	20			UNCLASSIFIED		no variant named `GlobalBareUnique` found for enum `std::option::Option<_>`
04_infer	UNCLASSIFIED	E0599	42	1	src/v2_std_symbol_index.rs	154	20			UNCLASSIFIED		no variant, associated function, or constant named `GlobalBareAmbiguous` found for enum `std::option::Option<T>` in the current scope
04_infer	UNCLASSIFIED	E0282	43	1	src/v2_std_find_witness.rs	77	67			UNCLASSIFIED		type annotations needed
04_infer	UNCLASSIFIED	E0061	44	1	src/v2_std_find_witness.rs	77	5			UNCLASSIFIED		this function takes 2 arguments but 3 arguments were supplied
04_infer	UNCLASSIFIED	E0614	45	1	src/v2_std_compilers_target_model.rs	442	11			UNCLASSIFIED		type `std::option::Option<_>` cannot be dereferenced
04_infer	UNCLASSIFIED	E0614	46	1	src/v2_std_compilers_target_model.rs	534	105			UNCLASSIFIED		type `std::option::Option<_>` cannot be dereferenced
04_infer	UNCLASSIFIED	E0614	47	1	src/v2_std_compilers_target_model.rs	544	100			UNCLASSIFIED		type `std::option::Option<_>` cannot be dereferenced
04_infer	UNCLASSIFIED	E0308	48	1	src/v2_std_compilers_target_model.rs	2137	43	i64	String	UNCLASSIFIED	RESIDUE	mismatched types
04_infer	UNCLASSIFIED	E0308	49	1	src/v2_std_compilers_target_model.rs	2384	15	String	i64	UNCLASSIFIED	RESIDUE	mismatched types
04_infer	UNCLASSIFIED	E0308	50	1	src/v2_std_compilers_target_model.rs	2647	62	HashMap<_, _>	Rc<HashMap<_, _>>	UNCLASSIFIED	R1	mismatched types
04_infer	UNCLASSIFIED	E0614	51	1	src/v2_std_compilers_target_model.rs	2647	11			UNCLASSIFIED		type `std::option::Option<_>` cannot be dereferenced
04_infer	UNCLASSIFIED	E0308	52	1	src/v2_std_compilers_target_model.rs	7002	90	TargetUseSiteOwnershipLookup	TargetUseSiteOwnershipCatalogLookup	UNCLASSIFIED	RESIDUE	mismatched types
04_infer	UNCLASSIFIED	E0609	53	1	src/v2_std_grammar.rs	125	82			UNCLASSIFIED		no field `member` on type `Rc<OrdSet<Rc<FormalTerminal>>>`
04_infer	UNCLASSIFIED	E0609	54	1	src/v2_std_grammar.rs	126	104			UNCLASSIFIED		no field `member` on type `Rc<OrdSet<Rc<FormalNonterminal>>>`
04_infer	UNCLASSIFIED	E0609	55	1	src/v2_std_grammar.rs	135	102			UNCLASSIFIED		no field `member` on type `Rc<OrdSet<Rc<FormalNonterminal>>>`
04_infer	UNCLASSIFIED	E0609	56	1	src/v2_std_grammar.rs	143	33			UNCLASSIFIED		no field `member` on type `Rc<OrdSet<Rc<FormalNonterminal>>>`
04_infer	UNCLASSIFIED	E0308	57	1	src/v2_std_grammar.rs	1286	29	Rc<DeriveGrammarRelationTokensProgress>	DeriveGrammarRelationTokensProgress	UNCLASSIFIED	R1	mismatched types
04_infer	UNCLASSIFIED	E0308	58	1	src/v2_std_grammar.rs	1364	29	Rc<DeriveGrammarRelationTokensProgress>	DeriveGrammarRelationTokensProgress	UNCLASSIFIED	R1	mismatched types
04_infer	UNCLASSIFIED	E0308	59	1	src/v2_std_grammar.rs	1366	12	()	Rc<Vector<Rc<Edge>>>	UNCLASSIFIED	C	mismatched types
04_infer	UNCLASSIFIED	E0308	60	1	src/v2_std_grammar.rs	1365	21	Witness<Rc<Vector<Rc<Edge>>>>	Witness<()>	UNCLASSIFIED	C	mismatched types
04_infer	MAP_CARRIER_FORK	E0560	61	1	src/v2_std_language_model.rs	45	5			UNCLASSIFIED		struct `Rc<PointwisePower<_>>` has no field named `member`
04_infer	UNCLASSIFIED	E0308	62	1	src/v2_std_language_model.rs	44	13	OrdSet<String>	Rc<PointwisePower<_>>	UNCLASSIFIED	T3	mismatched types
04_infer	MAP_CARRIER_FORK	E0560	63	1	src/v2_extdeps_languages_dag.rs	1219	5			UNCLASSIFIED		struct `Rc<PointwisePower<_>>` has no field named `member`
04_infer	MAP_CARRIER_FORK	E0560	64	1	src/v2_extdeps_languages_dag.rs	1225	5			UNCLASSIFIED		struct `Rc<PointwisePower<_>>` has no field named `member`
04_infer	MAP_CARRIER_FORK	E0560	65	1	src/v2_extdeps_languages_dag.rs	1235	5			UNCLASSIFIED		struct `Rc<PointwisePower<_>>` has no field named `member`
04_infer	UNCLASSIFIED	E0308	66	1	src/v2_extdeps_languages_dag.rs	3055	56	Option<Rc<TargetEmitHostRuntimeRow>>	Rc<TargetEmitHostRuntimeRow>	UNCLASSIFIED	R2	mismatched types
04_infer	UNCLASSIFIED	E0308	66	2	src/v2_extdeps_languages_dag.rs	3055	56	Option<Rc<_>>	Rc<_>	UNCLASSIFIED	R2	mismatched types
04_infer	UNCLASSIFIED	E0308	67	1	src/v2_extdeps_languages_dag.rs	3100	56	Option<Rc<TargetEmitHostRuntimeRow>>	Rc<TargetEmitHostRuntimeRow>	UNCLASSIFIED	R2	mismatched types
04_infer	UNCLASSIFIED	E0308	67	2	src/v2_extdeps_languages_dag.rs	3100	56	Option<Rc<_>>	Rc<_>	UNCLASSIFIED	R2	mismatched types
04_infer	UNCLASSIFIED	E0308	68	1	src/v2_extdeps_languages_dag.rs	3145	56	Option<Rc<TargetEmitHostRuntimeRow>>	Rc<TargetEmitHostRuntimeRow>	UNCLASSIFIED	R2	mismatched types
04_infer	UNCLASSIFIED	E0308	68	2	src/v2_extdeps_languages_dag.rs	3145	56	Option<Rc<_>>	Rc<_>	UNCLASSIFIED	R2	mismatched types
04_infer	UNCLASSIFIED	E0308	69	1	src/v2_compiler_body_lowering_fold.rs	3176	13	Rc<Outcome<Option<Rc<Node>>>>	Rc<Outcome<Rc<Node>>>	UNCLASSIFIED	R2	`match` arms have incompatible types
04_infer	UNCLASSIFIED	E0308	69	2	src/v2_compiler_body_lowering_fold.rs	3176	13	Rc<Outcome<Option<Rc<_>>>>	Rc<Outcome<Rc<_>>>	UNCLASSIFIED	R2	`match` arms have incompatible types
04_infer	MAP_CARRIER_FORK	E0560	70	1	src/v2_compiler_resolve.rs	146	5			UNCLASSIFIED		struct `Rc<PointwisePower<_>>` has no field named `member`
04_infer	UNCLASSIFIED	E0308	71	1	src/v2_compiler_resolve.rs	145	13	OrdSet<String>	Rc<PointwisePower<_>>	UNCLASSIFIED	T3	mismatched types
04_infer	UNCLASSIFIED	E0609	72	1	src/v2_compiler_resolve.rs	377	42			UNCLASSIFIED		no field `member` on type `Rc<OrdSet<std::string::String>>`
04_infer	MAP_CARRIER_FORK	E0560	73	1	src/v2_compiler_infer.rs	165	5			UNCLASSIFIED		struct `Rc<PartialFunction<_, _>>` has no field named `lookup`
04_infer	MAP_CARRIER_FORK	E0308	74	1	src/v2_compiler_infer.rs	164	20	HashMap<Rc<Node>, Rc<InferredFacts>>	Rc<PartialFunction<_, _>>	UNCLASSIFIED	T3	mismatched types
04_infer	UNCLASSIFIED	E0308	75	1	src/v2_compiler_infer.rs	378	63	Witness<Rc<TerminationProof>>	Witness<TerminationProof>	UNCLASSIFIED	R1	mismatched types
04_infer	MAP_CARRIER_FORK	E0560	76	1	src/v2_compiler_infer.rs	514	5			UNCLASSIFIED		struct `Rc<PartialFunction<_, _>>` has no field named `lookup`
04_infer	MAP_CARRIER_FORK	E0308	77	1	src/v2_compiler_infer.rs	513	20	HashMap<Rc<Node>, Rc<InferredFacts>>	Rc<PartialFunction<_, _>>	UNCLASSIFIED	T3	mismatched types
04_infer	UNCLASSIFIED	E0308	78	1	src/v2_compiler_infer.rs	522	27	Option<Rc<InferredFacts>>	Rc<InferredFacts>	UNCLASSIFIED	R2	mismatched types
04_infer	UNCLASSIFIED	E0308	78	2	src/v2_compiler_infer.rs	522	27	Option<Rc<_>>	Rc<_>	UNCLASSIFIED	R2	mismatched types
04_infer	UNCLASSIFIED	E0004	79	1	src/v2_std_integer.rs	718	84			UNCLASSIFIED		non-exhaustive patterns: `&Some(_)` not covered
04_infer	UNCLASSIFIED	E0004	80	1	src/v2_std_integer.rs	720	84			UNCLASSIFIED		non-exhaustive patterns: `&Some(_)` not covered
04_infer	UNCLASSIFIED	E0004	81	1	src/v2_std_integer_value_set.rs	106	77			UNCLASSIFIED		non-exhaustive patterns: `&Some(_)` not covered
04_infer	UNCLASSIFIED	E0004	82	1	src/v2_std_integer_value_set.rs	110	58			UNCLASSIFIED		non-exhaustive patterns: `&Some(_)` not covered
04_infer	UNCLASSIFIED	E0004	83	1	src/v2_std_integer_value_set.rs	129	75			UNCLASSIFIED		non-exhaustive patterns: `&Some(_)` not covered
04_infer	UNCLASSIFIED	E0004	84	1	src/v2_std_integer_value_set.rs	178	84			UNCLASSIFIED		non-exhaustive patterns: `&Some(_)` not covered
04_infer	UNCLASSIFIED	E0004	85	1	src/v2_std_integer_value_set.rs	180	84			UNCLASSIFIED		non-exhaustive patterns: `&Some(_)` not covered
04_infer	UNCLASSIFIED	E0004	86	1	src/v2_std_refinement_widening_predicate.rs	79	83			UNCLASSIFIED		non-exhaustive patterns: `&Some(_)` not covered
04_infer	UNCLASSIFIED	E0004	87	1	src/v2_std_refinement_widening_predicate.rs	81	86			UNCLASSIFIED		non-exhaustive patterns: `&Some(_)` not covered
04_infer	UNCLASSIFIED	E0004	88	1	src/v2_std_refinement_widening_predicate.rs	93	83			UNCLASSIFIED		non-exhaustive patterns: `&Some(_)` not covered
04_infer	UNCLASSIFIED	E0004	89	1	src/v2_std_refinement_widening_predicate.rs	95	86			UNCLASSIFIED		non-exhaustive patterns: `&Some(_)` not covered
04_infer	UNCLASSIFIED	E0004	90	1	src/v2_std_refinement_widening_predicate.rs	107	81			UNCLASSIFIED		non-exhaustive patterns: `&Some(_)` not covered
04_infer	UNCLASSIFIED	E0004	91	1	src/v2_std_refinement_widening_predicate.rs	109	84			UNCLASSIFIED		non-exhaustive patterns: `&Some(_)` not covered
04_infer	UNCLASSIFIED	E0004	92	1	src/v2_std_refinement_widening_predicate.rs	111	87			UNCLASSIFIED		non-exhaustive patterns: `&Some(_)` not covered
04_infer	UNCLASSIFIED	E0004	93	1	src/v2_std_compilers_target_model.rs	5546	54			UNCLASSIFIED		non-exhaustive patterns: `Outcome::Accepted { value: TargetTypeExprArrowWireShape::TargetTypeExprArrowPositionalWire, .. }` and `Outcome::Accepted { value: TargetTypeExprArrowWireShape::TargetTypeExprArrowLabeledWire, .. }` not covered
04_infer	UNCLASSIFIED	E0004	94	1	src/v2_std_compilers_target_model.rs	5629	54			UNCLASSIFIED		non-exhaustive patterns: `Outcome::Accepted { value: TargetTypeExprArrowWireShape::TargetTypeExprArrowPositionalWire, .. }` and `Outcome::Accepted { value: TargetTypeExprArrowWireShape::TargetTypeExprArrowLabeledWire, .. }` not covered
04_infer	UNCLASSIFIED	E0004	95	1	src/v2_std_compilers_target_model.rs	7785	19			UNCLASSIFIED		non-exhaustive patterns: `Edge { .. }` not covered
04_infer	UNCLASSIFIED	E0004	96	1	src/v2_std_grammar.rs	1819	49			UNCLASSIFIED		non-exhaustive patterns: `&RebuildEmittedResult::RebuildEmittedFail` not covered
04_infer	UNCLASSIFIED	E0004	97	1	src/v2_extdeps_languages_dag.rs	1896	11			UNCLASSIFIED		non-exhaustive patterns: `Edge { .. }` not covered
07_target_carriers	UNCLASSIFIED	E0425	1	1	src/v2_std_text.rs	20	26			UNCLASSIFIED		cannot find type `Int` in this scope
07_target_carriers	UNCLASSIFIED	E0425	2	1	src/v2_compiler_target_carriers.rs	86	23			UNCLASSIFIED		cannot find type `Edge` in this scope
07_target_carriers	ABSENT_CLONE_BOUND	E0308	3	1	src/v2_std_passing_candidate_fold.rs	34	83	T	&T	ABSENT_CLONE_BOUND	A-clone	mismatched types
07_target_carriers	ABSENT_CLONE_BOUND	E0308	3	2	src/v2_std_passing_candidate_fold.rs	34	83	_	&_	ABSENT_CLONE_BOUND	A-clone	mismatched types
07_target_carriers	UNCLASSIFIED	E0308	4	1	src/std_checked_arithmetic.rs	305	12	Rc<i64>	i64	UNCLASSIFIED	R1	mismatched types
07_target_carriers	UNCLASSIFIED	E0599	5	1	src/v2_std_node.rs	806	103			UNCLASSIFIED		the method `partial_cmp` exists for reference `&T`, but its trait bounds were not satisfied
07_target_carriers	ABSENT_CLONE_BOUND	E0308	6	1	src/v2_std_algebra.rs	152	63	T	&T	ABSENT_CLONE_BOUND	A-clone	mismatched types
07_target_carriers	ABSENT_CLONE_BOUND	E0308	6	2	src/v2_std_algebra.rs	152	63	_	&_	ABSENT_CLONE_BOUND	A-clone	mismatched types
07_target_carriers	UNCLASSIFIED	E0308	7	1	src/std_measure.rs	496	18	Rc<i64>	i64	UNCLASSIFIED	R1	mismatched types
07_target_carriers	UNCLASSIFIED	E0369	8	1	src/std_measure.rs	516	109			UNCLASSIFIED		cannot add `{integer}` to `Rc<i64>`
07_target_carriers	UNCLASSIFIED	E0308	9	1	src/v2_std_text.rs	65	59	i64	Box<i64>	UNCLASSIFIED	BOX-WRAP	mismatched types
07_target_carriers	MAP_CARRIER_FORK	E0560	10	1	src/v2_std_collection.rs	94	5			UNCLASSIFIED		struct `Rc<PartialFunction<_, _>>` has no field named `lookup`
07_target_carriers	UNCLASSIFIED	E0277	11	1	src/v2_std_collection.rs	96	14			UNCLASSIFIED		the trait bound `K: Eq` is not satisfied
07_target_carriers	UNCLASSIFIED	E0277	12	1	src/v2_std_collection.rs	96	14			UNCLASSIFIED		the trait bound `K: std::hash::Hash` is not satisfied
07_target_carriers	MAP_CARRIER_FORK	E0308	13	1	src/v2_std_collection.rs	93	13	HashMap<K, V>	Rc<PartialFunction<_, _>>	UNCLASSIFIED	T3	mismatched types
07_target_carriers	UNCLASSIFIED	E0277	14	1	src/v2_std_collection.rs	102	5			UNCLASSIFIED		the trait bound `K: Eq` is not satisfied
07_target_carriers	UNCLASSIFIED	E0277	15	1	src/v2_std_collection.rs	102	5			UNCLASSIFIED		the trait bound `K: std::hash::Hash` is not satisfied
07_target_carriers	UNCLASSIFIED	E0308	16	1	src/v2_std_collection.rs	106	22	()	Option<V>	UNCLASSIFIED	C	mismatched types
07_target_carriers	UNCLASSIFIED	E0308	17	1	src/v2_std_fold_assembly.rs	258	38	Rc<Outcome<Rc<Vector<Rc<Vector<Rc<Node>>>>>>>	Rc<Outcome<Rc<Vector<Rc<Node>>>>>	UNCLASSIFIED	ELEM-COLL	`match` arms have incompatible types
07_target_carriers	MAP_CARRIER_FORK	E0560	18	1	src/v2_std_model_core.rs	190	5			UNCLASSIFIED		struct `Rc<PartialFunction<_, _>>` has no field named `lookup`
07_target_carriers	MAP_CARRIER_FORK	E0308	19	1	src/v2_std_model_core.rs	189	13	HashMap<String, Rc<Node>>	Rc<PartialFunction<_, _>>	UNCLASSIFIED	T3	mismatched types
07_target_carriers	PRIMITIVE_REPR_FORK	E0369	20	1	src/v2_std_nat.rs	56	23			UNCLASSIFIED		binary operation `<` cannot be applied to type `Rc<v2_std_nat::Nat>`
07_target_carriers	ABSENT_CLONE_BOUND	E0308	21	1	src/v2_std_node_query.rs	150	104	T	&T	ABSENT_CLONE_BOUND	A-clone	mismatched types
07_target_carriers	ABSENT_CLONE_BOUND	E0308	21	2	src/v2_std_node_query.rs	150	104	_	&_	ABSENT_CLONE_BOUND	A-clone	mismatched types
07_target_carriers	UNCLASSIFIED	E0308	22	1	src/v2_std_compilers_lexing.rs	237	13	Vector<Rc<Token>>	Rc<Vector<Rc<Token>>>	UNCLASSIFIED	R1	mismatched types
07_target_carriers	PRIMITIVE_REPR_FORK	E0308	23	1	src/v2_std_integer.rs	1361	26	Rc<Nat>	{integer}	UNCLASSIFIED	B3	mismatched types
07_target_carriers	PRIMITIVE_REPR_FORK	E0308	24	1	src/v2_std_integer.rs	1364	30	Rc<Nat>	{integer}	UNCLASSIFIED	B3	mismatched types
07_target_carriers	PRIMITIVE_REPR_FORK	E0308	25	1	src/v2_std_integer.rs	1367	34	Rc<Nat>	{integer}	UNCLASSIFIED	B3	mismatched types
07_target_carriers	PRIMITIVE_REPR_FORK	E0308	26	1	src/v2_std_integer.rs	1370	38	Rc<Nat>	{integer}	UNCLASSIFIED	B3	mismatched types
07_target_carriers	PRIMITIVE_REPR_FORK	E0308	27	1	src/v2_std_integer.rs	1373	42	Rc<Nat>	{integer}	UNCLASSIFIED	B3	mismatched types
07_target_carriers	PRIMITIVE_REPR_FORK	E0308	28	1	src/v2_std_integer.rs	1376	46	Rc<Nat>	{integer}	UNCLASSIFIED	B3	mismatched types
07_target_carriers	PRIMITIVE_REPR_FORK	E0308	29	1	src/v2_std_integer.rs	1379	50	Rc<Nat>	{integer}	UNCLASSIFIED	B3	mismatched types
07_target_carriers	PRIMITIVE_REPR_FORK	E0308	30	1	src/v2_std_integer.rs	1382	54	Rc<Nat>	{integer}	UNCLASSIFIED	B3	mismatched types
07_target_carriers	PRIMITIVE_REPR_FORK	E0308	31	1	src/v2_std_integer.rs	1385	58	Rc<Nat>	{integer}	UNCLASSIFIED	B3	mismatched types
07_target_carriers	PRIMITIVE_REPR_FORK	E0308	32	1	src/v2_std_integer.rs	1402	30	Rc<Nat>	{integer}	UNCLASSIFIED	B3	mismatched types
07_target_carriers	PRIMITIVE_REPR_FORK	E0369	33	1	src/v2_std_integer.rs	1405	31			UNCLASSIFIED		binary operation `<` cannot be applied to type `Rc<v2_std_nat::Nat>`
07_target_carriers	PRIMITIVE_REPR_FORK	E0369	34	1	src/v2_std_integer.rs	1409	47			UNCLASSIFIED		cannot divide `Rc<v2_std_nat::Nat>` by `{integer}`
07_target_carriers	UNCLASSIFIED	E0282	35	1	src/v2_std_find_witness.rs	77	67			UNCLASSIFIED		type annotations needed
07_target_carriers	UNCLASSIFIED	E0061	36	1	src/v2_std_find_witness.rs	77	5			UNCLASSIFIED		this function takes 2 arguments but 3 arguments were supplied
07_target_carriers	UNCLASSIFIED	E0308	37	1	src/v2_std_compilers_target_model.rs	344	12	()	Option<Rc<Node>>	UNCLASSIFIED	C	mismatched types
07_target_carriers	UNCLASSIFIED	E0308	38	1	src/v2_std_compilers_target_model.rs	347	66	()	Option<_>	UNCLASSIFIED	C	mismatched types
07_target_carriers	UNCLASSIFIED	E0308	39	1	src/v2_std_compilers_target_model.rs	361	5	()	Option<_>	UNCLASSIFIED	C	mismatched types
07_target_carriers	UNCLASSIFIED	E0308	40	1	src/v2_std_compilers_target_model.rs	362	5	()	Option<_>	UNCLASSIFIED	C	mismatched types
07_target_carriers	UNCLASSIFIED	E0308	41	1	src/v2_std_compilers_target_model.rs	369	5	()	Option<_>	UNCLASSIFIED	C	mismatched types
07_target_carriers	UNCLASSIFIED	E0308	42	1	src/v2_std_compilers_target_model.rs	373	5	()	Option<_>	UNCLASSIFIED	C	mismatched types
07_target_carriers	UNCLASSIFIED	E0614	43	1	src/v2_std_compilers_target_model.rs	442	11			UNCLASSIFIED		type `std::option::Option<_>` cannot be dereferenced
07_target_carriers	UNCLASSIFIED	E0614	44	1	src/v2_std_compilers_target_model.rs	534	105			UNCLASSIFIED		type `std::option::Option<_>` cannot be dereferenced
07_target_carriers	UNCLASSIFIED	E0614	45	1	src/v2_std_compilers_target_model.rs	544	100			UNCLASSIFIED		type `std::option::Option<_>` cannot be dereferenced
07_target_carriers	UNCLASSIFIED	E0308	46	1	src/v2_std_compilers_target_model.rs	1837	12	()	Option<String>	UNCLASSIFIED	C	mismatched types
07_target_carriers	UNCLASSIFIED	E0308	47	1	src/v2_std_compilers_target_model.rs	1842	66	()	Option<_>	UNCLASSIFIED	C	mismatched types
07_target_carriers	UNCLASSIFIED	E0308	48	1	src/v2_std_compilers_target_model.rs	2137	43	i64	String	UNCLASSIFIED	RESIDUE	mismatched types
07_target_carriers	UNCLASSIFIED	E0308	49	1	src/v2_std_compilers_target_model.rs	2384	15	String	i64	UNCLASSIFIED	RESIDUE	mismatched types
07_target_carriers	UNCLASSIFIED	E0308	50	1	src/v2_std_compilers_target_model.rs	2647	62	HashMap<_, _>	Rc<HashMap<_, _>>	UNCLASSIFIED	R1	mismatched types
07_target_carriers	UNCLASSIFIED	E0614	51	1	src/v2_std_compilers_target_model.rs	2647	11			UNCLASSIFIED		type `std::option::Option<_>` cannot be dereferenced
07_target_carriers	UNCLASSIFIED	E0308	52	1	src/v2_std_compilers_target_model.rs	4397	26	()	Option<_>	UNCLASSIFIED	C	mismatched types
07_target_carriers	UNCLASSIFIED	E0308	53	1	src/v2_std_compilers_target_model.rs	4400	30	()	Option<TargetConstructorTemplate>	UNCLASSIFIED	C	mismatched types
07_target_carriers	UNCLASSIFIED	E0308	54	1	src/v2_std_compilers_target_model.rs	4565	23	Option<TargetConstructorTemplate>	()	UNCLASSIFIED	C	mismatched types
07_target_carriers	UNCLASSIFIED	E0308	55	1	src/v2_std_compilers_target_model.rs	6343	5	()	Option<_>	UNCLASSIFIED	C	mismatched types
07_target_carriers	UNCLASSIFIED	E0308	56	1	src/v2_std_compilers_target_model.rs	6344	5	()	Option<_>	UNCLASSIFIED	C	mismatched types
07_target_carriers	UNCLASSIFIED	E0308	57	1	src/v2_std_compilers_target_model.rs	6445	5	Rc<Outcome<()>>	Rc<Outcome<Option<Rc<TargetRepresentationChoice>>>>	UNCLASSIFIED	C	mismatched types
07_target_carriers	UNCLASSIFIED	E0308	58	1	src/v2_std_compilers_target_model.rs	7002	90	TargetUseSiteOwnershipLookup	TargetUseSiteOwnershipCatalogLookup	UNCLASSIFIED	RESIDUE	mismatched types
07_target_carriers	UNCLASSIFIED	E0308	59	1	src/v2_compiler_target_carriers.rs	107	64	()	Rc<Node>	UNCLASSIFIED	C	mismatched types
07_target_carriers	UNCLASSIFIED	E0308	60	1	src/v2_compiler_target_carriers.rs	108	66	()	Option<_>	UNCLASSIFIED	C	mismatched types
07_target_carriers	UNCLASSIFIED	E0308	61	1	src/v2_compiler_target_carriers.rs	114	5	()	Option<_>	UNCLASSIFIED	C	mismatched types
07_target_carriers	UNCLASSIFIED	E0308	62	1	src/v2_compiler_target_carriers.rs	115	5	()	Option<_>	UNCLASSIFIED	C	mismatched types
07_target_carriers	UNCLASSIFIED	E0004	63	1	src/v2_std_integer.rs	720	84			UNCLASSIFIED		non-exhaustive patterns: `&Some(_)` not covered
07_target_carriers	UNCLASSIFIED	E0004	64	1	src/v2_std_integer.rs	722	84			UNCLASSIFIED		non-exhaustive patterns: `&Some(_)` not covered
07_target_carriers	UNCLASSIFIED	E0004	65	1	src/v2_std_integer_value_set.rs	106	77			UNCLASSIFIED		non-exhaustive patterns: `&Some(_)` not covered
07_target_carriers	UNCLASSIFIED	E0004	66	1	src/v2_std_integer_value_set.rs	110	58			UNCLASSIFIED		non-exhaustive patterns: `&Some(_)` not covered
07_target_carriers	UNCLASSIFIED	E0004	67	1	src/v2_std_integer_value_set.rs	129	75			UNCLASSIFIED		non-exhaustive patterns: `&Some(_)` not covered
07_target_carriers	UNCLASSIFIED	E0004	68	1	src/v2_std_integer_value_set.rs	178	84			UNCLASSIFIED		non-exhaustive patterns: `&Some(_)` not covered
07_target_carriers	UNCLASSIFIED	E0004	69	1	src/v2_std_integer_value_set.rs	180	84			UNCLASSIFIED		non-exhaustive patterns: `&Some(_)` not covered
07_target_carriers	UNCLASSIFIED	E0004	70	1	src/v2_std_refinement_widening_predicate.rs	79	83			UNCLASSIFIED		non-exhaustive patterns: `&Some(_)` not covered
07_target_carriers	UNCLASSIFIED	E0004	71	1	src/v2_std_refinement_widening_predicate.rs	81	86			UNCLASSIFIED		non-exhaustive patterns: `&Some(_)` not covered
07_target_carriers	UNCLASSIFIED	E0004	72	1	src/v2_std_refinement_widening_predicate.rs	93	83			UNCLASSIFIED		non-exhaustive patterns: `&Some(_)` not covered
07_target_carriers	UNCLASSIFIED	E0004	73	1	src/v2_std_refinement_widening_predicate.rs	95	86			UNCLASSIFIED		non-exhaustive patterns: `&Some(_)` not covered
07_target_carriers	UNCLASSIFIED	E0004	74	1	src/v2_std_refinement_widening_predicate.rs	107	81			UNCLASSIFIED		non-exhaustive patterns: `&Some(_)` not covered
07_target_carriers	UNCLASSIFIED	E0004	75	1	src/v2_std_refinement_widening_predicate.rs	109	84			UNCLASSIFIED		non-exhaustive patterns: `&Some(_)` not covered
07_target_carriers	UNCLASSIFIED	E0004	76	1	src/v2_std_refinement_widening_predicate.rs	111	87			UNCLASSIFIED		non-exhaustive patterns: `&Some(_)` not covered
07_target_carriers	UNCLASSIFIED	E0004	77	1	src/v2_std_compilers_target_model.rs	5546	54			UNCLASSIFIED		non-exhaustive patterns: `Outcome::Accepted { value: TargetTypeExprArrowWireShape::TargetTypeExprArrowPositionalWire, .. }` and `Outcome::Accepted { value: TargetTypeExprArrowWireShape::TargetTypeExprArrowLabeledWire, .. }` not covered
07_target_carriers	UNCLASSIFIED	E0004	78	1	src/v2_std_compilers_target_model.rs	5629	54			UNCLASSIFIED		non-exhaustive patterns: `Outcome::Accepted { value: TargetTypeExprArrowWireShape::TargetTypeExprArrowPositionalWire, .. }` and `Outcome::Accepted { value: TargetTypeExprArrowWireShape::TargetTypeExprArrowLabeledWire, .. }` not covered
07_target_carriers	UNCLASSIFIED	E0004	79	1	src/v2_std_compilers_target_model.rs	7785	19			UNCLASSIFIED		non-exhaustive patterns: `Edge { .. }` not covered
discovery_enumeration	UNCLASSIFIED	E0425	1	1	src/std_string_type.rs	15	26			UNCLASSIFIED		cannot find type `Int` in this scope
discovery_enumeration	UNCLASSIFIED	E0599	2	1	src/v2_std_node.rs	804	103			UNCLASSIFIED		the method `partial_cmp` exists for reference `&T`, but its trait bounds were not satisfied
materialization_carriers	UNCLASSIFIED	E0425	1	1	src/v2_compiler_materialization_carriers.rs	144	42			UNCLASSIFIED		cannot find type `NonEmptyStr` in this scope
materialization_carriers	UNCLASSIFIED	E0425	2	1	src/v2_compiler_materialization_carriers.rs	148	44			UNCLASSIFIED		cannot find type `NonEmptyStr` in this scope
materialization_carriers	UNCLASSIFIED	E0425	3	1	src/v2_compiler_materialization_carriers.rs	152	44			UNCLASSIFIED		cannot find type `NonEmptyStr` in this scope
materialization_carriers	UNCLASSIFIED	E0599	4	1	src/v2_std_node.rs	804	103			UNCLASSIFIED		the method `partial_cmp` exists for reference `&T`, but its trait bounds were not satisfied
materialization_carriers	ABSENT_CLONE_BOUND	E0308	5	1	src/v2_std_algebra.rs	151	63	T	&T	ABSENT_CLONE_BOUND	A-clone	mismatched types
materialization_carriers	ABSENT_CLONE_BOUND	E0308	5	2	src/v2_std_algebra.rs	151	63	_	&_	ABSENT_CLONE_BOUND	A-clone	mismatched types
materialization_carriers	ABSENT_CLONE_BOUND	E0599	6	1	src/v2_std_staging.rs	16	39			ABSENT_CLONE_BOUND		no method named `clone` found for type parameter `A` in the current scope
materialization_carriers	ABSENT_CLONE_BOUND	E0277	7	1	src/v2_std_staging.rs	16	22			ABSENT_CLONE_BOUND		the trait bound `C: Clone` is not satisfied
materialization_carriers	ABSENT_CLONE_BOUND	E0308	8	1	src/v2_std_staging.rs	31	53	B	&B	ABSENT_CLONE_BOUND	A-clone	mismatched types
materialization_carriers	ABSENT_CLONE_BOUND	E0308	8	2	src/v2_std_staging.rs	31	53	_	&_	ABSENT_CLONE_BOUND	A-clone	mismatched types
materialization_carriers	UNCLASSIFIED	E0308	9	1	src/std_cache_interface.rs	637	12	Option<String>	None	UNCLASSIFIED	R2	mismatched types
materialization_carriers	UNCLASSIFIED	E0308	10	1	src/std_cache_interface.rs	694	5	String	Option<String>	UNCLASSIFIED	R2	mismatched types
materialization_carriers	UNCLASSIFIED	E0308	11	1	src/std_cache_interface.rs	698	5	String	Option<String>	UNCLASSIFIED	R2	mismatched types
materialization_carriers	UNCLASSIFIED	E0308	12	1	src/std_cache_interface.rs	702	5	Rc<CacheInterfaceFacts>	Option<Rc<CacheInterfaceFacts>>	UNCLASSIFIED	R2	mismatched types
materialization_carriers	UNCLASSIFIED	E0308	12	2	src/std_cache_interface.rs	702	5	Rc<_>	Option<Rc<_>>	UNCLASSIFIED	R2	mismatched types
materialization_carriers	ABSENT_CLONE_BOUND	E0599	13	1	src/v2_compiler_materialization_carriers.rs	187	59			ABSENT_CLONE_BOUND		no method named `clone` found for type parameter `A` in the current scope
materialization_carriers	ABSENT_CLONE_BOUND	E0277	14	1	src/v2_compiler_materialization_carriers.rs	187	50			ABSENT_CLONE_BOUND		the trait bound `B: Clone` is not satisfied
materialization_carriers	ABSENT_CLONE_BOUND	E0599	15	1	src/v2_compiler_materialization_carriers.rs	187	86			ABSENT_CLONE_BOUND		no method named `clone` found for type parameter `A` in the current scope
materialization_carriers	ABSENT_CLONE_BOUND	E0277	16	1	src/v2_compiler_materialization_carriers.rs	187	84			ABSENT_CLONE_BOUND		the trait bound `A: Clone` is not satisfied
materialization_carriers	ABSENT_CLONE_BOUND	E0599	17	1	src/v2_compiler_materialization_carriers.rs	188	22			ABSENT_CLONE_BOUND		no method named `clone` found for type parameter `A` in the current scope
parse_engine_hooks	SHIM_CLOSURE_GAP_instrument	E0432	1	1	src/v2_std_node.rs	10	16			UNCLASSIFIED		unresolved import `crate::std_dissolution`
parse_engine_hooks	SHIM_CLOSURE_GAP_instrument	E0433	2	1	src/v2_std_node.rs	12	12			UNCLASSIFIED		cannot find `std_dissolution` in `crate`
parse_engine_hooks	SHIM_CLOSURE_GAP_instrument	E0432	3	1	src/v2_std_node.rs	11	16			UNCLASSIFIED		unresolved import `crate::std_dissolution`
parse_engine_hooks	SHIM_CLOSURE_GAP_instrument	E0432	4	1	src/v2_std_node.rs	13	16			UNCLASSIFIED		unresolved import `crate::std_content_hash`
parse_engine_hooks	SHIM_CLOSURE_GAP_instrument	E0433	5	1	src/v2_std_node.rs	15	12			UNCLASSIFIED		cannot find `std_content_hash` in `crate`
parse_engine_hooks	SHIM_CLOSURE_GAP_instrument	E0432	6	1	src/v2_std_node.rs	14	16			UNCLASSIFIED		unresolved import `crate::std_content_hash`
parse_engine_hooks	SHIM_CLOSURE_GAP_instrument	E0433	7	1	src/v2_std_node.rs	17	12			UNCLASSIFIED		cannot find `std_occurrence_identity` in `crate`
parse_engine_hooks	SHIM_CLOSURE_GAP_instrument	E0432	8	1	src/v2_std_node.rs	16	16			UNCLASSIFIED		unresolved import `crate::std_occurrence_identity`
parse_engine_hooks	SHIM_CLOSURE_GAP_instrument	E0433	9	1	src/v2_std_node.rs	81	43			UNCLASSIFIED		cannot find `std_occurrence_identity` in `crate`
parse_engine_hooks	UNCLASSIFIED	E0599	10	1	src/v2_std_node.rs	804	103			UNCLASSIFIED		the method `partial_cmp` exists for reference `&T`, but its trait bounds were not satisfied
program_partition	UNCLASSIFIED	E0425	1	1	src/v2_std_text.rs	20	26			UNCLASSIFIED		cannot find type `Int` in this scope
program_partition	UNCLASSIFIED	E0425	2	1	src/v2_compiler_target_carriers.rs	84	23			UNCLASSIFIED		cannot find type `Edge` in this scope
program_partition	UNCLASSIFIED	E0425	3	1	src/v2_compiler_normalized_tree.rs	44	69			UNCLASSIFIED		cannot find type `NonEmptyDiagnostics` in this scope
program_partition	UNCLASSIFIED	E0425	4	1	src/v2_compiler_normalized_tree.rs	63	80			UNCLASSIFIED		cannot find type `NonEmptyDiagnostics` in this scope
program_partition	UNCLASSIFIED	E0392	5	1	src/v2_lens_application.rs	97	32			UNCLASSIFIED		type parameter `Output` is never used
program_partition	UNCLASSIFIED	E0392	6	1	src/v2_lens_application.rs	97	48			UNCLASSIFIED		type parameter `Projected` is never used
program_partition	UNCLASSIFIED	E0392	7	1	src/v2_lens_application.rs	97	32			UNCLASSIFIED		type parameter `Output` is never used
program_partition	UNCLASSIFIED	E0392	8	1	src/v2_lens_application.rs	97	48			UNCLASSIFIED		type parameter `Projected` is never used
program_partition	ABSENT_CLONE_BOUND	E0308	9	1	src/v2_extdeps_languages_fidelity.rs	27	79	Feature	&Feature	ABSENT_CLONE_BOUND	A-clone	mismatched types
program_partition	ABSENT_CLONE_BOUND	E0308	9	2	src/v2_extdeps_languages_fidelity.rs	27	79	_	&_	ABSENT_CLONE_BOUND	A-clone	mismatched types
program_partition	ABSENT_CLONE_BOUND	E0308	10	1	src/v2_std_passing_candidate_fold.rs	34	83	T	&T	ABSENT_CLONE_BOUND	A-clone	mismatched types
program_partition	ABSENT_CLONE_BOUND	E0308	10	2	src/v2_std_passing_candidate_fold.rs	34	83	_	&_	ABSENT_CLONE_BOUND	A-clone	mismatched types
program_partition	UNCLASSIFIED	E0308	11	1	src/std_checked_arithmetic.rs	305	12	Rc<i64>	i64	UNCLASSIFIED	R1	mismatched types
program_partition	UNCLASSIFIED	E0277	12	1	src/v2_std_node.rs	52	9			UNCLASSIFIED		the trait bound `OccurrenceId: Eq` is not satisfied
program_partition	UNCLASSIFIED	E0277	13	1	src/v2_std_node.rs	52	9			UNCLASSIFIED		the trait bound `OccurrenceId: std::hash::Hash` is not satisfied
program_partition	UNCLASSIFIED	E0599	14	1	src/v2_std_node.rs	806	103			UNCLASSIFIED		the method `partial_cmp` exists for reference `&T`, but its trait bounds were not satisfied
program_partition	ABSENT_CLONE_BOUND	E0308	15	1	src/v2_std_algebra.rs	152	63	T	&T	ABSENT_CLONE_BOUND	A-clone	mismatched types
program_partition	ABSENT_CLONE_BOUND	E0308	15	2	src/v2_std_algebra.rs	152	63	_	&_	ABSENT_CLONE_BOUND	A-clone	mismatched types
program_partition	UNCLASSIFIED	E0308	16	1	src/std_measure.rs	496	18	Rc<i64>	i64	UNCLASSIFIED	R1	mismatched types
program_partition	UNCLASSIFIED	E0369	17	1	src/std_measure.rs	516	109			UNCLASSIFIED		cannot add `{integer}` to `Rc<i64>`
program_partition	UNCLASSIFIED	E0308	18	1	src/v2_std_text.rs	65	59	i64	Box<i64>	UNCLASSIFIED	BOX-WRAP	mismatched types
program_partition	MAP_CARRIER_FORK	E0560	19	1	src/v2_std_collection.rs	94	5			UNCLASSIFIED		struct `Rc<PartialFunction<_, _>>` has no field named `lookup`
program_partition	UNCLASSIFIED	E0277	20	1	src/v2_std_collection.rs	96	14			UNCLASSIFIED		the trait bound `K: Eq` is not satisfied
program_partition	UNCLASSIFIED	E0277	21	1	src/v2_std_collection.rs	96	14			UNCLASSIFIED		the trait bound `K: std::hash::Hash` is not satisfied
program_partition	MAP_CARRIER_FORK	E0308	22	1	src/v2_std_collection.rs	93	13	HashMap<K, V>	Rc<PartialFunction<_, _>>	UNCLASSIFIED	T3	mismatched types
program_partition	UNCLASSIFIED	E0277	23	1	src/v2_std_collection.rs	102	5			UNCLASSIFIED		the trait bound `K: Eq` is not satisfied
program_partition	UNCLASSIFIED	E0277	24	1	src/v2_std_collection.rs	102	5			UNCLASSIFIED		the trait bound `K: std::hash::Hash` is not satisfied
program_partition	UNCLASSIFIED	E0308	25	1	src/v2_std_fold_assembly.rs	258	38	Rc<Outcome<Rc<Vector<Rc<Vector<Rc<Node>>>>>>>	Rc<Outcome<Rc<Vector<Rc<Node>>>>>	UNCLASSIFIED	ELEM-COLL	`match` arms have incompatible types
program_partition	MAP_CARRIER_FORK	E0560	26	1	src/v2_std_model_core.rs	190	5			UNCLASSIFIED		struct `Rc<PartialFunction<_, _>>` has no field named `lookup`
program_partition	MAP_CARRIER_FORK	E0308	27	1	src/v2_std_model_core.rs	189	13	HashMap<String, Rc<Node>>	Rc<PartialFunction<_, _>>	UNCLASSIFIED	T3	mismatched types
program_partition	PRIMITIVE_REPR_FORK	E0369	28	1	src/v2_std_nat.rs	56	23			UNCLASSIFIED		binary operation `<` cannot be applied to type `Rc<v2_std_nat::Nat>`
program_partition	ABSENT_CLONE_BOUND	E0308	29	1	src/v2_std_node_query.rs	150	104	T	&T	ABSENT_CLONE_BOUND	A-clone	mismatched types
program_partition	ABSENT_CLONE_BOUND	E0308	29	2	src/v2_std_node_query.rs	150	104	_	&_	ABSENT_CLONE_BOUND	A-clone	mismatched types
program_partition	UNCLASSIFIED	E0282	30	1	src/v2_lens_application.rs	95	10			UNCLASSIFIED		type annotations needed
program_partition	UNCLASSIFIED	E0282	31	1	src/v2_lens_application.rs	95	17			UNCLASSIFIED		type annotations needed
program_partition	UNCLASSIFIED	E0282	32	1	src/v2_lens_application.rs	97	10			UNCLASSIFIED		type annotations needed
program_partition	UNCLASSIFIED	E0282	33	1	src/v2_lens_application.rs	97	10			UNCLASSIFIED		type annotations needed
program_partition	UNCLASSIFIED	E0282	34	1	src/v2_lens_application.rs	97	10			UNCLASSIFIED		type annotations needed
program_partition	ABSENT_CLONE_BOUND	E0308	35	1	src/v2_lens_application.rs	107	73	Budget	&Budget	ABSENT_CLONE_BOUND	A-clone	mismatched types
program_partition	ABSENT_CLONE_BOUND	E0308	35	2	src/v2_lens_application.rs	107	73	_	&_	ABSENT_CLONE_BOUND	A-clone	mismatched types
program_partition	UNCLASSIFIED	E0282	36	1	src/v2_lens_application.rs	400	5			UNCLASSIFIED		type annotations needed
program_partition	UNCLASSIFIED	E0308	37	1	src/v2_std_cardinality.rs	581	42	Rc<Witness<Rc<TerminationProof>>>	Rc<Edge>	UNCLASSIFIED	RESIDUE	arguments to this function are incorrect
program_partition	UNCLASSIFIED	E0308	38	1	src/v2_std_compilers_lexing.rs	235	13	Vector<Rc<Token>>	Rc<Vector<Rc<Token>>>	UNCLASSIFIED	R1	mismatched types
program_partition	PRIMITIVE_REPR_FORK	E0308	39	1	src/v2_std_integer.rs	1359	26	Rc<Nat>	{integer}	UNCLASSIFIED	B3	mismatched types
program_partition	PRIMITIVE_REPR_FORK	E0308	40	1	src/v2_std_integer.rs	1362	30	Rc<Nat>	{integer}	UNCLASSIFIED	B3	mismatched types
program_partition	PRIMITIVE_REPR_FORK	E0308	41	1	src/v2_std_integer.rs	1365	34	Rc<Nat>	{integer}	UNCLASSIFIED	B3	mismatched types
program_partition	PRIMITIVE_REPR_FORK	E0308	42	1	src/v2_std_integer.rs	1368	38	Rc<Nat>	{integer}	UNCLASSIFIED	B3	mismatched types
program_partition	PRIMITIVE_REPR_FORK	E0308	43	1	src/v2_std_integer.rs	1371	42	Rc<Nat>	{integer}	UNCLASSIFIED	B3	mismatched types
program_partition	PRIMITIVE_REPR_FORK	E0308	44	1	src/v2_std_integer.rs	1374	46	Rc<Nat>	{integer}	UNCLASSIFIED	B3	mismatched types
program_partition	PRIMITIVE_REPR_FORK	E0308	45	1	src/v2_std_integer.rs	1377	50	Rc<Nat>	{integer}	UNCLASSIFIED	B3	mismatched types
program_partition	PRIMITIVE_REPR_FORK	E0308	46	1	src/v2_std_integer.rs	1380	54	Rc<Nat>	{integer}	UNCLASSIFIED	B3	mismatched types
program_partition	PRIMITIVE_REPR_FORK	E0308	47	1	src/v2_std_integer.rs	1383	58	Rc<Nat>	{integer}	UNCLASSIFIED	B3	mismatched types
program_partition	PRIMITIVE_REPR_FORK	E0308	48	1	src/v2_std_integer.rs	1400	30	Rc<Nat>	{integer}	UNCLASSIFIED	B3	mismatched types
program_partition	PRIMITIVE_REPR_FORK	E0369	49	1	src/v2_std_integer.rs	1403	31			UNCLASSIFIED		binary operation `<` cannot be applied to type `Rc<v2_std_nat::Nat>`
program_partition	PRIMITIVE_REPR_FORK	E0369	50	1	src/v2_std_integer.rs	1407	47			UNCLASSIFIED		cannot divide `Rc<v2_std_nat::Nat>` by `{integer}`
program_partition	UNCLASSIFIED	E0599	51	1	src/v2_std_symbol_index.rs	116	20			UNCLASSIFIED		no variant, associated function, or constant named `GlobalBareAmbiguous` found for enum `std::option::Option<T>` in the current scope
program_partition	UNCLASSIFIED	E0599	52	1	src/v2_std_symbol_index.rs	117	20			UNCLASSIFIED		no variant named `GlobalBareUnique` found for enum `std::option::Option<_>`
program_partition	UNCLASSIFIED	E0599	53	1	src/v2_std_symbol_index.rs	151	20			UNCLASSIFIED		no variant named `GlobalBareUnique` found for enum `std::option::Option<_>`
program_partition	UNCLASSIFIED	E0599	54	1	src/v2_std_symbol_index.rs	154	20			UNCLASSIFIED		no variant, associated function, or constant named `GlobalBareAmbiguous` found for enum `std::option::Option<T>` in the current scope
program_partition	UNCLASSIFIED	E0282	55	1	src/v2_std_find_witness.rs	77	67			UNCLASSIFIED		type annotations needed
program_partition	UNCLASSIFIED	E0061	56	1	src/v2_std_find_witness.rs	77	5			UNCLASSIFIED		this function takes 2 arguments but 3 arguments were supplied
program_partition	UNCLASSIFIED	E0614	57	1	src/v2_std_compilers_target_model.rs	442	11			UNCLASSIFIED		type `std::option::Option<_>` cannot be dereferenced
program_partition	UNCLASSIFIED	E0614	58	1	src/v2_std_compilers_target_model.rs	534	105			UNCLASSIFIED		type `std::option::Option<_>` cannot be dereferenced
program_partition	UNCLASSIFIED	E0614	59	1	src/v2_std_compilers_target_model.rs	544	100			UNCLASSIFIED		type `std::option::Option<_>` cannot be dereferenced
program_partition	UNCLASSIFIED	E0308	60	1	src/v2_std_compilers_target_model.rs	2137	43	i64	String	UNCLASSIFIED	RESIDUE	mismatched types
program_partition	UNCLASSIFIED	E0308	61	1	src/v2_std_compilers_target_model.rs	2384	15	String	i64	UNCLASSIFIED	RESIDUE	mismatched types
program_partition	UNCLASSIFIED	E0308	62	1	src/v2_std_compilers_target_model.rs	2647	62	HashMap<_, _>	Rc<HashMap<_, _>>	UNCLASSIFIED	R1	mismatched types
program_partition	UNCLASSIFIED	E0614	63	1	src/v2_std_compilers_target_model.rs	2647	11			UNCLASSIFIED		type `std::option::Option<_>` cannot be dereferenced
program_partition	UNCLASSIFIED	E0308	64	1	src/v2_std_compilers_target_model.rs	7002	90	TargetUseSiteOwnershipLookup	TargetUseSiteOwnershipCatalogLookup	UNCLASSIFIED	RESIDUE	mismatched types
program_partition	UNCLASSIFIED	E0308	65	1	src/v2_compiler_target_carriers.rs	105	64	Option<Rc<Node>>	Rc<Node>	UNCLASSIFIED	R2	mismatched types
program_partition	UNCLASSIFIED	E0308	65	2	src/v2_compiler_target_carriers.rs	105	64	Option<Rc<_>>	Rc<_>	UNCLASSIFIED	R2	mismatched types
program_partition	UNCLASSIFIED	E0609	66	1	src/v2_std_grammar.rs	125	82			UNCLASSIFIED		no field `member` on type `Rc<OrdSet<Rc<FormalTerminal>>>`
program_partition	UNCLASSIFIED	E0609	67	1	src/v2_std_grammar.rs	126	104			UNCLASSIFIED		no field `member` on type `Rc<OrdSet<Rc<FormalNonterminal>>>`
program_partition	UNCLASSIFIED	E0609	68	1	src/v2_std_grammar.rs	135	102			UNCLASSIFIED		no field `member` on type `Rc<OrdSet<Rc<FormalNonterminal>>>`
program_partition	UNCLASSIFIED	E0609	69	1	src/v2_std_grammar.rs	143	33			UNCLASSIFIED		no field `member` on type `Rc<OrdSet<Rc<FormalNonterminal>>>`
program_partition	UNCLASSIFIED	E0308	70	1	src/v2_std_grammar.rs	1286	29	Rc<DeriveGrammarRelationTokensProgress>	DeriveGrammarRelationTokensProgress	UNCLASSIFIED	R1	mismatched types
program_partition	UNCLASSIFIED	E0308	71	1	src/v2_std_grammar.rs	1364	29	Rc<DeriveGrammarRelationTokensProgress>	DeriveGrammarRelationTokensProgress	UNCLASSIFIED	R1	mismatched types
program_partition	UNCLASSIFIED	E0308	72	1	src/v2_std_grammar.rs	1366	12	()	Rc<Vector<Rc<Edge>>>	UNCLASSIFIED	C	mismatched types
program_partition	UNCLASSIFIED	E0308	73	1	src/v2_std_grammar.rs	1365	21	Witness<Rc<Vector<Rc<Edge>>>>	Witness<()>	UNCLASSIFIED	C	mismatched types
program_partition	MAP_CARRIER_FORK	E0560	74	1	src/v2_std_language_model.rs	45	5			UNCLASSIFIED		struct `Rc<PointwisePower<_>>` has no field named `member`
program_partition	UNCLASSIFIED	E0308	75	1	src/v2_std_language_model.rs	44	13	OrdSet<String>	Rc<PointwisePower<_>>	UNCLASSIFIED	T3	mismatched types
program_partition	MAP_CARRIER_FORK	E0560	76	1	src/v2_extdeps_languages_dag.rs	1219	5			UNCLASSIFIED		struct `Rc<PointwisePower<_>>` has no field named `member`
program_partition	MAP_CARRIER_FORK	E0560	77	1	src/v2_extdeps_languages_dag.rs	1225	5			UNCLASSIFIED		struct `Rc<PointwisePower<_>>` has no field named `member`
program_partition	MAP_CARRIER_FORK	E0560	78	1	src/v2_extdeps_languages_dag.rs	1235	5			UNCLASSIFIED		struct `Rc<PointwisePower<_>>` has no field named `member`
program_partition	UNCLASSIFIED	E0308	79	1	src/v2_extdeps_languages_dag.rs	3055	56	Option<Rc<TargetEmitHostRuntimeRow>>	Rc<TargetEmitHostRuntimeRow>	UNCLASSIFIED	R2	mismatched types
program_partition	UNCLASSIFIED	E0308	79	2	src/v2_extdeps_languages_dag.rs	3055	56	Option<Rc<_>>	Rc<_>	UNCLASSIFIED	R2	mismatched types
program_partition	UNCLASSIFIED	E0308	80	1	src/v2_extdeps_languages_dag.rs	3100	56	Option<Rc<TargetEmitHostRuntimeRow>>	Rc<TargetEmitHostRuntimeRow>	UNCLASSIFIED	R2	mismatched types
program_partition	UNCLASSIFIED	E0308	80	2	src/v2_extdeps_languages_dag.rs	3100	56	Option<Rc<_>>	Rc<_>	UNCLASSIFIED	R2	mismatched types
program_partition	UNCLASSIFIED	E0308	81	1	src/v2_extdeps_languages_dag.rs	3145	56	Option<Rc<TargetEmitHostRuntimeRow>>	Rc<TargetEmitHostRuntimeRow>	UNCLASSIFIED	R2	mismatched types
program_partition	UNCLASSIFIED	E0308	81	2	src/v2_extdeps_languages_dag.rs	3145	56	Option<Rc<_>>	Rc<_>	UNCLASSIFIED	R2	mismatched types
program_partition	UNCLASSIFIED	E0308	82	1	src/v2_compiler_body_lowering_fold.rs	3176	13	Rc<Outcome<Option<Rc<Node>>>>	Rc<Outcome<Rc<Node>>>	UNCLASSIFIED	R2	`match` arms have incompatible types
program_partition	UNCLASSIFIED	E0308	82	2	src/v2_compiler_body_lowering_fold.rs	3176	13	Rc<Outcome<Option<Rc<_>>>>	Rc<Outcome<Rc<_>>>	UNCLASSIFIED	R2	`match` arms have incompatible types
program_partition	MAP_CARRIER_FORK	E0560	83	1	src/v2_compiler_resolve.rs	146	5			UNCLASSIFIED		struct `Rc<PointwisePower<_>>` has no field named `member`
program_partition	UNCLASSIFIED	E0308	84	1	src/v2_compiler_resolve.rs	145	13	OrdSet<String>	Rc<PointwisePower<_>>	UNCLASSIFIED	T3	mismatched types
program_partition	UNCLASSIFIED	E0609	85	1	src/v2_compiler_resolve.rs	377	42			UNCLASSIFIED		no field `member` on type `Rc<OrdSet<std::string::String>>`
program_partition	MAP_CARRIER_FORK	E0560	86	1	src/v2_compiler_infer.rs	165	5			UNCLASSIFIED		struct `Rc<PartialFunction<_, _>>` has no field named `lookup`
program_partition	MAP_CARRIER_FORK	E0308	87	1	src/v2_compiler_infer.rs	164	20	HashMap<Rc<Node>, Rc<InferredFacts>>	Rc<PartialFunction<_, _>>	UNCLASSIFIED	T3	mismatched types
program_partition	UNCLASSIFIED	E0308	88	1	src/v2_compiler_infer.rs	378	63	Witness<Rc<TerminationProof>>	Witness<TerminationProof>	UNCLASSIFIED	R1	mismatched types
program_partition	MAP_CARRIER_FORK	E0560	89	1	src/v2_compiler_infer.rs	514	5			UNCLASSIFIED		struct `Rc<PartialFunction<_, _>>` has no field named `lookup`
program_partition	MAP_CARRIER_FORK	E0308	90	1	src/v2_compiler_infer.rs	513	20	HashMap<Rc<Node>, Rc<InferredFacts>>	Rc<PartialFunction<_, _>>	UNCLASSIFIED	T3	mismatched types
program_partition	UNCLASSIFIED	E0308	91	1	src/v2_compiler_infer.rs	522	27	Option<Rc<InferredFacts>>	Rc<InferredFacts>	UNCLASSIFIED	R2	mismatched types
program_partition	UNCLASSIFIED	E0308	91	2	src/v2_compiler_infer.rs	522	27	Option<Rc<_>>	Rc<_>	UNCLASSIFIED	R2	mismatched types
program_partition	UNCLASSIFIED	E0071	92	1	src/v2_compiler_translate.rs	1666	12			UNCLASSIFIED		expected struct, variant or union type, found `(Rc<Node>, Rc<Node>)`
program_partition	UNCLASSIFIED	E0071	93	1	src/v2_compiler_translate.rs	1681	12			UNCLASSIFIED		expected struct, variant or union type, found `(Rc<Node>, Rc<Node>)`
program_partition	UNCLASSIFIED	E0609	94	1	src/v2_compiler_translate.rs	1696	16			UNCLASSIFIED		no field `rebuilt` on type `(Rc<Node>, Rc<Node>)`
program_partition	UNCLASSIFIED	E0609	95	1	src/v2_compiler_translate.rs	1925	185			UNCLASSIFIED		no field `source` on type `(Rc<Node>, Rc<Node>)`
program_partition	UNCLASSIFIED	E0609	96	1	src/v2_compiler_translate.rs	1925	211			UNCLASSIFIED		no field `source` on type `(Rc<Node>, Rc<Node>)`
program_partition	UNCLASSIFIED	E0071	97	1	src/v2_compiler_translate.rs	1926	12			UNCLASSIFIED		expected struct, variant or union type, found `(Rc<Node>, Rc<Node>)`
program_partition	UNCLASSIFIED	E0609	98	1	src/v2_compiler_translate.rs	1927	24			UNCLASSIFIED		no field `source` on type `(Rc<Node>, Rc<Node>)`
program_partition	UNCLASSIFIED	E0609	99	1	src/v2_compiler_translate.rs	1928	38			UNCLASSIFIED		no field `rebuilt` on type `(Rc<Node>, Rc<Node>)`
program_partition	UNCLASSIFIED	E0609	100	1	src/v2_compiler_translate.rs	1928	81			UNCLASSIFIED		no field `rebuilt` on type `(Rc<Node>, Rc<Node>)`
program_partition	UNCLASSIFIED	E0609	101	1	src/v2_compiler_translate.rs	1930	23			UNCLASSIFIED		no field `rebuilt` on type `(Rc<Node>, Rc<Node>)`
program_partition	UNCLASSIFIED	E0004	102	1	src/v2_std_integer.rs	718	84			UNCLASSIFIED		non-exhaustive patterns: `&Some(_)` not covered
program_partition	UNCLASSIFIED	E0004	103	1	src/v2_std_integer.rs	720	84			UNCLASSIFIED		non-exhaustive patterns: `&Some(_)` not covered
program_partition	UNCLASSIFIED	E0004	104	1	src/v2_std_integer_value_set.rs	106	77			UNCLASSIFIED		non-exhaustive patterns: `&Some(_)` not covered
program_partition	UNCLASSIFIED	E0004	105	1	src/v2_std_integer_value_set.rs	110	58			UNCLASSIFIED		non-exhaustive patterns: `&Some(_)` not covered
program_partition	UNCLASSIFIED	E0004	106	1	src/v2_std_integer_value_set.rs	129	75			UNCLASSIFIED		non-exhaustive patterns: `&Some(_)` not covered
program_partition	UNCLASSIFIED	E0004	107	1	src/v2_std_integer_value_set.rs	178	84			UNCLASSIFIED		non-exhaustive patterns: `&Some(_)` not covered
program_partition	UNCLASSIFIED	E0004	108	1	src/v2_std_integer_value_set.rs	180	84			UNCLASSIFIED		non-exhaustive patterns: `&Some(_)` not covered
program_partition	UNCLASSIFIED	E0004	109	1	src/v2_std_refinement_widening_predicate.rs	79	83			UNCLASSIFIED		non-exhaustive patterns: `&Some(_)` not covered
program_partition	UNCLASSIFIED	E0004	110	1	src/v2_std_refinement_widening_predicate.rs	81	86			UNCLASSIFIED		non-exhaustive patterns: `&Some(_)` not covered
program_partition	UNCLASSIFIED	E0004	111	1	src/v2_std_refinement_widening_predicate.rs	93	83			UNCLASSIFIED		non-exhaustive patterns: `&Some(_)` not covered
program_partition	UNCLASSIFIED	E0004	112	1	src/v2_std_refinement_widening_predicate.rs	95	86			UNCLASSIFIED		non-exhaustive patterns: `&Some(_)` not covered
program_partition	UNCLASSIFIED	E0004	113	1	src/v2_std_refinement_widening_predicate.rs	107	81			UNCLASSIFIED		non-exhaustive patterns: `&Some(_)` not covered
program_partition	UNCLASSIFIED	E0004	114	1	src/v2_std_refinement_widening_predicate.rs	109	84			UNCLASSIFIED		non-exhaustive patterns: `&Some(_)` not covered
program_partition	UNCLASSIFIED	E0004	115	1	src/v2_std_refinement_widening_predicate.rs	111	87			UNCLASSIFIED		non-exhaustive patterns: `&Some(_)` not covered
program_partition	UNCLASSIFIED	E0004	116	1	src/v2_std_compilers_target_model.rs	5546	54			UNCLASSIFIED		non-exhaustive patterns: `Outcome::Accepted { value: TargetTypeExprArrowWireShape::TargetTypeExprArrowPositionalWire, .. }` and `Outcome::Accepted { value: TargetTypeExprArrowWireShape::TargetTypeExprArrowLabeledWire, .. }` not covered
program_partition	UNCLASSIFIED	E0004	117	1	src/v2_std_compilers_target_model.rs	5629	54			UNCLASSIFIED		non-exhaustive patterns: `Outcome::Accepted { value: TargetTypeExprArrowWireShape::TargetTypeExprArrowPositionalWire, .. }` and `Outcome::Accepted { value: TargetTypeExprArrowWireShape::TargetTypeExprArrowLabeledWire, .. }` not covered
program_partition	UNCLASSIFIED	E0004	118	1	src/v2_std_compilers_target_model.rs	7785	19			UNCLASSIFIED		non-exhaustive patterns: `Edge { .. }` not covered
program_partition	UNCLASSIFIED	E0004	119	1	src/v2_std_grammar.rs	1819	49			UNCLASSIFIED		non-exhaustive patterns: `&RebuildEmittedResult::RebuildEmittedFail` not covered
program_partition	UNCLASSIFIED	E0004	120	1	src/v2_extdeps_languages_dag.rs	1896	11			UNCLASSIFIED		non-exhaustive patterns: `Edge { .. }` not covered
source_authority	UNCLASSIFIED	E0425	1	1	src/v2_std_text.rs	20	26			UNCLASSIFIED		cannot find type `Int` in this scope
source_authority	UNCLASSIFIED	E0425	2	1	src/v2_compiler_materialization_carriers.rs	145	42			UNCLASSIFIED		cannot find type `NonEmptyStr` in this scope
source_authority	UNCLASSIFIED	E0425	3	1	src/v2_compiler_materialization_carriers.rs	149	44			UNCLASSIFIED		cannot find type `NonEmptyStr` in this scope
source_authority	UNCLASSIFIED	E0425	4	1	src/v2_compiler_materialization_carriers.rs	153	44			UNCLASSIFIED		cannot find type `NonEmptyStr` in this scope
source_authority	UNCLASSIFIED	E0425	5	1	src/v2_compiler_target_carriers.rs	84	23			UNCLASSIFIED		cannot find type `Edge` in this scope
source_authority	UNCLASSIFIED	E0425	6	1	src/v2_compiler_normalized_tree.rs	44	69			UNCLASSIFIED		cannot find type `NonEmptyDiagnostics` in this scope
source_authority	UNCLASSIFIED	E0425	7	1	src/v2_compiler_normalized_tree.rs	63	80			UNCLASSIFIED		cannot find type `NonEmptyDiagnostics` in this scope
source_authority	UNCLASSIFIED	E0425	8	1	src/v2_compiler_normalize.rs	84	76			UNCLASSIFIED		cannot find type `NonEmptyDiagnostics` in this scope
source_authority	UNCLASSIFIED	E0425	9	1	src/v2_compiler_normalize.rs	136	70			UNCLASSIFIED		cannot find type `NonEmptyDiagnostics` in this scope
source_authority	UNCLASSIFIED	E0425	10	1	src/v2_compiler_source_authority.rs	526	20			UNCLASSIFIED		cannot find value `filesystem` in this scope
source_authority	UNCLASSIFIED	E0425	11	1	src/v2_compiler_source_authority.rs	657	20			UNCLASSIFIED		cannot find value `filesystem` in this scope
source_authority	UNCLASSIFIED	E0728	12	1	src/v2_compiler_source_authority.rs	526	50			UNCLASSIFIED		`await` is only allowed inside `async` functions and blocks
source_authority	UNCLASSIFIED	E0728	13	1	src/v2_compiler_source_authority.rs	657	55			UNCLASSIFIED		`await` is only allowed inside `async` functions and blocks
source_authority	ABSENT_CLONE_BOUND	E0308	14	1	src/v2_extdeps_languages_fidelity.rs	27	79	Feature	&Feature	ABSENT_CLONE_BOUND	A-clone	mismatched types
source_authority	ABSENT_CLONE_BOUND	E0308	14	2	src/v2_extdeps_languages_fidelity.rs	27	79	_	&_	ABSENT_CLONE_BOUND	A-clone	mismatched types
source_authority	UNCLASSIFIED	E0599	15	1	src/v2_std_cross_tree_resolution.rs	103	17			UNCLASSIFIED		no associated function or constant named `Empty` found for struct `im::Vector<A>` in the current scope
source_authority	UNCLASSIFIED	E0223	16	1	src/v2_std_cross_tree_resolution.rs	104	5			UNCLASSIFIED		ambiguous associated type
source_authority	UNCLASSIFIED	E0425	17	1	src/v2_std_layer.rs	38	5			UNCLASSIFIED		cannot find function `layer_import_facts` in this scope
source_authority	ABSENT_CLONE_BOUND	E0308	18	1	src/v2_std_passing_candidate_fold.rs	34	83	T	&T	ABSENT_CLONE_BOUND	A-clone	mismatched types
source_authority	ABSENT_CLONE_BOUND	E0308	18	2	src/v2_std_passing_candidate_fold.rs	34	83	_	&_	ABSENT_CLONE_BOUND	A-clone	mismatched types
source_authority	UNCLASSIFIED	E0308	19	1	src/std_checked_arithmetic.rs	305	12	Rc<i64>	i64	UNCLASSIFIED	R1	mismatched types
source_authority	UNCLASSIFIED	E0599	20	1	src/v2_std_node.rs	806	103			UNCLASSIFIED		the method `partial_cmp` exists for reference `&T`, but its trait bounds were not satisfied
source_authority	ABSENT_CLONE_BOUND	E0308	21	1	src/v2_std_algebra.rs	152	63	T	&T	ABSENT_CLONE_BOUND	A-clone	mismatched types
source_authority	ABSENT_CLONE_BOUND	E0308	21	2	src/v2_std_algebra.rs	152	63	_	&_	ABSENT_CLONE_BOUND	A-clone	mismatched types
source_authority	UNCLASSIFIED	E0308	22	1	src/v2_std_logic.rs	53	5	Bool	True	UNCLASSIFIED	B2	mismatched types
source_authority	UNCLASSIFIED	E0308	23	1	src/v2_std_logic.rs	54	5	Bool	False	UNCLASSIFIED	B2	mismatched types
source_authority	UNCLASSIFIED	E0308	24	1	src/v2_std_logic.rs	57	5	Bool	True	UNCLASSIFIED	B2	mismatched types
source_authority	UNCLASSIFIED	E0308	25	1	src/v2_std_logic.rs	58	5	Bool	False	UNCLASSIFIED	B2	mismatched types
source_authority	UNCLASSIFIED	E0308	26	1	src/v2_std_logic.rs	61	5	Bool	True	UNCLASSIFIED	B2	mismatched types
source_authority	UNCLASSIFIED	E0308	27	1	src/v2_std_logic.rs	62	5	Bool	False	UNCLASSIFIED	B2	mismatched types
source_authority	UNCLASSIFIED	E0308	28	1	src/std_measure.rs	496	18	Rc<i64>	i64	UNCLASSIFIED	R1	mismatched types
source_authority	UNCLASSIFIED	E0369	29	1	src/std_measure.rs	516	109			UNCLASSIFIED		cannot add `{integer}` to `Rc<i64>`
source_authority	ABSENT_CLONE_BOUND	E0599	30	1	src/v2_std_staging.rs	16	39			ABSENT_CLONE_BOUND		no method named `clone` found for type parameter `A` in the current scope
source_authority	ABSENT_CLONE_BOUND	E0277	31	1	src/v2_std_staging.rs	16	22			ABSENT_CLONE_BOUND		the trait bound `C: Clone` is not satisfied
source_authority	ABSENT_CLONE_BOUND	E0308	32	1	src/v2_std_staging.rs	31	53	B	&B	ABSENT_CLONE_BOUND	A-clone	mismatched types
source_authority	ABSENT_CLONE_BOUND	E0308	32	2	src/v2_std_staging.rs	31	53	_	&_	ABSENT_CLONE_BOUND	A-clone	mismatched types
source_authority	UNCLASSIFIED	E0308	33	1	src/v2_std_text.rs	65	59	i64	Box<i64>	UNCLASSIFIED	BOX-WRAP	mismatched types
source_authority	UNCLASSIFIED	E0308	34	1	src/std_realization_schedule.rs	64	11	Rc<Measure<(), S, Rc<i64>>>	Rc<Measure<(), _, i64>>	UNCLASSIFIED	D	mismatched types
source_authority	UNCLASSIFIED	E0308	34	2	src/std_realization_schedule.rs	64	11	Rc<Measure<_, S, Rc<i64>>>	Rc<Measure<_, _, i64>>	UNCLASSIFIED	D	mismatched types
source_authority	UNCLASSIFIED	E0308	35	1	src/std_realization_schedule.rs	74	11	Rc<Measure<(), S, Rc<i64>>>	Rc<Measure<(), S, i64>>	UNCLASSIFIED	R1	mismatched types
source_authority	UNCLASSIFIED	E0308	35	2	src/std_realization_schedule.rs	74	11	Rc<Measure<_, _, Rc<i64>>>	Rc<Measure<_, _, i64>>	UNCLASSIFIED	R1	mismatched types
source_authority	UNCLASSIFIED	E0308	36	1	src/std_realization_schedule.rs	83	19	Rc<Measure<_, _, i64>>	Rc<Measure<(), S, Rc<i64>>>	UNCLASSIFIED	D	mismatched types
source_authority	MAP_CARRIER_FORK	E0560	37	1	src/v2_std_collection.rs	94	5			UNCLASSIFIED		struct `Rc<PartialFunction<_, _>>` has no field named `lookup`
source_authority	UNCLASSIFIED	E0277	38	1	src/v2_std_collection.rs	96	14			UNCLASSIFIED		the trait bound `K: Eq` is not satisfied
source_authority	UNCLASSIFIED	E0277	39	1	src/v2_std_collection.rs	96	14			UNCLASSIFIED		the trait bound `K: std::hash::Hash` is not satisfied
source_authority	MAP_CARRIER_FORK	E0308	40	1	src/v2_std_collection.rs	93	13	HashMap<K, V>	Rc<PartialFunction<_, _>>	UNCLASSIFIED	T3	mismatched types
source_authority	UNCLASSIFIED	E0277	41	1	src/v2_std_collection.rs	102	5			UNCLASSIFIED		the trait bound `K: Eq` is not satisfied
source_authority	UNCLASSIFIED	E0277	42	1	src/v2_std_collection.rs	102	5			UNCLASSIFIED		the trait bound `K: std::hash::Hash` is not satisfied
source_authority	UNCLASSIFIED	E0061	43	1	src/v2_std_cross_tree_import_model.rs	88	5			UNCLASSIFIED		this function takes 2 arguments but 3 arguments were supplied
source_authority	UNCLASSIFIED	E0308	44	1	src/v2_std_fold_assembly.rs	258	38	Rc<Outcome<Rc<Vector<Rc<Vector<Rc<Node>>>>>>>	Rc<Outcome<Rc<Vector<Rc<Node>>>>>	UNCLASSIFIED	ELEM-COLL	`match` arms have incompatible types
source_authority	UNCLASSIFIED	E0308	45	1	src/std_cache_interface.rs	638	12	Option<String>	None	UNCLASSIFIED	R2	mismatched types
source_authority	UNCLASSIFIED	E0308	46	1	src/std_cache_interface.rs	652	22	Rc<Measure<(), (), i64>>	Rc<Measure<(), (), Rc<i64>>>	UNCLASSIFIED	R1	mismatched types
source_authority	UNCLASSIFIED	E0308	46	2	src/std_cache_interface.rs	652	22	Rc<Measure<_, _, i64>>	Rc<Measure<_, _, Rc<i64>>>	UNCLASSIFIED	R1	mismatched types
source_authority	UNCLASSIFIED	E0308	47	1	src/std_cache_interface.rs	667	23	Rc<Measure<(), (), i64>>	Rc<Measure<(), (), Rc<i64>>>	UNCLASSIFIED	R1	mismatched types
source_authority	UNCLASSIFIED	E0308	47	2	src/std_cache_interface.rs	667	23	Rc<Measure<_, _, i64>>	Rc<Measure<_, _, Rc<i64>>>	UNCLASSIFIED	R1	mismatched types
source_authority	UNCLASSIFIED	E0308	48	1	src/std_cache_interface.rs	695	5	String	Option<String>	UNCLASSIFIED	R2	mismatched types
source_authority	UNCLASSIFIED	E0308	49	1	src/std_cache_interface.rs	699	5	String	Option<String>	UNCLASSIFIED	R2	mismatched types
source_authority	UNCLASSIFIED	E0308	50	1	src/std_cache_interface.rs	703	5	Rc<CacheInterfaceFacts>	Option<Rc<CacheInterfaceFacts>>	UNCLASSIFIED	R2	mismatched types
source_authority	UNCLASSIFIED	E0308	50	2	src/std_cache_interface.rs	703	5	Rc<_>	Option<Rc<_>>	UNCLASSIFIED	R2	mismatched types
source_authority	UNCLASSIFIED	E0308	51	1	src/std_realization_measurement.rs	96	11	Rc<Measure<(), S, Rc<i64>>>	Rc<Measure<(), S, i64>>	UNCLASSIFIED	R1	mismatched types
source_authority	UNCLASSIFIED	E0308	51	2	src/std_realization_measurement.rs	96	11	Rc<Measure<_, _, Rc<i64>>>	Rc<Measure<_, _, i64>>	UNCLASSIFIED	R1	mismatched types
source_authority	MAP_CARRIER_FORK	E0560	52	1	src/v2_std_model_core.rs	190	5			UNCLASSIFIED		struct `Rc<PartialFunction<_, _>>` has no field named `lookup`
source_authority	MAP_CARRIER_FORK	E0308	53	1	src/v2_std_model_core.rs	189	13	HashMap<String, Rc<Node>>	Rc<PartialFunction<_, _>>	UNCLASSIFIED	T3	mismatched types
source_authority	PRIMITIVE_REPR_FORK	E0369	54	1	src/v2_std_nat.rs	56	23			UNCLASSIFIED		binary operation `<` cannot be applied to type `Rc<v2_std_nat::Nat>`
source_authority	ABSENT_CLONE_BOUND	E0308	55	1	src/v2_std_node_query.rs	150	104	T	&T	ABSENT_CLONE_BOUND	A-clone	mismatched types
source_authority	ABSENT_CLONE_BOUND	E0308	55	2	src/v2_std_node_query.rs	150	104	_	&_	ABSENT_CLONE_BOUND	A-clone	mismatched types
source_authority	UNCLASSIFIED	E0308	56	1	src/v2_std_provenance.rs	79	27	Option<Rc<OriginEvent>>	Rc<OriginEvent>	UNCLASSIFIED	R2	mismatched types
source_authority	UNCLASSIFIED	E0308	56	2	src/v2_std_provenance.rs	79	27	Option<Rc<_>>	Rc<_>	UNCLASSIFIED	R2	mismatched types
source_authority	UNCLASSIFIED	E0308	57	1	src/v2_std_cardinality.rs	581	42	Rc<Witness<Rc<TerminationProof>>>	Rc<Edge>	UNCLASSIFIED	RESIDUE	arguments to this function are incorrect
source_authority	UNCLASSIFIED	E0308	58	1	src/v2_std_compilers_lexing.rs	235	13	Vector<Rc<Token>>	Rc<Vector<Rc<Token>>>	UNCLASSIFIED	R1	mismatched types
source_authority	PRIMITIVE_REPR_FORK	E0308	59	1	src/v2_std_integer.rs	1359	26	Rc<Nat>	{integer}	UNCLASSIFIED	B3	mismatched types
source_authority	PRIMITIVE_REPR_FORK	E0308	60	1	src/v2_std_integer.rs	1362	30	Rc<Nat>	{integer}	UNCLASSIFIED	B3	mismatched types
source_authority	PRIMITIVE_REPR_FORK	E0308	61	1	src/v2_std_integer.rs	1365	34	Rc<Nat>	{integer}	UNCLASSIFIED	B3	mismatched types
source_authority	PRIMITIVE_REPR_FORK	E0308	62	1	src/v2_std_integer.rs	1368	38	Rc<Nat>	{integer}	UNCLASSIFIED	B3	mismatched types
source_authority	PRIMITIVE_REPR_FORK	E0308	63	1	src/v2_std_integer.rs	1371	42	Rc<Nat>	{integer}	UNCLASSIFIED	B3	mismatched types
source_authority	PRIMITIVE_REPR_FORK	E0308	64	1	src/v2_std_integer.rs	1374	46	Rc<Nat>	{integer}	UNCLASSIFIED	B3	mismatched types
source_authority	PRIMITIVE_REPR_FORK	E0308	65	1	src/v2_std_integer.rs	1377	50	Rc<Nat>	{integer}	UNCLASSIFIED	B3	mismatched types
source_authority	PRIMITIVE_REPR_FORK	E0308	66	1	src/v2_std_integer.rs	1380	54	Rc<Nat>	{integer}	UNCLASSIFIED	B3	mismatched types
source_authority	PRIMITIVE_REPR_FORK	E0308	67	1	src/v2_std_integer.rs	1383	58	Rc<Nat>	{integer}	UNCLASSIFIED	B3	mismatched types
source_authority	PRIMITIVE_REPR_FORK	E0308	68	1	src/v2_std_integer.rs	1400	30	Rc<Nat>	{integer}	UNCLASSIFIED	B3	mismatched types
source_authority	PRIMITIVE_REPR_FORK	E0369	69	1	src/v2_std_integer.rs	1403	31			UNCLASSIFIED		binary operation `<` cannot be applied to type `Rc<v2_std_nat::Nat>`
source_authority	PRIMITIVE_REPR_FORK	E0369	70	1	src/v2_std_integer.rs	1407	47			UNCLASSIFIED		cannot divide `Rc<v2_std_nat::Nat>` by `{integer}`
source_authority	UNCLASSIFIED	E0599	71	1	src/v2_compiler_tokenize.rs	331	54			UNCLASSIFIED		no method named `apply` found for struct `Rc<LexMatchThunk>` in the current scope
source_authority	UNCLASSIFIED	E0599	72	1	src/v2_compiler_tokenize.rs	333	104			UNCLASSIFIED		no method named `apply` found for struct `Rc<LexMatchThunk>` in the current scope
source_authority	UNCLASSIFIED	E0599	73	1	src/v2_compiler_tokenize.rs	343	54			UNCLASSIFIED		no method named `apply` found for struct `Rc<LexMatchThunk>` in the current scope
source_authority	UNCLASSIFIED	E0599	74	1	src/v2_compiler_tokenize.rs	348	57			UNCLASSIFIED		no method named `apply` found for struct `Rc<LexMatchThunk>` in the current scope
source_authority	UNCLASSIFIED	E0599	75	1	src/v2_compiler_tokenize.rs	352	54			UNCLASSIFIED		no method named `apply` found for struct `Rc<LexMatchThunk>` in the current scope
source_authority	UNCLASSIFIED	E0599	76	1	src/v2_compiler_tokenize.rs	377	54			UNCLASSIFIED		no method named `apply` found for struct `Rc<LexMatchThunk>` in the current scope
source_authority	UNCLASSIFIED	E0599	77	1	src/v2_compiler_tokenize.rs	393	54			UNCLASSIFIED		no method named `apply` found for struct `Rc<LexMatchThunk>` in the current scope
source_authority	UNCLASSIFIED	E0599	78	1	src/v2_std_symbol_index.rs	116	20			UNCLASSIFIED		no variant, associated function, or constant named `GlobalBareAmbiguous` found for enum `std::option::Option<T>` in the current scope
source_authority	UNCLASSIFIED	E0599	79	1	src/v2_std_symbol_index.rs	117	20			UNCLASSIFIED		no variant named `GlobalBareUnique` found for enum `std::option::Option<_>`
source_authority	UNCLASSIFIED	E0599	80	1	src/v2_std_symbol_index.rs	151	20			UNCLASSIFIED		no variant named `GlobalBareUnique` found for enum `std::option::Option<_>`
source_authority	UNCLASSIFIED	E0599	81	1	src/v2_std_symbol_index.rs	154	20			UNCLASSIFIED		no variant, associated function, or constant named `GlobalBareAmbiguous` found for enum `std::option::Option<T>` in the current scope
source_authority	ABSENT_CLONE_BOUND	E0599	82	1	src/v2_compiler_materialization_carriers.rs	188	59			ABSENT_CLONE_BOUND		no method named `clone` found for type parameter `A` in the current scope
source_authority	ABSENT_CLONE_BOUND	E0277	83	1	src/v2_compiler_materialization_carriers.rs	188	50			ABSENT_CLONE_BOUND		the trait bound `B: Clone` is not satisfied
source_authority	ABSENT_CLONE_BOUND	E0599	84	1	src/v2_compiler_materialization_carriers.rs	188	86			ABSENT_CLONE_BOUND		no method named `clone` found for type parameter `A` in the current scope
source_authority	ABSENT_CLONE_BOUND	E0277	85	1	src/v2_compiler_materialization_carriers.rs	188	84			ABSENT_CLONE_BOUND		the trait bound `A: Clone` is not satisfied
source_authority	ABSENT_CLONE_BOUND	E0599	86	1	src/v2_compiler_materialization_carriers.rs	189	22			ABSENT_CLONE_BOUND		no method named `clone` found for type parameter `A` in the current scope
source_authority	UNCLASSIFIED	E0282	87	1	src/v2_std_find_witness.rs	77	67			UNCLASSIFIED		type annotations needed
source_authority	UNCLASSIFIED	E0061	88	1	src/v2_std_find_witness.rs	77	5			UNCLASSIFIED		this function takes 2 arguments but 3 arguments were supplied
source_authority	UNCLASSIFIED	E0614	89	1	src/v2_std_compilers_target_model.rs	442	11			UNCLASSIFIED		type `std::option::Option<_>` cannot be dereferenced
source_authority	UNCLASSIFIED	E0614	90	1	src/v2_std_compilers_target_model.rs	534	105			UNCLASSIFIED		type `std::option::Option<_>` cannot be dereferenced
source_authority	UNCLASSIFIED	E0614	91	1	src/v2_std_compilers_target_model.rs	544	100			UNCLASSIFIED		type `std::option::Option<_>` cannot be dereferenced
source_authority	UNCLASSIFIED	E0308	92	1	src/v2_std_compilers_target_model.rs	2137	43	i64	String	UNCLASSIFIED	RESIDUE	mismatched types
source_authority	UNCLASSIFIED	E0308	93	1	src/v2_std_compilers_target_model.rs	2384	15	String	i64	UNCLASSIFIED	RESIDUE	mismatched types
source_authority	UNCLASSIFIED	E0308	94	1	src/v2_std_compilers_target_model.rs	2647	62	HashMap<_, _>	Rc<HashMap<_, _>>	UNCLASSIFIED	R1	mismatched types
source_authority	UNCLASSIFIED	E0614	95	1	src/v2_std_compilers_target_model.rs	2647	11			UNCLASSIFIED		type `std::option::Option<_>` cannot be dereferenced
source_authority	UNCLASSIFIED	E0308	96	1	src/v2_std_compilers_target_model.rs	7002	90	TargetUseSiteOwnershipLookup	TargetUseSiteOwnershipCatalogLookup	UNCLASSIFIED	RESIDUE	mismatched types
source_authority	UNCLASSIFIED	E0308	97	1	src/v2_compiler_target_carriers.rs	105	64	Option<Rc<Node>>	Rc<Node>	UNCLASSIFIED	R2	mismatched types
source_authority	UNCLASSIFIED	E0308	97	2	src/v2_compiler_target_carriers.rs	105	64	Option<Rc<_>>	Rc<_>	UNCLASSIFIED	R2	mismatched types
source_authority	UNCLASSIFIED	E0609	98	1	src/v2_std_grammar.rs	124	82			UNCLASSIFIED		no field `member` on type `Rc<OrdSet<Rc<FormalTerminal>>>`
source_authority	UNCLASSIFIED	E0609	99	1	src/v2_std_grammar.rs	125	104			UNCLASSIFIED		no field `member` on type `Rc<OrdSet<Rc<FormalNonterminal>>>`
source_authority	UNCLASSIFIED	E0609	100	1	src/v2_std_grammar.rs	134	102			UNCLASSIFIED		no field `member` on type `Rc<OrdSet<Rc<FormalNonterminal>>>`
source_authority	UNCLASSIFIED	E0609	101	1	src/v2_std_grammar.rs	142	33			UNCLASSIFIED		no field `member` on type `Rc<OrdSet<Rc<FormalNonterminal>>>`
source_authority	UNCLASSIFIED	E0308	102	1	src/v2_std_grammar.rs	1285	29	Rc<DeriveGrammarRelationTokensProgress>	DeriveGrammarRelationTokensProgress	UNCLASSIFIED	R1	mismatched types
source_authority	UNCLASSIFIED	E0308	103	1	src/v2_std_grammar.rs	1363	29	Rc<DeriveGrammarRelationTokensProgress>	DeriveGrammarRelationTokensProgress	UNCLASSIFIED	R1	mismatched types
source_authority	UNCLASSIFIED	E0308	104	1	src/v2_std_grammar.rs	1365	12	()	Rc<Vector<Rc<Edge>>>	UNCLASSIFIED	C	mismatched types
source_authority	UNCLASSIFIED	E0308	105	1	src/v2_std_grammar.rs	1364	21	Witness<Rc<Vector<Rc<Edge>>>>	Witness<()>	UNCLASSIFIED	C	mismatched types
source_authority	MAP_CARRIER_FORK	E0560	106	1	src/v2_std_language_model.rs	45	5			UNCLASSIFIED		struct `Rc<PointwisePower<_>>` has no field named `member`
source_authority	UNCLASSIFIED	E0308	107	1	src/v2_std_language_model.rs	44	13	OrdSet<String>	Rc<PointwisePower<_>>	UNCLASSIFIED	T3	mismatched types
source_authority	MAP_CARRIER_FORK	E0560	108	1	src/v2_extdeps_languages_dag.rs	1219	5			UNCLASSIFIED		struct `Rc<PointwisePower<_>>` has no field named `member`
source_authority	MAP_CARRIER_FORK	E0560	109	1	src/v2_extdeps_languages_dag.rs	1225	5			UNCLASSIFIED		struct `Rc<PointwisePower<_>>` has no field named `member`
source_authority	MAP_CARRIER_FORK	E0560	110	1	src/v2_extdeps_languages_dag.rs	1235	5			UNCLASSIFIED		struct `Rc<PointwisePower<_>>` has no field named `member`
source_authority	UNCLASSIFIED	E0308	111	1	src/v2_extdeps_languages_dag.rs	3055	56	Option<Rc<TargetEmitHostRuntimeRow>>	Rc<TargetEmitHostRuntimeRow>	UNCLASSIFIED	R2	mismatched types
source_authority	UNCLASSIFIED	E0308	111	2	src/v2_extdeps_languages_dag.rs	3055	56	Option<Rc<_>>	Rc<_>	UNCLASSIFIED	R2	mismatched types
source_authority	UNCLASSIFIED	E0308	112	1	src/v2_extdeps_languages_dag.rs	3100	56	Option<Rc<TargetEmitHostRuntimeRow>>	Rc<TargetEmitHostRuntimeRow>	UNCLASSIFIED	R2	mismatched types
source_authority	UNCLASSIFIED	E0308	112	2	src/v2_extdeps_languages_dag.rs	3100	56	Option<Rc<_>>	Rc<_>	UNCLASSIFIED	R2	mismatched types
source_authority	UNCLASSIFIED	E0308	113	1	src/v2_extdeps_languages_dag.rs	3145	56	Option<Rc<TargetEmitHostRuntimeRow>>	Rc<TargetEmitHostRuntimeRow>	UNCLASSIFIED	R2	mismatched types
source_authority	UNCLASSIFIED	E0308	113	2	src/v2_extdeps_languages_dag.rs	3145	56	Option<Rc<_>>	Rc<_>	UNCLASSIFIED	R2	mismatched types
source_authority	UNCLASSIFIED	E0308	114	1	src/v2_compiler_parse.rs	414	27	Option<Rc<ParseMemoEntry>>	Rc<ParseMemoEntry>	UNCLASSIFIED	R2	mismatched types
source_authority	UNCLASSIFIED	E0308	114	2	src/v2_compiler_parse.rs	414	27	Option<Rc<_>>	Rc<_>	UNCLASSIFIED	R2	mismatched types
source_authority	UNCLASSIFIED	E0282	115	1	src/v2_compiler_parse.rs	532	100			UNCLASSIFIED		type annotations needed
source_authority	MAP_CARRIER_FORK	E0560	116	1	src/v2_compiler_parse.rs	572	5			UNCLASSIFIED		struct `Rc<PointwisePower<_>>` has no field named `member`
source_authority	UNCLASSIFIED	E0308	117	1	src/v2_compiler_parse.rs	571	27	OrdSet<String>	Rc<PointwisePower<_>>	UNCLASSIFIED	T3	mismatched types
source_authority	MAP_CARRIER_FORK	E0560	118	1	src/v2_compiler_parse.rs	1034	5			UNCLASSIFIED		struct `Rc<PointwisePower<_>>` has no field named `member`
source_authority	UNCLASSIFIED	E0609	119	1	src/v2_compiler_parse.rs	1034	115			UNCLASSIFIED		no field `member` on type `Rc<OrdSet<std::string::String>>`
source_authority	UNCLASSIFIED	E0308	120	1	src/v2_compiler_parse.rs	1033	13	OrdSet<String>	Rc<PointwisePower<_>>	UNCLASSIFIED	T3	mismatched types
source_authority	UNCLASSIFIED	E0609	121	1	src/v2_compiler_parse.rs	1041	95			UNCLASSIFIED		no field `member` on type `Rc<OrdSet<std::string::String>>`
source_authority	UNCLASSIFIED	E0609	122	1	src/v2_compiler_parse.rs	1063	60			UNCLASSIFIED		no field `member` on type `Rc<OrdSet<std::string::String>>`
source_authority	MAP_CARRIER_FORK	E0560	123	1	src/v2_compiler_parse.rs	1096	5			UNCLASSIFIED		struct `Rc<PointwisePower<_>>` has no field named `member`
source_authority	UNCLASSIFIED	E0308	124	1	src/v2_compiler_parse.rs	1095	53	OrdSet<String>	Rc<PointwisePower<_>>	UNCLASSIFIED	T3	mismatched types
source_authority	UNCLASSIFIED	E0282	125	1	src/v2_compiler_parse.rs	1117	48			UNCLASSIFIED		type annotations needed
source_authority	UNCLASSIFIED	E0061	126	1	src/v2_compiler_parse.rs	1117	5			UNCLASSIFIED		this function takes 2 arguments but 3 arguments were supplied
source_authority	UNCLASSIFIED	E0609	127	1	src/v2_compiler_parse.rs	1150	29			UNCLASSIFIED		no field `member` on type `Rc<OrdSet<std::string::String>>`
source_authority	UNCLASSIFIED	E0609	128	1	src/v2_compiler_parse.rs	1353	29			UNCLASSIFIED		no field `member` on type `Rc<OrdSet<std::string::String>>`
source_authority	UNCLASSIFIED	E0282	129	1	src/v2_compiler_parse.rs	1406	103			UNCLASSIFIED		type annotations needed
source_authority	UNCLASSIFIED	E0061	130	1	src/v2_compiler_parse.rs	1406	59			UNCLASSIFIED		this function takes 2 arguments but 3 arguments were supplied
source_authority	UNCLASSIFIED	E0061	131	1	src/v2_compiler_parse.rs	1471	35			UNCLASSIFIED		this function takes 2 arguments but 3 arguments were supplied
source_authority	UNCLASSIFIED	E0061	132	1	src/v2_compiler_parse.rs	1626	20			UNCLASSIFIED		this function takes 2 arguments but 3 arguments were supplied
source_authority	UNCLASSIFIED	E0308	133	1	src/v2_compiler_body_lowering_fold.rs	3176	13	Rc<Outcome<Option<Rc<Node>>>>	Rc<Outcome<Rc<Node>>>	UNCLASSIFIED	R2	`match` arms have incompatible types
source_authority	UNCLASSIFIED	E0308	133	2	src/v2_compiler_body_lowering_fold.rs	3176	13	Rc<Outcome<Option<Rc<_>>>>	Rc<Outcome<Rc<_>>>	UNCLASSIFIED	R2	`match` arms have incompatible types
source_authority	MAP_CARRIER_FORK	E0560	134	1	src/v2_compiler_resolve.rs	146	5			UNCLASSIFIED		struct `Rc<PointwisePower<_>>` has no field named `member`
source_authority	UNCLASSIFIED	E0308	135	1	src/v2_compiler_resolve.rs	145	13	OrdSet<String>	Rc<PointwisePower<_>>	UNCLASSIFIED	T3	mismatched types
source_authority	UNCLASSIFIED	E0609	136	1	src/v2_compiler_resolve.rs	377	42			UNCLASSIFIED		no field `member` on type `Rc<OrdSet<std::string::String>>`
source_authority	MAP_CARRIER_FORK	E0560	137	1	src/v2_compiler_infer.rs	165	5			UNCLASSIFIED		struct `Rc<PartialFunction<_, _>>` has no field named `lookup`
source_authority	MAP_CARRIER_FORK	E0308	138	1	src/v2_compiler_infer.rs	164	20	HashMap<Rc<Node>, Rc<InferredFacts>>	Rc<PartialFunction<_, _>>	UNCLASSIFIED	T3	mismatched types
source_authority	UNCLASSIFIED	E0308	139	1	src/v2_compiler_infer.rs	378	63	Witness<Rc<TerminationProof>>	Witness<TerminationProof>	UNCLASSIFIED	R1	mismatched types
source_authority	MAP_CARRIER_FORK	E0560	140	1	src/v2_compiler_infer.rs	514	5			UNCLASSIFIED		struct `Rc<PartialFunction<_, _>>` has no field named `lookup`
source_authority	MAP_CARRIER_FORK	E0308	141	1	src/v2_compiler_infer.rs	513	20	HashMap<Rc<Node>, Rc<InferredFacts>>	Rc<PartialFunction<_, _>>	UNCLASSIFIED	T3	mismatched types
source_authority	UNCLASSIFIED	E0308	142	1	src/v2_compiler_infer.rs	522	27	Option<Rc<InferredFacts>>	Rc<InferredFacts>	UNCLASSIFIED	R2	mismatched types
source_authority	UNCLASSIFIED	E0308	142	2	src/v2_compiler_infer.rs	522	27	Option<Rc<_>>	Rc<_>	UNCLASSIFIED	R2	mismatched types
source_authority	UNCLASSIFIED	E0071	143	1	src/v2_compiler_translate.rs	1666	12			UNCLASSIFIED		expected struct, variant or union type, found `(Rc<Node>, Rc<Node>)`
source_authority	UNCLASSIFIED	E0071	144	1	src/v2_compiler_translate.rs	1681	12			UNCLASSIFIED		expected struct, variant or union type, found `(Rc<Node>, Rc<Node>)`
source_authority	UNCLASSIFIED	E0609	145	1	src/v2_compiler_translate.rs	1696	16			UNCLASSIFIED		no field `rebuilt` on type `(Rc<Node>, Rc<Node>)`
source_authority	UNCLASSIFIED	E0609	146	1	src/v2_compiler_translate.rs	1925	185			UNCLASSIFIED		no field `source` on type `(Rc<Node>, Rc<Node>)`
source_authority	UNCLASSIFIED	E0609	147	1	src/v2_compiler_translate.rs	1925	211			UNCLASSIFIED		no field `source` on type `(Rc<Node>, Rc<Node>)`
source_authority	UNCLASSIFIED	E0071	148	1	src/v2_compiler_translate.rs	1926	12			UNCLASSIFIED		expected struct, variant or union type, found `(Rc<Node>, Rc<Node>)`
source_authority	UNCLASSIFIED	E0609	149	1	src/v2_compiler_translate.rs	1927	24			UNCLASSIFIED		no field `source` on type `(Rc<Node>, Rc<Node>)`
source_authority	UNCLASSIFIED	E0609	150	1	src/v2_compiler_translate.rs	1928	38			UNCLASSIFIED		no field `rebuilt` on type `(Rc<Node>, Rc<Node>)`
source_authority	UNCLASSIFIED	E0609	151	1	src/v2_compiler_translate.rs	1928	81			UNCLASSIFIED		no field `rebuilt` on type `(Rc<Node>, Rc<Node>)`
source_authority	UNCLASSIFIED	E0609	152	1	src/v2_compiler_translate.rs	1930	23			UNCLASSIFIED		no field `rebuilt` on type `(Rc<Node>, Rc<Node>)`
source_authority	UNCLASSIFIED	E0308	153	1	src/v2_compiler_source_authority.rs	698	97	Rc<Diagnostic>	Rc<NonEmptyDiagnostics>	UNCLASSIFIED	DIAG	mismatched types
source_authority	UNCLASSIFIED	E0308	154	1	src/v2_compiler_source_authority.rs	699	95	Rc<Diagnostic>	Rc<NonEmptyDiagnostics>	UNCLASSIFIED	DIAG	mismatched types
source_authority	UNCLASSIFIED	E0308	155	1	src/v2_compiler_source_authority.rs	732	13	Rc<SourceRefReadResult>	SourceRefReadResult	UNCLASSIFIED	R1	mismatched types
source_authority	UNCLASSIFIED	E0308	156	1	src/v2_compiler_source_authority.rs	751	50	Rc<Diagnostic>	Rc<NonEmptyDiagnostics>	UNCLASSIFIED	DIAG	mismatched types
source_authority	UNCLASSIFIED	E0308	157	1	src/v2_compiler_source_authority.rs	1331	8	Rc<Node>	Rc<NormalizedTree>	UNCLASSIFIED	RESIDUE	arguments to this function are incorrect
source_authority	UNCLASSIFIED	E0004	158	1	src/v2_std_integer.rs	718	84			UNCLASSIFIED		non-exhaustive patterns: `&Some(_)` not covered
source_authority	UNCLASSIFIED	E0004	159	1	src/v2_std_integer.rs	720	84			UNCLASSIFIED		non-exhaustive patterns: `&Some(_)` not covered
source_authority	UNCLASSIFIED	E0004	160	1	src/v2_std_integer_value_set.rs	106	77			UNCLASSIFIED		non-exhaustive patterns: `&Some(_)` not covered
source_authority	UNCLASSIFIED	E0004	161	1	src/v2_std_integer_value_set.rs	110	58			UNCLASSIFIED		non-exhaustive patterns: `&Some(_)` not covered
source_authority	UNCLASSIFIED	E0004	162	1	src/v2_std_integer_value_set.rs	129	75			UNCLASSIFIED		non-exhaustive patterns: `&Some(_)` not covered
source_authority	UNCLASSIFIED	E0004	163	1	src/v2_std_integer_value_set.rs	178	84			UNCLASSIFIED		non-exhaustive patterns: `&Some(_)` not covered
source_authority	UNCLASSIFIED	E0004	164	1	src/v2_std_integer_value_set.rs	180	84			UNCLASSIFIED		non-exhaustive patterns: `&Some(_)` not covered
source_authority	UNCLASSIFIED	E0004	165	1	src/v2_std_refinement_widening_predicate.rs	78	83			UNCLASSIFIED		non-exhaustive patterns: `&Some(_)` not covered
source_authority	UNCLASSIFIED	E0004	166	1	src/v2_std_refinement_widening_predicate.rs	80	86			UNCLASSIFIED		non-exhaustive patterns: `&Some(_)` not covered
source_authority	UNCLASSIFIED	E0004	167	1	src/v2_std_refinement_widening_predicate.rs	92	83			UNCLASSIFIED		non-exhaustive patterns: `&Some(_)` not covered
source_authority	UNCLASSIFIED	E0004	168	1	src/v2_std_refinement_widening_predicate.rs	94	86			UNCLASSIFIED		non-exhaustive patterns: `&Some(_)` not covered
source_authority	UNCLASSIFIED	E0004	169	1	src/v2_std_refinement_widening_predicate.rs	106	81			UNCLASSIFIED		non-exhaustive patterns: `&Some(_)` not covered
source_authority	UNCLASSIFIED	E0004	170	1	src/v2_std_refinement_widening_predicate.rs	108	84			UNCLASSIFIED		non-exhaustive patterns: `&Some(_)` not covered
source_authority	UNCLASSIFIED	E0004	171	1	src/v2_std_refinement_widening_predicate.rs	110	87			UNCLASSIFIED		non-exhaustive patterns: `&Some(_)` not covered
source_authority	UNCLASSIFIED	E0004	172	1	src/v2_std_compilers_target_model.rs	5546	54			UNCLASSIFIED		non-exhaustive patterns: `Outcome::Accepted { value: TargetTypeExprArrowWireShape::TargetTypeExprArrowPositionalWire, .. }` and `Outcome::Accepted { value: TargetTypeExprArrowWireShape::TargetTypeExprArrowLabeledWire, .. }` not covered
source_authority	UNCLASSIFIED	E0004	173	1	src/v2_std_compilers_target_model.rs	5629	54			UNCLASSIFIED		non-exhaustive patterns: `Outcome::Accepted { value: TargetTypeExprArrowWireShape::TargetTypeExprArrowPositionalWire, .. }` and `Outcome::Accepted { value: TargetTypeExprArrowWireShape::TargetTypeExprArrowLabeledWire, .. }` not covered
source_authority	UNCLASSIFIED	E0004	174	1	src/v2_std_compilers_target_model.rs	7785	19			UNCLASSIFIED		non-exhaustive patterns: `Edge { .. }` not covered
source_authority	UNCLASSIFIED	E0004	175	1	src/v2_std_grammar.rs	1818	49			UNCLASSIFIED		non-exhaustive patterns: `&RebuildEmittedResult::RebuildEmittedFail` not covered
source_authority	UNCLASSIFIED	E0004	176	1	src/v2_extdeps_languages_dag.rs	1896	11			UNCLASSIFIED		non-exhaustive patterns: `Edge { .. }` not covered
use_site_verdict	SHIM_CLOSURE_GAP_instrument	E0432	1	1	src/v2_std_node.rs	10	16			UNCLASSIFIED		unresolved import `crate::std_dissolution`
use_site_verdict	SHIM_CLOSURE_GAP_instrument	E0433	2	1	src/v2_std_node.rs	12	12			UNCLASSIFIED		cannot find `std_dissolution` in `crate`
use_site_verdict	SHIM_CLOSURE_GAP_instrument	E0432	3	1	src/v2_std_node.rs	11	16			UNCLASSIFIED		unresolved import `crate::std_dissolution`
use_site_verdict	SHIM_CLOSURE_GAP_instrument	E0432	4	1	src/v2_std_node.rs	13	16			UNCLASSIFIED		unresolved import `crate::std_content_hash`
use_site_verdict	SHIM_CLOSURE_GAP_instrument	E0433	5	1	src/v2_std_node.rs	15	12			UNCLASSIFIED		cannot find `std_content_hash` in `crate`
use_site_verdict	SHIM_CLOSURE_GAP_instrument	E0432	6	1	src/v2_std_node.rs	14	16			UNCLASSIFIED		unresolved import `crate::std_content_hash`
use_site_verdict	SHIM_CLOSURE_GAP_instrument	E0433	7	1	src/v2_std_node.rs	17	12			UNCLASSIFIED		cannot find `std_occurrence_identity` in `crate`
use_site_verdict	SHIM_CLOSURE_GAP_instrument	E0432	8	1	src/v2_std_node.rs	16	16			UNCLASSIFIED		unresolved import `crate::std_occurrence_identity`
use_site_verdict	SHIM_CLOSURE_GAP_instrument	E0433	9	1	src/v2_std_algebra.rs	16	12			UNCLASSIFIED		cannot find `std_algebra` in `crate`
use_site_verdict	SHIM_CLOSURE_GAP_instrument	E0432	10	1	src/v2_std_algebra.rs	15	16			UNCLASSIFIED		unresolved import `crate::std_algebra`
use_site_verdict	SHIM_CLOSURE_GAP_instrument	E0432	11	1	src/v2_std_collection.rs	10	16			UNCLASSIFIED		unresolved import `crate::std_algebra`
use_site_verdict	SHIM_CLOSURE_GAP_instrument	E0432	12	1	src/v2_std_collection.rs	11	16			UNCLASSIFIED		unresolved import `crate::std_primitives`
use_site_verdict	SHIM_CLOSURE_GAP_instrument	E0432	13	1	src/v2_std_collection.rs	12	16			UNCLASSIFIED		unresolved import `crate::std_primitives`
use_site_verdict	SHIM_CLOSURE_GAP_instrument	E0432	14	1	src/v2_std_collection.rs	14	16			UNCLASSIFIED		unresolved import `crate::std_types`
use_site_verdict	SHIM_CLOSURE_GAP_instrument	E0432	15	1	src/v2_std_collection.rs	15	16			UNCLASSIFIED		unresolved import `crate::v2_std_diagnostic`
use_site_verdict	SHIM_CLOSURE_GAP_instrument	E0433	16	1	src/v2_std_collection.rs	17	12			UNCLASSIFIED		cannot find `v2_std_diagnostic` in `crate`
use_site_verdict	SHIM_CLOSURE_GAP_instrument	E0433	17	1	src/v2_std_collection.rs	18	12			UNCLASSIFIED		cannot find `v2_std_diagnostic` in `crate`
use_site_verdict	SHIM_CLOSURE_GAP_instrument	E0433	18	1	src/v2_std_collection.rs	19	12			UNCLASSIFIED		cannot find `v2_std_diagnostic` in `crate`
use_site_verdict	SHIM_CLOSURE_GAP_instrument	E0432	19	1	src/v2_std_collection.rs	16	16			UNCLASSIFIED		unresolved import `crate::v2_std_diagnostic`
use_site_verdict	SHIM_CLOSURE_GAP_instrument	E0432	20	1	src/v2_std_collection.rs	21	16			UNCLASSIFIED		unresolved import `crate::v2_std_optional`
use_site_verdict	SHIM_CLOSURE_GAP_instrument	E0432	21	1	src/v2_std_collection.rs	22	16			UNCLASSIFIED		unresolved import `crate::v2_std_optional`
use_site_verdict	SHIM_CLOSURE_GAP_instrument	E0432	22	1	src/v2_std_collection.rs	23	16			UNCLASSIFIED		unresolved import `crate::v2_std_witness`
use_site_verdict	SHIM_CLOSURE_GAP_instrument	E0433	23	1	src/v2_std_collection.rs	25	12			UNCLASSIFIED		cannot find `v2_std_witness` in `crate`
use_site_verdict	SHIM_CLOSURE_GAP_instrument	E0432	24	1	src/v2_std_collection.rs	24	16			UNCLASSIFIED		unresolved import `crate::v2_std_witness`
use_site_verdict	SHIM_CLOSURE_GAP_instrument	E0433	25	1	src/v2_std_node.rs	81	43			UNCLASSIFIED		cannot find `std_occurrence_identity` in `crate`
use_site_verdict	UNCLASSIFIED	E0599	26	1	src/v2_std_node.rs	804	103			UNCLASSIFIED		the method `partial_cmp` exists for reference `&T`, but its trait bounds were not satisfied
use_site_verdict	UNCLASSIFIED	E0282	27	1	src/v2_std_algebra.rs	101	10			UNCLASSIFIED		type annotations needed
use_site_verdict	ABSENT_CLONE_BOUND	E0308	28	1	src/v2_std_algebra.rs	152	63	T	&T	ABSENT_CLONE_BOUND	A-clone	mismatched types
use_site_verdict	ABSENT_CLONE_BOUND	E0308	28	2	src/v2_std_algebra.rs	152	63	_	&_	ABSENT_CLONE_BOUND	A-clone	mismatched types
use_site_verdict	UNCLASSIFIED	E0277	29	1	src/v2_std_collection.rs	96	14			UNCLASSIFIED		the trait bound `K: std::cmp::Eq` is not satisfied
use_site_verdict	UNCLASSIFIED	E0277	30	1	src/v2_std_collection.rs	96	14			UNCLASSIFIED		the trait bound `K: std::hash::Hash` is not satisfied
use_site_verdict	UNCLASSIFIED	E0277	31	1	src/v2_std_collection.rs	102	5			UNCLASSIFIED		the trait bound `K: std::cmp::Eq` is not satisfied
use_site_verdict	UNCLASSIFIED	E0277	32	1	src/v2_std_collection.rs	102	5			UNCLASSIFIED		the trait bound `K: std::hash::Hash` is not satisfied
